{"episode_lengths": [2341, 2613, 2451, 2798, 2373, 2402, 2285, 2502, 2686, 2493, 3263, 2273, 2841, 2268, 2773, 2638, 2658, 2663, 2887, 2537, 2513, 2868, 2321, 3043, 2912, 2486, 2037, 2741, 2516, 2753, 2426, 2341, 2343, 2530, 2545, 2846, 2802, 1955, 2455, 2850, 2432, 2325, 2470, 2853, 2816, 2361, 2829, 2612, 2683, 2535, 2671, 2406, 2839, 3156, 2558, 2395, 3522, 2320, 2298, 2367, 2543, 3516, 2579, 2717, 2828, 2593, 2865, 2391, 2862, 2712, 2111, 2833, 2477, 3046, 2043, 2589, 2289, 2546, 2588, 2476, 2971, 2692, 2368, 2509, 2459, 2538, 3373, 2859, 3171, 2389, 2659, 3028, 2420, 2823, 2033, 2051, 3062, 2486, 2643, 3332], "timestamps": [1527074395.3642292, 1527074402.7695034, 1527074409.5861313, 1527074417.3425016, 1527074423.9400837, 1527074430.7608268, 1527074437.2341876, 1527074444.1141732, 1527074451.5836532, 1527074458.5088382, 1527074467.555606, 1527074473.9300401, 1527074482.0845654, 1527074488.3951051, 1527074496.1372867, 1527074503.6552637, 1527074511.0792468, 1527074518.363481, 1527074526.327181, 1527074533.416359, 1527074540.5547972, 1527074548.6522477, 1527074555.0367992, 1527074563.5178308, 1527074571.7173266, 1527074578.718603, 1527074584.4766552, 1527074592.097719, 1527074599.2326043, 1527074607.0450892, 1527074613.8690124, 1527074620.3317251, 1527074626.9606967, 1527074634.0986588, 1527074641.2107193, 1527074649.275388, 1527074657.046361, 1527074662.408103, 1527074669.1917803, 1527074677.0398178, 1527074683.952162, 1527074690.4190931, 1527074697.2391381, 1527074705.1415226, 1527074712.9091558, 1527074719.3984408, 1527074727.2278638, 1527074734.490905, 1527074741.9839282, 1527074748.996957, 1527074756.397662, 1527074763.051835, 1527074770.8543885, 1527074779.8362997, 1527074787.0072603, 1527074793.7139645, 1527074803.56196, 1527074810.014729, 1527074816.3604941, 1527074823.0020149, 1527074830.1255214, 1527074839.672696, 1527074846.597819, 1527074854.1575992, 1527074862.1020274, 1527074869.4763167, 1527074877.6231472, 1527074884.4276147, 1527074892.5320406, 1527074899.9223993, 1527074905.5550716, 1527074913.3441777, 1527074920.1365051, 1527074928.387748, 1527074933.9331815, 1527074941.029295, 1527074947.3137748, 1527074954.33094, 1527074961.407756, 1527074968.2053905, 1527074976.2700367, 1527074983.774023, 1527074990.4813662, 1527074997.6050866, 1527075004.8302343, 1527075012.101374, 1527075021.448403, 1527075029.4312246, 1527075038.2282102, 1527075044.6594985, 1527075051.880282, 1527075060.2493134, 1527075066.893681, 1527075074.6200864, 1527075080.1767783, 1527075085.8127656, 1527075094.1573274, 1527075100.9488301, 1527075108.1608896, 1527075117.242372], "initial_reset_timestamp": 1527074387.2843964, "episode_types": ["t", "t", "t", "t", "t", "t", "t", "t", "t", "t", "t", "t", "t", "t", "t", "t", "t", "t", "t", "t", "t", "t", "t", "t", "t", "t", "t", "t", "t", "t", "t", "t", "t", "t", "t", "t", "t", "t", "t", "t", "t", "t", "t", "t", "t", "t", "t", "t", "t", "t", "t", "t", "t", "t", "t", "t", "t", "t", "t", "t", "t", "t", "t", "t", "t", "t", "t", "t", "t", "t", "t", "t", "t", "t", "t", "t", "t", "t", "t", "t", "t", "t", "t", "t", "t", "t", "t", "t", "t", "t", "t", "t", "t", "t", "t", "t", "t", "t", "t", "t"], "episode_rewards": [15.0, 15.0, 15.0, 12.0, 13.0, 13.0, 15.0, 13.0, 12.0, 14.0, 5.0, 16.0, 16.0, 19.0, 13.0, 14.0, 13.0, 14.0, 13.0, 11.0, 16.0, 11.0, 15.0, 12.0, 12.0, 16.0, 17.0, 17.0, 15.0, 15.0, 14.0, 17.0, 17.0, 14.0, 14.0, 13.0, 15.0, 20.0, 16.0, 13.0, 17.0, 15.0, 12.0, 14.0, 10.0, 15.0, 13.0, 13.0, 13.0, 12.0, 10.0, 13.0, 14.0, 16.0, 14.0, 15.0, 4.0, 14.0, 15.0, 14.0, 15.0, 9.0, 16.0, 12.0, 9.0, 14.0, 14.0, 14.0, 14.0, 15.0, 16.0, 12.0, 13.0, 11.0, 18.0, 15.0, 14.0, 14.0, 15.0, 16.0, 14.0, 14.0, 14.0, 13.0, 15.0, 14.0, 9.0, 12.0, 12.0, 14.0, 12.0, 10.0, 15.0, 14.0, 17.0, 17.0, 12.0, 15.0, 12.0, 13.0]}