{"episode_lengths": [2123, 2022, 2016, 2219, 2104, 1971, 2546, 2373, 2009, 2038, 1833, 2309, 1772, 2231, 1712, 2368, 1784, 2105, 2309, 2063, 1799, 1825, 1822, 1927, 1967, 1859, 2014, 1825, 1885, 1984, 1954, 2063, 1889, 1958, 2045, 1782, 1925, 1779, 2056, 2104, 1835, 1875, 2159, 1780, 1861, 1966, 1913, 1932, 2141, 1883, 1881, 1652, 2357, 2055, 2127, 2021, 2191, 2026, 1960, 2191, 1980, 2137, 1852, 2155, 1901, 1782, 1791, 2119, 2016, 1927, 2224, 1891, 1828, 2051, 2141, 1994, 1879, 1987, 1799, 1705, 2199, 1916, 2031, 1765, 2052, 1999, 1862, 2258, 1844, 2314, 1765, 2075, 1842, 1816, 2242, 2220, 1916, 2101, 1822, 1712], "timestamps": [1527162811.7456515, 1527162816.9287477, 1527162822.035595, 1527162827.6591375, 1527162832.9827988, 1527162837.9456477, 1527162844.299358, 1527162850.352623, 1527162855.6224139, 1527162860.947488, 1527162865.6883247, 1527162871.5456405, 1527162876.2150648, 1527162882.187125, 1527162886.733769, 1527162893.0089595, 1527162897.7051325, 1527162903.2280483, 1527162909.1424084, 1527162914.3695185, 1527162919.0571606, 1527162923.7267637, 1527162928.377717, 1527162933.2860951, 1527162938.3747077, 1527162943.1287744, 1527162948.2910523, 1527162952.951967, 1527162957.7615933, 1527162962.8050694, 1527162967.7461941, 1527162973.0575314, 1527162978.0804806, 1527162983.0817354, 1527162988.3176646, 1527162992.8971405, 1527162997.7347195, 1527163002.2636657, 1527163007.618423, 1527163013.0356245, 1527163017.6635025, 1527163022.4312484, 1527163028.1064045, 1527163032.7486095, 1527163037.6583939, 1527163042.9129858, 1527163048.0119092, 1527163053.1175358, 1527163058.7678378, 1527163063.8116362, 1527163068.8790991, 1527163073.2550325, 1527163079.478095, 1527163085.042664, 1527163090.668655, 1527163095.957083, 1527163101.8504002, 1527163107.254438, 1527163112.3589876, 1527163118.101426, 1527163123.2565196, 1527163128.8663259, 1527163133.716837, 1527163139.2729394, 1527163144.1186824, 1527163148.729104, 1527163153.3948927, 1527163158.8723965, 1527163164.0984669, 1527163169.1307333, 1527163174.8051207, 1527163179.613142, 1527163184.274, 1527163189.6388943, 1527163195.1652267, 1527163200.2329519, 1527163205.0207582, 1527163210.1389368, 1527163214.7803206, 1527163219.2134788, 1527163224.9108806, 1527163229.8858626, 1527163235.0529919, 1527163239.564378, 1527163244.9009728, 1527163250.3718767, 1527163255.2777352, 1527163261.279823, 1527163266.2206454, 1527163272.342312, 1527163277.012447, 1527163282.4232774, 1527163287.1696424, 1527163291.8180149, 1527163297.5652971, 1527163303.388644, 1527163308.441806, 1527163313.8978858, 1527163318.5472581, 1527163322.979558], "initial_reset_timestamp": 1527162804.69294, "episode_types": ["t", "t", "t", "t", "t", "t", "t", "t", "t", "t", "t", "t", "t", "t", "t", "t", "t", "t", "t", "t", "t", "t", "t", "t", "t", "t", "t", "t", "t", "t", "t", "t", "t", "t", "t", "t", "t", "t", "t", "t", "t", "t", "t", "t", "t", "t", "t", "t", "t", "t", "t", "t", "t", "t", "t", "t", "t", "t", "t", "t", "t", "t", "t", "t", "t", "t", "t", "t", "t", "t", "t", "t", "t", "t", "t", "t", "t", "t", "t", "t", "t", "t", "t", "t", "t", "t", "t", "t", "t", "t", "t", "t", "t", "t", "t", "t", "t", "t", "t", "t"], "episode_rewards": [16.0, 19.0, 18.0, 17.0, 17.0, 18.0, 15.0, 16.0, 18.0, 17.0, 21.0, 15.0, 20.0, 16.0, 21.0, 15.0, 20.0, 18.0, 16.0, 19.0, 19.0, 19.0, 19.0, 20.0, 19.0, 19.0, 18.0, 20.0, 19.0, 17.0, 18.0, 15.0, 18.0, 19.0, 16.0, 20.0, 18.0, 19.0, 19.0, 17.0, 20.0, 19.0, 18.0, 19.0, 19.0, 17.0, 19.0, 18.0, 16.0, 18.0, 18.0, 21.0, 17.0, 17.0, 18.0, 17.0, 16.0, 17.0, 20.0, 15.0, 20.0, 17.0, 18.0, 17.0, 17.0, 19.0, 19.0, 19.0, 19.0, 18.0, 18.0, 19.0, 20.0, 17.0, 18.0, 19.0, 19.0, 19.0, 19.0, 20.0, 16.0, 19.0, 16.0, 20.0, 19.0, 19.0, 20.0, 13.0, 20.0, 17.0, 20.0, 18.0, 19.0, 20.0, 16.0, 16.0, 19.0, 18.0, 20.0, 21.0]}