{"episode_lengths": [2111, 1879, 1773, 2154, 1905, 2208, 2137, 1985, 2128, 1977, 2215, 1933, 2239, 2105, 1951, 2023, 1837, 1913, 1962, 2002, 2565, 2023, 2124, 1853, 1919, 1739, 1827, 2642, 1666, 1894, 1770, 2219, 2509, 1923, 1818, 2213, 1666, 1957, 2040, 2123, 2202, 1947, 2248, 1811, 2232, 2010, 1797, 2259, 2117, 1919, 1806, 2510, 2122, 1956, 1908, 2069, 1974, 1980, 2487, 2099, 2017, 1755, 2012, 2066, 2012, 1945, 1843, 2247, 1998, 2641, 2252, 2322, 2205, 1718, 2200, 2078, 1784, 2171, 2132, 2079, 2053, 2268, 2084, 1978, 1984, 1914, 1938, 2161, 1770, 1917, 1730, 1896, 1845, 1986, 2003, 1666, 2189, 2165, 2042, 1902], "timestamps": [1527159639.8422604, 1527159644.7354288, 1527159649.3085287, 1527159654.79687, 1527159659.8654068, 1527159665.7542396, 1527159671.283966, 1527159676.4147718, 1527159681.8615856, 1527159686.9567854, 1527159692.6290824, 1527159697.6581643, 1527159703.525678, 1527159708.900887, 1527159713.9296272, 1527159719.126362, 1527159723.9026535, 1527159728.8601804, 1527159733.99248, 1527159739.2193105, 1527159745.9100893, 1527159751.1138752, 1527159756.696066, 1527159761.5569196, 1527159766.5136623, 1527159771.0959244, 1527159775.8419366, 1527159782.8711188, 1527159787.2858882, 1527159792.21679, 1527159797.0649989, 1527159803.16423, 1527159810.0477686, 1527159815.385468, 1527159820.2799778, 1527159826.1727023, 1527159830.5315628, 1527159835.6828096, 1527159841.0055158, 1527159846.4514887, 1527159852.2145505, 1527159857.226938, 1527159863.0353684, 1527159867.7319431, 1527159873.614338, 1527159878.883048, 1527159883.5177693, 1527159889.319645, 1527159894.9293282, 1527159900.0268528, 1527159904.858889, 1527159911.496842, 1527159916.8754776, 1527159921.9317026, 1527159926.9088745, 1527159932.3042932, 1527159937.4264014, 1527159942.6155157, 1527159949.0667343, 1527159954.604545, 1527159959.9169526, 1527159964.4591591, 1527159969.7804096, 1527159975.2493079, 1527159980.528438, 1527159985.595002, 1527159990.3606462, 1527159996.093139, 1527160001.2337947, 1527160008.06368, 1527160013.9118683, 1527160019.8353288, 1527160025.5076594, 1527160029.9503632, 1527160035.6147535, 1527160040.969715, 1527160045.5831215, 1527160051.1422212, 1527160056.6668568, 1527160061.9849074, 1527160067.2711644, 1527160073.2461257, 1527160078.7071905, 1527160083.9774184, 1527160089.2112658, 1527160094.463642, 1527160099.6068664, 1527160105.3005276, 1527160110.0197172, 1527160115.0184078, 1527160119.6078734, 1527160124.6601574, 1527160129.60147, 1527160134.9146266, 1527160140.2760825, 1527160144.6957307, 1527160150.437873, 1527160156.1414614, 1527160161.456723, 1527160166.5276802], "initial_reset_timestamp": 1527159632.8217556, "episode_types": ["t", "t", "t", "t", "t", "t", "t", "t", "t", "t", "t", "t", "t", "t", "t", "t", "t", "t", "t", "t", "t", "t", "t", "t", "t", "t", "t", "t", "t", "t", "t", "t", "t", "t", "t", "t", "t", "t", "t", "t", "t", "t", "t", "t", "t", "t", "t", "t", "t", "t", "t", "t", "t", "t", "t", "t", "t", "t", "t", "t", "t", "t", "t", "t", "t", "t", "t", "t", "t", "t", "t", "t", "t", "t", "t", "t", "t", "t", "t", "t", "t", "t", "t", "t", "t", "t", "t", "t", "t", "t", "t", "t", "t", "t", "t", "t", "t", "t", "t", "t"], "episode_rewards": [17.0, 19.0, 20.0, 15.0, 19.0, 17.0, 18.0, 17.0, 17.0, 18.0, 16.0, 17.0, 17.0, 18.0, 19.0, 16.0, 20.0, 17.0, 18.0, 18.0, 13.0, 17.0, 17.0, 18.0, 18.0, 19.0, 18.0, 12.0, 20.0, 18.0, 18.0, 14.0, 13.0, 19.0, 19.0, 15.0, 20.0, 18.0, 15.0, 16.0, 16.0, 17.0, 16.0, 18.0, 15.0, 18.0, 18.0, 15.0, 16.0, 19.0, 20.0, 15.0, 18.0, 16.0, 18.0, 17.0, 18.0, 17.0, 16.0, 16.0, 17.0, 20.0, 19.0, 18.0, 18.0, 18.0, 18.0, 16.0, 17.0, 15.0, 17.0, 16.0, 18.0, 19.0, 19.0, 18.0, 17.0, 14.0, 15.0, 17.0, 17.0, 18.0, 18.0, 15.0, 17.0, 16.0, 19.0, 17.0, 19.0, 18.0, 20.0, 18.0, 17.0, 17.0, 18.0, 20.0, 17.0, 18.0, 17.0, 18.0]}