{"episode_lengths": [1992, 1964, 2181, 1920, 1932, 2326, 1712, 1948, 1927, 2419, 2125, 1790, 2504, 1977, 1747, 2262, 1845, 1828, 1847, 1998, 2219, 1897, 1833, 2759, 2585, 1877, 1787, 2077, 2053, 1941, 2052, 1929, 1941, 2034, 1960, 2016, 1886, 2148, 1904, 1920, 2062, 3132, 2298, 2293, 2223, 2101, 2071, 1779, 1789, 2066, 2352, 1910, 1935, 1991, 2076, 1897, 2105, 1843, 2231, 1756, 1833, 2018, 1839, 1775, 1841, 1695, 1921, 1901, 1755, 2217, 2698, 1786, 2590, 1792, 1999, 1882, 1769, 2527, 1856, 1905, 2027, 2159, 1836, 2069, 2189, 1833, 1953, 1744, 2041, 1747, 1907, 1959, 2134, 1712, 2316, 2230, 2006, 1932, 1882, 1850], "timestamps": [1527031447.6127408, 1527031452.9018793, 1527031458.5135987, 1527031463.547255, 1527031468.8937185, 1527031475.2112892, 1527031479.8926117, 1527031485.2041643, 1527031490.4683568, 1527031497.0897863, 1527031502.9745255, 1527031507.887869, 1527031514.757792, 1527031520.203874, 1527031525.1924706, 1527031531.30477, 1527031536.1485052, 1527031540.9772108, 1527031545.8988376, 1527031551.1470327, 1527031557.0098221, 1527031562.1303184, 1527031567.0797386, 1527031574.5196133, 1527031581.6259162, 1527031586.732238, 1527031591.6005828, 1527031597.202655, 1527031602.7279549, 1527031607.982822, 1527031613.500117, 1527031618.6887033, 1527031623.9708216, 1527031629.4839547, 1527031634.753249, 1527031640.1927526, 1527031645.3571634, 1527031651.2171361, 1527031656.3660045, 1527031661.5335443, 1527031667.0887558, 1527031675.504601, 1527031681.778925, 1527031687.9250774, 1527031693.8909237, 1527031699.4506626, 1527031704.9418285, 1527031709.7438455, 1527031714.541803, 1527031720.1285937, 1527031726.4718084, 1527031731.5426893, 1527031736.811938, 1527031742.1376843, 1527031747.6352234, 1527031752.740862, 1527031758.5997868, 1527031763.6603904, 1527031769.719716, 1527031774.3957334, 1527031779.298299, 1527031784.7595487, 1527031789.6816626, 1527031794.4561372, 1527031799.394538, 1527031803.9921396, 1527031809.1803439, 1527031814.3708313, 1527031819.1946445, 1527031825.2451825, 1527031832.5282378, 1527031837.2795298, 1527031844.222115, 1527031849.0361316, 1527031854.3825347, 1527031859.4677367, 1527031864.2278967, 1527031871.0628564, 1527031876.1085396, 1527031881.135999, 1527031886.453303, 1527031892.0971982, 1527031896.9139042, 1527031902.316618, 1527031908.2351367, 1527031913.1839273, 1527031918.4939873, 1527031923.2461038, 1527031928.7972925, 1527031933.5830436, 1527031938.802363, 1527031944.116168, 1527031949.9013495, 1527031954.5865114, 1527031960.8679333, 1527031966.9217148, 1527031972.3753538, 1527031977.6373532, 1527031982.7574935, 1527031987.6421201], "initial_reset_timestamp": 1527031440.824354, "episode_types": ["t", "t", "t", "t", "t", "t", "t", "t", "t", "t", "t", "t", "t", "t", "t", "t", "t", "t", "t", "t", "t", "t", "t", "t", "t", "t", "t", "t", "t", "t", "t", "t", "t", "t", "t", "t", "t", "t", "t", "t", "t", "t", "t", "t", "t", "t", "t", "t", "t", "t", "t", "t", "t", "t", "t", "t", "t", "t", "t", "t", "t", "t", "t", "t", "t", "t", "t", "t", "t", "t", "t", "t", "t", "t", "t", "t", "t", "t", "t", "t", "t", "t", "t", "t", "t", "t", "t", "t", "t", "t", "t", "t", "t", "t", "t", "t", "t", "t", "t", "t"], "episode_rewards": [18.0, 18.0, 19.0, 19.0, 18.0, 18.0, 21.0, 16.0, 19.0, 19.0, 18.0, 21.0, 13.0, 18.0, 20.0, 17.0, 19.0, 18.0, 20.0, 19.0, 15.0, 18.0, 19.0, 14.0, 14.0, 19.0, 20.0, 19.0, 18.0, 18.0, 18.0, 17.0, 19.0, 15.0, 18.0, 18.0, 18.0, 17.0, 18.0, 19.0, 17.0, 11.0, 16.0, 17.0, 13.0, 17.0, 17.0, 19.0, 19.0, 15.0, 16.0, 19.0, 20.0, 18.0, 17.0, 20.0, 16.0, 19.0, 18.0, 21.0, 21.0, 17.0, 19.0, 20.0, 20.0, 21.0, 19.0, 18.0, 20.0, 17.0, 11.0, 20.0, 13.0, 19.0, 19.0, 19.0, 20.0, 17.0, 19.0, 18.0, 17.0, 17.0, 19.0, 16.0, 18.0, 19.0, 17.0, 19.0, 19.0, 20.0, 17.0, 19.0, 16.0, 21.0, 13.0, 18.0, 18.0, 19.0, 18.0, 19.0]}