{"episode_lengths": [1952, 2026, 1734, 2071, 2141, 2012, 1704, 1964, 1665, 1719, 2042, 1879, 2024, 2217, 2017, 1937, 2016, 1903, 1911, 1961, 1809, 1959, 2069, 2084, 1719, 1860, 2077, 2263, 2300, 1903, 3186, 2696, 1905, 1940, 2263, 2506, 1865, 2585, 2574, 2099, 1988, 1735, 2167, 1651, 1947, 1937, 2253, 2397, 1894, 1768, 1703, 2387, 1962, 1996, 1793, 1911, 1715, 2163, 1719, 2558, 2856, 2049, 1965, 1883, 2300, 1847, 2427, 2068, 1831, 2154, 2324, 2263, 2009, 1779, 2102, 1879, 2015, 2284, 1770, 1860, 2001, 1934, 2414, 1989, 2558, 1733, 2252, 2089, 2391, 2419, 1998, 2125, 2088, 2409, 2180, 2039, 1933, 2081, 1996, 1891], "timestamps": [1527041160.7804337, 1527041166.3432431, 1527041171.1682644, 1527041176.907274, 1527041182.3885224, 1527041187.677457, 1527041192.3103662, 1527041197.4819715, 1527041201.7947025, 1527041206.3228233, 1527041211.6735106, 1527041216.5306585, 1527041221.864592, 1527041227.5777717, 1527041233.0936925, 1527041238.4862635, 1527041243.9650776, 1527041249.033155, 1527041254.1341214, 1527041259.440232, 1527041264.2865615, 1527041269.5097277, 1527041274.8400114, 1527041280.2739067, 1527041284.7719834, 1527041289.6236842, 1527041295.0757654, 1527041300.9714315, 1527041307.144058, 1527041312.243981, 1527041320.646327, 1527041327.7701428, 1527041332.8249476, 1527041337.999248, 1527041343.9413316, 1527041350.528702, 1527041355.4511786, 1527041362.258497, 1527041369.1345632, 1527041374.7682889, 1527041380.1335287, 1527041384.7877977, 1527041390.492928, 1527041395.102375, 1527041400.5101986, 1527041405.731866, 1527041411.7819867, 1527041418.0668817, 1527041423.0122783, 1527041427.8595011, 1527041432.4843168, 1527041438.7256327, 1527041443.9590955, 1527041449.3008497, 1527041454.1279922, 1527041459.3000302, 1527041463.957183, 1527041469.6787097, 1527041474.3108306, 1527041481.1987581, 1527041488.8228188, 1527041494.1761782, 1527041499.3208697, 1527041504.1680462, 1527041510.1599736, 1527041514.9790921, 1527041521.3524575, 1527041526.8180113, 1527041531.8950732, 1527041537.9010444, 1527041544.2484498, 1527041550.3821907, 1527041555.7452114, 1527041560.501264, 1527041566.1191525, 1527041571.1995358, 1527041576.5608816, 1527041582.5652032, 1527041587.174203, 1527041592.0707777, 1527041597.3398046, 1527041602.395689, 1527041608.7587094, 1527041613.943663, 1527041620.69447, 1527041625.2429874, 1527041631.1313403, 1527041636.5260367, 1527041642.780156, 1527041649.050493, 1527041654.3045752, 1527041659.8881238, 1527041665.3640463, 1527041671.8571377, 1527041677.7112463, 1527041683.1839547, 1527041688.3967345, 1527041694.0233917, 1527041699.331754, 1527041704.416083], "initial_reset_timestamp": 1527041153.962689, "episode_types": ["t", "t", "t", "t", "t", "t", "t", "t", "t", "t", "t", "t", "t", "t", "t", "t", "t", "t", "t", "t", "t", "t", "t", "t", "t", "t", "t", "t", "t", "t", "t", "t", "t", "t", "t", "t", "t", "t", "t", "t", "t", "t", "t", "t", "t", "t", "t", "t", "t", "t", "t", "t", "t", "t", "t", "t", "t", "t", "t", "t", "t", "t", "t", "t", "t", "t", "t", "t", "t", "t", "t", "t", "t", "t", "t", "t", "t", "t", "t", "t", "t", "t", "t", "t", "t", "t", "t", "t", "t", "t", "t", "t", "t", "t", "t", "t", "t", "t", "t", "t"], "episode_rewards": [18.0, 17.0, 20.0, 14.0, 16.0, 19.0, 20.0, 21.0, 20.0, 20.0, 18.0, 19.0, 16.0, 14.0, 16.0, 18.0, 18.0, 17.0, 18.0, 18.0, 18.0, 18.0, 17.0, 15.0, 20.0, 19.0, 17.0, 15.0, 18.0, 20.0, 13.0, 13.0, 17.0, 18.0, 14.0, 14.0, 18.0, 14.0, 13.0, 17.0, 17.0, 20.0, 15.0, 21.0, 19.0, 18.0, 14.0, 13.0, 18.0, 18.0, 20.0, 13.0, 18.0, 17.0, 20.0, 18.0, 20.0, 16.0, 20.0, 12.0, 14.0, 18.0, 17.0, 18.0, 16.0, 18.0, 14.0, 16.0, 18.0, 16.0, 14.0, 13.0, 18.0, 19.0, 16.0, 20.0, 17.0, 17.0, 20.0, 19.0, 17.0, 18.0, 14.0, 18.0, 11.0, 19.0, 16.0, 16.0, 17.0, 13.0, 17.0, 17.0, 15.0, 14.0, 16.0, 18.0, 19.0, 16.0, 17.0, 19.0]}