{"episode_lengths": [2093, 2433, 1781, 1651, 1851, 1681, 2125, 2228, 1892, 2377, 1695, 1729, 2165, 2104, 2163, 1778, 2192, 2270, 2216, 1944, 1788, 2081, 2146, 2217, 2293, 2026, 2062, 1846, 1651, 1651, 2231, 1712, 1706, 2003, 2578, 1715, 1916, 2110, 1980, 1651, 1864, 2134, 1944, 1710, 3346, 1711, 2059, 2263, 1651, 1921, 2291, 1706, 2063, 1819, 1711, 1904, 2011, 1760, 1955, 1876, 2422, 2050, 2121, 1710, 2222, 1934, 2322, 1911, 2340, 1764, 1872, 1827, 1854, 2056, 2248, 1706, 2005, 1894, 2162, 1651, 1858, 1850, 1908, 1943, 2034, 1851, 1952, 1996, 1941, 1702, 2175, 1989, 1703, 2267, 1950, 1781, 1897, 2042, 2989, 2135], "timestamps": [1527064238.2809596, 1527064244.7439065, 1527064249.4053078, 1527064253.7894661, 1527064258.6675377, 1527064263.0834455, 1527064268.6555402, 1527064274.6384103, 1527064279.7130768, 1527064286.0058906, 1527064290.453546, 1527064294.9944077, 1527064300.6691961, 1527064306.1628098, 1527064311.7713897, 1527064316.459424, 1527064322.256761, 1527064328.2289095, 1527064334.068152, 1527064339.2952142, 1527064344.0750163, 1527064349.7149646, 1527064355.403564, 1527064361.3159144, 1527064367.4587662, 1527064372.8985093, 1527064378.430914, 1527064383.2613668, 1527064387.6066735, 1527064391.936143, 1527064398.0955362, 1527064402.8378139, 1527064407.41954, 1527064412.7880352, 1527064419.7204545, 1527064424.4051783, 1527064429.546548, 1527064435.1569328, 1527064440.4734724, 1527064444.9285371, 1527064449.9384909, 1527064455.7098455, 1527064460.9108312, 1527064465.5364559, 1527064474.5369506, 1527064479.2105334, 1527064484.6749344, 1527064490.6562312, 1527064495.042986, 1527064500.1339023, 1527064506.3471987, 1527064510.9607391, 1527064516.5319283, 1527064521.4843557, 1527064526.0588763, 1527064531.261438, 1527064536.7463672, 1527064541.4823601, 1527064546.7390542, 1527064551.8123128, 1527064558.3135993, 1527064563.704288, 1527064569.2999375, 1527064573.8241806, 1527064579.7638805, 1527064584.900926, 1527064591.134057, 1527064596.28661, 1527064602.391476, 1527064607.0226288, 1527064611.9763644, 1527064616.7878826, 1527064621.8133721, 1527064627.3610399, 1527064633.494773, 1527064638.136555, 1527064643.622374, 1527064648.8601317, 1527064654.8487768, 1527064659.2319534, 1527064664.152237, 1527064669.1269372, 1527064674.1952212, 1527064679.3250923, 1527064684.7364514, 1527064689.6542788, 1527064694.7502453, 1527064700.027636, 1527064705.1361663, 1527064709.6148033, 1527064715.3565717, 1527064720.6242135, 1527064725.1662965, 1527064731.1420546, 1527064736.3574085, 1527064741.0584476, 1527064746.2420237, 1527064751.8238864, 1527064759.958007, 1527064765.6881084], "initial_reset_timestamp": 1527064231.2558053, "episode_types": ["t", "t", "t", "t", "t", "t", "t", "t", "t", "t", "t", "t", "t", "t", "t", "t", "t", "t", "t", "t", "t", "t", "t", "t", "t", "t", "t", "t", "t", "t", "t", "t", "t", "t", "t", "t", "t", "t", "t", "t", "t", "t", "t", "t", "t", "t", "t", "t", "t", "t", "t", "t", "t", "t", "t", "t", "t", "t", "t", "t", "t", "t", "t", "t", "t", "t", "t", "t", "t", "t", "t", "t", "t", "t", "t", "t", "t", "t", "t", "t", "t", "t", "t", "t", "t", "t", "t", "t", "t", "t", "t", "t", "t", "t", "t", "t", "t", "t", "t", "t"], "episode_rewards": [17.0, 14.0, 19.0, 21.0, 20.0, 21.0, 16.0, 16.0, 21.0, 19.0, 21.0, 20.0, 18.0, 18.0, 16.0, 19.0, 17.0, 17.0, 17.0, 18.0, 21.0, 18.0, 15.0, 16.0, 14.0, 17.0, 18.0, 20.0, 21.0, 21.0, 17.0, 21.0, 20.0, 18.0, 13.0, 20.0, 19.0, 17.0, 17.0, 21.0, 20.0, 17.0, 19.0, 20.0, 11.0, 21.0, 18.0, 15.0, 21.0, 17.0, 15.0, 21.0, 14.0, 19.0, 21.0, 19.0, 18.0, 20.0, 19.0, 18.0, 13.0, 18.0, 19.0, 20.0, 16.0, 18.0, 14.0, 18.0, 18.0, 20.0, 19.0, 21.0, 19.0, 18.0, 17.0, 21.0, 16.0, 19.0, 16.0, 21.0, 19.0, 20.0, 18.0, 18.0, 18.0, 20.0, 20.0, 17.0, 19.0, 20.0, 17.0, 18.0, 20.0, 18.0, 18.0, 19.0, 19.0, 16.0, 10.0, 18.0]}