{"episode_lengths": [1776, 1835, 2314, 2045, 1911, 2322, 1921, 1767, 1905, 2531, 1998, 2173, 2296, 2084, 1902, 2008, 2020, 1784, 2051, 1905, 1925, 2175, 1704, 1987, 1906, 2116, 2266, 2027, 2150, 2284, 2144, 2133, 2427, 2109, 1865, 2098, 2030, 2135, 2015, 1988, 2540, 1963, 2440, 2512, 2056, 1938, 1754, 2043, 2229, 1939, 2158, 2260, 2213, 2252, 2130, 1931, 1694, 2084, 2022, 1803, 2297, 2026, 2136, 2136, 1970, 1874, 2718, 1694, 2072, 2296, 2252, 2531, 2172, 2414, 2048, 2469, 1837, 1933, 1920, 1711, 2129, 1970, 2413, 2134, 2021, 2064, 1931, 1820, 1968, 2234, 1908, 1886, 1651, 1725, 2035, 1818, 1884, 1779, 1945, 1892], "timestamps": [1527208172.1985877, 1527208177.0216792, 1527208182.982787, 1527208188.34218, 1527208193.3133924, 1527208199.3603225, 1527208204.3244312, 1527208208.8920608, 1527208213.8716683, 1527208220.381747, 1527208225.6010857, 1527208231.2139766, 1527208237.2004511, 1527208242.675657, 1527208247.6230776, 1527208252.8337064, 1527208258.1504784, 1527208262.8714514, 1527208268.3341746, 1527208273.4771113, 1527208278.5984187, 1527208284.45706, 1527208288.9433007, 1527208294.1710656, 1527208299.1017318, 1527208304.4900389, 1527208310.4054122, 1527208315.6419425, 1527208321.215233, 1527208327.1581438, 1527208332.8466442, 1527208338.4675605, 1527208344.8178453, 1527208350.2240458, 1527208355.0091045, 1527208360.395471, 1527208365.6069536, 1527208371.1854985, 1527208376.405992, 1527208381.5708997, 1527208388.383332, 1527208393.4863887, 1527208399.870643, 1527208406.4620826, 1527208411.9157972, 1527208417.048479, 1527208421.6764674, 1527208427.0089817, 1527208432.9774954, 1527208438.082649, 1527208443.642802, 1527208449.530328, 1527208455.412625, 1527208461.3792083, 1527208467.1247356, 1527208472.2898955, 1527208476.7412148, 1527208482.2192817, 1527208487.4438016, 1527208492.0588822, 1527208497.9485512, 1527208503.1692662, 1527208508.6709971, 1527208514.2087867, 1527208519.2229877, 1527208524.0418737, 1527208531.1298544, 1527208535.546385, 1527208541.0004604, 1527208547.000533, 1527208552.9434295, 1527208559.5329034, 1527208565.2766325, 1527208571.8016028, 1527208577.3943894, 1527208583.9435372, 1527208588.6864264, 1527208593.6928313, 1527208598.6733387, 1527208603.051902, 1527208608.5620391, 1527208613.6821146, 1527208619.9683805, 1527208625.4378967, 1527208630.6784804, 1527208636.0042517, 1527208641.0277102, 1527208645.7331808, 1527208650.8410368, 1527208656.7414825, 1527208661.7257648, 1527208666.6440675, 1527208670.9838398, 1527208675.526412, 1527208680.7984874, 1527208685.5053272, 1527208690.4576814, 1527208695.2917533, 1527208700.456144, 1527208705.5667477], "initial_reset_timestamp": 1527208166.0780964, "episode_types": ["t", "t", "t", "t", "t", "t", "t", "t", "t", "t", "t", "t", "t", "t", "t", "t", "t", "t", "t", "t", "t", "t", "t", "t", "t", "t", "t", "t", "t", "t", "t", "t", "t", "t", "t", "t", "t", "t", "t", "t", "t", "t", "t", "t", "t", "t", "t", "t", "t", "t", "t", "t", "t", "t", "t", "t", "t", "t", "t", "t", "t", "t", "t", "t", "t", "t", "t", "t", "t", "t", "t", "t", "t", "t", "t", "t", "t", "t", "t", "t", "t", "t", "t", "t", "t", "t", "t", "t", "t", "t", "t", "t", "t", "t", "t", "t", "t", "t", "t", "t"], "episode_rewards": [20.0, 18.0, 14.0, 18.0, 18.0, 17.0, 20.0, 19.0, 20.0, 16.0, 19.0, 18.0, 17.0, 18.0, 20.0, 18.0, 18.0, 20.0, 19.0, 20.0, 19.0, 17.0, 20.0, 19.0, 19.0, 18.0, 17.0, 16.0, 18.0, 17.0, 18.0, 18.0, 16.0, 20.0, 20.0, 18.0, 18.0, 18.0, 19.0, 18.0, 16.0, 17.0, 17.0, 17.0, 17.0, 18.0, 19.0, 17.0, 18.0, 19.0, 17.0, 16.0, 13.0, 20.0, 17.0, 19.0, 21.0, 19.0, 17.0, 20.0, 16.0, 18.0, 17.0, 18.0, 18.0, 21.0, 17.0, 21.0, 17.0, 16.0, 18.0, 17.0, 19.0, 18.0, 20.0, 18.0, 19.0, 19.0, 19.0, 21.0, 19.0, 19.0, 15.0, 17.0, 18.0, 17.0, 17.0, 20.0, 17.0, 18.0, 19.0, 20.0, 21.0, 20.0, 17.0, 19.0, 18.0, 19.0, 17.0, 20.0]}