{"episode_lengths": [3126, 2768, 2547, 3393, 3048, 3234, 2690, 3110, 3250, 2619, 2754, 3401, 3107, 3277, 3237, 3604, 2774, 3321, 3128, 2630, 3387, 2375, 2962, 2891, 3134, 3183, 2894, 3177, 2638, 2728, 2960, 2843, 2498, 3028, 2993, 2685, 2938, 3062, 3016, 2920, 3965, 2765, 3522, 2692, 2792, 3236, 2671, 2826, 3353, 3217, 3226, 2821, 3531, 3264, 3557, 3207, 2650, 3442, 2615, 3788, 2507, 3109, 2733, 3154, 3448, 2906, 3330, 3276, 3087, 2846, 2714, 3146, 2929, 3452, 2637, 2700, 2508, 2838, 2945, 2693, 3524, 3177, 3075, 2409, 2977, 2574, 2640, 3238, 2758, 3214, 2532, 3598, 3318, 2460, 2804, 3360, 3169, 2989, 3290, 2810], "timestamps": [1527044401.3323429, 1527044408.5878568, 1527044415.2663617, 1527044424.2722821, 1527044432.2447643, 1527044440.7108634, 1527044447.7521276, 1527044455.947231, 1527044464.698356, 1527044471.69014, 1527044479.0018945, 1527044488.2093918, 1527044496.6529102, 1527044505.3492296, 1527044513.7887785, 1527044523.2283986, 1527044530.6286218, 1527044539.561703, 1527044547.9333072, 1527044554.8312998, 1527044563.6965578, 1527044570.1152766, 1527044577.8971043, 1527044585.507687, 1527044593.8137364, 1527044602.203644, 1527044609.8229532, 1527044618.1746008, 1527044625.0757225, 1527044632.178926, 1527044639.9610572, 1527044647.3749428, 1527044653.9178898, 1527044661.837978, 1527044669.755018, 1527044676.9237916, 1527044684.8184211, 1527044693.0953965, 1527044701.1666703, 1527044708.9768639, 1527044719.418043, 1527044726.7467563, 1527044736.023542, 1527044743.1428733, 1527044750.6108465, 1527044759.3663588, 1527044766.613235, 1527044774.2428575, 1527044783.2440484, 1527044791.819567, 1527044800.511997, 1527044808.0521343, 1527044817.531429, 1527044826.1528022, 1527044835.5918982, 1527044844.10864, 1527044851.4133983, 1527044860.8974676, 1527044867.8573613, 1527044878.0340157, 1527044884.7592838, 1527044893.3547587, 1527044900.9555752, 1527044909.598204, 1527044918.8727427, 1527044926.697595, 1527044935.6565475, 1527044944.4547334, 1527044952.7180045, 1527044960.4181032, 1527044967.6853516, 1527044976.16079, 1527044983.9447649, 1527044993.2462456, 1527045000.3888595, 1527045007.719886, 1527045014.5088255, 1527045022.3191648, 1527045030.4351895, 1527045037.851865, 1527045047.5507977, 1527045056.0842414, 1527045064.2650735, 1527045070.8013153, 1527045078.8775454, 1527045085.632586, 1527045092.5365045, 1527045101.0645757, 1527045108.2741058, 1527045116.6791074, 1527045123.3756142, 1527045133.1407516, 1527045142.1938117, 1527045148.9056702, 1527045156.4880192, 1527045165.562022, 1527045174.1101155, 1527045182.0827196, 1527045190.8563416, 1527045198.3035858], "initial_reset_timestamp": 1527044391.2109919, "episode_types": ["t", "t", "t", "t", "t", "t", "t", "t", "t", "t", "t", "t", "t", "t", "t", "t", "t", "t", "t", "t", "t", "t", "t", "t", "t", "t", "t", "t", "t", "t", "t", "t", "t", "t", "t", "t", "t", "t", "t", "t", "t", "t", "t", "t", "t", "t", "t", "t", "t", "t", "t", "t", "t", "t", "t", "t", "t", "t", "t", "t", "t", "t", "t", "t", "t", "t", "t", "t", "t", "t", "t", "t", "t", "t", "t", "t", "t", "t", "t", "t", "t", "t", "t", "t", "t", "t", "t", "t", "t", "t", "t", "t", "t", "t", "t", "t", "t", "t", "t", "t"], "episode_rewards": [13.0, 11.0, 11.0, 9.0, 7.0, 7.0, 11.0, 9.0, 6.0, 13.0, 10.0, 5.0, 7.0, 3.0, 8.0, 8.0, 12.0, 7.0, 10.0, 12.0, 6.0, 15.0, 9.0, 12.0, 12.0, 8.0, 10.0, 6.0, 13.0, 13.0, 10.0, 8.0, 14.0, 8.0, 7.0, 9.0, 7.0, 11.0, 6.0, 12.0, 6.0, 11.0, 6.0, 12.0, 9.0, 6.0, 13.0, 11.0, 5.0, 8.0, 7.0, 14.0, 6.0, 8.0, 7.0, 3.0, 14.0, 3.0, 13.0, 2.0, 13.0, 9.0, 10.0, 12.0, 5.0, 11.0, 5.0, 9.0, 8.0, 9.0, 13.0, 11.0, 8.0, 5.0, 13.0, 9.0, 11.0, 9.0, 11.0, 14.0, 8.0, 7.0, 8.0, 13.0, 10.0, 13.0, 14.0, 6.0, 14.0, 9.0, 16.0, -2.0, 10.0, 14.0, 10.0, 10.0, 10.0, 9.0, 8.0, 8.0]}