{"episode_lengths": [2184, 2590, 2573, 1694, 2726, 2299, 2792, 2448, 2212, 2285, 2753, 2745, 3074, 2816, 2017, 3419, 2215, 2337, 2440, 2465, 2751, 2460, 2377, 2312, 2214, 1794, 2361, 2347, 2564, 2111, 3030, 2930, 2602, 2159, 2543, 2518, 2452, 2308, 2324, 2230, 2466, 2628, 2305, 2167, 2770, 2655, 2981, 2506, 2844, 2292, 1933, 2008, 2214, 2415, 2226, 2465, 2111, 2183, 2152, 2852, 2407, 1952, 2128, 2504, 2894, 2089, 2408, 2297, 1767, 2786, 2585, 2055, 3094, 2094, 3109, 2116, 2206, 2308, 2151, 2216, 2435, 2054, 2129, 2616, 2570, 2194, 2387, 2221, 2465, 2545, 2085, 1872, 2789, 2649, 2016, 2907, 2344, 2453, 2267, 2635], "timestamps": [1527223890.418214, 1527223897.1379929, 1527223903.7686763, 1527223908.2751205, 1527223915.4371064, 1527223921.584148, 1527223929.0289402, 1527223935.48614, 1527223941.363315, 1527223947.4540327, 1527223954.6827388, 1527223961.8896048, 1527223969.7817006, 1527223977.035413, 1527223982.239464, 1527223991.2159445, 1527223997.0991218, 1527224003.2610586, 1527224009.7773592, 1527224016.3009415, 1527224023.5382123, 1527224030.0457602, 1527224036.3125663, 1527224042.3857489, 1527224048.3039544, 1527224053.1605864, 1527224059.4495199, 1527224065.649273, 1527224072.3886135, 1527224077.9067798, 1527224085.8808265, 1527224093.6683576, 1527224100.5486565, 1527224106.2877774, 1527224113.022174, 1527224119.7763097, 1527224126.1393802, 1527224132.1276917, 1527224138.105871, 1527224143.8085656, 1527224150.2493947, 1527224157.0079195, 1527224162.9820461, 1527224168.6502805, 1527224176.1375482, 1527224183.2630248, 1527224191.3406498, 1527224198.1406424, 1527224205.8356707, 1527224212.090535, 1527224217.3140886, 1527224222.7862086, 1527224228.7674057, 1527224235.2573664, 1527224241.2798324, 1527224248.0067098, 1527224253.7062616, 1527224259.5182462, 1527224265.1506956, 1527224272.6140559, 1527224278.8218148, 1527224283.8990948, 1527224289.4971185, 1527224296.1368496, 1527224303.7216103, 1527224309.0793686, 1527224315.2124414, 1527224321.1429071, 1527224325.6578805, 1527224332.8343425, 1527224339.4681866, 1527224344.7537236, 1527224352.9899085, 1527224358.6337538, 1527224366.8952003, 1527224372.4411914, 1527224378.1884964, 1527224384.2969477, 1527224390.041523, 1527224395.9672685, 1527224402.566498, 1527224408.1952953, 1527224413.9609342, 1527224420.875044, 1527224427.751582, 1527224433.5698385, 1527224439.8538082, 1527224445.66978, 1527224452.155489, 1527224458.8934352, 1527224464.3647761, 1527224469.3487744, 1527224476.7950463, 1527224483.779782, 1527224489.1636493, 1527224496.792262, 1527224502.7869735, 1527224509.1645873, 1527224515.0123024, 1527224521.83954], "initial_reset_timestamp": 1527223883.1735651, "episode_types": ["t", "t", "t", "t", "t", "t", "t", "t", "t", "t", "t", "t", "t", "t", "t", "t", "t", "t", "t", "t", "t", "t", "t", "t", "t", "t", "t", "t", "t", "t", "t", "t", "t", "t", "t", "t", "t", "t", "t", "t", "t", "t", "t", "t", "t", "t", "t", "t", "t", "t", "t", "t", "t", "t", "t", "t", "t", "t", "t", "t", "t", "t", "t", "t", "t", "t", "t", "t", "t", "t", "t", "t", "t", "t", "t", "t", "t", "t", "t", "t", "t", "t", "t", "t", "t", "t", "t", "t", "t", "t", "t", "t", "t", "t", "t", "t", "t", "t", "t", "t"], "episode_rewards": [18.0, 15.0, 12.0, 21.0, 11.0, 17.0, 13.0, 15.0, 16.0, 16.0, 15.0, 15.0, 8.0, 11.0, 18.0, 10.0, 17.0, 17.0, 14.0, 14.0, 15.0, 15.0, 14.0, 14.0, 15.0, 19.0, 14.0, 15.0, 11.0, 16.0, 11.0, 14.0, 13.0, 19.0, 13.0, 13.0, 14.0, 16.0, 16.0, 17.0, 17.0, 13.0, 15.0, 16.0, 12.0, 13.0, 10.0, 14.0, 12.0, 15.0, 19.0, 16.0, 16.0, 13.0, 16.0, 16.0, 18.0, 16.0, 16.0, 13.0, 15.0, 19.0, 17.0, 14.0, 9.0, 17.0, 15.0, 15.0, 19.0, 10.0, 12.0, 17.0, 8.0, 18.0, 12.0, 17.0, 16.0, 16.0, 17.0, 17.0, 15.0, 17.0, 15.0, 14.0, 16.0, 14.0, 16.0, 17.0, 15.0, 14.0, 18.0, 20.0, 12.0, 14.0, 18.0, 10.0, 16.0, 14.0, 17.0, 10.0]}