{"episode_lengths": [1971, 1896, 1910, 1955, 1813, 1835, 1859, 1738, 2414, 1747, 1852, 1720, 1863, 1879, 1713, 2008, 1806, 1975, 1882, 1771, 1914, 2086, 1815, 2209, 1781, 1681, 2290, 1961, 1774, 1651, 1687, 2489, 1731, 2027, 1829, 1938, 2091, 1687, 2030, 1956, 1714, 1901, 1838, 1726, 1857, 1865, 2383, 2162, 1796, 2502, 2323, 1764, 1940, 2302, 1651, 2124, 2013, 1705, 1847, 1714, 1836, 1705, 2078, 1747, 1932, 1821, 1897, 1664, 1764, 1878, 1895, 1772, 2452, 2199, 1724, 1651, 1997, 1874, 2208, 1755, 1755, 1687, 1687, 1651, 2034, 1868, 1997, 1901, 1892, 1711, 1715, 2147, 1651, 1753, 2048, 2001, 2049, 1838, 1651, 2248], "timestamps": [1527121777.7560482, 1527121782.763344, 1527121787.8439152, 1527121793.0919006, 1527121797.888027, 1527121802.63912, 1527121807.4132683, 1527121812.0019283, 1527121818.3565784, 1527121823.0001993, 1527121827.8458757, 1527121832.3618283, 1527121837.4478564, 1527121842.49985, 1527121847.181886, 1527121852.7004204, 1527121857.6231315, 1527121863.0132992, 1527121868.1247733, 1527121872.8108785, 1527121877.7913196, 1527121883.200782, 1527121887.9463892, 1527121893.6380033, 1527121898.3852484, 1527121902.850728, 1527121908.8581583, 1527121913.9404247, 1527121918.6141965, 1527121922.9412293, 1527121927.3928523, 1527121934.1778972, 1527121938.915944, 1527121944.4177697, 1527121949.4239552, 1527121954.7138708, 1527121960.203691, 1527121964.7222383, 1527121970.0659318, 1527121975.2303889, 1527121979.7709162, 1527121984.7979295, 1527121989.6242385, 1527121994.1596386, 1527121998.9626782, 1527122003.776198, 1527122010.0204828, 1527122015.614264, 1527122020.3373022, 1527122026.8366613, 1527122032.8574796, 1527122037.4685588, 1527122042.5673082, 1527122048.61509, 1527122053.067162, 1527122058.6702826, 1527122063.9717472, 1527122068.5200138, 1527122073.4569407, 1527122077.9785414, 1527122082.854997, 1527122087.3588924, 1527122092.8558776, 1527122097.4481726, 1527122102.438647, 1527122107.2112408, 1527122112.119098, 1527122116.4518826, 1527122121.1091628, 1527122126.0975854, 1527122131.0845063, 1527122135.701899, 1527122142.1475713, 1527122147.9482968, 1527122152.4777355, 1527122156.7635674, 1527122161.9691193, 1527122166.8440967, 1527122172.5191689, 1527122177.1534002, 1527122181.7031233, 1527122186.1548853, 1527122190.6313596, 1527122195.0111027, 1527122200.3905342, 1527122205.3643055, 1527122210.7071676, 1527122215.8087666, 1527122220.786807, 1527122225.3533397, 1527122229.9185095, 1527122235.749093, 1527122240.1519969, 1527122244.769234, 1527122250.1989856, 1527122255.577326, 1527122261.0383065, 1527122265.9519284, 1527122270.3722036, 1527122276.4442], "initial_reset_timestamp": 1527121771.0408542, "episode_types": ["t", "t", "t", "t", "t", "t", "t", "t", "t", "t", "t", "t", "t", "t", "t", "t", "t", "t", "t", "t", "t", "t", "t", "t", "t", "t", "t", "t", "t", "t", "t", "t", "t", "t", "t", "t", "t", "t", "t", "t", "t", "t", "t", "t", "t", "t", "t", "t", "t", "t", "t", "t", "t", "t", "t", "t", "t", "t", "t", "t", "t", "t", "t", "t", "t", "t", "t", "t", "t", "t", "t", "t", "t", "t", "t", "t", "t", "t", "t", "t", "t", "t", "t", "t", "t", "t", "t", "t", "t", "t", "t", "t", "t", "t", "t", "t", "t", "t", "t", "t"], "episode_rewards": [18.0, 19.0, 18.0, 19.0, 18.0, 17.0, 19.0, 21.0, 14.0, 20.0, 18.0, 20.0, 19.0, 19.0, 21.0, 19.0, 20.0, 20.0, 17.0, 21.0, 19.0, 18.0, 20.0, 17.0, 20.0, 21.0, 17.0, 17.0, 20.0, 21.0, 20.0, 13.0, 19.0, 16.0, 20.0, 18.0, 17.0, 20.0, 17.0, 19.0, 20.0, 19.0, 19.0, 20.0, 19.0, 19.0, 17.0, 18.0, 19.0, 15.0, 16.0, 20.0, 19.0, 19.0, 21.0, 17.0, 18.0, 20.0, 20.0, 20.0, 20.0, 20.0, 19.0, 20.0, 19.0, 19.0, 19.0, 20.0, 20.0, 18.0, 19.0, 20.0, 15.0, 17.0, 20.0, 21.0, 18.0, 19.0, 17.0, 19.0, 21.0, 20.0, 20.0, 21.0, 18.0, 20.0, 20.0, 18.0, 18.0, 21.0, 20.0, 17.0, 21.0, 18.0, 18.0, 18.0, 18.0, 19.0, 21.0, 16.0]}