{"episode_lengths": [2430, 3257, 3147, 2671, 2911, 3740, 2262, 3022, 2623, 2832, 2891, 3379, 3136, 2730, 2380, 2441, 2981, 3183, 2954, 2585, 2760, 3068, 3100, 2704, 3095, 2672, 3205, 2617, 3293, 2496, 2866, 3531, 2854, 2842, 3545, 3171, 3360, 3554, 2744, 3283, 3497, 2656, 1601, 3203, 3214, 4202, 2565, 3854, 3060, 2914, 3294, 2522, 3004, 2774, 2308, 2820, 2903, 2709, 2910, 3635, 2372, 3692, 3311, 2567, 2778, 2275, 4458, 3174, 2467, 2850, 3298, 2876, 2895, 3150, 2985, 3033, 3938, 2931, 2882, 2542, 2656, 3040, 2787, 3337, 2752, 2609, 2761, 3643, 2461, 3178, 2357, 3151, 3520, 3073, 2389, 4048, 3066, 3176, 2715, 2226], "timestamps": [1526913142.5814826, 1526913151.855383, 1526913160.5467756, 1526913167.920952, 1526913176.0807104, 1526913186.4104044, 1526913192.6814587, 1526913201.0928, 1526913208.5002706, 1526913216.5282826, 1526913224.6174083, 1526913234.0652606, 1526913242.9887898, 1526913250.6734445, 1526913257.4161608, 1526913264.326901, 1526913272.7983787, 1526913281.8243163, 1526913290.1139843, 1526913297.3588808, 1526913305.052454, 1526913313.7140079, 1526913322.4395034, 1526913329.9189656, 1526913338.4592967, 1526913345.7654097, 1526913354.68667, 1526913361.9439652, 1526913371.2840502, 1526913378.3212245, 1526913386.2581408, 1526913396.0844498, 1526913404.1011746, 1526913412.1032884, 1526913421.88863, 1526913430.6097128, 1526913440.0050552, 1526913449.7991292, 1526913457.4215446, 1526913466.6480336, 1526913476.5255497, 1526913484.1374798, 1526913488.6581595, 1526913497.6251924, 1526913506.628714, 1526913518.3069463, 1526913525.4148839, 1526913536.2580528, 1526913544.9236076, 1526913553.1094518, 1526913562.350196, 1526913569.436163, 1526913577.555026, 1526913585.2791047, 1526913591.7678695, 1526913599.7286127, 1526913607.8454819, 1526913615.491908, 1526913623.668756, 1526913633.8899524, 1526913640.5888026, 1526913651.053871, 1526913660.3992896, 1526913667.7267098, 1526913675.4997506, 1526913681.8959923, 1526913694.4118607, 1526913703.5865505, 1526913710.6002777, 1526913718.647877, 1526913727.9625766, 1526913736.0156298, 1526913744.1186147, 1526913753.0342872, 1526913761.4586945, 1526913770.000755, 1526913781.1458545, 1526913789.4666328, 1526913797.6106925, 1526913804.6723173, 1526913812.2737188, 1526913820.8012526, 1526913828.3953428, 1526913837.6217675, 1526913845.2199085, 1526913852.4802613, 1526913860.1489837, 1526913870.2185545, 1526913877.0572371, 1526913885.9415913, 1526913892.420298, 1526913901.141728, 1526913910.875905, 1526913919.5711422, 1526913926.34389, 1526913937.9757519, 1526913946.5298507, 1526913955.546711, 1526913963.2357485, 1526913969.526961], "initial_reset_timestamp": 1526913134.829128, "episode_types": ["t", "t", "t", "t", "t", "t", "t", "t", "t", "t", "t", "t", "t", "t", "t", "t", "t", "t", "t", "t", "t", "t", "t", "t", "t", "t", "t", "t", "t", "t", "t", "t", "t", "t", "t", "t", "t", "t", "t", "t", "t", "t", "t", "t", "t", "t", "t", "t", "t", "t", "t", "t", "t", "t", "t", "t", "t", "t", "t", "t", "t", "t", "t", "t", "t", "t", "t", "t", "t", "t", "t", "t", "t", "t", "t", "t", "t", "t", "t", "t", "t", "t", "t", "t", "t", "t", "t", "t", "t", "t", "t", "t", "t", "t", "t", "t", "t", "t", "t", "t"], "episode_rewards": [-14.0, -12.0, -10.0, -16.0, -10.0, -10.0, -19.0, -17.0, -17.0, -13.0, -15.0, -10.0, -12.0, -14.0, -17.0, -16.0, -12.0, -14.0, -15.0, -17.0, -19.0, -10.0, -10.0, -15.0, -9.0, -16.0, -12.0, -13.0, -17.0, -12.0, -16.0, -8.0, -14.0, -12.0, -9.0, -14.0, -10.0, -10.0, -18.0, -11.0, -11.0, -15.0, -21.0, -13.0, -11.0, -7.0, -17.0, -3.0, -8.0, -17.0, -8.0, -15.0, -17.0, -16.0, -16.0, -16.0, -9.0, -19.0, -13.0, -7.0, -18.0, -6.0, -8.0, -15.0, -16.0, -19.0, -5.0, -12.0, -15.0, -12.0, -7.0, -11.0, -15.0, -11.0, -13.0, -13.0, -8.0, -13.0, -12.0, -17.0, -14.0, -14.0, -13.0, -10.0, -14.0, -19.0, -13.0, -9.0, -15.0, -12.0, -17.0, -12.0, -11.0, -15.0, -18.0, -8.0, -16.0, -11.0, -17.0, -19.0]}