{"episode_lengths": [4631, 3931, 4660, 4463, 4082, 5634, 4595, 4197, 4208, 4631, 4964, 5163, 4550, 5308, 4780, 4312, 3647, 4925, 4738, 5084, 5256, 3879, 4981, 4571, 4808, 4799, 4319, 5087, 5202, 4259, 4206, 4606, 4946, 4421, 4751, 4867, 4489, 4985, 3991, 5579, 4805, 4932, 5202, 4872, 5109, 4555, 5238, 5114, 4754, 4733, 4445, 4003, 4214, 4046, 4544, 4804, 5349, 4278, 3656, 4451, 4498, 4375, 5172, 4216, 4910, 4714, 4782, 4759, 3875, 4990, 4648, 5160, 4542, 5168, 4999, 5260, 4103, 3651, 5324, 4090, 4332, 4756, 4287, 4948, 5062, 4341, 4627, 4040, 4400, 5200, 4014, 4674, 4742, 4355, 4274, 4522, 4999, 4457, 3611, 4335], "timestamps": [1526936717.6567073, 1526936728.8804986, 1526936741.975566, 1526936754.3160007, 1526936765.6881537, 1526936781.1068745, 1526936793.6809597, 1526936805.0656362, 1526936816.5279665, 1526936829.443075, 1526936842.7394032, 1526936856.5526981, 1526936868.8427117, 1526936883.7443347, 1526936896.9721646, 1526936908.6984057, 1526936918.7683017, 1526936932.3416958, 1526936945.4525633, 1526936959.8174326, 1526936974.5675602, 1526936985.0423436, 1526936998.5623338, 1526937011.1469345, 1526937024.4607177, 1526937037.748389, 1526937049.678305, 1526937063.2282565, 1526937077.1736388, 1526937088.611698, 1526937099.9041107, 1526937112.606869, 1526937126.4533195, 1526937138.5498745, 1526937151.9628627, 1526937165.419395, 1526937177.6508563, 1526937191.156295, 1526937202.1898863, 1526937217.582403, 1526937231.2639918, 1526937244.9582968, 1526937259.2860007, 1526937272.6189365, 1526937286.3398237, 1526937298.646497, 1526937312.9006531, 1526937326.9321096, 1526937340.0242805, 1526937353.237143, 1526937365.5494096, 1526937376.515806, 1526937388.0151093, 1526937399.383508, 1526937412.2296097, 1526937425.6139257, 1526937440.5350525, 1526937452.336194, 1526937462.4582887, 1526937474.9614615, 1526937487.3200653, 1526937499.7499547, 1526937514.6200778, 1526937526.5027604, 1526937540.1842527, 1526937553.1440861, 1526937566.2412508, 1526937579.1396854, 1526937589.7977073, 1526937603.8783622, 1526937616.9089112, 1526937630.9896395, 1526937643.473668, 1526937657.5354166, 1526937671.0308542, 1526937685.5081725, 1526937696.8993392, 1526937706.9171283, 1526937721.539881, 1526937732.8550434, 1526937744.7826264, 1526937757.6989555, 1526937769.281655, 1526937782.579419, 1526937796.3291724, 1526937808.0668893, 1526937820.6073778, 1526937831.5493898, 1526937843.6453044, 1526937857.8615527, 1526937868.8276625, 1526937881.5146775, 1526937894.4164925, 1526937906.3561907, 1526937918.217181, 1526937930.9649165, 1526937944.7413354, 1526937956.8746302, 1526937966.7081904, 1526937978.4452286], "initial_reset_timestamp": 1526936702.74839, "episode_types": ["t", "t", "t", "t", "t", "t", "t", "t", "t", "t", "t", "t", "t", "t", "t", "t", "t", "t", "t", "t", "t", "t", "t", "t", "t", "t", "t", "t", "t", "t", "t", "t", "t", "t", "t", "t", "t", "t", "t", "t", "t", "t", "t", "t", "t", "t", "t", "t", "t", "t", "t", "t", "t", "t", "t", "t", "t", "t", "t", "t", "t", "t", "t", "t", "t", "t", "t", "t", "t", "t", "t", "t", "t", "t", "t", "t", "t", "t", "t", "t", "t", "t", "t", "t", "t", "t", "t", "t", "t", "t", "t", "t", "t", "t", "t", "t", "t", "t", "t", "t"], "episode_rewards": [-3.0, -2.0, -5.0, -1.0, -5.0, -5.0, -3.0, 6.0, 3.0, -4.0, -1.0, -2.0, -2.0, -5.0, -3.0, 2.0, -5.0, 1.0, 3.0, -1.0, 1.0, -3.0, -1.0, -8.0, 5.0, -4.0, 1.0, 1.0, -1.0, -5.0, -6.0, 6.0, -5.0, -3.0, -5.0, 1.0, -3.0, -5.0, -10.0, 2.0, -1.0, -1.0, 3.0, 1.0, -2.0, 3.0, 1.0, -1.0, -5.0, -2.0, 4.0, -6.0, -5.0, -6.0, -1.0, -5.0, -1.0, 5.0, -5.0, -2.0, -6.0, -3.0, -5.0, -5.0, -1.0, 2.0, -2.0, -2.0, -4.0, -2.0, -4.0, -3.0, 2.0, -1.0, 3.0, -1.0, -6.0, -10.0, -6.0, -2.0, -4.0, -1.0, -2.0, -2.0, 1.0, -4.0, -4.0, 5.0, -9.0, -1.0, 3.0, 1.0, -4.0, -7.0, -4.0, -8.0, -1.0, -5.0, -1.0, 2.0]}