{"episode_lengths": [2455, 2443, 2477, 2227, 2426, 2258, 1885, 2007, 1869, 2428, 1949, 1792, 2218, 1824, 2297, 2350, 3149, 2208, 2292, 2119, 2158, 2049, 2128, 1783, 2178, 1988, 2631, 2506, 1799, 4497, 2471, 2329, 2436, 2229, 3191, 2101, 1868, 2374, 1786, 2567, 1807, 2145, 2232, 2705, 2312, 2041, 2613, 1783, 2985, 2007, 2303, 2032, 2237, 2086, 2004, 1983, 2350, 2547, 3191, 2968, 2914, 2719, 1878, 2959, 1665, 2483, 2110, 2530, 2265, 1948, 2004, 2495, 1885, 2781, 1928, 1987, 2087, 2710, 2904, 1834, 2169, 1957, 2284, 2209, 1925, 2654, 2546, 1911, 2199, 2143, 2368, 1764, 2557, 2456, 2196, 2714, 2434, 2467, 2414, 1651], "timestamps": [1526994391.088038, 1526994397.6766942, 1526994404.1288438, 1526994409.9978125, 1526994416.4437602, 1526994422.4793644, 1526994427.6501236, 1526994432.917842, 1526994437.7825685, 1526994444.1869435, 1526994449.2725163, 1526994453.9333012, 1526994459.846352, 1526994464.8713112, 1526994471.1610565, 1526994477.366568, 1526994485.795713, 1526994491.7739263, 1526994497.825041, 1526994503.504863, 1526994509.1468396, 1526994514.5535874, 1526994520.2083416, 1526994524.9858985, 1526994530.8448308, 1526994536.0171986, 1526994542.8656595, 1526994549.4551678, 1526994554.182378, 1526994566.1890647, 1526994572.8887131, 1526994578.9452255, 1526994585.2820725, 1526994591.2283323, 1526994599.7916043, 1526994605.4858499, 1526994610.4583278, 1526994616.8679714, 1526994621.7306616, 1526994628.660752, 1526994633.538791, 1526994639.3404725, 1526994645.3613336, 1526994652.6088974, 1526994658.6792061, 1526994664.2335923, 1526994671.2484019, 1526994676.1735618, 1526994684.3533568, 1526994689.787239, 1526994696.1097167, 1526994701.6487963, 1526994707.601762, 1526994713.078039, 1526994718.4848218, 1526994723.8083785, 1526994730.1375256, 1526994736.9793663, 1526994745.5697649, 1526994753.5521998, 1526994761.434602, 1526994768.6290815, 1526994773.6557827, 1526994781.6213205, 1526994786.074349, 1526994792.7599747, 1526994798.5009377, 1526994805.5388594, 1526994811.8413572, 1526994817.1703901, 1526994822.5808153, 1526994829.3674178, 1526994834.414122, 1526994841.9492655, 1526994847.1916606, 1526994852.493159, 1526994858.140387, 1526994865.3436017, 1526994872.9719028, 1526994877.7552195, 1526994883.3922744, 1526994888.5005083, 1526994894.5062678, 1526994900.2253788, 1526994905.2135518, 1526994912.1899025, 1526994918.8502553, 1526994923.8683345, 1526994929.6410515, 1526994935.2910378, 1526994941.6380496, 1526994946.363338, 1526994953.1698005, 1526994959.7739627, 1526994965.6491592, 1526994973.034582, 1526994979.6580412, 1526994986.3472543, 1526994992.8444805, 1526994997.3170447], "initial_reset_timestamp": 1526994382.8121884, "episode_types": ["t", "t", "t", "t", "t", "t", "t", "t", "t", "t", "t", "t", "t", "t", "t", "t", "t", "t", "t", "t", "t", "t", "t", "t", "t", "t", "t", "t", "t", "t", "t", "t", "t", "t", "t", "t", "t", "t", "t", "t", "t", "t", "t", "t", "t", "t", "t", "t", "t", "t", "t", "t", "t", "t", "t", "t", "t", "t", "t", "t", "t", "t", "t", "t", "t", "t", "t", "t", "t", "t", "t", "t", "t", "t", "t", "t", "t", "t", "t", "t", "t", "t", "t", "t", "t", "t", "t", "t", "t", "t", "t", "t", "t", "t", "t", "t", "t", "t", "t", "t"], "episode_rewards": [16.0, 14.0, 15.0, 18.0, 16.0, 18.0, 19.0, 17.0, 19.0, 15.0, 20.0, 19.0, 18.0, 18.0, 18.0, 14.0, 13.0, 17.0, 16.0, 18.0, 17.0, 19.0, 17.0, 20.0, 16.0, 17.0, 18.0, 13.0, 20.0, 3.0, 17.0, 14.0, 16.0, 16.0, 12.0, 16.0, 20.0, 17.0, 19.0, 14.0, 19.0, 19.0, 17.0, 17.0, 15.0, 18.0, 14.0, 20.0, 13.0, 20.0, 15.0, 17.0, 17.0, 16.0, 20.0, 18.0, 18.0, 17.0, 12.0, 14.0, 10.0, 16.0, 19.0, 13.0, 20.0, 16.0, 16.0, 15.0, 18.0, 17.0, 16.0, 15.0, 19.0, 13.0, 18.0, 19.0, 18.0, 15.0, 11.0, 20.0, 17.0, 19.0, 17.0, 15.0, 20.0, 14.0, 14.0, 18.0, 19.0, 16.0, 15.0, 20.0, 15.0, 13.0, 18.0, 14.0, 17.0, 18.0, 12.0, 21.0]}