{"episode_lengths": [3543, 4054, 3009, 3148, 3476, 2948, 4323, 3208, 3769, 2712, 3111, 3845, 3077, 2586, 3793, 3121, 2877, 3280, 2884, 3597, 3624, 3703, 3249, 3397, 2987, 4141, 3815, 2945, 3798, 3523, 3329, 2994, 3597, 2712, 3704, 3166, 3983, 3204, 3562, 2828, 3265, 3262, 3427, 4100, 3509, 3859, 3932, 3219, 3136, 3022, 4033, 3781, 3294, 3333, 3337, 3806, 3844, 3090, 3918, 3496, 3852, 3333, 3416, 3576, 3710, 3529, 3125, 3480, 3282, 4034, 3610, 3491, 3250, 3397, 3088, 3478, 3425, 3195, 3290, 3342, 3012, 3936, 3461, 4365, 3498, 2904, 2807, 2937, 3346, 4843, 3396, 3700, 3455, 2905, 4398, 4127, 3955, 2679, 3678, 3822], "timestamps": [1527011526.9149349, 1527011537.939718, 1527011546.167639, 1527011554.833834, 1527011564.3554926, 1527011572.300173, 1527011583.7545469, 1527011592.1958354, 1527011602.2004426, 1527011609.5610483, 1527011617.808004, 1527011627.968044, 1527011636.0727782, 1527011642.9527667, 1527011652.9600136, 1527011661.3086684, 1527011669.086987, 1527011677.8225951, 1527011685.495433, 1527011695.1250198, 1527011704.8644054, 1527011714.5640097, 1527011723.1818743, 1527011732.1007645, 1527011739.9562685, 1527011751.0742445, 1527011761.4919996, 1527011769.631107, 1527011780.2387326, 1527011790.143915, 1527011799.4934611, 1527011807.8341997, 1527011817.933176, 1527011825.4688754, 1527011835.3737965, 1527011843.8685095, 1527011854.4647338, 1527011862.8782032, 1527011872.273962, 1527011879.7691183, 1527011888.364922, 1527011897.131653, 1527011906.2707455, 1527011917.397037, 1527011926.9616613, 1527011937.365527, 1527011948.0036678, 1527011956.6728523, 1527011965.2201288, 1527011973.4801157, 1527011984.349847, 1527011994.599892, 1527012003.6250412, 1527012012.5560293, 1527012021.752171, 1527012031.9979053, 1527012042.206597, 1527012050.5121558, 1527012061.0293233, 1527012070.5348628, 1527012080.6555643, 1527012089.448417, 1527012098.5235875, 1527012108.214839, 1527012118.535194, 1527012128.172511, 1527012136.663976, 1527012146.098843, 1527012154.9715805, 1527012165.8391654, 1527012175.7705944, 1527012185.4650552, 1527012194.4537039, 1527012203.7840745, 1527012212.1280892, 1527012221.5154254, 1527012230.9926999, 1527012239.6794195, 1527012248.6255703, 1527012257.6644573, 1527012265.8227017, 1527012276.5046332, 1527012285.802825, 1527012297.6860554, 1527012307.0984874, 1527012314.8960795, 1527012322.452583, 1527012330.3578086, 1527012339.340139, 1527012352.1138585, 1527012361.0857236, 1527012370.8260782, 1527012380.0027604, 1527012387.6274846, 1527012399.2766473, 1527012410.271246, 1527012420.890839, 1527012428.1567905, 1527012438.1225426, 1527012448.2802005], "initial_reset_timestamp": 1527011515.463066, "episode_types": ["t", "t", "t", "t", "t", "t", "t", "t", "t", "t", "t", "t", "t", "t", "t", "t", "t", "t", "t", "t", "t", "t", "t", "t", "t", "t", "t", "t", "t", "t", "t", "t", "t", "t", "t", "t", "t", "t", "t", "t", "t", "t", "t", "t", "t", "t", "t", "t", "t", "t", "t", "t", "t", "t", "t", "t", "t", "t", "t", "t", "t", "t", "t", "t", "t", "t", "t", "t", "t", "t", "t", "t", "t", "t", "t", "t", "t", "t", "t", "t", "t", "t", "t", "t", "t", "t", "t", "t", "t", "t", "t", "t", "t", "t", "t", "t", "t", "t", "t", "t"], "episode_rewards": [7.0, 8.0, 11.0, 7.0, 3.0, 9.0, 2.0, 11.0, 5.0, 13.0, 8.0, 5.0, 8.0, 13.0, 4.0, 8.0, 10.0, 6.0, 11.0, 5.0, 7.0, 4.0, 9.0, 7.0, 9.0, 4.0, 4.0, 9.0, 4.0, 7.0, 9.0, 8.0, 8.0, 10.0, 5.0, 9.0, 2.0, 7.0, 7.0, 15.0, 7.0, 5.0, 6.0, 8.0, 4.0, 1.0, 6.0, 11.0, 8.0, 10.0, 7.0, 6.0, 7.0, 7.0, 6.0, 9.0, 3.0, 7.0, 6.0, 10.0, 6.0, 8.0, 5.0, 7.0, 5.0, 10.0, 8.0, 2.0, 8.0, 6.0, 6.0, 5.0, 9.0, 5.0, 11.0, 6.0, 6.0, 11.0, 9.0, 10.0, 10.0, 4.0, 3.0, 9.0, 9.0, 11.0, 11.0, 9.0, 9.0, 2.0, 7.0, 7.0, 6.0, 12.0, 4.0, 7.0, 2.0, 14.0, 8.0, 8.0]}