{"episode_lengths": [1743, 2186, 2263, 1829, 2309, 1651, 2020, 2201, 2149, 1789, 1878, 1830, 1850, 1789, 1964, 2004, 1766, 1935, 2178, 2678, 1833, 1823, 2090, 1845, 1651, 1651, 2270, 1702, 1842, 1878, 2055, 2136, 1766, 1774, 1711, 1840, 1860, 1651, 2230, 1651, 2081, 2029, 1788, 1914, 1987, 2034, 2320, 1746, 1651, 1835, 2144, 2033, 2023, 1651, 1851, 1854, 2363, 1850, 1651, 1775, 2043, 1896, 2053, 1651, 1651, 1878, 1969, 2243, 1918, 1860, 1800, 1894, 1771, 2397, 2103, 1820, 1947, 1765, 1797, 1822, 1754, 2098, 1711, 1903, 1711, 2283, 1823, 2640, 1750, 1923, 2217, 1710, 1939, 2214, 1711, 2130, 2055, 1965, 1784, 2439], "timestamps": [1527189362.9105556, 1527189368.8403685, 1527189374.5320036, 1527189379.183208, 1527189385.0663912, 1527189389.340864, 1527189394.5301871, 1527189400.2086549, 1527189405.6871946, 1527189410.3630626, 1527189415.0697522, 1527189419.7466068, 1527189424.420207, 1527189428.8634443, 1527189433.7383792, 1527189438.798148, 1527189443.2692528, 1527189448.2711093, 1527189453.9971423, 1527189461.0175385, 1527189466.0081742, 1527189470.9406188, 1527189476.661823, 1527189481.6905873, 1527189486.1731813, 1527189490.6433902, 1527189496.7219572, 1527189501.315724, 1527189506.233641, 1527189511.2638102, 1527189516.759389, 1527189522.4340405, 1527189527.1413205, 1527189531.9046726, 1527189536.4897285, 1527189541.3957744, 1527189546.2831936, 1527189550.6762714, 1527189556.5235553, 1527189560.8606644, 1527189566.368746, 1527189571.7137575, 1527189576.219142, 1527189581.1271462, 1527189586.21996, 1527189591.417585, 1527189597.392427, 1527189601.9829738, 1527189606.3057888, 1527189611.1885076, 1527189616.8248482, 1527189622.1746457, 1527189627.4668198, 1527189631.6401076, 1527189636.3643632, 1527189641.1313944, 1527189647.5112436, 1527189652.5732381, 1527189657.0312328, 1527189661.7705452, 1527189667.3170624, 1527189672.3422143, 1527189677.7725775, 1527189682.2103732, 1527189686.6517274, 1527189691.6317024, 1527189696.838583, 1527189702.7882884, 1527189707.9536135, 1527189712.9056628, 1527189717.6979403, 1527189722.6862793, 1527189727.4400735, 1527189733.7811015, 1527189739.446516, 1527189744.3213112, 1527189749.3520327, 1527189753.9124057, 1527189758.48969, 1527189763.2287405, 1527189767.8173838, 1527189773.1623607, 1527189777.5679543, 1527189782.484961, 1527189786.939545, 1527189792.8718581, 1527189797.6141515, 1527189804.4971023, 1527189809.0457132, 1527189814.0330265, 1527189819.7511187, 1527189824.2219408, 1527189829.2410784, 1527189834.945163, 1527189839.4115593, 1527189844.935458, 1527189850.2649426, 1527189855.357663, 1527189860.0547996, 1527189866.4951265], "initial_reset_timestamp": 1527189356.8017108, "episode_types": ["t", "t", "t", "t", "t", "t", "t", "t", "t", "t", "t", "t", "t", "t", "t", "t", "t", "t", "t", "t", "t", "t", "t", "t", "t", "t", "t", "t", "t", "t", "t", "t", "t", "t", "t", "t", "t", "t", "t", "t", "t", "t", "t", "t", "t", "t", "t", "t", "t", "t", "t", "t", "t", "t", "t", "t", "t", "t", "t", "t", "t", "t", "t", "t", "t", "t", "t", "t", "t", "t", "t", "t", "t", "t", "t", "t", "t", "t", "t", "t", "t", "t", "t", "t", "t", "t", "t", "t", "t", "t", "t", "t", "t", "t", "t", "t", "t", "t", "t", "t"], "episode_rewards": [20.0, 20.0, 19.0, 19.0, 15.0, 21.0, 17.0, 18.0, 15.0, 21.0, 18.0, 20.0, 21.0, 21.0, 19.0, 19.0, 20.0, 18.0, 18.0, 15.0, 20.0, 20.0, 19.0, 19.0, 21.0, 21.0, 20.0, 20.0, 20.0, 19.0, 18.0, 14.0, 20.0, 20.0, 21.0, 20.0, 19.0, 21.0, 16.0, 21.0, 15.0, 20.0, 19.0, 19.0, 18.0, 20.0, 15.0, 20.0, 21.0, 20.0, 19.0, 18.0, 19.0, 21.0, 21.0, 20.0, 16.0, 18.0, 21.0, 19.0, 18.0, 19.0, 19.0, 21.0, 21.0, 18.0, 20.0, 17.0, 19.0, 18.0, 20.0, 18.0, 20.0, 18.0, 19.0, 20.0, 21.0, 20.0, 20.0, 19.0, 19.0, 16.0, 21.0, 20.0, 21.0, 17.0, 20.0, 12.0, 20.0, 17.0, 16.0, 21.0, 19.0, 18.0, 21.0, 17.0, 16.0, 17.0, 19.0, 16.0]}