{"episode_lengths": [3847, 4059, 3310, 3298, 3167, 3280, 3711, 3096, 2994, 3829, 3661, 3581, 3799, 3628, 3378, 3246, 3466, 2775, 3581, 3466, 3214, 2737, 3249, 3564, 3732, 4475, 3508, 3278, 3409, 3314, 3261, 3251, 3429, 3598, 4274, 3365, 3550, 3372, 3086, 3979, 3605, 3404, 3017, 3516, 2950, 3226, 3471, 3426, 3157, 3601, 3994, 3528, 3009, 2914, 2995, 3783, 3397, 3893, 3611, 3541, 4174, 3004, 3265, 3217, 3343, 3746, 3767, 3555, 3835, 3533, 3280, 3501, 3374, 3298, 3069, 3719, 2987, 4076, 3081, 3667, 3419, 3593, 3464, 3304, 3576, 3797, 3563, 3860, 3281, 3198, 3555, 3004, 2974, 3487, 3843, 3533, 3617, 3791, 3366, 3405], "timestamps": [1526980162.243024, 1526980173.0717425, 1526980181.844564, 1526980190.6224158, 1526980199.1111894, 1526980207.8852298, 1526980217.7939942, 1526980226.2061555, 1526980234.2040918, 1526980244.2430267, 1526980253.9522862, 1526980263.4476593, 1526980273.6002088, 1526980283.2946534, 1526980292.2324955, 1526980300.834349, 1526980310.1892447, 1526980317.7066975, 1526980327.3600938, 1526980336.6101427, 1526980345.0369165, 1526980352.2434962, 1526980360.9300582, 1526980370.29279, 1526980380.2626724, 1526980392.194815, 1526980401.595208, 1526980410.3708587, 1526980419.3469715, 1526980428.1657257, 1526980436.8293319, 1526980445.4990122, 1526980454.702497, 1526980464.244798, 1526980475.627868, 1526980484.6192331, 1526980494.1626847, 1526980503.115902, 1526980511.2039034, 1526980521.6317296, 1526980531.4004679, 1526980540.45316, 1526980548.5479403, 1526980558.2861438, 1526980566.4791226, 1526980575.404255, 1526980584.9787672, 1526980594.17961, 1526980602.6262004, 1526980612.3343089, 1526980623.1022916, 1526980632.7161274, 1526980640.791021, 1526980648.5321987, 1526980656.486258, 1526980666.7182136, 1526980675.8868105, 1526980686.2337158, 1526980695.940588, 1526980705.3847423, 1526980716.5139828, 1526980724.6389968, 1526980733.6405318, 1526980742.6435304, 1526980751.9567873, 1526980762.3025157, 1526980772.751293, 1526980782.5934124, 1526980793.0768669, 1526980802.860312, 1526980811.879045, 1526980821.5594523, 1526980830.8656948, 1526980839.9143095, 1526980848.3748386, 1526980858.7245777, 1526980867.0304341, 1526980877.9833045, 1526980886.203061, 1526980895.8299372, 1526980904.8884125, 1526980914.4001074, 1526980923.5085077, 1526980932.2723217, 1526980941.7778425, 1526980951.8951712, 1526980961.1995287, 1526980971.342787, 1526980980.0706656, 1526980988.5373852, 1526980998.018844, 1526981006.009971, 1526981013.9564638, 1526981023.2564838, 1526981033.3071778, 1526981042.69599, 1526981052.35396, 1526981062.5315652, 1526981071.4935718, 1526981080.4125333], "initial_reset_timestamp": 1526980149.9534426, "episode_types": ["t", "t", "t", "t", "t", "t", "t", "t", "t", "t", "t", "t", "t", "t", "t", "t", "t", "t", "t", "t", "t", "t", "t", "t", "t", "t", "t", "t", "t", "t", "t", "t", "t", "t", "t", "t", "t", "t", "t", "t", "t", "t", "t", "t", "t", "t", "t", "t", "t", "t", "t", "t", "t", "t", "t", "t", "t", "t", "t", "t", "t", "t", "t", "t", "t", "t", "t", "t", "t", "t", "t", "t", "t", "t", "t", "t", "t", "t", "t", "t", "t", "t", "t", "t", "t", "t", "t", "t", "t", "t", "t", "t", "t", "t", "t", "t", "t", "t", "t", "t"], "episode_rewards": [5.0, 6.0, 8.0, 8.0, 9.0, 5.0, 8.0, 10.0, 9.0, 2.0, 12.0, 5.0, 6.0, 8.0, 7.0, 9.0, 7.0, 10.0, 8.0, 9.0, 9.0, 11.0, 7.0, 10.0, 5.0, 4.0, 8.0, 12.0, 4.0, 9.0, 8.0, 9.0, 9.0, 6.0, 1.0, 9.0, 6.0, 9.0, 10.0, 10.0, 3.0, 8.0, 11.0, 7.0, 12.0, 7.0, 7.0, 5.0, 11.0, 10.0, 2.0, 7.0, 9.0, 12.0, 11.0, 4.0, 11.0, 2.0, 6.0, 10.0, 6.0, 9.0, 10.0, 9.0, 9.0, 7.0, 5.0, 8.0, 5.0, 6.0, 9.0, 8.0, 7.0, 10.0, 8.0, 7.0, 10.0, 1.0, 8.0, 8.0, 6.0, 10.0, 6.0, 10.0, 5.0, 5.0, 8.0, 4.0, 6.0, 11.0, 7.0, 11.0, 11.0, 5.0, 2.0, 4.0, 5.0, 4.0, 7.0, 9.0]}