{"episode_lengths": [3059, 3417, 3121, 3238, 3542, 3001, 2810, 3752, 3462, 3267, 3150, 2920, 3205, 3813, 3605, 3171, 3157, 4161, 2877, 3419, 3553, 3713, 3422, 3884, 3531, 3144, 3256, 4294, 2899, 3181, 3200, 2964, 4209, 3104, 3859, 3314, 3421, 3495, 3997, 3447, 3119, 3784, 4305, 3766, 3154, 3032, 2751, 3633, 3267, 3718, 3024, 2505, 3497, 4195, 3154, 3917, 3676, 3444, 2953, 3468, 3288, 3740, 3595, 3289, 2857, 3891, 3463, 3397, 3821, 3763, 3694, 3199, 3523, 3792, 3243, 3269, 3407, 2518, 2859, 3402, 3456, 3373, 3274, 3126, 2955, 3992, 3684, 3220, 3477, 3735, 3264, 3029, 3272, 3422, 3731, 3398, 2955, 3607, 2967, 2904], "timestamps": [1526987232.869331, 1526987241.9845786, 1526987250.3957818, 1526987259.102221, 1526987268.5189316, 1526987276.4708455, 1526987283.9228039, 1526987294.2337308, 1526987303.7879505, 1526987312.6458747, 1526987321.0862117, 1526987328.9189823, 1526987337.4400358, 1526987347.7081242, 1526987357.3906221, 1526987366.030627, 1526987374.2773068, 1526987385.389174, 1526987392.9445448, 1526987401.9419527, 1526987411.1877413, 1526987420.903892, 1526987429.9258792, 1526987440.1776989, 1526987449.4576085, 1526987457.706868, 1526987466.4562557, 1526987478.1756315, 1526987486.2760885, 1526987495.0240934, 1526987503.8538702, 1526987512.0711536, 1526987523.719508, 1526987532.148013, 1526987542.5124772, 1526987551.5106645, 1526987560.681053, 1526987569.861106, 1526987580.52316, 1526987589.774077, 1526987598.05998, 1526987608.3525336, 1526987619.9610617, 1526987630.1278672, 1526987638.6305146, 1526987646.8111422, 1526987654.1863067, 1526987663.9294205, 1526987672.5765307, 1526987682.4744492, 1526987690.4381049, 1526987697.156683, 1526987706.507574, 1526987717.7890108, 1526987726.2653735, 1526987736.7616284, 1526987746.6137762, 1526987755.8815649, 1526987763.7568042, 1526987773.0119426, 1526987781.8417084, 1526987791.7915404, 1526987801.1479545, 1526987809.992073, 1526987817.6434858, 1526987828.0793805, 1526987837.647087, 1526987847.0460985, 1526987857.5378516, 1526987867.4893403, 1526987877.2731936, 1526987885.911591, 1526987895.464244, 1526987906.0953426, 1526987915.0554185, 1526987923.8110447, 1526987932.9120152, 1526987939.677691, 1526987947.41227, 1526987956.5355046, 1526987965.616223, 1526987974.5270064, 1526987983.1036584, 1526987991.3443072, 1526987999.319201, 1526988010.0286953, 1526988020.013281, 1526988028.8029604, 1526988038.2263594, 1526988048.0623515, 1526988056.7499013, 1526988064.7128685, 1526988073.2861092, 1526988082.4775522, 1526988092.5944242, 1526988101.8212118, 1526988109.8561647, 1526988119.7345364, 1526988127.870478, 1526988135.6854315], "initial_reset_timestamp": 1526987222.8330789, "episode_types": ["t", "t", "t", "t", "t", "t", "t", "t", "t", "t", "t", "t", "t", "t", "t", "t", "t", "t", "t", "t", "t", "t", "t", "t", "t", "t", "t", "t", "t", "t", "t", "t", "t", "t", "t", "t", "t", "t", "t", "t", "t", "t", "t", "t", "t", "t", "t", "t", "t", "t", "t", "t", "t", "t", "t", "t", "t", "t", "t", "t", "t", "t", "t", "t", "t", "t", "t", "t", "t", "t", "t", "t", "t", "t", "t", "t", "t", "t", "t", "t", "t", "t", "t", "t", "t", "t", "t", "t", "t", "t", "t", "t", "t", "t", "t", "t", "t", "t", "t", "t"], "episode_rewards": [10.0, -3.0, 10.0, 9.0, 8.0, 9.0, 11.0, 5.0, 8.0, 10.0, 11.0, 9.0, 8.0, 4.0, 6.0, 7.0, 10.0, 8.0, 11.0, 8.0, 6.0, 3.0, 8.0, 6.0, 4.0, 6.0, 5.0, -1.0, 10.0, 11.0, 10.0, 11.0, 5.0, 8.0, 4.0, 7.0, 10.0, 7.0, 4.0, 7.0, 9.0, 5.0, 6.0, 4.0, 10.0, 12.0, 13.0, 6.0, 9.0, 6.0, 7.0, 12.0, 4.0, 3.0, 8.0, -2.0, 9.0, 6.0, 9.0, 9.0, 6.0, 4.0, 6.0, 5.0, 11.0, 4.0, 5.0, 5.0, 5.0, 4.0, 6.0, 9.0, 8.0, 4.0, 6.0, 9.0, 8.0, 13.0, 11.0, 7.0, 8.0, 1.0, 9.0, 10.0, 11.0, -1.0, 3.0, 9.0, 6.0, 8.0, 8.0, 9.0, 8.0, 11.0, 4.0, 4.0, 9.0, 6.0, 9.0, 9.0]}