{"episode_lengths": [2223, 2040, 2181, 2073, 1785, 2195, 2191, 1855, 2195, 2111, 3047, 2751, 1847, 2807, 1901, 1995, 2114, 2504, 1873, 2217, 2598, 2233, 2485, 3030, 2115, 1998, 2498, 2035, 2211, 2003, 2136, 2373, 2059, 1755, 3045, 2115, 2098, 2622, 2134, 2098, 1936, 2527, 2248, 2429, 2463, 2370, 2122, 2277, 2200, 2117, 2144, 1848, 2123, 2113, 2106, 2149, 2158, 2033, 2393, 1938, 1996, 1939, 2049, 2125, 2246, 2188, 1877, 2230, 1992, 2367, 3403, 1922, 2238, 2062, 1925, 2149, 2169, 1874, 1867, 1784, 1826, 2191, 2203, 1813, 1872, 2112, 2256, 1950, 2324, 1953, 2202, 2177, 2111, 1665, 1982, 2825, 2694, 2787, 2691, 2295], "timestamps": [1527175369.5049517, 1527175374.8968031, 1527175380.4813015, 1527175385.9634576, 1527175390.7753344, 1527175396.5983562, 1527175402.3601732, 1527175407.2868273, 1527175413.1024458, 1527175418.6789718, 1527175426.8833795, 1527175434.223556, 1527175439.0574288, 1527175446.4175138, 1527175451.3391793, 1527175456.5887222, 1527175462.1782913, 1527175468.7656648, 1527175473.6719432, 1527175479.5455105, 1527175486.3174417, 1527175492.302869, 1527175499.0745153, 1527175507.1046362, 1527175512.7867808, 1527175518.2462296, 1527175525.1316135, 1527175530.6787121, 1527175536.6388173, 1527175541.971951, 1527175547.6484013, 1527175554.036214, 1527175559.4407723, 1527175564.0613713, 1527175572.425666, 1527175577.8964493, 1527175583.3448641, 1527175590.2839334, 1527175595.8553054, 1527175601.4260676, 1527175606.5155935, 1527175613.1201944, 1527175618.9922526, 1527175625.3107798, 1527175631.82634, 1527175638.0195594, 1527175643.5903666, 1527175649.5458777, 1527175655.387738, 1527175660.8854895, 1527175666.4463956, 1527175671.237908, 1527175676.8405924, 1527175682.3948565, 1527175687.9107726, 1527175693.675657, 1527175699.3541753, 1527175704.8702118, 1527175711.482527, 1527175716.7379832, 1527175722.168444, 1527175727.3660247, 1527175732.6997612, 1527175738.3161209, 1527175744.2616527, 1527175750.1263697, 1527175755.1651933, 1527175761.1107674, 1527175766.278602, 1527175772.4287012, 1527175781.3465536, 1527175786.3448591, 1527175792.1573923, 1527175797.5359395, 1527175802.5812638, 1527175808.4106812, 1527175814.0866785, 1527175818.942188, 1527175823.8014596, 1527175828.4632146, 1527175833.192842, 1527175838.8572288, 1527175844.6044633, 1527175849.3342755, 1527175854.197063, 1527175859.716581, 1527175865.7261848, 1527175870.803426, 1527175876.8262491, 1527175881.985745, 1527175887.7516603, 1527175893.5459805, 1527175899.09111, 1527175903.509999, 1527175908.8033786, 1527175916.3862543, 1527175923.5207233, 1527175930.8588998, 1527175937.9221013, 1527175944.003251], "initial_reset_timestamp": 1527175362.1145325, "episode_types": ["t", "t", "t", "t", "t", "t", "t", "t", "t", "t", "t", "t", "t", "t", "t", "t", "t", "t", "t", "t", "t", "t", "t", "t", "t", "t", "t", "t", "t", "t", "t", "t", "t", "t", "t", "t", "t", "t", "t", "t", "t", "t", "t", "t", "t", "t", "t", "t", "t", "t", "t", "t", "t", "t", "t", "t", "t", "t", "t", "t", "t", "t", "t", "t", "t", "t", "t", "t", "t", "t", "t", "t", "t", "t", "t", "t", "t", "t", "t", "t", "t", "t", "t", "t", "t", "t", "t", "t", "t", "t", "t", "t", "t", "t", "t", "t", "t", "t", "t", "t"], "episode_rewards": [18.0, 17.0, 17.0, 17.0, 20.0, 16.0, 14.0, 20.0, 18.0, 18.0, 12.0, 14.0, 20.0, 15.0, 19.0, 20.0, 19.0, 15.0, 21.0, 17.0, 15.0, 19.0, 15.0, 9.0, 20.0, 19.0, 13.0, 18.0, 18.0, 19.0, 19.0, 17.0, 19.0, 21.0, 14.0, 17.0, 18.0, 17.0, 16.0, 17.0, 19.0, 16.0, 18.0, 18.0, 17.0, 15.0, 18.0, 17.0, 19.0, 18.0, 19.0, 20.0, 19.0, 19.0, 18.0, 19.0, 19.0, 20.0, 14.0, 20.0, 18.0, 21.0, 19.0, 20.0, 17.0, 18.0, 20.0, 16.0, 20.0, 19.0, 12.0, 19.0, 20.0, 20.0, 19.0, 18.0, 18.0, 21.0, 19.0, 21.0, 21.0, 18.0, 17.0, 21.0, 20.0, 18.0, 18.0, 19.0, 18.0, 20.0, 17.0, 16.0, 19.0, 20.0, 20.0, 15.0, 16.0, 10.0, 14.0, 18.0]}