{"episode_lengths": [2207, 1818, 1959, 1956, 2125, 2804, 2692, 1942, 2424, 2393, 2007, 1913, 3026, 1825, 1907, 1764, 1967, 2297, 1973, 2077, 1888, 2031, 1847, 2226, 1755, 2499, 2977, 2330, 1860, 2016, 1865, 2025, 2096, 2316, 1828, 1922, 2589, 2307, 2364, 1792, 1883, 1866, 2099, 2410, 1949, 2118, 1931, 2036, 2018, 2054, 1994, 1843, 1966, 1752, 2099, 2031, 2138, 1852, 1916, 2935, 1725, 2025, 2138, 2475, 2410, 2445, 1954, 2053, 1908, 2121, 1965, 2208, 1933, 2138, 2126, 2415, 2145, 2055, 1866, 2136, 2207, 2545, 1997, 2161, 2087, 2247, 2201, 2308, 1909, 1854, 1823, 2122, 2122, 1794, 1852, 2187, 1988, 2005, 2124, 2044], "timestamps": [1527102589.4439437, 1527102594.5487297, 1527102599.8655958, 1527102604.8164504, 1527102610.2124689, 1527102617.3647523, 1527102624.5785105, 1527102629.648317, 1527102635.9359477, 1527102642.0665934, 1527102647.2591827, 1527102652.1329787, 1527102659.8534615, 1527102664.4911754, 1527102669.465928, 1527102674.1184905, 1527102679.325702, 1527102685.4269893, 1527102690.6704917, 1527102696.1775844, 1527102701.109002, 1527102706.4741254, 1527102711.299935, 1527102717.1582556, 1527102721.808139, 1527102728.3886137, 1527102736.2793832, 1527102742.3622022, 1527102747.3424852, 1527102752.7781785, 1527102757.8063424, 1527102763.3415296, 1527102769.0433211, 1527102775.3010032, 1527102780.3302064, 1527102785.5961573, 1527102792.499563, 1527102798.6135447, 1527102804.871803, 1527102809.6833794, 1527102814.7465117, 1527102819.7330043, 1527102825.2521718, 1527102831.4620583, 1527102836.500956, 1527102841.9328332, 1527102846.9142926, 1527102852.2014973, 1527102857.3836288, 1527102862.6972268, 1527102867.8485026, 1527102872.57466, 1527102877.6430557, 1527102882.1467977, 1527102887.4842205, 1527102892.7190228, 1527102898.2846167, 1527102903.033606, 1527102907.931837, 1527102915.485931, 1527102919.974288, 1527102925.204072, 1527102930.7280555, 1527102937.0751708, 1527102943.255309, 1527102949.5209932, 1527102954.5474117, 1527102959.9175918, 1527102964.793763, 1527102970.277144, 1527102975.494899, 1527102981.184676, 1527102986.0995214, 1527102991.5735493, 1527102997.0065117, 1527103003.3496814, 1527103009.0130904, 1527103014.4071155, 1527103019.364416, 1527103024.9188325, 1527103030.6590183, 1527103037.237592, 1527103042.3699825, 1527103048.0254898, 1527103053.488423, 1527103059.4595692, 1527103065.2671125, 1527103071.4589689, 1527103076.5119336, 1527103081.4808393, 1527103086.309206, 1527103092.0061653, 1527103097.4368174, 1527103102.1084611, 1527103106.9113276, 1527103112.5940268, 1527103117.7661488, 1527103123.038193, 1527103128.6324103, 1527103133.9462652], "initial_reset_timestamp": 1527102581.9421177, "episode_types": ["t", "t", "t", "t", "t", "t", "t", "t", "t", "t", "t", "t", "t", "t", "t", "t", "t", "t", "t", "t", "t", "t", "t", "t", "t", "t", "t", "t", "t", "t", "t", "t", "t", "t", "t", "t", "t", "t", "t", "t", "t", "t", "t", "t", "t", "t", "t", "t", "t", "t", "t", "t", "t", "t", "t", "t", "t", "t", "t", "t", "t", "t", "t", "t", "t", "t", "t", "t", "t", "t", "t", "t", "t", "t", "t", "t", "t", "t", "t", "t", "t", "t", "t", "t", "t", "t", "t", "t", "t", "t", "t", "t", "t", "t", "t", "t", "t", "t", "t", "t"], "episode_rewards": [14.0, 20.0, 17.0, 18.0, 19.0, 13.0, 11.0, 18.0, 13.0, 16.0, 17.0, 18.0, 12.0, 18.0, 20.0, 20.0, 18.0, 15.0, 18.0, 15.0, 18.0, 17.0, 19.0, 14.0, 20.0, 16.0, 11.0, 16.0, 19.0, 17.0, 18.0, 18.0, 17.0, 18.0, 19.0, 18.0, 15.0, 14.0, 16.0, 20.0, 20.0, 18.0, 16.0, 13.0, 19.0, 19.0, 17.0, 18.0, 18.0, 18.0, 18.0, 19.0, 17.0, 20.0, 16.0, 18.0, 17.0, 18.0, 17.0, 11.0, 20.0, 17.0, 19.0, 14.0, 15.0, 14.0, 18.0, 16.0, 18.0, 18.0, 17.0, 16.0, 17.0, 14.0, 16.0, 14.0, 16.0, 19.0, 17.0, 17.0, 18.0, 12.0, 18.0, 16.0, 18.0, 15.0, 15.0, 14.0, 18.0, 19.0, 20.0, 19.0, 15.0, 20.0, 19.0, 16.0, 19.0, 19.0, 16.0, 17.0]}