{"episode_lengths": [2865, 1756, 1979, 2242, 1897, 1848, 2186, 1802, 2183, 1864, 2014, 2562, 3587, 2692, 1724, 2292, 1929, 1818, 2301, 2005, 1924, 1694, 1940, 2198, 2447, 2570, 2042, 1710, 2063, 1954, 2024, 1941, 2391, 2326, 1984, 2390, 2204, 2198, 1802, 2052, 1771, 2012, 1883, 2318, 2378, 2089, 2441, 2087, 2246, 2126, 2074, 2875, 1863, 2049, 3137, 1711, 1747, 1888, 1795, 2023, 1951, 2024, 2131, 1974, 2132, 1786, 2218, 2242, 1820, 2452, 1918, 1972, 1652, 1710, 1845, 2297, 3109, 2252, 1849, 1895, 1754, 1711, 1651, 1961, 2141, 1971, 1761, 1889, 1804, 1833, 2378, 3007, 2229, 2946, 1772, 2160, 1791, 2089, 1651, 2640], "timestamps": [1527021669.6431406, 1527021674.3632123, 1527021679.5665796, 1527021685.4163826, 1527021690.7103572, 1527021695.8264523, 1527021701.715743, 1527021706.5660162, 1527021712.4471748, 1527021717.3858883, 1527021722.6660073, 1527021729.4551487, 1527021738.8919713, 1527021746.1334815, 1527021750.7024133, 1527021756.8783598, 1527021762.0589185, 1527021766.9346063, 1527021773.2705402, 1527021778.7101042, 1527021783.9447608, 1527021788.376527, 1527021793.5925548, 1527021799.41962, 1527021805.941014, 1527021812.7667952, 1527021818.3561285, 1527021823.0458705, 1527021828.6812685, 1527021834.030461, 1527021839.506385, 1527021844.6688025, 1527021851.1060355, 1527021857.1616368, 1527021862.3885937, 1527021868.7204494, 1527021874.5102093, 1527021880.2781298, 1527021885.066879, 1527021890.709175, 1527021895.5898287, 1527021900.958971, 1527021905.9378617, 1527021912.0696287, 1527021918.3700314, 1527021923.95995, 1527021930.4114335, 1527021936.0348134, 1527021941.9647863, 1527021947.7165036, 1527021953.315186, 1527021961.086205, 1527021966.1207912, 1527021971.6265788, 1527021979.9229364, 1527021984.4460404, 1527021989.0416503, 1527021994.0648193, 1527021998.8334713, 1527022004.1679986, 1527022009.350696, 1527022014.7012978, 1527022020.4451203, 1527022025.7326612, 1527022031.419552, 1527022036.2124932, 1527022042.3093581, 1527022048.42534, 1527022053.3609552, 1527022059.9192889, 1527022065.020833, 1527022070.3825395, 1527022074.8985918, 1527022079.540906, 1527022084.4845486, 1527022090.7815626, 1527022099.3202863, 1527022105.4117775, 1527022110.3779078, 1527022115.5144122, 1527022120.2166367, 1527022124.898835, 1527022129.3325193, 1527022134.6182714, 1527022140.422902, 1527022145.713546, 1527022150.4166443, 1527022155.5102136, 1527022160.3448071, 1527022165.3435917, 1527022171.8488176, 1527022179.9656768, 1527022185.9781747, 1527022193.8855202, 1527022198.7071216, 1527022204.5065372, 1527022209.4336283, 1527022215.177731, 1527022219.6534264, 1527022226.8357344], "initial_reset_timestamp": 1527021660.1671927, "episode_types": ["t", "t", "t", "t", "t", "t", "t", "t", "t", "t", "t", "t", "t", "t", "t", "t", "t", "t", "t", "t", "t", "t", "t", "t", "t", "t", "t", "t", "t", "t", "t", "t", "t", "t", "t", "t", "t", "t", "t", "t", "t", "t", "t", "t", "t", "t", "t", "t", "t", "t", "t", "t", "t", "t", "t", "t", "t", "t", "t", "t", "t", "t", "t", "t", "t", "t", "t", "t", "t", "t", "t", "t", "t", "t", "t", "t", "t", "t", "t", "t", "t", "t", "t", "t", "t", "t", "t", "t", "t", "t", "t", "t", "t", "t", "t", "t", "t", "t", "t", "t"], "episode_rewards": [10.0, 19.0, 19.0, 18.0, 19.0, 17.0, 18.0, 21.0, 16.0, 20.0, 18.0, 18.0, 9.0, 12.0, 19.0, 18.0, 20.0, 20.0, 15.0, 17.0, 21.0, 21.0, 20.0, 17.0, 17.0, 14.0, 15.0, 20.0, 17.0, 19.0, 19.0, 18.0, 15.0, 13.0, 17.0, 11.0, 17.0, 16.0, 20.0, 18.0, 21.0, 20.0, 19.0, 16.0, 13.0, 18.0, 17.0, 17.0, 17.0, 18.0, 15.0, 14.0, 20.0, 19.0, 11.0, 21.0, 20.0, 18.0, 19.0, 18.0, 18.0, 17.0, 18.0, 19.0, 16.0, 19.0, 16.0, 17.0, 20.0, 16.0, 19.0, 19.0, 21.0, 20.0, 18.0, 16.0, 11.0, 13.0, 21.0, 18.0, 20.0, 21.0, 21.0, 19.0, 17.0, 18.0, 20.0, 20.0, 21.0, 21.0, 14.0, 10.0, 16.0, 13.0, 20.0, 16.0, 20.0, 18.0, 21.0, 13.0]}