{"episode_lengths": [2118, 2126, 2025, 1993, 1891, 2178, 2069, 1802, 1778, 1802, 1845, 2079, 2039, 1959, 1947, 1665, 1898, 2043, 1897, 1868, 1797, 1978, 2058, 1924, 1873, 1876, 2175, 1957, 1862, 2073, 1883, 2292, 1958, 1944, 1966, 2036, 2143, 1901, 2088, 1873, 1823, 1922, 2090, 2320, 1785, 1883, 1785, 1855, 1851, 1990, 2075, 1725, 1961, 2072, 1957, 2008, 1892, 1929, 1976, 2059, 2179, 2020, 1993, 2144, 1922, 1789, 1918, 2619, 2195, 1725, 1992, 2242, 1725, 1831, 2029, 1725, 1785, 1887, 2032, 1842, 2229, 1939, 2056, 2195, 1827, 1874, 1802, 2082, 1977, 1909, 2108, 1971, 1905, 2010, 1845, 1798, 1773, 2208, 1911, 1905], "timestamps": [1527153373.5481188, 1527153379.062553, 1527153384.2727842, 1527153389.4383626, 1527153394.2647114, 1527153399.8135498, 1527153405.2396123, 1527153409.8647854, 1527153414.4432096, 1527153419.091972, 1527153423.9159043, 1527153429.4253097, 1527153434.82752, 1527153440.0254488, 1527153445.110372, 1527153449.55787, 1527153454.6186233, 1527153459.9853826, 1527153465.0486321, 1527153469.9866078, 1527153474.7282856, 1527153479.8369572, 1527153485.0693195, 1527153489.997825, 1527153494.889442, 1527153499.8785572, 1527153505.659108, 1527153510.8922696, 1527153515.835909, 1527153521.363224, 1527153526.3861578, 1527153532.277724, 1527153537.4048064, 1527153542.423099, 1527153547.5223858, 1527153552.8233209, 1527153558.3656092, 1527153563.2542067, 1527153568.7008262, 1527153573.515711, 1527153578.2313073, 1527153583.2560236, 1527153588.6427248, 1527153594.6450284, 1527153599.227043, 1527153604.064475, 1527153608.679707, 1527153613.4841714, 1527153618.3042066, 1527153623.4203084, 1527153628.8134358, 1527153633.2824993, 1527153638.361527, 1527153643.7211177, 1527153648.870471, 1527153654.1191952, 1527153659.0153193, 1527153664.0275464, 1527153669.124602, 1527153674.5411894, 1527153680.300313, 1527153685.6420014, 1527153690.868837, 1527153696.4444351, 1527153701.425219, 1527153706.0973716, 1527153711.0553405, 1527153717.8494205, 1527153723.4850626, 1527153727.971571, 1527153733.079143, 1527153738.8926783, 1527153743.3478217, 1527153748.1258936, 1527153753.3436017, 1527153757.800099, 1527153762.4799066, 1527153767.4031506, 1527153772.6625538, 1527153777.4435725, 1527153783.2728162, 1527153788.346027, 1527153793.7059748, 1527153799.396373, 1527153804.1828854, 1527153809.11371, 1527153813.7998815, 1527153819.2161846, 1527153824.3854816, 1527153829.4045587, 1527153834.8596, 1527153840.0020382, 1527153844.9826791, 1527153850.2471988, 1527153855.0760632, 1527153859.8214598, 1527153864.447348, 1527153870.2222767, 1527153875.2178812, 1527153880.1887429], "initial_reset_timestamp": 1527153366.466452, "episode_types": ["t", "t", "t", "t", "t", "t", "t", "t", "t", "t", "t", "t", "t", "t", "t", "t", "t", "t", "t", "t", "t", "t", "t", "t", "t", "t", "t", "t", "t", "t", "t", "t", "t", "t", "t", "t", "t", "t", "t", "t", "t", "t", "t", "t", "t", "t", "t", "t", "t", "t", "t", "t", "t", "t", "t", "t", "t", "t", "t", "t", "t", "t", "t", "t", "t", "t", "t", "t", "t", "t", "t", "t", "t", "t", "t", "t", "t", "t", "t", "t", "t", "t", "t", "t", "t", "t", "t", "t", "t", "t", "t", "t", "t", "t", "t", "t", "t", "t", "t", "t"], "episode_rewards": [14.0, 17.0, 19.0, 16.0, 18.0, 16.0, 17.0, 20.0, 19.0, 20.0, 20.0, 17.0, 18.0, 20.0, 18.0, 20.0, 18.0, 19.0, 20.0, 18.0, 19.0, 19.0, 18.0, 20.0, 20.0, 19.0, 17.0, 20.0, 19.0, 18.0, 19.0, 17.0, 17.0, 19.0, 20.0, 17.0, 17.0, 20.0, 16.0, 18.0, 20.0, 19.0, 19.0, 15.0, 20.0, 17.0, 19.0, 19.0, 18.0, 18.0, 16.0, 20.0, 18.0, 18.0, 16.0, 17.0, 18.0, 18.0, 17.0, 19.0, 17.0, 19.0, 17.0, 16.0, 20.0, 19.0, 18.0, 17.0, 16.0, 20.0, 15.0, 15.0, 20.0, 18.0, 17.0, 20.0, 20.0, 19.0, 18.0, 18.0, 15.0, 18.0, 16.0, 16.0, 19.0, 18.0, 20.0, 16.0, 18.0, 20.0, 16.0, 16.0, 18.0, 18.0, 19.0, 19.0, 19.0, 17.0, 19.0, 19.0]}