{"episode_lengths": [3838, 3894, 3677, 3910, 4085, 3155, 3942, 3417, 3369, 3347, 4666, 4277, 2720, 3114, 3116, 3872, 2985, 4081, 3116, 3105, 3564, 3443, 3834, 3854, 4265, 3685, 3622, 3897, 3173, 3734, 3510, 3461, 3455, 3576, 3265, 3805, 3490, 3770, 4043, 3400, 3686, 3566, 3397, 3869, 3169, 3449, 3545, 3798, 3762, 4108, 3745, 3125, 3759, 3269, 3639, 3156, 3864, 4010, 3377, 3408, 3247, 3784, 4451, 4211, 3104, 3966, 3479, 4133, 3741, 4187, 4123, 3741, 3388, 3078, 3947, 3221, 3527, 4530, 3892, 3861, 5067, 4339, 3318, 3304, 4578, 3852, 3552, 3960, 3666, 3673, 3235, 3312, 3426, 3942, 4202, 3881, 4220, 4148, 3311, 3651], "timestamps": [1526965563.2667196, 1526965573.439498, 1526965583.0376527, 1526965593.1973124, 1526965603.7453794, 1526965612.0476463, 1526965622.413391, 1526965631.5397725, 1526965640.612329, 1526965649.5901716, 1526965662.0907924, 1526965673.5305486, 1526965680.7727053, 1526965689.02714, 1526965697.3245337, 1526965707.732742, 1526965715.6133244, 1526965726.3314967, 1526965734.5154572, 1526965742.9039478, 1526965752.541458, 1526965761.761243, 1526965772.1171346, 1526965782.603244, 1526965794.0520406, 1526965803.9018955, 1526965813.433505, 1526965823.6671166, 1526965831.9534192, 1526965841.755573, 1526965850.9179764, 1526965859.9526825, 1526965868.9760308, 1526965878.3281593, 1526965886.9328582, 1526965896.9242208, 1526965906.2591908, 1526965916.3423586, 1526965927.2479916, 1526965936.3446105, 1526965946.1356018, 1526965955.5570462, 1526965964.6711352, 1526965975.0983832, 1526965983.5737295, 1526965992.8646328, 1526966002.4269829, 1526966012.6846168, 1526966022.8300142, 1526966033.782408, 1526966043.857367, 1526966052.5344725, 1526966062.9432333, 1526966072.0266263, 1526966082.1241186, 1526966090.8793364, 1526966101.2638106, 1526966111.93504, 1526966121.0135283, 1526966130.2476492, 1526966138.9884517, 1526966148.9746842, 1526966160.6703959, 1526966171.8727694, 1526966180.0879364, 1526966190.5215533, 1526966199.881643, 1526966210.9951277, 1526966221.1646407, 1526966232.3479059, 1526966243.3241997, 1526966253.1684375, 1526966262.0464036, 1526966270.3442743, 1526966280.979891, 1526966289.5964298, 1526966299.1017265, 1526966311.5809815, 1526966322.2454174, 1526966332.5374477, 1526966346.169234, 1526966357.822197, 1526966366.7581117, 1526966375.8907723, 1526966388.596854, 1526966399.0907917, 1526966408.592027, 1526966419.1987033, 1526966428.9944363, 1526966438.5340838, 1526966446.9856782, 1526966455.6464932, 1526966464.9422739, 1526966475.6840246, 1526966486.9096894, 1526966497.3233526, 1526966509.039028, 1526966520.5252244, 1526966529.7323577, 1526966539.7197797], "initial_reset_timestamp": 1526965551.1320078, "episode_types": ["t", "t", "t", "t", "t", "t", "t", "t", "t", "t", "t", "t", "t", "t", "t", "t", "t", "t", "t", "t", "t", "t", "t", "t", "t", "t", "t", "t", "t", "t", "t", "t", "t", "t", "t", "t", "t", "t", "t", "t", "t", "t", "t", "t", "t", "t", "t", "t", "t", "t", "t", "t", "t", "t", "t", "t", "t", "t", "t", "t", "t", "t", "t", "t", "t", "t", "t", "t", "t", "t", "t", "t", "t", "t", "t", "t", "t", "t", "t", "t", "t", "t", "t", "t", "t", "t", "t", "t", "t", "t", "t", "t", "t", "t", "t", "t", "t", "t", "t", "t"], "episode_rewards": [8.0, 4.0, 11.0, 11.0, 7.0, 9.0, 10.0, 13.0, 12.0, 8.0, 5.0, 3.0, 14.0, 13.0, 12.0, 11.0, 9.0, 6.0, 13.0, 15.0, 6.0, 10.0, 8.0, 6.0, 10.0, 10.0, 10.0, 8.0, 8.0, 8.0, 11.0, 11.0, 9.0, 8.0, 13.0, 9.0, 9.0, 8.0, 10.0, 11.0, 9.0, 11.0, 9.0, 6.0, 13.0, 13.0, 11.0, 10.0, 7.0, 6.0, 9.0, 11.0, 8.0, 11.0, 10.0, 10.0, 9.0, 5.0, 12.0, 12.0, 12.0, 11.0, 9.0, 8.0, 13.0, 3.0, 10.0, 9.0, 9.0, 10.0, 8.0, 10.0, 10.0, 10.0, 8.0, 14.0, 9.0, 7.0, 11.0, 7.0, 3.0, 2.0, 10.0, 10.0, 10.0, 8.0, 8.0, 11.0, 9.0, 6.0, 12.0, 10.0, 8.0, 7.0, 6.0, 6.0, 6.0, 8.0, 12.0, 14.0]}