{"episode_lengths": [2008, 1893, 2034, 2052, 1917, 1909, 2290, 1808, 1987, 1798, 1868, 2364, 2155, 2379, 1992, 1978, 2098, 1775, 1800, 1982, 2389, 1858, 1890, 1958, 2144, 2367, 1908, 2169, 2146, 1935, 2286, 2190, 1881, 2154, 2265, 1986, 1914, 2250, 2058, 1771, 1830, 2300, 2132, 1778, 1868, 1938, 2131, 2478, 2316, 2377, 1838, 1772, 2025, 2047, 2202, 2148, 1862, 2326, 2127, 2046, 1712, 2088, 2367, 2575, 2008, 1853, 1780, 1888, 1824, 2380, 1701, 1918, 2178, 1970, 2426, 1958, 1724, 1994, 1988, 2538, 1941, 2036, 1936, 1776, 1792, 2194, 2204, 1964, 2104, 1769, 2236, 1981, 1798, 1712, 2487, 2174, 1779, 2252, 2160, 1883], "timestamps": [1527150192.2637858, 1527150197.1361942, 1527150202.3447146, 1527150207.560463, 1527150212.459449, 1527150217.3396213, 1527150223.3909104, 1527150228.077473, 1527150233.1263022, 1527150237.6961849, 1527150242.4669595, 1527150248.4856577, 1527150254.0641644, 1527150260.3757195, 1527150265.6201484, 1527150270.6288753, 1527150275.9523401, 1527150280.5042157, 1527150285.0851047, 1527150290.1909184, 1527150296.3181214, 1527150301.1058795, 1527150305.9567535, 1527150310.9683938, 1527150316.4125693, 1527150322.5257454, 1527150327.376184, 1527150332.9889216, 1527150338.5096197, 1527150343.479185, 1527150349.4066293, 1527150355.0234497, 1527150359.8882604, 1527150365.4387467, 1527150371.2760758, 1527150376.4010043, 1527150381.3369048, 1527150387.1555214, 1527150392.6169944, 1527150397.1470597, 1527150401.879684, 1527150407.844617, 1527150413.3221428, 1527150417.8968415, 1527150422.750363, 1527150427.8023582, 1527150433.3088074, 1527150439.6901228, 1527150445.655278, 1527150451.798844, 1527150456.6478925, 1527150461.325479, 1527150466.6586854, 1527150472.1103275, 1527150477.93372, 1527150483.5146265, 1527150488.3802042, 1527150494.656467, 1527150500.3528183, 1527150505.6869926, 1527150510.188113, 1527150515.6780841, 1527150521.9804325, 1527150528.8343275, 1527150534.1000996, 1527150538.9600987, 1527150543.6721058, 1527150548.790123, 1527150553.7027276, 1527150560.1378386, 1527150564.7287138, 1527150569.9169183, 1527150575.8466215, 1527150581.204253, 1527150587.8216956, 1527150593.239493, 1527150597.9061747, 1527150603.3760214, 1527150608.8537238, 1527150615.6315055, 1527150620.7328358, 1527150626.158392, 1527150631.1906233, 1527150635.838314, 1527150640.4898002, 1527150646.1805212, 1527150651.9133747, 1527150656.9874368, 1527150662.3936725, 1527150667.0147057, 1527150672.81117, 1527150677.977943, 1527150682.6735437, 1527150687.1493797, 1527150693.6045609, 1527150699.2655392, 1527150703.8306363, 1527150709.7374542, 1527150715.3768113, 1527150720.2549043], "initial_reset_timestamp": 1527150185.497343, "episode_types": ["t", "t", "t", "t", "t", "t", "t", "t", "t", "t", "t", "t", "t", "t", "t", "t", "t", "t", "t", "t", "t", "t", "t", "t", "t", "t", "t", "t", "t", "t", "t", "t", "t", "t", "t", "t", "t", "t", "t", "t", "t", "t", "t", "t", "t", "t", "t", "t", "t", "t", "t", "t", "t", "t", "t", "t", "t", "t", "t", "t", "t", "t", "t", "t", "t", "t", "t", "t", "t", "t", "t", "t", "t", "t", "t", "t", "t", "t", "t", "t", "t", "t", "t", "t", "t", "t", "t", "t", "t", "t", "t", "t", "t", "t", "t", "t", "t", "t", "t", "t"], "episode_rewards": [17.0, 18.0, 18.0, 18.0, 18.0, 19.0, 15.0, 20.0, 17.0, 19.0, 18.0, 15.0, 17.0, 15.0, 19.0, 17.0, 16.0, 19.0, 18.0, 18.0, 12.0, 19.0, 19.0, 18.0, 16.0, 14.0, 19.0, 18.0, 18.0, 18.0, 15.0, 17.0, 19.0, 19.0, 15.0, 18.0, 19.0, 12.0, 17.0, 20.0, 18.0, 14.0, 15.0, 20.0, 19.0, 18.0, 19.0, 13.0, 15.0, 16.0, 19.0, 20.0, 16.0, 18.0, 16.0, 14.0, 19.0, 16.0, 17.0, 19.0, 21.0, 17.0, 14.0, 14.0, 19.0, 19.0, 20.0, 20.0, 19.0, 14.0, 20.0, 18.0, 14.0, 19.0, 13.0, 18.0, 21.0, 16.0, 16.0, 14.0, 18.0, 17.0, 19.0, 18.0, 19.0, 17.0, 15.0, 18.0, 18.0, 19.0, 13.0, 18.0, 19.0, 20.0, 14.0, 16.0, 19.0, 15.0, 16.0, 19.0]}