{"episode_lengths": [2069, 1968, 1979, 1956, 1748, 1912, 1908, 1750, 1704, 1764, 1925, 1730, 2201, 1988, 1774, 1747, 1868, 1707, 2276, 2164, 1961, 1706, 1748, 2018, 1828, 1704, 2040, 2251, 1689, 1741, 1778, 1800, 1982, 1806, 2249, 1828, 1945, 1776, 1830, 1704, 1742, 1899, 1964, 2270, 1803, 1652, 1986, 1741, 2829, 1652, 2007, 2185, 2472, 2193, 1984, 2420, 2264, 1920, 1779, 2007, 2161, 1935, 2322, 2112, 1918, 1857, 2084, 1961, 1742, 2286, 1684, 1929, 1665, 1853, 2031, 1738, 1704, 2495, 1730, 2223, 1704, 2209, 1900, 1764, 2021, 2642, 1990, 1872, 1792, 1957, 2165, 1856, 2203, 1742, 1652, 2205, 1898, 1873, 2117, 1763], "timestamps": [1527134414.0175974, 1527134419.315505, 1527134424.6240118, 1527134429.747295, 1527134434.3400655, 1527134439.1766691, 1527134444.1332493, 1527134448.6526737, 1527134453.1726675, 1527134457.6691933, 1527134462.7202451, 1527134467.216536, 1527134472.9596653, 1527134478.2143726, 1527134482.9158516, 1527134487.4329093, 1527134492.2253852, 1527134496.6454012, 1527134502.500954, 1527134507.973911, 1527134513.0168183, 1527134517.4065955, 1527134521.9295769, 1527134527.1051407, 1527134531.8776152, 1527134536.3114293, 1527134541.505333, 1527134547.3318377, 1527134551.6687264, 1527134556.146022, 1527134560.7111259, 1527134565.3647947, 1527134570.494458, 1527134575.217676, 1527134581.187287, 1527134586.020097, 1527134591.124117, 1527134595.7759204, 1527134600.5926485, 1527134605.0783556, 1527134609.7414477, 1527134614.7412589, 1527134619.8969994, 1527134625.872773, 1527134630.5982983, 1527134635.0706522, 1527134640.4289963, 1527134644.9527588, 1527134652.275358, 1527134656.6576345, 1527134661.9380205, 1527134667.5804756, 1527134674.0042036, 1527134679.6430311, 1527134684.8475144, 1527134691.149009, 1527134697.0230165, 1527134702.089995, 1527134706.785492, 1527134712.0488496, 1527134717.645964, 1527134722.665911, 1527134728.8972545, 1527134734.5244668, 1527134739.618114, 1527134744.5505064, 1527134750.1246994, 1527134755.3771265, 1527134760.0313978, 1527134766.1155791, 1527134770.6716526, 1527134775.7404273, 1527134780.0426922, 1527134784.7772002, 1527134790.0242705, 1527134794.5729136, 1527134799.0030913, 1527134805.5097349, 1527134810.0419922, 1527134815.7703235, 1527134820.248723, 1527134826.083601, 1527134831.131709, 1527134835.8450856, 1527134841.195842, 1527134848.2018886, 1527134853.5509923, 1527134858.6163208, 1527134863.583227, 1527134868.924191, 1527134874.7967496, 1527134879.7280068, 1527134885.5042076, 1527134890.0708776, 1527134894.4570842, 1527134900.2149076, 1527134905.1564953, 1527134910.0521617, 1527134915.5762546, 1527134920.1101537], "initial_reset_timestamp": 1527134407.0959387, "episode_types": ["t", "t", "t", "t", "t", "t", "t", "t", "t", "t", "t", "t", "t", "t", "t", "t", "t", "t", "t", "t", "t", "t", "t", "t", "t", "t", "t", "t", "t", "t", "t", "t", "t", "t", "t", "t", "t", "t", "t", "t", "t", "t", "t", "t", "t", "t", "t", "t", "t", "t", "t", "t", "t", "t", "t", "t", "t", "t", "t", "t", "t", "t", "t", "t", "t", "t", "t", "t", "t", "t", "t", "t", "t", "t", "t", "t", "t", "t", "t", "t", "t", "t", "t", "t", "t", "t", "t", "t", "t", "t", "t", "t", "t", "t", "t", "t", "t", "t", "t", "t"], "episode_rewards": [19.0, 17.0, 18.0, 18.0, 20.0, 17.0, 18.0, 20.0, 20.0, 20.0, 18.0, 20.0, 17.0, 18.0, 19.0, 20.0, 18.0, 20.0, 17.0, 18.0, 16.0, 20.0, 20.0, 19.0, 18.0, 20.0, 17.0, 18.0, 20.0, 20.0, 20.0, 19.0, 18.0, 20.0, 16.0, 18.0, 18.0, 20.0, 19.0, 20.0, 20.0, 19.0, 19.0, 19.0, 20.0, 21.0, 18.0, 19.0, 18.0, 21.0, 19.0, 16.0, 15.0, 15.0, 16.0, 12.0, 18.0, 18.0, 19.0, 16.0, 17.0, 19.0, 16.0, 18.0, 18.0, 19.0, 17.0, 17.0, 20.0, 16.0, 21.0, 19.0, 20.0, 18.0, 17.0, 20.0, 20.0, 14.0, 20.0, 17.0, 20.0, 17.0, 19.0, 20.0, 18.0, 16.0, 17.0, 18.0, 20.0, 19.0, 16.0, 19.0, 17.0, 20.0, 21.0, 16.0, 18.0, 19.0, 17.0, 20.0]}