{"episode_lengths": [4399, 3590, 3629, 3934, 3488, 2835, 4243, 3554, 3357, 3721, 3414, 3774, 4630, 4279, 3957, 4688, 3654, 4053, 3671, 3869, 3594, 3064, 4161, 4065, 3502, 3275, 3004, 3659, 3424, 3646, 3579, 3045, 3550, 3403, 4217, 3403, 3802, 3596, 3116, 4239, 3195, 3302, 3475, 3521, 3228, 4378, 3554, 3764, 3126, 3863, 3540, 3369, 3467, 2922, 4861, 3104, 3806, 3866, 4104, 3469, 3354, 3410, 3644, 2901, 2923, 4322, 3614, 4025, 3474, 3155, 3202, 3643, 3722, 3514, 3579, 4393, 3867, 3592, 3932, 4272, 3199, 3128, 3527, 3935, 4440, 3290, 3676, 4050, 3385, 4169, 3290, 3886, 3164, 3947, 3793, 3755, 2800, 4431, 3191, 3088], "timestamps": [1526922364.644567, 1526922374.6981723, 1526922384.8519244, 1526922395.8776977, 1526922405.398488, 1526922413.5261467, 1526922425.3330436, 1526922435.285202, 1526922444.5938876, 1526922454.9707062, 1526922464.44989, 1526922475.0227597, 1526922487.8765297, 1526922499.6321561, 1526922510.7773116, 1526922524.0504758, 1526922534.277987, 1526922545.645965, 1526922555.9672275, 1526922566.8022494, 1526922576.9275458, 1526922585.3321872, 1526922596.821298, 1526922608.1371813, 1526922617.949682, 1526922626.937832, 1526922635.371137, 1526922645.6052763, 1526922655.2466156, 1526922665.506088, 1526922675.523611, 1526922684.0187683, 1526922693.9338014, 1526922703.4734607, 1526922715.329035, 1526922724.8827455, 1526922735.496049, 1526922745.6070638, 1526922754.3259692, 1526922766.2472315, 1526922775.229183, 1526922784.4700162, 1526922794.1666164, 1526922803.921419, 1526922812.9435565, 1526922824.9028275, 1526922834.7214859, 1526922845.2527962, 1526922854.0090547, 1526922864.8637695, 1526922874.6950345, 1526922884.125531, 1526922893.5800803, 1526922901.5213182, 1526922915.0555582, 1526922923.6081867, 1526922934.2221117, 1526922944.9846392, 1526922956.3864348, 1526922965.8773587, 1526922975.2542706, 1526922984.6995935, 1526922994.7961526, 1526923002.9064014, 1526923011.076077, 1526923023.108812, 1526923033.2020905, 1526923044.4405954, 1526923053.95976, 1526923062.624868, 1526923071.376365, 1526923081.4676948, 1526923092.0978634, 1526923102.009051, 1526923111.9585094, 1526923123.7314336, 1526923134.1729016, 1526923144.052997, 1526923155.1565564, 1526923166.9508631, 1526923175.9605916, 1526923184.728096, 1526923194.5619078, 1526923205.5223262, 1526923217.87809, 1526923226.9830754, 1526923237.0233517, 1526923248.074147, 1526923257.327517, 1526923268.772394, 1526923277.745331, 1526923288.4140484, 1526923297.0895612, 1526923307.8762574, 1526923318.4987836, 1526923328.9816484, 1526923336.771118, 1526923349.1578028, 1526923358.2498913, 1526923367.0099046], "initial_reset_timestamp": 1526922350.9597318, "episode_types": ["t", "t", "t", "t", "t", "t", "t", "t", "t", "t", "t", "t", "t", "t", "t", "t", "t", "t", "t", "t", "t", "t", "t", "t", "t", "t", "t", "t", "t", "t", "t", "t", "t", "t", "t", "t", "t", "t", "t", "t", "t", "t", "t", "t", "t", "t", "t", "t", "t", "t", "t", "t", "t", "t", "t", "t", "t", "t", "t", "t", "t", "t", "t", "t", "t", "t", "t", "t", "t", "t", "t", "t", "t", "t", "t", "t", "t", "t", "t", "t", "t", "t", "t", "t", "t", "t", "t", "t", "t", "t", "t", "t", "t", "t", "t", "t", "t", "t", "t", "t"], "episode_rewards": [-3.0, -8.0, -11.0, -14.0, -9.0, -14.0, -5.0, -9.0, -11.0, -11.0, -13.0, -10.0, -6.0, -6.0, -11.0, -11.0, -10.0, -8.0, -8.0, -8.0, -11.0, -12.0, -9.0, -5.0, -13.0, -13.0, -16.0, -12.0, -15.0, -13.0, -12.0, -11.0, -11.0, -11.0, -5.0, -13.0, -11.0, -10.0, -14.0, -7.0, -14.0, -12.0, -12.0, -9.0, -11.0, -6.0, -9.0, -11.0, -14.0, -7.0, -9.0, -14.0, -12.0, -13.0, -3.0, -16.0, -8.0, -11.0, -9.0, -13.0, -12.0, -13.0, -11.0, -13.0, -12.0, -6.0, -14.0, -5.0, -8.0, -14.0, -10.0, -11.0, -12.0, -12.0, -11.0, -7.0, -7.0, -10.0, -8.0, -6.0, -12.0, -12.0, -9.0, -9.0, -9.0, -13.0, -6.0, -7.0, -13.0, -4.0, -14.0, -12.0, -11.0, -9.0, -7.0, -11.0, -13.0, -8.0, -14.0, -13.0]}