{"episode_lengths": [1842, 1956, 2004, 1761, 1946, 2194, 1990, 2299, 2338, 1652, 1774, 2479, 2019, 1947, 2227, 2538, 2346, 2652, 1975, 2325, 1898, 2622, 2147, 2067, 1920, 1651, 1891, 2207, 1808, 2153, 1853, 2089, 2008, 2181, 1943, 1803, 1812, 1982, 2156, 2072, 2657, 2296, 2622, 1994, 2191, 1817, 2021, 1888, 1814, 2296, 1856, 2285, 1854, 2120, 1910, 1926, 1652, 1857, 2274, 1979, 1938, 1766, 2243, 2049, 1824, 1840, 1900, 2004, 2519, 2138, 1696, 1893, 2068, 2173, 2431, 2072, 2132, 1652, 1705, 1884, 1844, 2117, 1831, 1974, 2280, 1763, 1652, 1966, 1846, 1713, 1922, 1817, 1704, 1652, 2308, 1784, 1772, 1737, 1790, 2058], "timestamps": [1527172207.7416074, 1527172212.8634403, 1527172218.2552838, 1527172222.858875, 1527172227.8789346, 1527172233.6003673, 1527172238.78225, 1527172244.6989872, 1527172250.7636251, 1527172255.1132805, 1527172259.6894765, 1527172266.1077776, 1527172271.380914, 1527172276.3808577, 1527172282.036159, 1527172288.4292524, 1527172294.419113, 1527172301.1842473, 1527172306.1591942, 1527172312.137658, 1527172317.0175266, 1527172323.674313, 1527172329.1794193, 1527172334.4945266, 1527172339.4196148, 1527172343.6221125, 1527172348.5049615, 1527172354.16475, 1527172358.856096, 1527172364.3888073, 1527172369.1701715, 1527172374.548221, 1527172379.8292234, 1527172385.6945684, 1527172390.9643855, 1527172395.7543628, 1527172400.667632, 1527172406.0248156, 1527172411.9092524, 1527172417.6163423, 1527172424.8501139, 1527172431.020219, 1527172437.98352, 1527172443.332081, 1527172449.11689, 1527172453.895818, 1527172459.269581, 1527172464.318097, 1527172469.1722467, 1527172475.1045585, 1527172479.9382288, 1527172485.7871175, 1527172490.5691104, 1527172496.028576, 1527172500.9103198, 1527172505.8535664, 1527172510.1604269, 1527172514.9865906, 1527172520.8686557, 1527172525.961278, 1527172530.9440012, 1527172535.5327528, 1527172541.38883, 1527172546.6419713, 1527172551.347625, 1527172556.1079524, 1527172561.0173244, 1527172566.146551, 1527172572.71136, 1527172578.4131422, 1527172582.9169984, 1527172587.9312596, 1527172593.3782916, 1527172599.148926, 1527172605.67084, 1527172611.1887937, 1527172616.756749, 1527172621.0564783, 1527172625.4976208, 1527172630.3382812, 1527172635.0643957, 1527172640.498307, 1527172645.2574105, 1527172650.3599362, 1527172656.3027914, 1527172660.9089217, 1527172665.195982, 1527172670.3317006, 1527172675.1236472, 1527172679.5530748, 1527172684.6092873, 1527172689.5545647, 1527172694.127754, 1527172698.5446517, 1527172704.7048159, 1527172709.3765817, 1527172714.027804, 1527172718.6132782, 1527172723.3731847, 1527172728.9322863], "initial_reset_timestamp": 1527172201.5351458, "episode_types": ["t", "t", "t", "t", "t", "t", "t", "t", "t", "t", "t", "t", "t", "t", "t", "t", "t", "t", "t", "t", "t", "t", "t", "t", "t", "t", "t", "t", "t", "t", "t", "t", "t", "t", "t", "t", "t", "t", "t", "t", "t", "t", "t", "t", "t", "t", "t", "t", "t", "t", "t", "t", "t", "t", "t", "t", "t", "t", "t", "t", "t", "t", "t", "t", "t", "t", "t", "t", "t", "t", "t", "t", "t", "t", "t", "t", "t", "t", "t", "t", "t", "t", "t", "t", "t", "t", "t", "t", "t", "t", "t", "t", "t", "t", "t", "t", "t", "t", "t", "t"], "episode_rewards": [18.0, 19.0, 18.0, 20.0, 19.0, 16.0, 18.0, 18.0, 17.0, 21.0, 21.0, 14.0, 17.0, 17.0, 17.0, 17.0, 15.0, 16.0, 17.0, 18.0, 18.0, 17.0, 18.0, 18.0, 19.0, 21.0, 19.0, 16.0, 20.0, 16.0, 19.0, 19.0, 16.0, 15.0, 18.0, 19.0, 20.0, 18.0, 19.0, 17.0, 14.0, 18.0, 15.0, 17.0, 18.0, 19.0, 18.0, 19.0, 20.0, 18.0, 19.0, 17.0, 20.0, 19.0, 19.0, 18.0, 21.0, 18.0, 18.0, 20.0, 18.0, 20.0, 16.0, 17.0, 20.0, 19.0, 18.0, 19.0, 16.0, 20.0, 21.0, 19.0, 18.0, 16.0, 16.0, 19.0, 17.0, 21.0, 20.0, 18.0, 19.0, 18.0, 18.0, 19.0, 18.0, 20.0, 21.0, 19.0, 19.0, 21.0, 19.0, 21.0, 20.0, 21.0, 16.0, 20.0, 20.0, 20.0, 21.0, 16.0]}