{"episode_lengths": [1950, 1652, 1659, 2151, 1871, 2011, 2496, 1936, 2186, 1844, 2101, 1878, 1867, 1734, 2126, 1989, 1842, 1900, 2347, 2107, 1743, 1805, 2007, 1949, 2157, 1985, 2033, 1968, 1885, 2037, 2093, 2076, 2178, 1955, 2142, 2000, 1849, 2072, 1656, 2708, 1909, 2059, 2500, 2002, 2099, 1706, 1818, 1804, 1787, 1995, 1819, 2017, 2079, 1925, 1765, 2007, 1943, 1831, 1810, 2322, 1771, 2123, 1872, 1904, 1965, 2007, 1748, 2280, 1858, 1831, 1760, 1655, 2045, 2021, 2255, 2139, 2248, 1813, 1729, 1746, 2184, 1846, 2099, 1848, 2114, 2021, 1942, 1892, 2515, 1656, 1935, 2179, 1789, 2003, 1971, 2403, 1817, 2099, 2073, 1836], "timestamps": [1527198799.3492298, 1527198803.7532537, 1527198808.1489875, 1527198813.719581, 1527198818.5918891, 1527198823.8485072, 1527198830.2997358, 1527198835.3217328, 1527198840.957512, 1527198845.6863987, 1527198851.1873236, 1527198856.0188897, 1527198860.9315293, 1527198865.3912907, 1527198870.9765913, 1527198876.1583467, 1527198880.9274023, 1527198885.8021574, 1527198891.953695, 1527198897.499533, 1527198902.0749102, 1527198906.7683377, 1527198912.0677054, 1527198917.1929536, 1527198922.9655526, 1527198928.177873, 1527198933.5203211, 1527198938.706135, 1527198943.67424, 1527198949.214967, 1527198954.87328, 1527198960.5185306, 1527198966.453529, 1527198971.7655854, 1527198977.269335, 1527198982.477115, 1527198987.3243184, 1527198992.6829672, 1527198997.0453415, 1527199004.2291243, 1527199009.3192487, 1527199014.75273, 1527199021.3799243, 1527199026.5768862, 1527199032.0964663, 1527199036.608551, 1527199041.3680542, 1527199046.1143992, 1527199050.9180286, 1527199056.3004613, 1527199061.089489, 1527199066.3470645, 1527199071.7897322, 1527199076.7751892, 1527199081.3862321, 1527199086.8058, 1527199092.0745044, 1527199096.9197168, 1527199101.8478687, 1527199108.0524817, 1527199112.7428098, 1527199118.3906422, 1527199123.3346083, 1527199128.347642, 1527199133.542578, 1527199138.7514296, 1527199143.2749093, 1527199149.2543087, 1527199154.1268387, 1527199158.9543202, 1527199163.6179347, 1527199168.1098812, 1527199173.6110802, 1527199178.8415017, 1527199184.686082, 1527199190.3089855, 1527199196.143926, 1527199200.8119678, 1527199205.2892373, 1527199209.8510945, 1527199215.5184488, 1527199220.3701026, 1527199226.0373392, 1527199231.0303383, 1527199236.510315, 1527199241.7539005, 1527199246.7974985, 1527199251.7250772, 1527199258.385445, 1527199262.8485584, 1527199268.0190396, 1527199273.9023218, 1527199278.7086432, 1527199284.0074544, 1527199289.2642658, 1527199295.7283747, 1527199300.6532166, 1527199306.285925, 1527199311.8653326, 1527199316.8013778], "initial_reset_timestamp": 1527198792.693525, "episode_types": ["t", "t", "t", "t", "t", "t", "t", "t", "t", "t", "t", "t", "t", "t", "t", "t", "t", "t", "t", "t", "t", "t", "t", "t", "t", "t", "t", "t", "t", "t", "t", "t", "t", "t", "t", "t", "t", "t", "t", "t", "t", "t", "t", "t", "t", "t", "t", "t", "t", "t", "t", "t", "t", "t", "t", "t", "t", "t", "t", "t", "t", "t", "t", "t", "t", "t", "t", "t", "t", "t", "t", "t", "t", "t", "t", "t", "t", "t", "t", "t", "t", "t", "t", "t", "t", "t", "t", "t", "t", "t", "t", "t", "t", "t", "t", "t", "t", "t", "t", "t"], "episode_rewards": [19.0, 21.0, 21.0, 17.0, 17.0, 18.0, 17.0, 18.0, 16.0, 19.0, 19.0, 18.0, 18.0, 20.0, 17.0, 20.0, 20.0, 19.0, 15.0, 16.0, 20.0, 19.0, 18.0, 20.0, 18.0, 19.0, 15.0, 19.0, 18.0, 18.0, 17.0, 16.0, 16.0, 19.0, 15.0, 17.0, 19.0, 19.0, 21.0, 13.0, 19.0, 18.0, 16.0, 17.0, 19.0, 20.0, 18.0, 19.0, 19.0, 18.0, 19.0, 17.0, 17.0, 20.0, 19.0, 16.0, 20.0, 19.0, 19.0, 15.0, 20.0, 15.0, 20.0, 19.0, 18.0, 19.0, 20.0, 19.0, 17.0, 20.0, 19.0, 21.0, 16.0, 19.0, 15.0, 18.0, 18.0, 20.0, 21.0, 20.0, 18.0, 20.0, 18.0, 19.0, 15.0, 20.0, 18.0, 17.0, 15.0, 21.0, 18.0, 18.0, 21.0, 17.0, 19.0, 16.0, 19.0, 17.0, 18.0, 19.0]}