{"episode_lengths": [1840, 1772, 1862, 1870, 1983, 1930, 1752, 2006, 1946, 1653, 1784, 2051, 1895, 2004, 2088, 1760, 2045, 1852, 1717, 1877, 2031, 1742, 1854, 1819, 1731, 1716, 1654, 1781, 2148, 1987, 2082, 2178, 2076, 1830, 1857, 2022, 2029, 1995, 1705, 1867, 1718, 1716, 1816, 1776, 1780, 1950, 1893, 2173, 1655, 2097, 1730, 1949, 1841, 1706, 1884, 1760, 1754, 1758, 1926, 1759, 1922, 1833, 1916, 1955, 1836, 1978, 1720, 1716, 2147, 2064, 1968, 2382, 1993, 1922, 1692, 1780, 1823, 1913, 1903, 1883, 1881, 1862, 1818, 2142, 1912, 1759, 2060, 1690, 1742, 1895, 1707, 2044, 1691, 1883, 1815, 1999, 2099, 2197, 1948, 2231], "timestamps": [1527211326.3849337, 1527211331.0692954, 1527211336.0302882, 1527211340.989672, 1527211346.2837713, 1527211351.465558, 1527211356.1780944, 1527211361.4834332, 1527211366.662843, 1527211371.0527785, 1527211375.8721092, 1527211381.3823996, 1527211386.3726058, 1527211391.6934953, 1527211397.2903986, 1527211401.9026346, 1527211407.386981, 1527211412.4115064, 1527211416.920265, 1527211421.9303262, 1527211427.3480806, 1527211431.9981935, 1527211436.9430037, 1527211441.8379488, 1527211446.3995364, 1527211450.9029057, 1527211455.371117, 1527211460.1021929, 1527211465.854121, 1527211471.1841872, 1527211476.7633884, 1527211482.5600078, 1527211488.1096427, 1527211492.9477756, 1527211498.0100656, 1527211503.368519, 1527211508.713216, 1527211513.9232028, 1527211518.3213873, 1527211523.1546454, 1527211527.7381659, 1527211532.1707532, 1527211536.806168, 1527211541.3808835, 1527211546.0212758, 1527211551.085526, 1527211555.9408622, 1527211561.5534863, 1527211565.8698356, 1527211571.2921035, 1527211575.870774, 1527211581.0917206, 1527211586.0113237, 1527211590.5231085, 1527211595.405443, 1527211600.1380923, 1527211604.7802718, 1527211609.5380223, 1527211614.523129, 1527211619.0660818, 1527211624.0420275, 1527211628.7425559, 1527211633.7157593, 1527211638.9311612, 1527211643.8919322, 1527211649.2031436, 1527211653.845585, 1527211658.3240294, 1527211663.9172657, 1527211669.226055, 1527211674.3635757, 1527211680.5670266, 1527211685.7852092, 1527211690.79633, 1527211695.2022097, 1527211699.8311157, 1527211704.5788882, 1527211709.537571, 1527211714.4933903, 1527211719.367469, 1527211724.3309867, 1527211729.2419167, 1527211734.077168, 1527211739.7083972, 1527211744.6781416, 1527211749.3230894, 1527211754.7306893, 1527211759.145841, 1527211763.7608428, 1527211768.7934282, 1527211773.2609959, 1527211778.5931268, 1527211783.0196602, 1527211787.9705098, 1527211792.93615, 1527211798.4180555, 1527211804.1996655, 1527211810.2210038, 1527211815.377931, 1527211821.215783], "initial_reset_timestamp": 1527211320.1612031, "episode_types": ["t", "t", "t", "t", "t", "t", "t", "t", "t", "t", "t", "t", "t", "t", "t", "t", "t", "t", "t", "t", "t", "t", "t", "t", "t", "t", "t", "t", "t", "t", "t", "t", "t", "t", "t", "t", "t", "t", "t", "t", "t", "t", "t", "t", "t", "t", "t", "t", "t", "t", "t", "t", "t", "t", "t", "t", "t", "t", "t", "t", "t", "t", "t", "t", "t", "t", "t", "t", "t", "t", "t", "t", "t", "t", "t", "t", "t", "t", "t", "t", "t", "t", "t", "t", "t", "t", "t", "t", "t", "t", "t", "t", "t", "t", "t", "t", "t", "t", "t", "t"], "episode_rewards": [19.0, 18.0, 20.0, 20.0, 19.0, 18.0, 20.0, 18.0, 18.0, 21.0, 18.0, 17.0, 19.0, 19.0, 17.0, 20.0, 17.0, 18.0, 21.0, 18.0, 18.0, 19.0, 19.0, 19.0, 19.0, 20.0, 21.0, 19.0, 19.0, 16.0, 18.0, 18.0, 16.0, 18.0, 19.0, 18.0, 19.0, 17.0, 20.0, 18.0, 19.0, 21.0, 19.0, 21.0, 19.0, 16.0, 17.0, 16.0, 21.0, 18.0, 21.0, 17.0, 19.0, 20.0, 18.0, 19.0, 19.0, 19.0, 18.0, 19.0, 18.0, 20.0, 20.0, 18.0, 18.0, 20.0, 20.0, 21.0, 17.0, 17.0, 18.0, 15.0, 16.0, 20.0, 20.0, 18.0, 18.0, 17.0, 19.0, 18.0, 19.0, 19.0, 19.0, 17.0, 18.0, 19.0, 17.0, 20.0, 19.0, 19.0, 20.0, 18.0, 21.0, 19.0, 18.0, 18.0, 18.0, 15.0, 18.0, 15.0]}