{"episode_lengths": [2071, 1978, 2004, 2392, 2177, 2480, 2601, 2154, 1874, 2142, 2073, 2884, 2147, 2351, 2581, 1922, 2394, 2446, 2048, 2237, 2435, 1914, 2343, 1989, 2915, 2331, 2418, 1929, 2781, 2826, 2349, 2211, 2002, 2119, 2604, 2300, 2535, 2942, 2287, 2848, 2802, 2627, 2428, 2132, 2212, 2512, 1933, 1990, 3018, 2360, 2452, 2255, 2411, 1991, 2195, 2187, 2560, 2280, 2632, 2460, 2351, 3218, 1725, 1883, 2881, 2074, 2318, 2483, 2006, 2613, 2207, 2066, 2151, 2263, 2196, 1974, 2072, 2279, 2748, 2142, 2646, 2171, 2084, 1755, 1711, 2607, 1933, 1813, 2092, 2527, 2798, 2856, 2391, 2097, 2538, 1988, 3039, 2018, 2493, 2238], "timestamps": [1527018382.3759043, 1527018387.7084079, 1527018393.1091366, 1527018399.4705832, 1527018405.2421682, 1527018411.921337, 1527018418.8985107, 1527018424.6537697, 1527018429.6134872, 1527018435.3958075, 1527018440.9945743, 1527018448.6920726, 1527018454.5278373, 1527018460.7953367, 1527018467.698713, 1527018472.965892, 1527018479.4394753, 1527018486.0477986, 1527018491.6068857, 1527018497.5342333, 1527018503.9214747, 1527018508.9957845, 1527018515.1299288, 1527018520.3687189, 1527018528.1366098, 1527018534.307876, 1527018540.680138, 1527018545.7768836, 1527018553.3055437, 1527018560.8376765, 1527018566.9890988, 1527018572.8500926, 1527018578.1999433, 1527018583.9625738, 1527018591.0368173, 1527018597.2795746, 1527018604.2090282, 1527018612.1958354, 1527018618.4284935, 1527018625.9517286, 1527018633.336863, 1527018640.229378, 1527018646.670032, 1527018652.2639284, 1527018658.1042137, 1527018664.783643, 1527018669.964431, 1527018675.3658917, 1527018683.4895084, 1527018689.780319, 1527018696.337984, 1527018702.3670578, 1527018708.8641841, 1527018714.1609416, 1527018720.018345, 1527018725.8442855, 1527018732.6609151, 1527018738.8653064, 1527018746.0948067, 1527018753.0307636, 1527018759.576763, 1527018768.2819889, 1527018772.7987509, 1527018777.7814436, 1527018785.3251786, 1527018790.8055072, 1527018796.8910983, 1527018803.4017189, 1527018808.6249187, 1527018815.4966307, 1527018821.281629, 1527018826.7331812, 1527018832.5564764, 1527018838.502446, 1527018844.2874386, 1527018849.473165, 1527018854.9898338, 1527018861.1088514, 1527018868.4497323, 1527018874.1344402, 1527018881.2663822, 1527018887.0884793, 1527018892.7168617, 1527018897.578602, 1527018902.173678, 1527018909.1447382, 1527018914.3401034, 1527018919.230306, 1527018924.9725053, 1527018931.7607028, 1527018939.2319567, 1527018946.9467258, 1527018953.3457184, 1527018958.8810549, 1527018965.5565827, 1527018970.8403347, 1527018978.8296554, 1527018984.164253, 1527018990.8016148, 1527018996.8118534], "initial_reset_timestamp": 1527018375.3139837, "episode_types": ["t", "t", "t", "t", "t", "t", "t", "t", "t", "t", "t", "t", "t", "t", "t", "t", "t", "t", "t", "t", "t", "t", "t", "t", "t", "t", "t", "t", "t", "t", "t", "t", "t", "t", "t", "t", "t", "t", "t", "t", "t", "t", "t", "t", "t", "t", "t", "t", "t", "t", "t", "t", "t", "t", "t", "t", "t", "t", "t", "t", "t", "t", "t", "t", "t", "t", "t", "t", "t", "t", "t", "t", "t", "t", "t", "t", "t", "t", "t", "t", "t", "t", "t", "t", "t", "t", "t", "t", "t", "t", "t", "t", "t", "t", "t", "t", "t", "t", "t", "t"], "episode_rewards": [18.0, 18.0, 18.0, 15.0, 17.0, 17.0, 13.0, 19.0, 19.0, 18.0, 16.0, 14.0, 15.0, 15.0, 12.0, 20.0, 16.0, 17.0, 16.0, 14.0, 14.0, 19.0, 15.0, 18.0, 12.0, 18.0, 14.0, 18.0, 17.0, 12.0, 15.0, 18.0, 18.0, 17.0, 14.0, 17.0, 17.0, 10.0, 14.0, 14.0, 12.0, 12.0, 15.0, 19.0, 18.0, 16.0, 19.0, 19.0, 10.0, 16.0, 17.0, 19.0, 13.0, 19.0, 17.0, 16.0, 14.0, 16.0, 15.0, 12.0, 16.0, 9.0, 19.0, 20.0, 11.0, 19.0, 18.0, 14.0, 19.0, 13.0, 17.0, 16.0, 17.0, 16.0, 16.0, 19.0, 19.0, 18.0, 16.0, 17.0, 11.0, 20.0, 18.0, 20.0, 21.0, 13.0, 20.0, 20.0, 17.0, 15.0, 11.0, 12.0, 15.0, 18.0, 17.0, 16.0, 11.0, 19.0, 16.0, 15.0]}