{"episode_lengths": [1847, 1922, 2306, 1989, 2379, 1801, 2725, 2925, 2052, 1800, 2155, 1915, 2285, 1681, 1895, 2036, 1985, 1795, 2236, 2236, 2770, 2826, 2045, 2084, 2001, 2025, 2040, 2185, 2267, 2774, 2003, 1711, 2424, 1999, 2144, 2467, 1843, 1829, 2085, 2258, 2141, 2773, 1877, 2140, 2102, 1651, 1915, 1831, 2280, 1829, 2950, 1668, 2176, 1801, 1801, 2306, 1651, 2792, 1832, 2188, 2654, 1746, 2200, 2774, 2099, 1830, 1740, 1977, 1831, 2298, 2215, 2180, 2633, 1765, 2551, 2500, 2102, 2267, 1710, 2211, 2054, 2271, 1703, 2232, 2107, 2524, 1919, 2160, 2098, 1987, 2343, 1968, 1710, 2069, 1740, 1710, 2697, 2199, 1941, 2133], "timestamps": [1527098906.8767862, 1527098912.614462, 1527098919.2251523, 1527098925.0456493, 1527098931.895521, 1527098937.0067196, 1527098944.6385162, 1527098952.8790593, 1527098958.659285, 1527098963.8246229, 1527098969.9619458, 1527098975.5514657, 1527098982.0444558, 1527098986.910753, 1527098992.4279966, 1527098998.4022198, 1527099004.2544518, 1527099009.3671744, 1527099015.749637, 1527099022.0564969, 1527099029.9206073, 1527099037.9485803, 1527099043.7637262, 1527099049.839213, 1527099055.6328418, 1527099061.5056674, 1527099067.3228316, 1527099073.5279949, 1527099080.0414777, 1527099087.979512, 1527099093.7786617, 1527099098.7179346, 1527099105.648543, 1527099111.3482149, 1527099117.5070913, 1527099124.5304272, 1527099129.7381926, 1527099134.9790812, 1527099140.86439, 1527099147.2773974, 1527099153.3829477, 1527099161.2441466, 1527099166.5309517, 1527099172.5559394, 1527099178.5252054, 1527099183.2524617, 1527099188.8479218, 1527099194.1057882, 1527099200.6792185, 1527099205.978158, 1527099214.5944874, 1527099219.4162867, 1527099225.6786294, 1527099230.9263065, 1527099236.189087, 1527099242.8748808, 1527099247.646373, 1527099255.795655, 1527099261.1228256, 1527099267.5087833, 1527099275.193619, 1527099280.4435923, 1527099286.8694847, 1527099294.7680008, 1527099300.6602602, 1527099305.8037229, 1527099310.6805494, 1527099316.2388718, 1527099321.462567, 1527099327.9591408, 1527099334.1967466, 1527099340.2866275, 1527099347.7597895, 1527099352.7274795, 1527099359.940933, 1527099367.109087, 1527099373.0861304, 1527099379.5771024, 1527099384.5149999, 1527099390.7894802, 1527099396.6520622, 1527099403.188089, 1527099408.0886102, 1527099414.4223933, 1527099420.4307408, 1527099427.8410468, 1527099433.3973112, 1527099439.6472013, 1527099445.7503493, 1527099451.48682, 1527099458.2923682, 1527099463.8800576, 1527099468.8316765, 1527099474.7916183, 1527099479.871849, 1527099484.9492452, 1527099492.8987095, 1527099499.3600447, 1527099504.9594314, 1527099511.3197706], "initial_reset_timestamp": 1527098900.0105174, "episode_types": ["t", "t", "t", "t", "t", "t", "t", "t", "t", "t", "t", "t", "t", "t", "t", "t", "t", "t", "t", "t", "t", "t", "t", "t", "t", "t", "t", "t", "t", "t", "t", "t", "t", "t", "t", "t", "t", "t", "t", "t", "t", "t", "t", "t", "t", "t", "t", "t", "t", "t", "t", "t", "t", "t", "t", "t", "t", "t", "t", "t", "t", "t", "t", "t", "t", "t", "t", "t", "t", "t", "t", "t", "t", "t", "t", "t", "t", "t", "t", "t", "t", "t", "t", "t", "t", "t", "t", "t", "t", "t", "t", "t", "t", "t", "t", "t", "t", "t", "t", "t"], "episode_rewards": [19.0, 20.0, 19.0, 19.0, 17.0, 20.0, 12.0, 12.0, 19.0, 20.0, 19.0, 19.0, 18.0, 21.0, 19.0, 19.0, 20.0, 19.0, 16.0, 17.0, 11.0, 14.0, 19.0, 18.0, 19.0, 18.0, 17.0, 18.0, 17.0, 14.0, 20.0, 21.0, 14.0, 18.0, 19.0, 13.0, 19.0, 20.0, 20.0, 16.0, 18.0, 11.0, 20.0, 17.0, 19.0, 21.0, 18.0, 21.0, 15.0, 20.0, 12.0, 21.0, 18.0, 20.0, 20.0, 17.0, 21.0, 14.0, 21.0, 15.0, 13.0, 20.0, 17.0, 14.0, 17.0, 20.0, 21.0, 17.0, 21.0, 17.0, 19.0, 17.0, 15.0, 20.0, 15.0, 14.0, 16.0, 17.0, 21.0, 17.0, 18.0, 19.0, 20.0, 16.0, 20.0, 15.0, 20.0, 18.0, 17.0, 20.0, 16.0, 19.0, 21.0, 18.0, 21.0, 21.0, 14.0, 19.0, 17.0, 19.0]}