{"episode_lengths": [2099, 1928, 2081, 2172, 2185, 2014, 1936, 1899, 1839, 2023, 1780, 1785, 2004, 1995, 2212, 1841, 2148, 1843, 2143, 1889, 1783, 1875, 1785, 1949, 2724, 1880, 1887, 2151, 2119, 2335, 2073, 2034, 2360, 2196, 1953, 2261, 1786, 2164, 2139, 2243, 1941, 2405, 1839, 2217, 2139, 1813, 1915, 1725, 1802, 2063, 2029, 1889, 2311, 1869, 2056, 2023, 2467, 2153, 1724, 2229, 1975, 2178, 1945, 2318, 2361, 2838, 2423, 2627, 1932, 2584, 2409, 2098, 1864, 2390, 2194, 1982, 1783, 1793, 2158, 1849, 2027, 2178, 1962, 1844, 1838, 1976, 1745, 1827, 2253, 2054, 2371, 1786, 2077, 1855, 2112, 1888, 1746, 2048, 1931, 1754], "timestamps": [1527217587.1028357, 1527217592.0718532, 1527217597.3243487, 1527217602.809317, 1527217608.3983202, 1527217613.6388235, 1527217618.600465, 1527217623.52214, 1527217628.3009417, 1527217633.5697503, 1527217638.1822765, 1527217642.8316367, 1527217648.025575, 1527217653.1444154, 1527217658.8875804, 1527217663.6657987, 1527217669.2559392, 1527217674.0253153, 1527217679.606383, 1527217684.5046911, 1527217689.2026722, 1527217694.1839888, 1527217698.8829932, 1527217704.0802734, 1527217711.2340314, 1527217716.1076984, 1527217721.0189455, 1527217726.5536594, 1527217732.2374637, 1527217738.4597895, 1527217743.978873, 1527217749.4739757, 1527217755.8809936, 1527217761.8510249, 1527217767.151517, 1527217773.2969534, 1527217778.1377735, 1527217783.977802, 1527217789.7502167, 1527217795.8180346, 1527217800.9561102, 1527217807.16336, 1527217811.9303448, 1527217817.6546876, 1527217823.1894803, 1527217827.9251525, 1527217832.8474767, 1527217837.3124115, 1527217841.9638314, 1527217847.2562604, 1527217852.4440994, 1527217857.3940825, 1527217863.3416858, 1527217868.254487, 1527217873.620517, 1527217878.9000046, 1527217885.3476803, 1527217890.9976895, 1527217895.4599555, 1527217901.3273025, 1527217906.44386, 1527217912.1264155, 1527217917.1679556, 1527217923.3300588, 1527217929.7065659, 1527217937.4711032, 1527217944.058597, 1527217951.3143296, 1527217956.6785293, 1527217963.686921, 1527217970.2344353, 1527217975.9213762, 1527217980.9385529, 1527217987.443214, 1527217993.3990924, 1527217998.5035083, 1527218003.1127229, 1527218007.7321262, 1527218013.338067, 1527218018.1696422, 1527218023.4050057, 1527218029.0538414, 1527218034.1645312, 1527218038.9251401, 1527218043.7047338, 1527218048.8418622, 1527218053.421207, 1527218058.1815124, 1527218063.960991, 1527218069.3260791, 1527218075.4296713, 1527218080.1107695, 1527218085.4478583, 1527218090.2238595, 1527218095.7009087, 1527218100.5663314, 1527218105.1303518, 1527218110.620677, 1527218115.778382, 1527218120.474946], "initial_reset_timestamp": 1527217580.0814207, "episode_types": ["t", "t", "t", "t", "t", "t", "t", "t", "t", "t", "t", "t", "t", "t", "t", "t", "t", "t", "t", "t", "t", "t", "t", "t", "t", "t", "t", "t", "t", "t", "t", "t", "t", "t", "t", "t", "t", "t", "t", "t", "t", "t", "t", "t", "t", "t", "t", "t", "t", "t", "t", "t", "t", "t", "t", "t", "t", "t", "t", "t", "t", "t", "t", "t", "t", "t", "t", "t", "t", "t", "t", "t", "t", "t", "t", "t", "t", "t", "t", "t", "t", "t", "t", "t", "t", "t", "t", "t", "t", "t", "t", "t", "t", "t", "t", "t", "t", "t", "t", "t"], "episode_rewards": [17.0, 18.0, 17.0, 15.0, 16.0, 16.0, 19.0, 19.0, 20.0, 18.0, 20.0, 20.0, 18.0, 19.0, 17.0, 20.0, 16.0, 19.0, 17.0, 18.0, 19.0, 18.0, 20.0, 18.0, 14.0, 18.0, 20.0, 17.0, 17.0, 17.0, 15.0, 18.0, 14.0, 15.0, 18.0, 13.0, 20.0, 16.0, 17.0, 16.0, 17.0, 14.0, 19.0, 17.0, 17.0, 17.0, 17.0, 20.0, 19.0, 18.0, 15.0, 19.0, 13.0, 19.0, 16.0, 18.0, 15.0, 16.0, 20.0, 16.0, 16.0, 17.0, 17.0, 17.0, 14.0, 10.0, 14.0, 14.0, 18.0, 14.0, 13.0, 18.0, 18.0, 15.0, 15.0, 19.0, 20.0, 19.0, 15.0, 19.0, 15.0, 17.0, 20.0, 19.0, 18.0, 18.0, 20.0, 20.0, 15.0, 18.0, 15.0, 20.0, 16.0, 19.0, 18.0, 17.0, 20.0, 16.0, 17.0, 19.0]}