{"episode_lengths": [3659, 2061, 3009, 3494, 2956, 3717, 2827, 3802, 3947, 3012, 4329, 3297, 4109, 2345, 4204, 2685, 2955, 2967, 3124, 3398, 3843, 4029, 2872, 4021, 2925, 3908, 2756, 4111, 3907, 3024, 2242, 4671, 3683, 3611, 3339, 3481, 2613, 4101, 4077, 3362, 3500, 3440, 3540, 4217, 2915, 2994, 3616, 3877, 3820, 4045, 3707, 4212, 3881, 3278, 3969, 2775, 2923, 3560, 2487, 2701, 3948, 3264, 2755, 3611, 2371, 3762, 3156, 3567, 4246, 2625, 3474, 3478, 4033, 3321, 3950, 3305, 4012, 4142, 3362, 2542, 4588, 4008, 2820, 3463, 3622, 3836, 3587, 2070, 4207, 4069, 3625, 3524, 3932, 3615, 3052, 3934, 3201, 2261, 3241, 4064], "timestamps": [1526969230.2393596, 1526969235.6367407, 1526969243.473505, 1526969252.5717945, 1526969260.2445085, 1526969269.903096, 1526969277.2297006, 1526969287.3025198, 1526969297.845267, 1526969305.7226546, 1526969317.1852932, 1526969326.0457458, 1526969337.0114658, 1526969343.4634495, 1526969354.894162, 1526969362.0967472, 1526969370.102735, 1526969377.9391432, 1526969386.1062417, 1526969395.1377327, 1526969405.1331246, 1526969415.912987, 1526969423.731616, 1526969434.4976997, 1526969442.2621603, 1526969452.729523, 1526969460.0921364, 1526969471.1465366, 1526969481.8136582, 1526969490.1389782, 1526969496.4049582, 1526969509.144423, 1526969518.956796, 1526969528.4412742, 1526969537.2384398, 1526969546.3810296, 1526969553.2370434, 1526969563.968027, 1526969574.8363442, 1526969583.9091027, 1526969593.069801, 1526969602.0414853, 1526969611.3399892, 1526969622.5261934, 1526969630.4621937, 1526969638.4442956, 1526969648.1426399, 1526969658.536938, 1526969668.887553, 1526969679.7817233, 1526969689.7639906, 1526969701.0473833, 1526969711.4924953, 1526969720.3191485, 1526969731.0522885, 1526969738.4946668, 1526969746.3298688, 1526969755.8570666, 1526969762.3201995, 1526969769.4418893, 1526969779.895331, 1526969788.7143373, 1526969796.1610665, 1526969805.8513029, 1526969812.260667, 1526969822.3448372, 1526969830.860244, 1526969840.5090709, 1526969851.9298503, 1526969858.9705505, 1526969868.2971163, 1526969877.4515555, 1526969888.1318848, 1526969897.0307965, 1526969907.6628475, 1526969916.6056876, 1526969927.3798726, 1526969938.4924464, 1526969947.513867, 1526969954.2961204, 1526969966.622412, 1526969977.3720703, 1526969984.9896302, 1526969994.3488495, 1526970003.9760218, 1526970014.366821, 1526970024.1770012, 1526970029.88832, 1526970041.4267416, 1526970052.3625093, 1526970062.2460215, 1526970071.8299758, 1526970082.2559624, 1526970091.869619, 1526970100.0483751, 1526970110.7160246, 1526970119.2898266, 1526970125.3684225, 1526970134.0114145, 1526970144.9212477], "initial_reset_timestamp": 1526969218.6132815, "episode_types": ["t", "t", "t", "t", "t", "t", "t", "t", "t", "t", "t", "t", "t", "t", "t", "t", "t", "t", "t", "t", "t", "t", "t", "t", "t", "t", "t", "t", "t", "t", "t", "t", "t", "t", "t", "t", "t", "t", "t", "t", "t", "t", "t", "t", "t", "t", "t", "t", "t", "t", "t", "t", "t", "t", "t", "t", "t", "t", "t", "t", "t", "t", "t", "t", "t", "t", "t", "t", "t", "t", "t", "t", "t", "t", "t", "t", "t", "t", "t", "t", "t", "t", "t", "t", "t", "t", "t", "t", "t", "t", "t", "t", "t", "t", "t", "t", "t", "t", "t", "t"], "episode_rewards": [7.0, 18.0, 17.0, -7.0, 9.0, 5.0, 14.0, 6.0, 3.0, 7.0, 2.0, 9.0, 4.0, 15.0, 4.0, 14.0, 10.0, 12.0, 10.0, 8.0, 2.0, 12.0, 10.0, 3.0, 12.0, 6.0, 11.0, 2.0, 3.0, 8.0, 15.0, 2.0, 4.0, 5.0, 10.0, 9.0, 13.0, 4.0, 2.0, 9.0, 7.0, 5.0, -7.0, 5.0, 12.0, 10.0, 8.0, 5.0, 6.0, -2.0, 5.0, 1.0, 2.0, 9.0, 2.0, 13.0, 10.0, 10.0, 14.0, 12.0, -4.0, 8.0, 12.0, 8.0, 15.0, 5.0, 8.0, 6.0, -1.0, 12.0, -4.0, 5.0, 3.0, 9.0, 6.0, 9.0, -1.0, -4.0, 6.0, 10.0, -1.0, -5.0, 12.0, 8.0, 6.0, 5.0, 5.0, 17.0, 2.0, 3.0, 8.0, 6.0, 9.0, 5.0, 10.0, -4.0, 6.0, 17.0, 4.0, 6.0]}