{"episode_lengths": [3698, 3224, 3186, 3437, 3547, 3535, 3688, 2791, 3454, 4075, 3000, 3496, 3291, 4193, 3407, 4067, 3881, 3627, 3311, 3449, 3678, 3625, 3614, 3469, 3831, 3715, 3837, 4936, 3202, 3534, 3559, 3636, 3513, 3293, 3855, 4138, 3593, 3407, 4629, 3207, 3463, 3273, 3219, 3007, 3413, 4325, 3523, 3531, 3086, 3602, 4344, 3568, 4317, 3705, 3224, 3278, 3575, 3550, 4336, 3362, 3653, 3761, 3055, 4124, 4211, 2998, 4353, 3399, 3694, 3129, 3249, 3955, 3984, 4368, 2960, 3639, 3861, 3674, 3386, 4018, 3737, 3900, 3404, 3607, 3105, 2853, 3797, 4258, 4186, 2796, 3825, 3519, 3583, 2882, 2944, 3960, 3309, 3057, 3502, 3099], "timestamps": [1527004643.5810537, 1527004651.9483483, 1527004660.2970037, 1527004669.2899563, 1527004678.5915666, 1527004687.810997, 1527004697.714919, 1527004705.158191, 1527004714.2920532, 1527004724.9303274, 1527004732.8183522, 1527004741.8940108, 1527004750.5568275, 1527004761.5623097, 1527004770.654285, 1527004781.5816467, 1527004791.9633524, 1527004801.3731227, 1527004810.1152997, 1527004819.4066737, 1527004829.320642, 1527004839.0518622, 1527004848.6280067, 1527004857.9308784, 1527004868.217437, 1527004878.1923869, 1527004888.4685755, 1527004901.9472697, 1527004910.7327893, 1527004920.464889, 1527004930.2369094, 1527004940.2839112, 1527004949.64865, 1527004958.4104316, 1527004968.7103703, 1527004979.8595667, 1527004989.2973716, 1527004998.2247643, 1527005010.483393, 1527005019.064668, 1527005028.3787553, 1527005037.1507478, 1527005045.872377, 1527005054.0850134, 1527005063.0127988, 1527005074.6312726, 1527005084.5564666, 1527005094.096427, 1527005102.3568404, 1527005111.9552362, 1527005123.727559, 1527005133.1204448, 1527005144.6187556, 1527005154.5636606, 1527005163.250917, 1527005172.0100408, 1527005181.552067, 1527005191.0963693, 1527005202.6362045, 1527005211.611495, 1527005221.2692475, 1527005231.2308664, 1527005239.3370256, 1527005250.3403578, 1527005261.5088046, 1527005269.5236683, 1527005281.3658843, 1527005290.7671707, 1527005300.7018683, 1527005308.9301302, 1527005317.455852, 1527005327.8494403, 1527005338.3310368, 1527005349.9188058, 1527005357.6967697, 1527005367.2733147, 1527005377.4674823, 1527005387.4536924, 1527005396.531691, 1527005407.1526558, 1527005416.993797, 1527005427.516425, 1527005436.6384132, 1527005446.3065064, 1527005454.588319, 1527005462.2245033, 1527005472.395147, 1527005484.136051, 1527005495.5321245, 1527005503.0217893, 1527005513.1469815, 1527005522.4945557, 1527005532.0596478, 1527005539.6610656, 1527005547.3200634, 1527005557.6088512, 1527005566.2247398, 1527005574.191158, 1527005583.2699823, 1527005591.3226607], "initial_reset_timestamp": 1527004631.8996637, "episode_types": ["t", "t", "t", "t", "t", "t", "t", "t", "t", "t", "t", "t", "t", "t", "t", "t", "t", "t", "t", "t", "t", "t", "t", "t", "t", "t", "t", "t", "t", "t", "t", "t", "t", "t", "t", "t", "t", "t", "t", "t", "t", "t", "t", "t", "t", "t", "t", "t", "t", "t", "t", "t", "t", "t", "t", "t", "t", "t", "t", "t", "t", "t", "t", "t", "t", "t", "t", "t", "t", "t", "t", "t", "t", "t", "t", "t", "t", "t", "t", "t", "t", "t", "t", "t", "t", "t", "t", "t", "t", "t", "t", "t", "t", "t", "t", "t", "t", "t", "t", "t"], "episode_rewards": [1.0, 9.0, 11.0, 8.0, 9.0, 8.0, 7.0, 10.0, 7.0, 4.0, 11.0, 7.0, 9.0, 5.0, 7.0, 3.0, 5.0, 8.0, 8.0, 5.0, 8.0, 4.0, 7.0, 6.0, 4.0, 6.0, 2.0, 1.0, 11.0, 8.0, 7.0, 6.0, 10.0, 8.0, 6.0, 8.0, 8.0, 5.0, 1.0, 8.0, 6.0, 7.0, 8.0, 9.0, 6.0, -1.0, 7.0, 9.0, 9.0, 7.0, 3.0, 9.0, 8.0, 2.0, 11.0, 9.0, 8.0, 5.0, 2.0, 8.0, 8.0, 11.0, 9.0, 2.0, -1.0, 9.0, 3.0, 8.0, 6.0, 8.0, 11.0, 5.0, -1.0, 3.0, 12.0, 9.0, 4.0, 5.0, 6.0, 4.0, 5.0, 1.0, 9.0, 7.0, 10.0, 11.0, 7.0, 5.0, 5.0, 13.0, 10.0, 7.0, 7.0, 11.0, 9.0, 3.0, 9.0, 10.0, 5.0, 9.0]}