{"episode_lengths": [2346, 2336, 1873, 2286, 1977, 2157, 2319, 1976, 1908, 2004, 1829, 2031, 2525, 2188, 1872, 2040, 2342, 1866, 2003, 2192, 1850, 2280, 1787, 2549, 2233, 1844, 1934, 2358, 2044, 2122, 2534, 2133, 2494, 1941, 2030, 1724, 2051, 1942, 2346, 1883, 1786, 2334, 2311, 1770, 2667, 1896, 2310, 1726, 2278, 1953, 1820, 2277, 2149, 2067, 2141, 1785, 2012, 2131, 2245, 2014, 2667, 2070, 2363, 2102, 2300, 2257, 1998, 2324, 1976, 2321, 1796, 2021, 1994, 2273, 1785, 1912, 1782, 2170, 2063, 2020, 2146, 2309, 1827, 2296, 2450, 2397, 2028, 1902, 1850, 2180, 1874, 2432, 2046, 1776, 1724, 1996, 2912, 2036, 2114, 2109], "timestamps": [1527143853.6326315, 1527143859.8277647, 1527143864.8154616, 1527143870.8749635, 1527143876.067678, 1527143881.811245, 1527143887.9552135, 1527143893.211925, 1527143898.4477081, 1527143903.7495842, 1527143908.6058457, 1527143913.973426, 1527143920.6666818, 1527143926.5386767, 1527143931.5498319, 1527143936.86621, 1527143943.07886, 1527143948.031681, 1527143953.2042847, 1527143958.8514683, 1527143963.584661, 1527143969.4409187, 1527143974.1193788, 1527143980.7436037, 1527143986.5559509, 1527143991.3764977, 1527143996.6901023, 1527144003.2712395, 1527144008.9316657, 1527144014.7154212, 1527144021.6596706, 1527144027.4673684, 1527144034.304943, 1527144039.6359713, 1527144045.0612535, 1527144049.7407103, 1527144055.1564624, 1527144060.3341718, 1527144066.548869, 1527144071.5324557, 1527144076.2631, 1527144082.5470943, 1527144088.7452435, 1527144093.4407396, 1527144100.5807319, 1527144105.6612208, 1527144111.8033533, 1527144116.352805, 1527144122.4335756, 1527144127.665553, 1527144132.5205977, 1527144138.5912569, 1527144144.320808, 1527144149.7719023, 1527144155.5176475, 1527144160.305052, 1527144165.721112, 1527144171.4944859, 1527144177.4967518, 1527144182.7672937, 1527144189.6363177, 1527144195.000038, 1527144201.177183, 1527144206.6856976, 1527144212.7010233, 1527144218.6735215, 1527144223.962962, 1527144230.0949667, 1527144235.240791, 1527144241.4332745, 1527144246.2811246, 1527144251.6776712, 1527144256.8608935, 1527144262.7960434, 1527144267.4953976, 1527144272.4479017, 1527144277.0869277, 1527144282.7264543, 1527144288.1371107, 1527144293.3802974, 1527144298.9713407, 1527144304.9708302, 1527144309.822643, 1527144315.7385118, 1527144322.1574488, 1527144328.4869998, 1527144333.9407675, 1527144339.108804, 1527144344.1204998, 1527144349.9537992, 1527144354.9625802, 1527144361.2960942, 1527144366.6921751, 1527144371.5086775, 1527144375.9853575, 1527144381.20153, 1527144388.701292, 1527144394.009759, 1527144399.5230873, 1527144405.0011477], "initial_reset_timestamp": 1527143845.9056225, "episode_types": ["t", "t", "t", "t", "t", "t", "t", "t", "t", "t", "t", "t", "t", "t", "t", "t", "t", "t", "t", "t", "t", "t", "t", "t", "t", "t", "t", "t", "t", "t", "t", "t", "t", "t", "t", "t", "t", "t", "t", "t", "t", "t", "t", "t", "t", "t", "t", "t", "t", "t", "t", "t", "t", "t", "t", "t", "t", "t", "t", "t", "t", "t", "t", "t", "t", "t", "t", "t", "t", "t", "t", "t", "t", "t", "t", "t", "t", "t", "t", "t", "t", "t", "t", "t", "t", "t", "t", "t", "t", "t", "t", "t", "t", "t", "t", "t", "t", "t", "t", "t"], "episode_rewards": [14.0, 12.0, 19.0, 15.0, 17.0, 18.0, 14.0, 18.0, 18.0, 16.0, 18.0, 17.0, 13.0, 17.0, 18.0, 16.0, 13.0, 18.0, 16.0, 17.0, 19.0, 16.0, 20.0, 13.0, 17.0, 19.0, 17.0, 15.0, 17.0, 17.0, 12.0, 16.0, 17.0, 17.0, 17.0, 20.0, 17.0, 19.0, 14.0, 19.0, 20.0, 15.0, 16.0, 18.0, 14.0, 16.0, 13.0, 20.0, 15.0, 17.0, 18.0, 16.0, 16.0, 18.0, 14.0, 20.0, 18.0, 16.0, 15.0, 18.0, 15.0, 15.0, 11.0, 15.0, 15.0, 15.0, 16.0, 15.0, 17.0, 15.0, 19.0, 17.0, 17.0, 14.0, 19.0, 19.0, 19.0, 16.0, 17.0, 18.0, 18.0, 15.0, 20.0, 14.0, 14.0, 15.0, 17.0, 17.0, 18.0, 14.0, 17.0, 15.0, 16.0, 19.0, 20.0, 18.0, 11.0, 14.0, 18.0, 16.0]}