{"episode_lengths": [2323, 1891, 2463, 2047, 2042, 2162, 1805, 2509, 2136, 1908, 1846, 2280, 2053, 1694, 1842, 1753, 1900, 2012, 1981, 1925, 2232, 1894, 2447, 1908, 1967, 2077, 2382, 1842, 2006, 1958, 1925, 2329, 1830, 1999, 1652, 3494, 1995, 1783, 1985, 2676, 1833, 2105, 2348, 2245, 2417, 2043, 2243, 2146, 2043, 2140, 2664, 2040, 1937, 2512, 2440, 2216, 3529, 2290, 2354, 1703, 2220, 1908, 2494, 2253, 2398, 1989, 2249, 2600, 2404, 2083, 2582, 2219, 2022, 2385, 2106, 1665, 1875, 2432, 2448, 2242, 1973, 2123, 2457, 2162, 2237, 2352, 2876, 2163, 2157, 2033, 2284, 2393, 1954, 2015, 2200, 1991, 1847, 2261, 2536, 1903], "timestamps": [1527060963.9706578, 1527060969.0082624, 1527060975.561887, 1527060980.987406, 1527060986.453426, 1527060992.3356082, 1527060997.2474241, 1527061003.9380052, 1527061009.549687, 1527061014.611836, 1527061019.4629636, 1527061025.4473245, 1527061030.849448, 1527061035.4099617, 1527061040.3651092, 1527061045.0307896, 1527061050.0654435, 1527061055.4151282, 1527061060.698687, 1527061065.87923, 1527061071.828206, 1527061076.8908515, 1527061083.4709954, 1527061088.6125298, 1527061093.939051, 1527061099.7009544, 1527061106.0400157, 1527061110.8312128, 1527061116.1334488, 1527061121.3531952, 1527061126.4154859, 1527061132.578491, 1527061137.4370937, 1527061142.71576, 1527061147.1610496, 1527061156.4030719, 1527061161.664928, 1527061166.412272, 1527061171.8535557, 1527061179.1956272, 1527061184.203012, 1527061189.8397572, 1527061196.013467, 1527061202.019756, 1527061208.3894455, 1527061213.954633, 1527061220.0274925, 1527061225.8489585, 1527061231.3644273, 1527061237.1788754, 1527061244.3922696, 1527061249.909213, 1527061255.08363, 1527061261.6970549, 1527061268.1022143, 1527061274.023415, 1527061283.5566208, 1527061289.9321568, 1527061296.5342498, 1527061301.2992084, 1527061307.418115, 1527061312.60374, 1527061319.3833919, 1527061325.3278236, 1527061331.641187, 1527061336.9472778, 1527061342.8943162, 1527061349.8290987, 1527061356.165778, 1527061361.6610308, 1527061368.481582, 1527061374.5821376, 1527061380.1149862, 1527061386.6104326, 1527061392.3494022, 1527061396.7592456, 1527061401.669173, 1527061408.0550275, 1527061414.586441, 1527061420.6908367, 1527061425.9841287, 1527061431.6875856, 1527061438.3460748, 1527061444.3871799, 1527061450.530071, 1527061456.8965647, 1527061464.6328883, 1527061470.508029, 1527061476.31268, 1527061481.9173963, 1527061488.23979, 1527061494.7172887, 1527061500.011651, 1527061505.4849007, 1527061511.4577415, 1527061516.8623986, 1527061521.895811, 1527061527.963407, 1527061534.7481596, 1527061539.853797], "initial_reset_timestamp": 1527060956.0622342, "episode_types": ["t", "t", "t", "t", "t", "t", "t", "t", "t", "t", "t", "t", "t", "t", "t", "t", "t", "t", "t", "t", "t", "t", "t", "t", "t", "t", "t", "t", "t", "t", "t", "t", "t", "t", "t", "t", "t", "t", "t", "t", "t", "t", "t", "t", "t", "t", "t", "t", "t", "t", "t", "t", "t", "t", "t", "t", "t", "t", "t", "t", "t", "t", "t", "t", "t", "t", "t", "t", "t", "t", "t", "t", "t", "t", "t", "t", "t", "t", "t", "t", "t", "t", "t", "t", "t", "t", "t", "t", "t", "t", "t", "t", "t", "t", "t", "t", "t", "t", "t", "t"], "episode_rewards": [16.0, 19.0, 15.0, 17.0, 18.0, 16.0, 19.0, 15.0, 16.0, 19.0, 18.0, 16.0, 15.0, 21.0, 19.0, 20.0, 19.0, 20.0, 19.0, 18.0, 16.0, 19.0, 12.0, 19.0, 17.0, 18.0, 17.0, 19.0, 19.0, 19.0, 18.0, 18.0, 20.0, 19.0, 21.0, 10.0, 19.0, 19.0, 18.0, 16.0, 20.0, 19.0, 16.0, 18.0, 16.0, 17.0, 16.0, 17.0, 18.0, 18.0, 17.0, 18.0, 18.0, 16.0, 18.0, 18.0, 9.0, 17.0, 16.0, 20.0, 14.0, 18.0, 16.0, 16.0, 15.0, 18.0, 16.0, 15.0, 15.0, 17.0, 18.0, 17.0, 17.0, 14.0, 18.0, 20.0, 20.0, 16.0, 17.0, 17.0, 18.0, 19.0, 15.0, 19.0, 16.0, 16.0, 14.0, 17.0, 17.0, 17.0, 17.0, 17.0, 18.0, 18.0, 15.0, 18.0, 19.0, 18.0, 14.0, 20.0]}