{"episode_lengths": [5227, 4506, 4633, 4844, 4413, 4837, 4792, 4380, 4607, 4049, 4848, 4912, 6108, 4475, 4311, 5438, 4584, 5443, 4936, 5559, 4934, 4834, 5407, 4719, 5461, 5028, 4883, 5058, 4908, 4601, 5033, 4548, 4917, 5572, 4233, 5239, 4507, 5055, 4067, 5195, 4486, 5439, 4795, 4357, 4485, 4288, 4417, 5068, 5168, 4116, 4660, 4580, 5010, 5202, 5555, 3861, 5001, 5632, 4412, 4929, 4556, 4677, 5121, 4351, 4423, 5246, 5076, 4594, 4779, 4097, 4273, 5184, 5228, 5110, 5384, 4706, 5405, 4797, 4736, 4450, 4519, 4546, 5100, 5125, 3725, 5089, 4315, 4631, 4558, 4163, 5143, 4611, 4083, 4508, 4131, 5042, 5308, 4630, 3918, 4485], "timestamps": [1526961611.8968859, 1526961623.7534583, 1526961635.9668474, 1526961648.7955062, 1526961660.7911468, 1526961673.8760958, 1526961686.817839, 1526961698.4573994, 1526961710.6131227, 1526961721.4090178, 1526961734.4218898, 1526961747.5058525, 1526961763.6033714, 1526961775.5049398, 1526961786.8428845, 1526961801.3265135, 1526961813.6175263, 1526961828.1913118, 1526961841.3276424, 1526961855.9270196, 1526961869.149725, 1526961882.0893316, 1526961896.5887816, 1526961909.0830767, 1526961923.5574434, 1526961937.382245, 1526961950.361872, 1526961963.588297, 1526961976.6849806, 1526961989.2747655, 1526962003.2992163, 1526962015.9920285, 1526962029.6138792, 1526962044.6691167, 1526962056.086342, 1526962070.0788903, 1526962082.0534682, 1526962095.5727072, 1526962106.2519221, 1526962120.160023, 1526962132.2417994, 1526962146.7916584, 1526962159.5566282, 1526962171.0122063, 1526962183.1182954, 1526962194.682512, 1526962206.5112596, 1526962220.1388302, 1526962234.1080868, 1526962245.1233125, 1526962257.5769348, 1526962269.9511628, 1526962283.4804716, 1526962297.746122, 1526962312.9762628, 1526962323.5858464, 1526962337.0154574, 1526962352.2628603, 1526962364.3742077, 1526962378.1843278, 1526962390.9526484, 1526962403.705594, 1526962417.2530172, 1526962428.754283, 1526962440.7357056, 1526962454.8662577, 1526962468.420419, 1526962480.5418334, 1526962493.3324609, 1526962504.5960984, 1526962516.329448, 1526962530.3000498, 1526962544.369412, 1526962558.165243, 1526962572.8645022, 1526962585.608706, 1526962600.1078079, 1526962612.979741, 1526962625.6538172, 1526962637.828017, 1526962649.9969337, 1526962662.466849, 1526962675.9377687, 1526962689.5841186, 1526962699.6131313, 1526962713.4119365, 1526962724.9373987, 1526962737.1876066, 1526962749.1398995, 1526962760.004237, 1526962773.4717762, 1526962785.548677, 1526962796.3868048, 1526962808.2399046, 1526962819.1814094, 1526962832.547018, 1526962846.5639591, 1526962859.0897582, 1526962869.5962422, 1526962881.5511274], "initial_reset_timestamp": 1526961595.9718487, "episode_types": ["t", "t", "t", "t", "t", "t", "t", "t", "t", "t", "t", "t", "t", "t", "t", "t", "t", "t", "t", "t", "t", "t", "t", "t", "t", "t", "t", "t", "t", "t", "t", "t", "t", "t", "t", "t", "t", "t", "t", "t", "t", "t", "t", "t", "t", "t", "t", "t", "t", "t", "t", "t", "t", "t", "t", "t", "t", "t", "t", "t", "t", "t", "t", "t", "t", "t", "t", "t", "t", "t", "t", "t", "t", "t", "t", "t", "t", "t", "t", "t", "t", "t", "t", "t", "t", "t", "t", "t", "t", "t", "t", "t", "t", "t", "t", "t", "t", "t", "t", "t"], "episode_rewards": [-1.0, -4.0, -4.0, 7.0, 8.0, 4.0, -2.0, 9.0, 8.0, 7.0, 6.0, 6.0, 2.0, 3.0, 5.0, 5.0, 4.0, 1.0, 2.0, -2.0, 2.0, 2.0, 1.0, 4.0, 2.0, 1.0, 7.0, 3.0, 5.0, 4.0, 2.0, 1.0, 5.0, -2.0, 9.0, 3.0, 7.0, 2.0, 6.0, 2.0, -2.0, -1.0, 6.0, 5.0, 11.0, 7.0, 6.0, 6.0, 6.0, 5.0, 3.0, 7.0, 5.0, 5.0, 1.0, 8.0, 5.0, 3.0, 9.0, 5.0, 7.0, -6.0, 5.0, 6.0, 8.0, 4.0, 1.0, 11.0, 6.0, -6.0, 4.0, -3.0, 5.0, 7.0, 2.0, 10.0, 3.0, 6.0, 7.0, 6.0, 7.0, 4.0, 6.0, 6.0, 9.0, 2.0, 3.0, 7.0, 6.0, 13.0, 4.0, -1.0, 7.0, 8.0, 7.0, 1.0, 5.0, 8.0, 7.0, 6.0]}