{"episode_lengths": [2046, 3084, 3500, 2598, 3466, 3054, 2524, 3317, 2936, 3341, 3189, 1928, 2110, 3254, 2943, 2608, 2463, 2794, 2780, 2961, 3222, 2690, 2564, 2853, 3029, 3037, 3104, 2461, 3082, 3046, 2952, 3110, 3497, 3668, 3055, 2760, 2784, 3342, 1859, 4121, 2572, 3433, 2672, 2239, 2451, 2469, 3225, 3109, 3034, 1931, 2235, 3463, 2079, 2663, 2257, 3487, 3108, 2992, 2188, 2172, 3874, 2022, 2249, 2626, 3363, 2365, 2939, 2456, 2720, 4028, 2059, 3189, 3393, 2748, 2572, 3072, 2925, 2284, 2785, 2333, 2830, 2672, 2947, 3241, 3373, 2463, 2977, 3363, 3215, 2670, 3594, 2041, 2386, 2443, 2647, 4016, 1960, 2795, 3049, 3479], "timestamps": [1526917501.4410877, 1526917510.0550067, 1526917520.0596154, 1526917527.5248764, 1526917537.5181763, 1526917546.290077, 1526917553.5422747, 1526917563.04293, 1526917571.475659, 1526917581.2106752, 1526917590.283032, 1526917595.6976366, 1526917601.5924222, 1526917610.7834706, 1526917618.9953272, 1526917626.3132176, 1526917633.2264602, 1526917641.0515792, 1526917648.8482203, 1526917657.2840443, 1526917666.4388995, 1526917674.1325228, 1526917681.4326272, 1526917689.6048157, 1526917698.295239, 1526917707.0694382, 1526917715.9933674, 1526917723.0466564, 1526917731.8877382, 1526917740.609679, 1526917749.0833824, 1526917758.1944437, 1526917768.6002374, 1526917779.3119593, 1526917788.2146518, 1526917796.3093364, 1526917804.2954006, 1526917813.8104055, 1526917819.1430423, 1526917830.8147535, 1526917837.9933434, 1526917847.8441062, 1526917855.4859293, 1526917861.9136984, 1526917868.9234662, 1526917876.0199647, 1526917885.1707282, 1526917894.0084567, 1526917902.7006996, 1526917908.263901, 1526917914.6306124, 1526917924.4797149, 1526917930.3922644, 1526917938.1703029, 1526917944.6581774, 1526917954.5664885, 1526917963.3434184, 1526917971.764874, 1526917977.9787045, 1526917984.0794463, 1526917995.108368, 1526918000.941631, 1526918007.4159074, 1526918014.9530616, 1526918024.5830085, 1526918031.4266384, 1526918039.940605, 1526918047.177364, 1526918055.1298974, 1526918066.8777888, 1526918072.8201911, 1526918081.7507393, 1526918091.0752008, 1526918098.8369474, 1526918106.2064068, 1526918114.9445639, 1526918123.345851, 1526918129.963725, 1526918138.0848706, 1526918144.7800944, 1526918152.7500618, 1526918160.4240422, 1526918168.9382064, 1526918178.3727927, 1526918188.018292, 1526918195.024848, 1526918203.383005, 1526918212.80438, 1526918221.788265, 1526918229.4673958, 1526918239.8955054, 1526918245.764256, 1526918252.6810894, 1526918259.783233, 1526918267.510592, 1526918278.9404519, 1526918284.5213163, 1526918292.5407841, 1526918301.1786823, 1526918311.1601386], "initial_reset_timestamp": 1526917494.7589874, "episode_types": ["t", "t", "t", "t", "t", "t", "t", "t", "t", "t", "t", "t", "t", "t", "t", "t", "t", "t", "t", "t", "t", "t", "t", "t", "t", "t", "t", "t", "t", "t", "t", "t", "t", "t", "t", "t", "t", "t", "t", "t", "t", "t", "t", "t", "t", "t", "t", "t", "t", "t", "t", "t", "t", "t", "t", "t", "t", "t", "t", "t", "t", "t", "t", "t", "t", "t", "t", "t", "t", "t", "t", "t", "t", "t", "t", "t", "t", "t", "t", "t", "t", "t", "t", "t", "t", "t", "t", "t", "t", "t", "t", "t", "t", "t", "t", "t", "t", "t", "t", "t"], "episode_rewards": [-19.0, -14.0, -9.0, -16.0, -10.0, -13.0, -15.0, -11.0, -12.0, -9.0, -12.0, -17.0, -19.0, -12.0, -12.0, -16.0, -17.0, -12.0, -14.0, -14.0, -11.0, -13.0, -16.0, -12.0, -10.0, -12.0, -8.0, -14.0, -13.0, -16.0, -12.0, -13.0, -12.0, -3.0, -14.0, -16.0, -14.0, -8.0, -19.0, -5.0, -17.0, -13.0, -14.0, -16.0, -17.0, -17.0, -11.0, -13.0, -10.0, -18.0, -18.0, -11.0, -17.0, -14.0, -16.0, -11.0, -13.0, -14.0, -18.0, -17.0, -7.0, -19.0, -16.0, -15.0, -10.0, -18.0, -13.0, -16.0, -17.0, -6.0, -18.0, -13.0, -10.0, -14.0, -15.0, -15.0, -14.0, -17.0, -12.0, -14.0, -11.0, -13.0, -10.0, -13.0, -10.0, -20.0, -14.0, -11.0, -13.0, -15.0, -11.0, -17.0, -15.0, -17.0, -15.0, -6.0, -19.0, -14.0, -11.0, -9.0]}