{"episode_lengths": [2060, 2308, 1839, 1750, 1762, 2061, 1791, 1753, 1889, 1977, 2041, 2160, 1713, 1991, 1785, 3081, 2512, 1712, 1970, 1652, 2056, 1712, 1892, 2034, 1966, 1814, 2053, 2220, 2080, 2352, 1891, 1688, 1855, 2046, 1897, 2013, 2048, 1828, 1712, 2140, 2233, 2634, 2168, 2375, 1712, 2238, 1705, 1786, 1991, 2067, 3022, 2320, 1904, 1817, 1888, 2006, 2021, 1993, 1877, 1970, 2027, 1651, 1713, 1840, 1995, 1808, 1913, 1852, 1861, 2273, 1835, 1778, 2339, 2167, 2051, 1884, 2376, 2586, 1896, 1994, 2280, 2064, 1855, 1749, 1832, 1914, 1828, 1900, 1796, 1821, 1790, 1951, 1964, 1687, 2126, 1959, 2139, 1723, 1908, 1782], "timestamps": [1527192504.716578, 1527192510.9768279, 1527192515.9925032, 1527192520.6330342, 1527192525.2557492, 1527192530.5417995, 1527192535.2221584, 1527192539.79736, 1527192544.6917298, 1527192549.7902582, 1527192555.072287, 1527192560.736149, 1527192565.1486135, 1527192570.4512117, 1527192575.2032573, 1527192583.0625606, 1527192589.5422444, 1527192593.9673378, 1527192599.068461, 1527192603.395462, 1527192608.763227, 1527192613.231005, 1527192618.2198443, 1527192623.6018734, 1527192628.7326083, 1527192633.4211102, 1527192638.6803114, 1527192644.4003353, 1527192649.730763, 1527192655.7798696, 1527192660.7023146, 1527192665.126905, 1527192669.8546712, 1527192675.1784902, 1527192680.1475961, 1527192685.4051523, 1527192690.7491982, 1527192695.6382637, 1527192700.2554271, 1527192705.9521086, 1527192711.9077919, 1527192718.9483826, 1527192724.6120126, 1527192730.7385375, 1527192735.2053525, 1527192740.9922767, 1527192745.425503, 1527192750.235779, 1527192755.528395, 1527192760.9618971, 1527192769.0002894, 1527192775.2238367, 1527192780.2671561, 1527192785.131081, 1527192790.1906512, 1527192795.4695895, 1527192800.7301023, 1527192805.933837, 1527192810.8591485, 1527192816.0463638, 1527192821.3698575, 1527192825.7105846, 1527192830.2455885, 1527192835.0614996, 1527192840.3573256, 1527192845.0327196, 1527192850.0505826, 1527192854.9210117, 1527192859.7886941, 1527192865.79122, 1527192870.7447007, 1527192875.6445255, 1527192882.048269, 1527192887.9579415, 1527192893.5612268, 1527192898.7206092, 1527192905.2530923, 1527192912.344892, 1527192917.515365, 1527192922.9328992, 1527192929.2446856, 1527192934.9601445, 1527192940.019758, 1527192944.687569, 1527192949.6664593, 1527192954.894018, 1527192959.9541123, 1527192965.1695163, 1527192969.9437218, 1527192974.7190614, 1527192979.3623304, 1527192984.4035795, 1527192989.5668223, 1527192993.959822, 1527192999.4923568, 1527193004.655037, 1527193010.332391, 1527193014.825432, 1527193019.8174436, 1527193024.5247874], "initial_reset_timestamp": 1527192497.769168, "episode_types": ["t", "t", "t", "t", "t", "t", "t", "t", "t", "t", "t", "t", "t", "t", "t", "t", "t", "t", "t", "t", "t", "t", "t", "t", "t", "t", "t", "t", "t", "t", "t", "t", "t", "t", "t", "t", "t", "t", "t", "t", "t", "t", "t", "t", "t", "t", "t", "t", "t", "t", "t", "t", "t", "t", "t", "t", "t", "t", "t", "t", "t", "t", "t", "t", "t", "t", "t", "t", "t", "t", "t", "t", "t", "t", "t", "t", "t", "t", "t", "t", "t", "t", "t", "t", "t", "t", "t", "t", "t", "t", "t", "t", "t", "t", "t", "t", "t", "t", "t", "t"], "episode_rewards": [18.0, 16.0, 19.0, 20.0, 20.0, 17.0, 21.0, 18.0, 19.0, 19.0, 18.0, 16.0, 21.0, 19.0, 19.0, 14.0, 13.0, 21.0, 18.0, 21.0, 17.0, 21.0, 19.0, 17.0, 17.0, 20.0, 18.0, 16.0, 15.0, 17.0, 18.0, 20.0, 20.0, 19.0, 19.0, 18.0, 18.0, 19.0, 20.0, 17.0, 16.0, 13.0, 17.0, 17.0, 21.0, 16.0, 20.0, 21.0, 18.0, 18.0, 11.0, 15.0, 19.0, 19.0, 17.0, 18.0, 18.0, 15.0, 17.0, 21.0, 20.0, 21.0, 21.0, 19.0, 20.0, 20.0, 17.0, 19.0, 19.0, 16.0, 20.0, 20.0, 16.0, 17.0, 17.0, 20.0, 15.0, 15.0, 19.0, 19.0, 16.0, 18.0, 18.0, 21.0, 18.0, 18.0, 19.0, 19.0, 19.0, 19.0, 20.0, 18.0, 20.0, 20.0, 17.0, 17.0, 15.0, 20.0, 18.0, 20.0]}