{"episode_lengths": [1870, 1791, 1781, 1788, 1809, 1840, 1712, 1807, 2094, 1947, 1653, 1776, 1711, 1951, 1756, 1952, 1826, 2026, 1741, 1652, 1924, 1935, 1839, 1877, 1652, 1826, 1768, 1704, 1790, 1716, 1721, 1748, 1883, 1739, 1799, 1769, 1687, 1776, 1833, 1704, 1782, 1962, 1922, 1651, 1827, 1712, 2130, 1703, 1712, 1958, 1651, 1712, 2008, 1836, 1813, 1790, 1718, 1900, 1803, 1908, 1874, 1652, 1793, 1906, 2128, 2051, 2016, 1893, 1832, 1716, 1765, 1800, 2106, 1751, 1651, 1976, 1778, 1853, 1812, 1865, 1916, 2021, 1729, 1978, 1901, 1714, 1843, 1651, 1870, 1712, 2269, 1852, 1651, 1782, 1999, 1862, 2015, 1717, 1706, 1712], "timestamps": [1527185812.922993, 1527185818.1037428, 1527185823.1665707, 1527185828.2305145, 1527185833.3475637, 1527185838.5800667, 1527185843.419765, 1527185848.578919, 1527185854.636494, 1527185860.0887823, 1527185864.6939597, 1527185869.7288947, 1527185874.641205, 1527185880.3259754, 1527185885.463419, 1527185891.2107184, 1527185896.4830594, 1527185902.2937336, 1527185907.2998636, 1527185912.0776038, 1527185917.6022859, 1527185923.140963, 1527185928.3930209, 1527185933.749064, 1527185938.4968665, 1527185943.8144383, 1527185948.9789503, 1527185953.879878, 1527185959.0434096, 1527185964.015304, 1527185968.9597664, 1527185973.9611778, 1527185979.3188343, 1527185984.172289, 1527185989.246721, 1527185994.3073204, 1527185998.9885464, 1527186003.929981, 1527186009.0597713, 1527186013.860283, 1527186018.8611176, 1527186024.5273094, 1527186030.0175426, 1527186034.7160804, 1527186039.9589138, 1527186044.963272, 1527186051.0261102, 1527186055.872021, 1527186060.696306, 1527186066.330309, 1527186071.0445378, 1527186075.878047, 1527186081.6215234, 1527186086.8193927, 1527186091.910237, 1527186096.9270675, 1527186101.7278247, 1527186106.9336026, 1527186111.9059527, 1527186117.2308707, 1527186122.456766, 1527186127.0636148, 1527186132.1507132, 1527186137.507135, 1527186143.3990276, 1527186149.3185775, 1527186155.2540793, 1527186160.8167825, 1527186166.09063, 1527186171.0009012, 1527186176.0694156, 1527186181.3094113, 1527186187.5207367, 1527186192.5906434, 1527186197.4346116, 1527186203.217469, 1527186208.2719467, 1527186213.582974, 1527186218.75412, 1527186223.9604955, 1527186229.419335, 1527186235.253669, 1527186240.1670263, 1527186245.8502026, 1527186251.3146558, 1527186256.221001, 1527186261.4853566, 1527186266.3342052, 1527186271.8232765, 1527186276.7548833, 1527186283.2388663, 1527186288.4925125, 1527186293.1510897, 1527186298.2701414, 1527186303.9850652, 1527186309.3349566, 1527186315.1111612, 1527186320.0200784, 1527186324.875276, 1527186329.797692], "initial_reset_timestamp": 1527185806.0275495, "episode_types": ["t", "t", "t", "t", "t", "t", "t", "t", "t", "t", "t", "t", "t", "t", "t", "t", "t", "t", "t", "t", "t", "t", "t", "t", "t", "t", "t", "t", "t", "t", "t", "t", "t", "t", "t", "t", "t", "t", "t", "t", "t", "t", "t", "t", "t", "t", "t", "t", "t", "t", "t", "t", "t", "t", "t", "t", "t", "t", "t", "t", "t", "t", "t", "t", "t", "t", "t", "t", "t", "t", "t", "t", "t", "t", "t", "t", "t", "t", "t", "t", "t", "t", "t", "t", "t", "t", "t", "t", "t", "t", "t", "t", "t", "t", "t", "t", "t", "t", "t", "t"], "episode_rewards": [18.0, 20.0, 19.0, 20.0, 20.0, 18.0, 21.0, 20.0, 18.0, 17.0, 21.0, 20.0, 20.0, 18.0, 19.0, 20.0, 19.0, 19.0, 20.0, 21.0, 19.0, 18.0, 20.0, 18.0, 21.0, 19.0, 19.0, 20.0, 20.0, 20.0, 20.0, 20.0, 19.0, 20.0, 19.0, 19.0, 20.0, 19.0, 20.0, 20.0, 20.0, 17.0, 18.0, 21.0, 19.0, 21.0, 15.0, 20.0, 21.0, 18.0, 21.0, 21.0, 15.0, 19.0, 19.0, 20.0, 19.0, 19.0, 20.0, 17.0, 18.0, 21.0, 20.0, 18.0, 15.0, 16.0, 16.0, 20.0, 18.0, 20.0, 19.0, 19.0, 17.0, 19.0, 21.0, 17.0, 19.0, 18.0, 19.0, 17.0, 18.0, 18.0, 20.0, 18.0, 19.0, 20.0, 18.0, 21.0, 18.0, 21.0, 17.0, 18.0, 21.0, 19.0, 17.0, 19.0, 17.0, 20.0, 20.0, 21.0]}