{"episode_lengths": [1955, 2287, 1890, 2432, 1652, 1878, 2326, 1747, 2172, 2138, 2056, 1961, 2161, 2063, 1982, 2168, 1932, 2024, 2081, 1983, 1878, 1712, 2240, 2255, 1825, 2178, 1980, 2240, 2233, 2788, 2254, 1712, 1838, 1867, 2080, 1827, 2258, 2000, 2301, 1948, 1929, 1969, 2019, 1728, 1739, 1891, 1739, 2037, 2095, 1922, 1901, 2096, 2119, 2089, 2084, 1995, 1977, 2182, 1738, 1907, 1981, 2311, 2551, 1883, 1801, 1928, 1749, 2059, 2032, 1929, 1740, 2130, 1966, 1989, 1994, 2063, 1986, 1787, 1915, 1829, 1990, 1825, 1854, 2525, 1815, 1770, 2046, 2338, 2162, 1766, 1884, 2254, 2284, 1891, 1914, 1811, 2085, 2021, 2163, 1687], "timestamps": [1527081461.0007882, 1527081467.6969378, 1527081473.1632729, 1527081479.992246, 1527081484.6945577, 1527081490.0611076, 1527081496.6524792, 1527081501.6643078, 1527081507.8321826, 1527081513.8623452, 1527081519.6607385, 1527081525.1905832, 1527081531.2806768, 1527081537.1062412, 1527081542.6527395, 1527081548.7330215, 1527081554.14125, 1527081559.8048568, 1527081565.6621366, 1527081571.2917309, 1527081576.6662855, 1527081581.5708055, 1527081587.9763858, 1527081594.3823376, 1527081599.499224, 1527081605.606312, 1527081611.1542668, 1527081617.4371066, 1527081623.7772255, 1527081631.8535426, 1527081638.3811183, 1527081643.2797527, 1527081648.4975004, 1527081653.8092108, 1527081659.7085612, 1527081664.8922772, 1527081671.362666, 1527081677.203184, 1527081683.7886786, 1527081689.4230976, 1527081694.9828715, 1527081700.6035295, 1527081706.467473, 1527081711.4094281, 1527081716.4145386, 1527081721.9575496, 1527081726.9924173, 1527081732.8885972, 1527081738.972254, 1527081744.4007406, 1527081749.6614397, 1527081755.597364, 1527081761.645364, 1527081767.6001444, 1527081773.5335066, 1527081779.233922, 1527081784.9007475, 1527081791.1059308, 1527081796.1061406, 1527081801.5821047, 1527081807.222153, 1527081813.7927766, 1527081821.0571077, 1527081826.4480152, 1527081831.5975347, 1527081837.1505609, 1527081842.0800822, 1527081847.8509076, 1527081853.580144, 1527081858.9995868, 1527081863.9478924, 1527081869.9833794, 1527081875.611871, 1527081881.2992914, 1527081887.013376, 1527081892.8990867, 1527081898.5852146, 1527081903.7512443, 1527081909.2873971, 1527081914.5966911, 1527081920.5029132, 1527081925.89483, 1527081931.3808777, 1527081938.7852938, 1527081944.1181982, 1527081949.3198707, 1527081955.247164, 1527081962.02929, 1527081968.1175358, 1527081973.1488307, 1527081978.5215085, 1527081984.806123, 1527081991.0651097, 1527081996.3350694, 1527082001.8074288, 1527082006.9688654, 1527082012.9423776, 1527082018.6640842, 1527082024.8296585, 1527082029.6270316], "initial_reset_timestamp": 1527081453.8671782, "episode_types": ["t", "t", "t", "t", "t", "t", "t", "t", "t", "t", "t", "t", "t", "t", "t", "t", "t", "t", "t", "t", "t", "t", "t", "t", "t", "t", "t", "t", "t", "t", "t", "t", "t", "t", "t", "t", "t", "t", "t", "t", "t", "t", "t", "t", "t", "t", "t", "t", "t", "t", "t", "t", "t", "t", "t", "t", "t", "t", "t", "t", "t", "t", "t", "t", "t", "t", "t", "t", "t", "t", "t", "t", "t", "t", "t", "t", "t", "t", "t", "t", "t", "t", "t", "t", "t", "t", "t", "t", "t", "t", "t", "t", "t", "t", "t", "t", "t", "t", "t", "t"], "episode_rewards": [16.0, 15.0, 19.0, 14.0, 21.0, 18.0, 16.0, 20.0, 18.0, 15.0, 19.0, 18.0, 17.0, 16.0, 17.0, 16.0, 18.0, 19.0, 18.0, 17.0, 19.0, 21.0, 13.0, 14.0, 20.0, 18.0, 16.0, 17.0, 17.0, 18.0, 18.0, 21.0, 19.0, 18.0, 17.0, 20.0, 17.0, 17.0, 15.0, 17.0, 19.0, 19.0, 18.0, 20.0, 21.0, 18.0, 19.0, 17.0, 18.0, 18.0, 19.0, 18.0, 16.0, 18.0, 18.0, 18.0, 17.0, 17.0, 20.0, 20.0, 17.0, 15.0, 12.0, 18.0, 19.0, 19.0, 19.0, 17.0, 18.0, 19.0, 20.0, 18.0, 19.0, 18.0, 19.0, 14.0, 19.0, 19.0, 18.0, 18.0, 17.0, 20.0, 18.0, 17.0, 19.0, 19.0, 17.0, 18.0, 15.0, 19.0, 19.0, 16.0, 14.0, 19.0, 18.0, 18.0, 17.0, 18.0, 15.0, 20.0]}