{"episode_lengths": [3445, 4619, 3784, 3493, 4991, 3948, 3838, 4968, 4286, 4812, 3832, 4597, 4192, 4152, 4483, 3772, 4215, 4229, 3536, 3860, 4100, 3560, 3835, 3702, 4276, 4553, 4040, 3857, 4630, 4370, 3758, 4618, 5482, 4221, 4057, 4969, 4090, 4042, 4820, 4218, 3834, 4873, 3351, 4733, 4154, 4057, 3721, 4533, 3658, 4291, 4395, 3423, 4634, 4319, 4093, 4086, 4027, 3836, 4263, 4844, 3604, 3631, 3267, 3606, 3204, 3460, 3991, 4175, 3894, 4832, 4256, 3447, 4640, 4425, 4351, 5033, 4242, 3690, 4060, 3779, 4559, 3636, 4150, 3316, 3967, 3598, 4141, 3225, 4856, 4459, 3855, 4868, 3620, 4481, 3932, 4093, 4507, 5054, 4720, 4671], "timestamps": [1526933523.264832, 1526933536.221738, 1526933546.7089508, 1526933556.2481723, 1526933569.94427, 1526933580.7372627, 1526933591.1931772, 1526933605.0416815, 1526933616.9217987, 1526933630.3663409, 1526933641.1887991, 1526933653.7665994, 1526933665.3563588, 1526933677.0006285, 1526933689.4261677, 1526933699.9935036, 1526933711.52769, 1526933723.114182, 1526933732.8076973, 1526933743.4499755, 1526933754.9046278, 1526933764.8534787, 1526933775.583845, 1526933785.9573193, 1526933797.9934535, 1526933810.8325696, 1526933822.271775, 1526933833.2529333, 1526933846.3813431, 1526933858.967113, 1526933869.4535084, 1526933882.3860633, 1526933897.4465146, 1526933908.9302819, 1526933920.1710548, 1526933933.8545196, 1526933945.0583944, 1526933956.0654657, 1526933969.4708195, 1526933981.291988, 1526933991.9157789, 1526934005.5119362, 1526934014.8298378, 1526934027.9651797, 1526934039.621849, 1526934050.9643948, 1526934061.3944902, 1526934074.1615496, 1526934084.5682516, 1526934096.7400959, 1526934109.3178003, 1526934119.0061824, 1526934132.2183359, 1526934144.2316628, 1526934155.5461986, 1526934166.712446, 1526934177.8195665, 1526934188.4831426, 1526934200.198549, 1526934213.6717887, 1526934223.672192, 1526934233.6739287, 1526934242.668089, 1526934252.6232724, 1526934261.5763662, 1526934271.2439198, 1526934282.25996, 1526934293.946174, 1526934304.7848406, 1526934318.0361197, 1526934329.710026, 1526934339.1278663, 1526934351.9172869, 1526934364.2809181, 1526934376.4779713, 1526934390.4260092, 1526934402.27768, 1526934412.5231888, 1526934423.8319561, 1526934434.3363655, 1526934447.09166, 1526934457.3143659, 1526934468.9584453, 1526934478.3278682, 1526934489.4398177, 1526934499.6237304, 1526934511.3851964, 1526934520.4464357, 1526934533.7960775, 1526934546.2233088, 1526934557.1157386, 1526934570.677995, 1526934580.587201, 1526934592.7693036, 1526934603.7368348, 1526934615.184183, 1526934627.8165884, 1526934641.9676301, 1526934655.2668698, 1526934668.2243404], "initial_reset_timestamp": 1526933512.1759553, "episode_types": ["t", "t", "t", "t", "t", "t", "t", "t", "t", "t", "t", "t", "t", "t", "t", "t", "t", "t", "t", "t", "t", "t", "t", "t", "t", "t", "t", "t", "t", "t", "t", "t", "t", "t", "t", "t", "t", "t", "t", "t", "t", "t", "t", "t", "t", "t", "t", "t", "t", "t", "t", "t", "t", "t", "t", "t", "t", "t", "t", "t", "t", "t", "t", "t", "t", "t", "t", "t", "t", "t", "t", "t", "t", "t", "t", "t", "t", "t", "t", "t", "t", "t", "t", "t", "t", "t", "t", "t", "t", "t", "t", "t", "t", "t", "t", "t", "t", "t", "t", "t"], "episode_rewards": [-6.0, -4.0, -8.0, -8.0, -4.0, -7.0, -6.0, -8.0, -5.0, -5.0, -8.0, -4.0, -8.0, -3.0, -5.0, -5.0, 2.0, -5.0, -7.0, 9.0, -7.0, -8.0, -6.0, -8.0, -4.0, -2.0, -3.0, -6.0, -2.0, -5.0, -6.0, 4.0, -2.0, -4.0, -4.0, 2.0, -4.0, -9.0, 1.0, -11.0, -7.0, -2.0, -6.0, -5.0, -5.0, -7.0, -6.0, -7.0, -9.0, -4.0, -3.0, -7.0, 1.0, -4.0, -6.0, -7.0, -4.0, -4.0, -5.0, -3.0, -8.0, -7.0, -7.0, -7.0, -9.0, -9.0, -5.0, -7.0, -11.0, -1.0, -2.0, -7.0, -4.0, -2.0, -9.0, -1.0, -7.0, -11.0, -8.0, -8.0, -2.0, -9.0, -3.0, -13.0, -8.0, -11.0, -1.0, -8.0, -3.0, -3.0, -6.0, -3.0, -6.0, -2.0, -5.0, -9.0, -4.0, -1.0, -5.0, -5.0]}