{"episode_lengths": [2114, 2841, 2262, 2755, 2450, 2410, 1993, 1831, 2267, 1815, 2307, 2277, 2705, 1922, 2438, 2129, 1928, 1651, 2342, 1982, 1883, 2145, 2053, 1957, 2474, 2310, 1914, 1808, 2386, 2000, 2911, 1929, 2245, 2157, 2050, 1879, 2364, 2671, 2371, 1923, 2494, 2026, 2165, 2571, 2167, 2576, 2133, 2438, 2437, 1842, 2181, 2264, 2155, 2195, 1927, 2007, 2367, 2471, 2033, 2072, 1879, 1929, 2317, 2561, 1932, 1848, 1815, 2152, 2350, 1879, 2196, 2243, 2120, 3026, 2042, 1871, 1795, 3239, 2582, 2130, 2108, 1926, 1932, 2065, 2408, 2328, 2372, 2172, 2699, 2478, 2041, 1805, 2146, 2106, 2209, 2698, 2003, 2349, 2453, 2294], "timestamps": [1527047877.0819418, 1527047884.7306914, 1527047890.7175941, 1527047898.0231013, 1527047904.4619663, 1527047910.7658288, 1527047915.9242337, 1527047920.6229784, 1527047926.6611161, 1527047931.5165317, 1527047937.7431111, 1527047943.6984396, 1527047950.717275, 1527047955.7010605, 1527047962.0583038, 1527047967.6466596, 1527047972.757761, 1527047977.0765648, 1527047983.1505258, 1527047988.323719, 1527047993.1982176, 1527047998.847696, 1527048004.2972422, 1527048009.5220082, 1527048016.070911, 1527048022.1160548, 1527048027.0780787, 1527048031.8516707, 1527048038.3038201, 1527048043.7338283, 1527048051.6278627, 1527048056.8324552, 1527048062.8913896, 1527048068.6647456, 1527048074.1467297, 1527048079.2740767, 1527048085.5847826, 1527048092.7238994, 1527048099.1177676, 1527048104.2859378, 1527048111.0085852, 1527048116.488501, 1527048122.351812, 1527048129.0833695, 1527048134.8094156, 1527048141.6480634, 1527048147.3325179, 1527048153.8477051, 1527048160.3986113, 1527048165.2857735, 1527048171.0974424, 1527048177.1594617, 1527048182.9663808, 1527048188.8284786, 1527048193.99303, 1527048199.2997813, 1527048205.4662106, 1527048211.9022307, 1527048217.0415738, 1527048222.4521992, 1527048227.400218, 1527048232.4470425, 1527048238.5494301, 1527048245.3120892, 1527048250.4483035, 1527048255.3282244, 1527048260.1189897, 1527048265.7158017, 1527048271.929988, 1527048276.7673244, 1527048282.5302358, 1527048288.6677697, 1527048294.4238415, 1527048302.4754577, 1527048307.9179573, 1527048312.8814113, 1527048317.6481867, 1527048326.2748377, 1527048333.2552345, 1527048338.9656334, 1527048344.5306854, 1527048349.691899, 1527048354.7279794, 1527048360.0657933, 1527048366.3517723, 1527048372.44916, 1527048378.7172318, 1527048384.4183478, 1527048391.5224643, 1527048398.0829573, 1527048403.3915017, 1527048408.1449435, 1527048413.8914056, 1527048419.6355636, 1527048425.6119328, 1527048432.8882225, 1527048438.2812812, 1527048444.4907453, 1527048451.0007918, 1527048457.0659025], "initial_reset_timestamp": 1527047869.9177413, "episode_types": ["t", "t", "t", "t", "t", "t", "t", "t", "t", "t", "t", "t", "t", "t", "t", "t", "t", "t", "t", "t", "t", "t", "t", "t", "t", "t", "t", "t", "t", "t", "t", "t", "t", "t", "t", "t", "t", "t", "t", "t", "t", "t", "t", "t", "t", "t", "t", "t", "t", "t", "t", "t", "t", "t", "t", "t", "t", "t", "t", "t", "t", "t", "t", "t", "t", "t", "t", "t", "t", "t", "t", "t", "t", "t", "t", "t", "t", "t", "t", "t", "t", "t", "t", "t", "t", "t", "t", "t", "t", "t", "t", "t", "t", "t", "t", "t", "t", "t", "t", "t"], "episode_rewards": [18.0, 13.0, 15.0, 15.0, 16.0, 17.0, 19.0, 18.0, 15.0, 19.0, 16.0, 16.0, 13.0, 17.0, 13.0, 16.0, 18.0, 21.0, 15.0, 19.0, 19.0, 17.0, 18.0, 18.0, 16.0, 15.0, 20.0, 20.0, 15.0, 19.0, 11.0, 19.0, 17.0, 16.0, 16.0, 20.0, 16.0, 12.0, 15.0, 19.0, 16.0, 18.0, 17.0, 16.0, 16.0, 14.0, 18.0, 16.0, 15.0, 18.0, 15.0, 15.0, 14.0, 18.0, 19.0, 18.0, 16.0, 16.0, 19.0, 17.0, 20.0, 19.0, 17.0, 16.0, 19.0, 19.0, 19.0, 16.0, 18.0, 20.0, 18.0, 17.0, 16.0, 12.0, 18.0, 19.0, 20.0, 15.0, 13.0, 17.0, 17.0, 18.0, 18.0, 17.0, 13.0, 16.0, 14.0, 15.0, 15.0, 14.0, 19.0, 19.0, 19.0, 18.0, 16.0, 14.0, 18.0, 16.0, 16.0, 17.0]}