{"episode_lengths": [3349, 3438, 2914, 2803, 3563, 2945, 3431, 2801, 3240, 3871, 3041, 2887, 3533, 2677, 3346, 2774, 2885, 2903, 3419, 3463, 3417, 2961, 3140, 3990, 3420, 3036, 2929, 2858, 3374, 3315, 3032, 2698, 3491, 3410, 3239, 2840, 3705, 3319, 3115, 4095, 3168, 3393, 3435, 3058, 3333, 3265, 3008, 3204, 3490, 3394, 3071, 3578, 3222, 3441, 3847, 3185, 3159, 2887, 3470, 3047, 2826, 3331, 3777, 3199, 3403, 3172, 3549, 3182, 2988, 3207, 3437, 3266, 2991, 3163, 3259, 3144, 3068, 2949, 3084, 3311, 3294, 3509, 3567, 3552, 2933, 3441, 3189, 3821, 3582, 3093, 2898, 3115, 3091, 3097, 3165, 3428, 2773, 3471, 3459, 2965], "timestamps": [1527001144.5854805, 1527001153.783399, 1527001161.4833658, 1527001168.887596, 1527001178.3656209, 1527001186.0843859, 1527001195.0891206, 1527001202.5050259, 1527001211.043594, 1527001221.3254504, 1527001229.2539313, 1527001236.8215482, 1527001246.0545993, 1527001253.2523718, 1527001262.066318, 1527001269.3788056, 1527001277.056957, 1527001284.6918435, 1527001293.7603877, 1527001302.7977395, 1527001311.6824734, 1527001319.4013915, 1527001327.639616, 1527001338.1815794, 1527001347.0737941, 1527001355.034017, 1527001362.80602, 1527001370.4392598, 1527001379.3030386, 1527001388.051373, 1527001396.2227778, 1527001403.6062233, 1527001412.8787782, 1527001421.958562, 1527001430.4414454, 1527001437.9269564, 1527001447.7279117, 1527001456.338878, 1527001464.4031699, 1527001475.1386263, 1527001483.4597611, 1527001492.5621724, 1527001501.8066003, 1527001510.2181468, 1527001519.4555037, 1527001528.1462233, 1527001536.0871239, 1527001544.4701269, 1527001553.6787152, 1527001562.5450966, 1527001570.6591043, 1527001580.1811466, 1527001588.5376925, 1527001597.8508828, 1527001608.19939, 1527001616.7476795, 1527001625.2851925, 1527001633.044261, 1527001642.2979987, 1527001650.497385, 1527001658.087498, 1527001667.2417505, 1527001677.4360776, 1527001685.9568121, 1527001695.309213, 1527001703.6361501, 1527001712.8963964, 1527001721.3427486, 1527001729.2151036, 1527001737.6170883, 1527001746.581232, 1527001755.1237898, 1527001762.910878, 1527001771.1491973, 1527001779.6367671, 1527001787.8741677, 1527001795.8615005, 1527001803.5785692, 1527001811.7984746, 1527001820.6993508, 1527001829.4973655, 1527001838.7678146, 1527001848.186891, 1527001857.5238948, 1527001865.1848469, 1527001874.2865934, 1527001882.6880255, 1527001892.7112136, 1527001902.0509493, 1527001910.142023, 1527001917.797293, 1527001926.2171843, 1527001934.5427475, 1527001942.9042246, 1527001951.4845624, 1527001960.722748, 1527001968.2401357, 1527001977.5490944, 1527001986.808412, 1527001994.7188466], "initial_reset_timestamp": 1527001133.7548652, "episode_types": ["t", "t", "t", "t", "t", "t", "t", "t", "t", "t", "t", "t", "t", "t", "t", "t", "t", "t", "t", "t", "t", "t", "t", "t", "t", "t", "t", "t", "t", "t", "t", "t", "t", "t", "t", "t", "t", "t", "t", "t", "t", "t", "t", "t", "t", "t", "t", "t", "t", "t", "t", "t", "t", "t", "t", "t", "t", "t", "t", "t", "t", "t", "t", "t", "t", "t", "t", "t", "t", "t", "t", "t", "t", "t", "t", "t", "t", "t", "t", "t", "t", "t", "t", "t", "t", "t", "t", "t", "t", "t", "t", "t", "t", "t", "t", "t", "t", "t", "t", "t"], "episode_rewards": [7.0, 9.0, 14.0, 14.0, 7.0, 11.0, 7.0, 12.0, 6.0, 2.0, 13.0, 12.0, 7.0, 14.0, 6.0, 12.0, 12.0, 12.0, 6.0, 7.0, 8.0, 10.0, 14.0, 4.0, 6.0, 11.0, 11.0, 10.0, 7.0, 8.0, 10.0, 12.0, 5.0, 8.0, 8.0, 11.0, 10.0, 10.0, 11.0, 8.0, 9.0, 6.0, 7.0, 12.0, 9.0, 7.0, 11.0, 8.0, 7.0, 7.0, 10.0, 5.0, 11.0, 9.0, 11.0, 8.0, 10.0, 10.0, 9.0, 11.0, 11.0, 8.0, 7.0, 10.0, 8.0, 9.0, 5.0, 9.0, 10.0, 10.0, 10.0, 9.0, 10.0, 9.0, 9.0, 9.0, 11.0, 10.0, 10.0, 8.0, 11.0, 8.0, 5.0, 9.0, 11.0, 8.0, 8.0, 8.0, 6.0, 9.0, 11.0, 9.0, 10.0, 9.0, 7.0, 10.0, 12.0, 11.0, 8.0, 12.0]}