{"episode_lengths": [2139, 1713, 2200, 2562, 2162, 2153, 1844, 2353, 1946, 1864, 1891, 2046, 2060, 2213, 1761, 1971, 1926, 2253, 2105, 2063, 1851, 2291, 2269, 2147, 2482, 2115, 1833, 1790, 1954, 1741, 1802, 2040, 2225, 1807, 1964, 1777, 1899, 2014, 2428, 2028, 2112, 1996, 2133, 1652, 2312, 2179, 1968, 1896, 2020, 2271, 1899, 2218, 2142, 1850, 1838, 2187, 1910, 1896, 1886, 2205, 1878, 2142, 2543, 1808, 1818, 1760, 1864, 2027, 2108, 1931, 2266, 1975, 2347, 1864, 2138, 2416, 2408, 1988, 2330, 2243, 1900, 2618, 2093, 2114, 2095, 2189, 2172, 2259, 2532, 1977, 1689, 2093, 2085, 2354, 2050, 2039, 1979, 1985, 1654, 2285], "timestamps": [1527105756.6916354, 1527105761.1176262, 1527105766.8420615, 1527105773.4855542, 1527105779.0001726, 1527105784.535372, 1527105789.426432, 1527105795.7426314, 1527105800.9542809, 1527105805.6409187, 1527105810.5251882, 1527105815.6899977, 1527105820.885745, 1527105826.522135, 1527105831.0798554, 1527105836.1216912, 1527105841.0878813, 1527105846.953003, 1527105852.363357, 1527105857.77282, 1527105862.5865884, 1527105868.5939472, 1527105874.526553, 1527105880.041559, 1527105886.4348078, 1527105891.917766, 1527105896.679985, 1527105901.3522203, 1527105906.4823215, 1527105911.005238, 1527105915.7737393, 1527105921.131331, 1527105926.952071, 1527105931.6644437, 1527105936.7759783, 1527105941.5730195, 1527105946.754905, 1527105952.2380974, 1527105958.757088, 1527105964.0845382, 1527105969.492528, 1527105974.6781127, 1527105980.136574, 1527105984.3867273, 1527105990.2983758, 1527105995.8640447, 1527106000.9290662, 1527106005.8963046, 1527106011.171677, 1527106016.9524426, 1527106021.787203, 1527106027.565723, 1527106033.0927098, 1527106037.8187218, 1527106042.4697554, 1527106048.0852592, 1527106052.996737, 1527106057.8401182, 1527106062.650842, 1527106068.281484, 1527106073.14957, 1527106078.5619195, 1527106085.1215744, 1527106089.8333251, 1527106094.6294825, 1527106099.3127856, 1527106104.2477956, 1527106109.67681, 1527106115.2551374, 1527106120.358762, 1527106126.338978, 1527106131.5199792, 1527106137.5886583, 1527106142.3149447, 1527106147.9095824, 1527106154.2002447, 1527106160.643644, 1527106165.8938115, 1527106171.8470001, 1527106177.6186671, 1527106182.6508527, 1527106189.63769, 1527106195.1461372, 1527106200.6948953, 1527106206.1642687, 1527106211.7915823, 1527106217.3817737, 1527106223.3948214, 1527106229.9730456, 1527106235.0247412, 1527106239.3342345, 1527106244.7441375, 1527106250.1318507, 1527106256.19066, 1527106261.4477122, 1527106266.7305903, 1527106271.818445, 1527106276.9265425, 1527106281.129955, 1527106287.013874], "initial_reset_timestamp": 1527105749.5239823, "episode_types": ["t", "t", "t", "t", "t", "t", "t", "t", "t", "t", "t", "t", "t", "t", "t", "t", "t", "t", "t", "t", "t", "t", "t", "t", "t", "t", "t", "t", "t", "t", "t", "t", "t", "t", "t", "t", "t", "t", "t", "t", "t", "t", "t", "t", "t", "t", "t", "t", "t", "t", "t", "t", "t", "t", "t", "t", "t", "t", "t", "t", "t", "t", "t", "t", "t", "t", "t", "t", "t", "t", "t", "t", "t", "t", "t", "t", "t", "t", "t", "t", "t", "t", "t", "t", "t", "t", "t", "t", "t", "t", "t", "t", "t", "t", "t", "t", "t", "t", "t", "t"], "episode_rewards": [18.0, 21.0, 15.0, 15.0, 16.0, 15.0, 20.0, 16.0, 19.0, 19.0, 19.0, 18.0, 18.0, 17.0, 20.0, 19.0, 18.0, 18.0, 17.0, 16.0, 19.0, 14.0, 15.0, 19.0, 13.0, 16.0, 19.0, 20.0, 19.0, 20.0, 20.0, 18.0, 17.0, 19.0, 16.0, 20.0, 19.0, 18.0, 15.0, 20.0, 17.0, 19.0, 18.0, 21.0, 16.0, 16.0, 18.0, 18.0, 18.0, 16.0, 18.0, 16.0, 17.0, 19.0, 19.0, 16.0, 17.0, 18.0, 19.0, 14.0, 18.0, 17.0, 13.0, 19.0, 19.0, 19.0, 18.0, 17.0, 18.0, 18.0, 14.0, 20.0, 15.0, 19.0, 17.0, 14.0, 16.0, 17.0, 17.0, 16.0, 18.0, 16.0, 18.0, 18.0, 17.0, 14.0, 13.0, 17.0, 17.0, 19.0, 20.0, 18.0, 15.0, 16.0, 15.0, 17.0, 16.0, 18.0, 21.0, 15.0]}