{"episode_lengths": [2174, 2522, 1873, 1808, 2219, 2133, 2174, 2143, 1805, 1803, 2056, 2370, 1791, 2053, 2254, 1764, 1712, 1974, 1913, 2301, 1874, 2847, 1880, 1831, 2122, 1731, 2099, 2115, 2298, 1651, 1687, 1955, 2123, 2457, 1931, 2312, 2201, 1852, 1931, 1831, 1847, 1846, 2117, 1772, 2139, 1849, 2057, 2015, 1651, 1712, 1871, 2430, 1970, 2157, 1983, 2128, 2060, 2299, 2230, 1981, 2158, 1875, 1954, 1776, 2103, 2120, 2226, 2522, 2095, 1961, 1921, 2670, 1890, 2007, 1849, 1815, 2215, 1886, 2067, 2079, 2083, 2155, 2382, 2210, 1835, 2289, 1754, 2243, 2056, 2022, 2603, 2561, 1804, 2000, 2094, 2127, 1927, 1934, 2537, 1902], "timestamps": [1527070959.6882975, 1527070966.825815, 1527070972.1694133, 1527070977.3166418, 1527070983.605398, 1527070989.5496294, 1527070995.5688982, 1527071001.458051, 1527071006.4184082, 1527071011.40354, 1527071017.0788403, 1527071023.637562, 1527071028.58464, 1527071034.362118, 1527071040.7557068, 1527071045.8284652, 1527071050.7686324, 1527071056.3733673, 1527071061.7054074, 1527071068.0416276, 1527071073.3226006, 1527071081.3426657, 1527071086.6086798, 1527071091.788274, 1527071097.8336134, 1527071102.734476, 1527071108.7374036, 1527071114.7063737, 1527071121.1634517, 1527071125.7941864, 1527071130.5862737, 1527071136.192172, 1527071142.2364333, 1527071149.2231333, 1527071154.6159573, 1527071161.2089946, 1527071167.5110016, 1527071172.7993522, 1527071178.3671505, 1527071183.567982, 1527071188.8255816, 1527071193.9117677, 1527071199.742069, 1527071204.75214, 1527071210.8414247, 1527071216.13867, 1527071221.9874866, 1527071227.759855, 1527071232.492096, 1527071237.3296607, 1527071242.5669863, 1527071249.270998, 1527071254.788562, 1527071260.8615844, 1527071266.4833019, 1527071272.4497736, 1527071278.2554634, 1527071284.7363367, 1527071290.9683175, 1527071296.6081924, 1527071302.7467787, 1527071307.9592183, 1527071313.4020278, 1527071318.2579234, 1527071324.0183854, 1527071329.8034694, 1527071335.904373, 1527071342.8081708, 1527071348.7021852, 1527071354.3631966, 1527071359.715389, 1527071367.0934978, 1527071372.3161962, 1527071377.9839876, 1527071383.1101468, 1527071388.139148, 1527071394.3167183, 1527071399.5443594, 1527071405.2098336, 1527071410.9774191, 1527071416.7490013, 1527071422.792169, 1527071429.2611732, 1527071435.298481, 1527071440.3691616, 1527071446.691168, 1527071451.5873854, 1527071457.74594, 1527071463.4626918, 1527071469.1680028, 1527071476.426021, 1527071483.6323307, 1527071488.5537152, 1527071494.0817935, 1527071499.973324, 1527071506.0095136, 1527071511.4874632, 1527071517.0211642, 1527071524.5138812, 1527071530.0791678], "initial_reset_timestamp": 1527070952.0664146, "episode_types": ["t", "t", "t", "t", "t", "t", "t", "t", "t", "t", "t", "t", "t", "t", "t", "t", "t", "t", "t", "t", "t", "t", "t", "t", "t", "t", "t", "t", "t", "t", "t", "t", "t", "t", "t", "t", "t", "t", "t", "t", "t", "t", "t", "t", "t", "t", "t", "t", "t", "t", "t", "t", "t", "t", "t", "t", "t", "t", "t", "t", "t", "t", "t", "t", "t", "t", "t", "t", "t", "t", "t", "t", "t", "t", "t", "t", "t", "t", "t", "t", "t", "t", "t", "t", "t", "t", "t", "t", "t", "t", "t", "t", "t", "t", "t", "t", "t", "t", "t", "t"], "episode_rewards": [18.0, 15.0, 21.0, 20.0, 16.0, 18.0, 18.0, 18.0, 20.0, 20.0, 19.0, 17.0, 20.0, 18.0, 19.0, 20.0, 21.0, 19.0, 18.0, 18.0, 20.0, 9.0, 19.0, 21.0, 20.0, 20.0, 20.0, 18.0, 18.0, 21.0, 20.0, 18.0, 16.0, 16.0, 21.0, 16.0, 20.0, 20.0, 20.0, 21.0, 20.0, 20.0, 17.0, 21.0, 19.0, 20.0, 19.0, 17.0, 21.0, 21.0, 19.0, 14.0, 19.0, 18.0, 20.0, 18.0, 17.0, 16.0, 18.0, 19.0, 18.0, 21.0, 20.0, 20.0, 20.0, 19.0, 18.0, 13.0, 17.0, 19.0, 20.0, 18.0, 18.0, 19.0, 19.0, 21.0, 18.0, 17.0, 20.0, 19.0, 18.0, 16.0, 17.0, 17.0, 19.0, 19.0, 21.0, 19.0, 17.0, 18.0, 16.0, 17.0, 20.0, 19.0, 18.0, 17.0, 19.0, 21.0, 15.0, 18.0]}