{"episode_lengths": [1988, 1746, 2151, 1704, 1795, 2082, 1848, 2029, 2345, 1749, 1897, 2310, 2018, 1767, 2050, 1906, 2479, 1742, 2144, 1651, 2272, 2143, 1968, 2616, 2010, 1742, 1862, 1771, 2261, 2098, 1703, 1934, 2233, 1652, 1956, 1936, 1840, 1866, 2232, 2259, 1918, 1703, 1651, 1652, 2601, 2924, 2500, 2000, 2234, 2046, 1715, 1772, 1864, 1981, 1939, 2374, 2553, 2131, 2194, 1751, 1731, 2003, 2160, 2132, 2267, 1888, 2395, 1752, 1711, 1712, 2420, 1652, 1925, 1839, 2069, 1848, 1879, 1704, 2333, 2275, 2548, 2043, 2461, 2026, 2030, 2339, 2295, 2147, 1783, 1766, 2444, 1694, 2047, 2018, 2117, 2004, 2321, 2110, 2840, 1746], "timestamps": [1527205017.2022579, 1527205021.8125546, 1527205027.3476095, 1527205031.7285922, 1527205036.3944738, 1527205041.8071585, 1527205046.512313, 1527205051.9068277, 1527205058.144848, 1527205062.7488565, 1527205067.7303016, 1527205073.775662, 1527205079.1087317, 1527205083.7373087, 1527205089.2774458, 1527205094.233703, 1527205100.8355515, 1527205105.5150008, 1527205111.054896, 1527205115.2749715, 1527205121.1602917, 1527205126.703814, 1527205131.8197317, 1527205138.591332, 1527205143.761192, 1527205148.2704215, 1527205153.0647588, 1527205157.5960028, 1527205163.4420502, 1527205168.797809, 1527205173.219744, 1527205178.216094, 1527205183.9866955, 1527205188.3223772, 1527205193.393517, 1527205198.392228, 1527205203.1345131, 1527205207.862683, 1527205213.500605, 1527205219.3644032, 1527205224.3417146, 1527205228.680437, 1527205232.9623199, 1527205237.2078526, 1527205243.9706893, 1527205251.4894488, 1527205257.8141363, 1527205262.9430308, 1527205268.9073536, 1527205274.1404624, 1527205278.5579803, 1527205283.0313852, 1527205287.8229005, 1527205292.9044075, 1527205297.8503015, 1527205303.941317, 1527205310.4968238, 1527205316.0030243, 1527205321.6478682, 1527205326.078892, 1527205330.6313004, 1527205335.8953714, 1527205341.403317, 1527205346.8769886, 1527205352.7366505, 1527205357.600418, 1527205363.7811368, 1527205368.285243, 1527205372.830136, 1527205377.4087503, 1527205383.7383142, 1527205388.0947895, 1527205393.087799, 1527205397.954122, 1527205403.4670494, 1527205408.501381, 1527205413.5046732, 1527205418.0101993, 1527205424.1552517, 1527205430.138693, 1527205436.6595485, 1527205441.8554964, 1527205448.1463907, 1527205453.3301303, 1527205458.5482645, 1527205464.6308014, 1527205470.6071103, 1527205476.314572, 1527205481.0768957, 1527205485.8185494, 1527205492.205445, 1527205496.6070209, 1527205501.8385878, 1527205507.0396516, 1527205512.5539854, 1527205517.728245, 1527205523.7785683, 1527205529.2723966, 1527205536.55068, 1527205541.1577342], "initial_reset_timestamp": 1527205010.5372617, "episode_types": ["t", "t", "t", "t", "t", "t", "t", "t", "t", "t", "t", "t", "t", "t", "t", "t", "t", "t", "t", "t", "t", "t", "t", "t", "t", "t", "t", "t", "t", "t", "t", "t", "t", "t", "t", "t", "t", "t", "t", "t", "t", "t", "t", "t", "t", "t", "t", "t", "t", "t", "t", "t", "t", "t", "t", "t", "t", "t", "t", "t", "t", "t", "t", "t", "t", "t", "t", "t", "t", "t", "t", "t", "t", "t", "t", "t", "t", "t", "t", "t", "t", "t", "t", "t", "t", "t", "t", "t", "t", "t", "t", "t", "t", "t", "t", "t", "t", "t", "t", "t"], "episode_rewards": [20.0, 20.0, 17.0, 20.0, 19.0, 19.0, 18.0, 18.0, 14.0, 20.0, 20.0, 16.0, 17.0, 19.0, 17.0, 19.0, 18.0, 20.0, 16.0, 21.0, 18.0, 19.0, 18.0, 15.0, 18.0, 21.0, 18.0, 21.0, 17.0, 16.0, 20.0, 19.0, 15.0, 21.0, 18.0, 19.0, 20.0, 19.0, 17.0, 16.0, 16.0, 20.0, 21.0, 21.0, 16.0, 16.0, 15.0, 18.0, 15.0, 18.0, 20.0, 20.0, 19.0, 19.0, 19.0, 15.0, 17.0, 19.0, 18.0, 20.0, 20.0, 19.0, 19.0, 18.0, 17.0, 18.0, 19.0, 20.0, 21.0, 21.0, 16.0, 21.0, 20.0, 18.0, 19.0, 19.0, 18.0, 20.0, 17.0, 17.0, 14.0, 17.0, 16.0, 17.0, 17.0, 16.0, 18.0, 19.0, 21.0, 20.0, 13.0, 21.0, 19.0, 18.0, 19.0, 18.0, 15.0, 17.0, 13.0, 20.0]}