{"episode_lengths": [2659, 2587, 2839, 2550, 2249, 2687, 2316, 2671, 2833, 2739, 2623, 2347, 2782, 2431, 2052, 2875, 2365, 2647, 2808, 2807, 2634, 2311, 2843, 3384, 2697, 2752, 2772, 2568, 3018, 2864, 2564, 2545, 1981, 2107, 2165, 2671, 1968, 2618, 2305, 2588, 2226, 2647, 2667, 2675, 2963, 2976, 2863, 3010, 2207, 2818, 2770, 3046, 3053, 2330, 2439, 2914, 2429, 2848, 3053, 3383, 2677, 2903, 1960, 2282, 2811, 2722, 2474, 2951, 2786, 2921, 2120, 2216, 2756, 2853, 2870, 2973, 2826, 2675, 2696, 2099, 2685, 2481, 2622, 2637, 2278, 2317, 2495, 2964, 2880, 2779, 2967, 2093, 2224, 2651, 2204, 2554, 2962, 3195, 2719, 2400], "timestamps": [1526911160.4211476, 1526911167.501886, 1526911175.162671, 1526911182.067747, 1526911188.1230042, 1526911195.379522, 1526911201.6166341, 1526911208.9399056, 1526911216.7916107, 1526911224.321532, 1526911231.4991894, 1526911237.9055479, 1526911245.4358466, 1526911252.1032612, 1526911257.7422233, 1526911265.406441, 1526911271.921756, 1526911279.1977391, 1526911286.9448504, 1526911294.6039736, 1526911301.8081923, 1526911308.1955073, 1526911315.9960237, 1526911325.2560887, 1526911332.5003006, 1526911339.90909, 1526911347.310279, 1526911354.098365, 1526911362.118113, 1526911369.6764765, 1526911376.5246217, 1526911383.3788028, 1526911388.6961498, 1526911394.454973, 1526911400.5065947, 1526911407.9977422, 1526911413.4578981, 1526911420.709471, 1526911427.0461292, 1526911434.0513172, 1526911440.0976775, 1526911447.427713, 1526911454.8224478, 1526911462.3289099, 1526911470.5335772, 1526911478.7681887, 1526911486.6132233, 1526911494.9593768, 1526911501.039061, 1526911508.6992402, 1526911516.2190971, 1526911524.4109213, 1526911532.5165093, 1526911538.7012348, 1526911545.4148314, 1526911553.5210342, 1526911560.193388, 1526911567.9471133, 1526911576.3040926, 1526911585.5458956, 1526911592.8617392, 1526911600.765292, 1526911606.0101225, 1526911612.2150788, 1526911619.7785358, 1526911627.2060413, 1526911634.0036592, 1526911641.9191494, 1526911649.3437316, 1526911657.1272852, 1526911662.7812939, 1526911668.698525, 1526911676.1226947, 1526911683.8336082, 1526911691.624237, 1526911699.8542438, 1526911707.5817385, 1526911714.8538532, 1526911722.0682988, 1526911727.8436625, 1526911735.3397207, 1526911742.2081184, 1526911749.4436953, 1526911756.7109032, 1526911762.9109569, 1526911769.1430852, 1526911776.1553898, 1526911784.6601362, 1526911792.7654724, 1526911800.6037757, 1526911809.0427325, 1526911814.988826, 1526911821.2253218, 1526911828.5179873, 1526911834.4777665, 1526911841.4003005, 1526911849.348711, 1526911858.0336635, 1526911865.4398346, 1526911872.313139], "initial_reset_timestamp": 1526911152.233606, "episode_types": ["t", "t", "t", "t", "t", "t", "t", "t", "t", "t", "t", "t", "t", "t", "t", "t", "t", "t", "t", "t", "t", "t", "t", "t", "t", "t", "t", "t", "t", "t", "t", "t", "t", "t", "t", "t", "t", "t", "t", "t", "t", "t", "t", "t", "t", "t", "t", "t", "t", "t", "t", "t", "t", "t", "t", "t", "t", "t", "t", "t", "t", "t", "t", "t", "t", "t", "t", "t", "t", "t", "t", "t", "t", "t", "t", "t", "t", "t", "t", "t", "t", "t", "t", "t", "t", "t", "t", "t", "t", "t", "t", "t", "t", "t", "t", "t", "t", "t", "t", "t"], "episode_rewards": [-18.0, -19.0, -21.0, -19.0, -20.0, -20.0, -18.0, -17.0, -16.0, -19.0, -19.0, -18.0, -21.0, -18.0, -18.0, -17.0, -19.0, -20.0, -17.0, -19.0, -17.0, -18.0, -20.0, -17.0, -18.0, -18.0, -19.0, -20.0, -19.0, -17.0, -18.0, -21.0, -20.0, -19.0, -19.0, -15.0, -19.0, -18.0, -19.0, -17.0, -19.0, -17.0, -19.0, -17.0, -18.0, -18.0, -17.0, -18.0, -20.0, -17.0, -19.0, -16.0, -20.0, -20.0, -20.0, -16.0, -19.0, -20.0, -18.0, -15.0, -20.0, -18.0, -20.0, -20.0, -14.0, -18.0, -18.0, -20.0, -21.0, -20.0, -19.0, -19.0, -21.0, -15.0, -18.0, -16.0, -19.0, -20.0, -18.0, -21.0, -17.0, -20.0, -18.0, -19.0, -18.0, -20.0, -19.0, -16.0, -17.0, -20.0, -19.0, -19.0, -18.0, -19.0, -18.0, -18.0, -16.0, -17.0, -20.0, -19.0]}