{"episode_lengths": [2385, 3052, 2435, 2767, 3145, 2190, 2281, 3316, 2860, 2420, 2772, 2659, 2274, 2709, 2774, 2577, 2466, 2209, 2788, 2056, 2713, 3053, 2745, 2322, 2316, 3108, 2606, 2511, 2363, 2969, 2728, 3146, 2430, 2788, 3117, 2469, 2319, 2995, 2485, 2472, 2118, 3209, 2270, 2303, 3089, 2321, 2416, 2520, 2880, 2798, 2915, 2813, 2724, 2429, 2335, 2327, 2714, 2973, 2986, 2618, 2656, 2468, 2577, 2805, 3235, 2539, 2886, 2923, 2543, 2638, 2466, 2314, 2109, 3686, 2060, 2946, 2400, 2408, 2462, 2116, 2288, 2535, 2480, 2552, 3136, 2622, 2099, 2086, 3213, 2663, 2821, 2239, 2784, 3204, 2921, 2734, 2536, 2250, 2509, 2930], "timestamps": [1526915316.869614, 1526915325.6799476, 1526915332.72646, 1526915340.5408762, 1526915349.357154, 1526915355.4112685, 1526915361.651731, 1526915370.964636, 1526915378.904846, 1526915385.6369846, 1526915393.3064737, 1526915400.6864095, 1526915407.0658724, 1526915414.6574776, 1526915422.4770837, 1526915429.9648664, 1526915437.0918117, 1526915443.5534358, 1526915451.7384996, 1526915457.5038426, 1526915465.1934428, 1526915473.6935751, 1526915481.4305139, 1526915487.9654715, 1526915494.519074, 1526915503.253577, 1526915510.4829228, 1526915517.5323923, 1526915524.1200988, 1526915532.4155092, 1526915540.2302246, 1526915549.123097, 1526915555.9796467, 1526915563.8631694, 1526915572.7099636, 1526915579.726586, 1526915586.3387058, 1526915594.8483996, 1526915601.962292, 1526915609.0624635, 1526915615.0907004, 1526915624.2134933, 1526915630.7914999, 1526915637.3537862, 1526915646.1583662, 1526915652.8935032, 1526915659.9867988, 1526915667.4084895, 1526915675.8549922, 1526915683.7759361, 1526915691.9601698, 1526915699.8828683, 1526915707.5352316, 1526915714.3902757, 1526915721.1828032, 1526915727.853524, 1526915735.6853917, 1526915744.06908, 1526915752.205298, 1526915759.5683756, 1526915767.17968, 1526915774.2606416, 1526915781.7663486, 1526915789.9444811, 1526915799.07509, 1526915806.2208567, 1526915814.3601344, 1526915822.5581486, 1526915829.8202183, 1526915837.1962922, 1526915844.1830702, 1526915850.7634764, 1526915856.7686036, 1526915867.2902071, 1526915873.1602435, 1526915881.4565818, 1526915888.2443352, 1526915894.930607, 1526915901.8830633, 1526915907.8498404, 1526915914.144293, 1526915921.1541572, 1526915928.137222, 1526915935.1915576, 1526915943.9879732, 1526915951.3645039, 1526915957.281471, 1526915963.1579845, 1526915972.1423194, 1526915979.635659, 1526915987.504323, 1526915993.894996, 1526916001.7942085, 1526916010.7306325, 1526916018.8805976, 1526916026.5456069, 1526916033.6106834, 1526916039.8810806, 1526916046.773356, 1526916054.8996084], "initial_reset_timestamp": 1526915309.2403512, "episode_types": ["t", "t", "t", "t", "t", "t", "t", "t", "t", "t", "t", "t", "t", "t", "t", "t", "t", "t", "t", "t", "t", "t", "t", "t", "t", "t", "t", "t", "t", "t", "t", "t", "t", "t", "t", "t", "t", "t", "t", "t", "t", "t", "t", "t", "t", "t", "t", "t", "t", "t", "t", "t", "t", "t", "t", "t", "t", "t", "t", "t", "t", "t", "t", "t", "t", "t", "t", "t", "t", "t", "t", "t", "t", "t", "t", "t", "t", "t", "t", "t", "t", "t", "t", "t", "t", "t", "t", "t", "t", "t", "t", "t", "t", "t", "t", "t", "t", "t", "t", "t"], "episode_rewards": [-14.0, -12.0, -21.0, -17.0, -12.0, -18.0, -15.0, -16.0, -14.0, -16.0, -17.0, -14.0, -16.0, -14.0, -16.0, -18.0, -16.0, -18.0, -15.0, -16.0, -16.0, -13.0, -16.0, -16.0, -18.0, -15.0, -15.0, -16.0, -16.0, -15.0, -13.0, -9.0, -14.0, -15.0, -12.0, -12.0, -16.0, -12.0, -19.0, -17.0, -19.0, -13.0, -18.0, -16.0, -14.0, -18.0, -19.0, -17.0, -10.0, -12.0, -13.0, -12.0, -14.0, -13.0, -16.0, -19.0, -17.0, -14.0, -13.0, -15.0, -15.0, -18.0, -17.0, -14.0, -8.0, -16.0, -9.0, -16.0, -16.0, -15.0, -16.0, -17.0, -16.0, -7.0, -19.0, -16.0, -17.0, -15.0, -19.0, -20.0, -13.0, -17.0, -21.0, -19.0, -14.0, -13.0, -20.0, -21.0, -13.0, -14.0, -16.0, -18.0, -15.0, -15.0, -15.0, -13.0, -14.0, -16.0, -18.0, -11.0]}