{"episode_lengths": [3202, 2561, 3670, 3041, 3864, 4056, 3441, 3534, 3569, 3092, 3132, 3275, 3653, 3576, 3503, 2697, 3168, 4234, 3292, 4362, 3180, 3309, 4178, 2786, 4077, 3113, 3308, 3372, 2869, 3589, 4093, 3385, 3133, 3554, 2476, 3178, 3571, 3968, 3377, 2519, 4258, 3471, 3722, 3637, 2703, 4208, 2888, 3202, 3034, 2474, 2987, 3452, 3729, 3311, 3813, 3435, 2930, 2482, 2653, 3428, 3124, 4901, 3056, 2578, 3133, 3301, 2630, 3853, 3274, 3513, 2971, 3738, 3451, 3888, 3020, 2998, 3265, 3782, 3622, 3569, 3575, 3142, 2857, 2454, 2995, 3661, 2851, 3957, 3354, 2889, 3145, 2975, 2777, 3243, 2533, 4285, 3387, 3567, 4013, 3043], "timestamps": [1526919863.1272633, 1526919870.0920496, 1526919879.978675, 1526919888.270442, 1526919898.881884, 1526919910.0190032, 1526919919.856561, 1526919929.8651452, 1526919939.8125954, 1526919948.2879312, 1526919956.8158002, 1526919965.653284, 1526919975.5695717, 1526919985.5647235, 1526919995.383404, 1526920003.0003893, 1526920011.9884684, 1526920023.4495285, 1526920032.3530846, 1526920044.1368515, 1526920052.661196, 1526920061.5808692, 1526920073.0888743, 1526920080.5568268, 1526920091.5980606, 1526920100.039626, 1526920108.9981036, 1526920118.0915778, 1526920125.8608828, 1526920135.6075678, 1526920146.912496, 1526920156.2462456, 1526920164.7955194, 1526920174.6697292, 1526920181.507664, 1526920190.2668052, 1526920200.0913947, 1526920211.0044453, 1526920220.2934701, 1526920227.1896956, 1526920238.8723204, 1526920248.4507966, 1526920258.734712, 1526920268.746698, 1526920276.1132014, 1526920287.5543323, 1526920295.6222234, 1526920304.5426617, 1526920312.999107, 1526920319.7905684, 1526920327.9856627, 1526920337.3778121, 1526920347.575812, 1526920356.553689, 1526920366.9968045, 1526920376.4083095, 1526920384.309952, 1526920390.9843152, 1526920398.2404335, 1526920407.640308, 1526920416.2817225, 1526920429.8129008, 1526920438.4529855, 1526920445.726503, 1526920454.2332978, 1526920463.1680217, 1526920470.3024628, 1526920480.7038724, 1526920489.6222532, 1526920499.1732397, 1526920507.2469735, 1526920517.3377926, 1526920526.7738602, 1526920537.5675259, 1526920546.106507, 1526920554.2240198, 1526920563.0777264, 1526920573.3274553, 1526920583.1023216, 1526920592.7558358, 1526920602.5563283, 1526920611.3180292, 1526920619.298002, 1526920626.171886, 1526920634.6739218, 1526920644.9840639, 1526920653.0477319, 1526920663.9842653, 1526920673.364702, 1526920681.4358795, 1526920690.4371464, 1526920698.760425, 1526920706.4511945, 1526920715.3350482, 1526920722.4186542, 1526920734.061608, 1526920743.2566264, 1526920753.2137015, 1526920764.546119, 1526920773.09606], "initial_reset_timestamp": 1526919852.9815776, "episode_types": ["t", "t", "t", "t", "t", "t", "t", "t", "t", "t", "t", "t", "t", "t", "t", "t", "t", "t", "t", "t", "t", "t", "t", "t", "t", "t", "t", "t", "t", "t", "t", "t", "t", "t", "t", "t", "t", "t", "t", "t", "t", "t", "t", "t", "t", "t", "t", "t", "t", "t", "t", "t", "t", "t", "t", "t", "t", "t", "t", "t", "t", "t", "t", "t", "t", "t", "t", "t", "t", "t", "t", "t", "t", "t", "t", "t", "t", "t", "t", "t", "t", "t", "t", "t", "t", "t", "t", "t", "t", "t", "t", "t", "t", "t", "t", "t", "t", "t", "t", "t"], "episode_rewards": [-14.0, -18.0, -14.0, -15.0, -8.0, -11.0, -11.0, -13.0, -13.0, -17.0, -13.0, -13.0, -14.0, -13.0, -12.0, -15.0, -16.0, -12.0, -13.0, -11.0, -15.0, -14.0, -7.0, -15.0, -8.0, -15.0, -14.0, -14.0, -17.0, -12.0, -9.0, -16.0, -12.0, -13.0, -15.0, -15.0, -10.0, -9.0, -15.0, -16.0, -12.0, -15.0, -13.0, -14.0, -16.0, -7.0, -13.0, -17.0, -14.0, -16.0, -15.0, -15.0, -9.0, -13.0, -10.0, -15.0, -13.0, -16.0, -17.0, -14.0, -13.0, -6.0, -18.0, -17.0, -17.0, -15.0, -17.0, -8.0, -13.0, -8.0, -14.0, -13.0, -13.0, -10.0, -12.0, -15.0, -15.0, -10.0, -15.0, -10.0, -11.0, -12.0, -16.0, -16.0, -19.0, -11.0, -17.0, -12.0, -11.0, -13.0, -17.0, -13.0, -15.0, -14.0, -18.0, -8.0, -16.0, -9.0, -9.0, -15.0]}