{"episode_lengths": [2084, 1902, 2213, 2078, 1712, 2420, 1739, 2172, 1827, 1886, 2207, 1786, 1931, 1901, 2138, 1883, 2277, 1701, 2223, 2538, 2237, 2593, 1764, 1771, 1740, 1834, 1988, 1651, 1967, 2302, 2040, 2225, 2743, 2050, 2434, 2035, 2061, 1775, 1936, 1711, 1978, 2388, 1836, 2098, 2688, 1820, 2088, 1854, 1799, 2731, 2346, 1944, 1741, 1772, 1953, 1951, 1975, 2263, 1884, 1889, 2473, 2295, 1816, 2439, 2505, 1940, 1950, 2459, 2338, 2134, 1954, 2014, 2082, 2299, 1933, 2105, 2010, 1793, 1944, 1904, 2824, 1891, 1711, 2070, 2390, 2171, 2165, 1902, 1951, 1863, 2411, 1936, 1973, 1999, 2432, 2190, 1748, 1651, 2237, 2237], "timestamps": [1527091649.5664327, 1527091654.665914, 1527091660.4548292, 1527091665.835701, 1527091670.346786, 1527091676.7260323, 1527091681.2582905, 1527091686.9730077, 1527091691.780011, 1527091696.8315012, 1527091702.674544, 1527091707.4783626, 1527091712.694478, 1527091717.8317473, 1527091723.710407, 1527091728.918257, 1527091734.9674501, 1527091739.4164758, 1527091745.2855935, 1527091751.9761715, 1527091757.8391619, 1527091764.7247362, 1527091769.4116735, 1527091774.3258996, 1527091778.9303448, 1527091783.7893817, 1527091789.074891, 1527091793.480419, 1527091798.647314, 1527091804.7526202, 1527091810.153795, 1527091816.0850632, 1527091823.4573143, 1527091828.8857903, 1527091835.2824214, 1527091840.626312, 1527091846.1309407, 1527091850.882405, 1527091855.9216304, 1527091860.5333235, 1527091865.8335354, 1527091872.3539245, 1527091877.3991416, 1527091883.2788107, 1527091890.5474977, 1527091895.6270127, 1527091901.25007, 1527091906.3253975, 1527091911.1157832, 1527091918.3169415, 1527091924.4915442, 1527091929.640689, 1527091934.2596633, 1527091938.9046319, 1527091943.9767923, 1527091949.095887, 1527091954.2088733, 1527091960.1084588, 1527091965.0211484, 1527091969.997574, 1527091976.4363286, 1527091982.437053, 1527091987.2025461, 1527091993.6436827, 1527092000.1431851, 1527092005.1836038, 1527092010.2378726, 1527092016.7295318, 1527092022.888546, 1527092028.451146, 1527092033.589857, 1527092039.0818264, 1527092044.7631621, 1527092050.8324401, 1527092055.877006, 1527092061.3660321, 1527092066.8197203, 1527092071.770793, 1527092077.0986164, 1527092082.4003286, 1527092090.1640518, 1527092095.3810582, 1527092100.047903, 1527092105.6696587, 1527092112.240127, 1527092118.1611066, 1527092124.1112816, 1527092129.2003222, 1527092134.2769272, 1527092139.2211266, 1527092145.5489326, 1527092150.71958, 1527092155.892467, 1527092161.1338892, 1527092167.596137, 1527092173.3716528, 1527092177.9156601, 1527092182.2706704, 1527092188.0916932, 1527092194.0275817], "initial_reset_timestamp": 1527091642.4263232, "episode_types": ["t", "t", "t", "t", "t", "t", "t", "t", "t", "t", "t", "t", "t", "t", "t", "t", "t", "t", "t", "t", "t", "t", "t", "t", "t", "t", "t", "t", "t", "t", "t", "t", "t", "t", "t", "t", "t", "t", "t", "t", "t", "t", "t", "t", "t", "t", "t", "t", "t", "t", "t", "t", "t", "t", "t", "t", "t", "t", "t", "t", "t", "t", "t", "t", "t", "t", "t", "t", "t", "t", "t", "t", "t", "t", "t", "t", "t", "t", "t", "t", "t", "t", "t", "t", "t", "t", "t", "t", "t", "t", "t", "t", "t", "t", "t", "t", "t", "t", "t", "t"], "episode_rewards": [18.0, 18.0, 17.0, 15.0, 21.0, 14.0, 20.0, 17.0, 20.0, 18.0, 16.0, 20.0, 19.0, 20.0, 19.0, 20.0, 17.0, 19.0, 18.0, 16.0, 19.0, 11.0, 21.0, 21.0, 20.0, 20.0, 17.0, 21.0, 18.0, 16.0, 18.0, 17.0, 11.0, 15.0, 16.0, 17.0, 16.0, 19.0, 19.0, 21.0, 19.0, 15.0, 19.0, 17.0, 12.0, 19.0, 20.0, 19.0, 20.0, 12.0, 16.0, 18.0, 20.0, 21.0, 19.0, 18.0, 18.0, 15.0, 18.0, 19.0, 14.0, 15.0, 21.0, 17.0, 14.0, 17.0, 20.0, 15.0, 14.0, 18.0, 18.0, 18.0, 17.0, 14.0, 18.0, 17.0, 16.0, 20.0, 18.0, 17.0, 12.0, 18.0, 21.0, 17.0, 14.0, 17.0, 17.0, 20.0, 17.0, 20.0, 15.0, 19.0, 18.0, 18.0, 13.0, 16.0, 20.0, 21.0, 15.0, 16.0]}