{"episode_lengths": [4052, 4132, 5042, 5042, 4441, 4841, 4468, 4026, 4857, 5653, 4307, 5179, 5260, 4214, 5460, 4595, 4130, 5404, 4683, 4307, 5388, 5279, 4349, 3792, 4583, 5265, 4760, 3628, 4807, 5044, 3962, 4370, 4120, 4969, 4631, 4165, 5445, 4664, 4219, 3828, 5199, 5780, 4213, 4570, 4241, 4552, 4675, 4861, 3807, 4457, 4957, 4829, 4289, 5459, 4354, 4099, 4015, 3688, 4228, 3799, 3465, 4337, 4189, 4239, 4299, 3593, 4613, 4614, 4227, 4330, 5376, 4294, 4594, 4925, 4859, 6182, 4819, 4585, 4427, 5112, 5133, 5233, 4389, 4881, 4301, 5133, 4128, 4657, 4429, 5477, 5601, 4490, 4140, 5082, 5855, 4739, 4286, 4278, 4038, 4319], "timestamps": [1526943628.4398785, 1526943639.9603186, 1526943653.8398755, 1526943667.903871, 1526943680.413446, 1526943694.0482428, 1526943706.5865548, 1526943717.7456374, 1526943731.223512, 1526943746.8574128, 1526943758.9661238, 1526943773.5774667, 1526943788.3094206, 1526943800.2784843, 1526943815.5833697, 1526943828.6245525, 1526943840.0868957, 1526943854.8421507, 1526943867.851899, 1526943879.9632244, 1526943895.057184, 1526943909.574472, 1526943921.5470212, 1526943931.9079227, 1526943944.454254, 1526943958.949487, 1526943972.1113977, 1526943982.1183732, 1526943995.5759244, 1526944009.7404432, 1526944021.014875, 1526944033.430165, 1526944045.2429295, 1526944059.1654754, 1526944072.3803287, 1526944084.1442292, 1526944099.5976677, 1526944112.623386, 1526944124.4551575, 1526944135.137154, 1526944150.1106393, 1526944166.294855, 1526944177.9097931, 1526944190.473127, 1526944202.1994712, 1526944214.8982642, 1526944228.203489, 1526944242.0367608, 1526944252.886334, 1526944265.5706527, 1526944279.3502696, 1526944292.5625024, 1526944304.5357745, 1526944319.6487074, 1526944331.6015654, 1526944342.804721, 1526944353.738715, 1526944364.0124853, 1526944376.002711, 1526944386.546692, 1526944396.1213949, 1526944408.2285333, 1526944420.0332432, 1526944431.9880652, 1526944444.0154696, 1526944454.3163626, 1526944467.7268362, 1526944480.9263616, 1526944492.9367673, 1526944505.0382354, 1526944520.0223205, 1526944531.7669075, 1526944544.291142, 1526944557.9243183, 1526944571.361276, 1526944588.3961515, 1526944601.973699, 1526944614.769068, 1526944626.8767023, 1526944640.8487127, 1526944655.2362173, 1526944669.6895072, 1526944681.9553456, 1526944695.4406261, 1526944707.4148057, 1526944721.7523215, 1526944733.1528027, 1526944746.1141746, 1526944758.2963364, 1526944773.2954612, 1526944788.781369, 1526944801.4355505, 1526944812.830322, 1526944826.9575982, 1526944843.64768, 1526944856.7468674, 1526944868.5405085, 1526944880.252613, 1526944891.3509536, 1526944903.4090345], "initial_reset_timestamp": 1526943615.3384137, "episode_types": ["t", "t", "t", "t", "t", "t", "t", "t", "t", "t", "t", "t", "t", "t", "t", "t", "t", "t", "t", "t", "t", "t", "t", "t", "t", "t", "t", "t", "t", "t", "t", "t", "t", "t", "t", "t", "t", "t", "t", "t", "t", "t", "t", "t", "t", "t", "t", "t", "t", "t", "t", "t", "t", "t", "t", "t", "t", "t", "t", "t", "t", "t", "t", "t", "t", "t", "t", "t", "t", "t", "t", "t", "t", "t", "t", "t", "t", "t", "t", "t", "t", "t", "t", "t", "t", "t", "t", "t", "t", "t", "t", "t", "t", "t", "t", "t", "t", "t", "t", "t"], "episode_rewards": [7.0, 6.0, 4.0, -2.0, 3.0, 6.0, 5.0, 2.0, -5.0, 3.0, 1.0, 1.0, 5.0, -1.0, 2.0, -5.0, 1.0, -5.0, -7.0, -5.0, -1.0, -1.0, 5.0, -5.0, -1.0, 5.0, 2.0, 6.0, -1.0, -1.0, 6.0, -3.0, 6.0, -4.0, -4.0, 6.0, 1.0, -4.0, 7.0, -4.0, -2.0, 6.0, 4.0, 3.0, 10.0, -3.0, 6.0, 5.0, -4.0, -5.0, -2.0, 3.0, 6.0, 2.0, -7.0, 8.0, -4.0, 5.0, -5.0, -6.0, 5.0, -1.0, 8.0, 2.0, -2.0, -4.0, -5.0, 7.0, -5.0, -5.0, -3.0, 3.0, -7.0, 3.0, 5.0, -2.0, -3.0, -1.0, 6.0, -1.0, -5.0, -1.0, 1.0, -1.0, -5.0, -1.0, 9.0, 3.0, 6.0, -1.0, 1.0, 7.0, -2.0, 5.0, 1.0, 3.0, -7.0, 2.0, -7.0, 3.0]}