{"episode_types": ["t", "t", "t", "t", "t", "t", "t", "t", "t", "t", "t", "t", "t", "t", "t", "t", "t", "t", "t", "t", "t", "t", "t", "t", "t", "t", "t", "t", "t", "t", "t", "t", "t", "t", "t", "t", "t", "t", "t", "t", "t", "t", "t", "t", "t", "t", "t", "t", "t", "t", "t", "t", "t", "t", "t", "t", "t", "t", "t", "t", "t", "t", "t", "t", "t", "t", "t", "t", "t", "t", "t", "t", "t", "t", "t", "t", "t", "t", "t", "t", "t", "t", "t", "t", "t", "t", "t", "t", "t", "t", "t", "t", "t", "t", "t", "t", "t", "t", "t", "t"], "episode_rewards": [-90.0, -80.0, -136.0, -103.0, -94.0, -88.0, -95.0, -90.0, -91.0, -91.0, -88.0, -119.0, -73.0, -100.0, -91.0, -141.0, -112.0, -111.0, -133.0, -90.0, -87.0, -84.0, -95.0, -139.0, -88.0, -92.0, -160.0, -97.0, -74.0, -95.0, -81.0, -116.0, -110.0, -120.0, -115.0, -191.0, -114.0, -125.0, -92.0, -89.0, -116.0, -124.0, -115.0, -91.0, -83.0, -110.0, -121.0, -92.0, -89.0, -76.0, -90.0, -132.0, -112.0, -114.0, -93.0, -111.0, -161.0, -97.0, -147.0, -119.0, -90.0, -110.0, -92.0, -115.0, -101.0, -129.0, -113.0, -133.0, -82.0, -93.0, -99.0, -109.0, -112.0, -136.0, -90.0, -157.0, -84.0, -390.0, -89.0, -136.0, -87.0, -105.0, -117.0, -91.0, -145.0, -128.0, -103.0, -77.0, -89.0, -204.0, -109.0, -159.0, -117.0, -113.0, -223.0, -96.0, -205.0, -93.0, -114.0, -118.0], "initial_reset_timestamp": 1526421174.5623348, "timestamps": [1526421176.8019009, 1526421177.8333976, 1526421179.5742319, 1526421180.7167008, 1526421181.7275822, 1526421182.7903476, 1526421183.861878, 1526421184.882678, 1526421185.846314, 1526421186.7981029, 1526421187.8012373, 1526421189.253433, 1526421190.113361, 1526421191.269587, 1526421192.317913, 1526421193.9396424, 1526421195.1134589, 1526421196.0820844, 1526421197.2490628, 1526421198.0384746, 1526421198.803384, 1526421199.5476809, 1526421200.39242, 1526421201.6185424, 1526421202.4446185, 1526421203.245098, 1526421204.6380174, 1526421205.4905255, 1526421206.1302338, 1526421207.5912435, 1526421209.4510376, 1526421212.0761783, 1526421214.6201344, 1526421217.3816216, 1526421220.019187, 1526421225.4992406, 1526421228.9566789, 1526421232.573994, 1526421235.1606839, 1526421237.7109666, 1526421240.9640734, 1526421244.4650185, 1526421247.6879122, 1526421250.3539271, 1526421252.7191324, 1526421255.9225945, 1526421259.4085987, 1526421262.0510013, 1526421264.5979354, 1526421266.6770573, 1526421269.3663044, 1526421273.7150254, 1526421277.1512918, 1526421280.541474, 1526421283.0609186, 1526421286.3474123, 1526421291.1349864, 1526421293.9211211, 1526421298.0534263, 1526421301.4539316, 1526421303.9036663, 1526421307.1142986, 1526421309.6310472, 1526421312.8130655, 1526421315.6935241, 1526421319.4780161, 1526421322.861657, 1526421326.65153, 1526421328.9598548, 1526421331.6946306, 1526421334.472731, 1526421337.559411, 1526421340.5393252, 1526421344.7825851, 1526421347.7293038, 1526421352.1727667, 1526421354.600081, 1526421365.7372994, 1526421368.3542197, 1526421372.4470274, 1526421375.0131793, 1526421378.0619407, 1526421382.4373631, 1526421385.7360144, 1526421390.0104444, 1526421393.4836445, 1526421395.700036, 1526421396.5545182, 1526421397.6965635, 1526421399.8700235, 1526421401.0222046, 1526421403.0006402, 1526421404.33737, 1526421405.6010816, 1526421408.050889, 1526421409.2868207, 1526421411.5495164, 1526421412.5623488, 1526421413.8917735, 1526421415.1411393], "episode_lengths": [91, 81, 137, 104, 95, 89, 96, 91, 92, 92, 89, 120, 74, 101, 92, 142, 113, 112, 134, 91, 88, 85, 96, 140, 89, 93, 161, 98, 75, 96, 82, 117, 111, 121, 116, 192, 115, 126, 93, 90, 117, 125, 116, 92, 84, 111, 122, 93, 90, 77, 91, 133, 113, 115, 94, 112, 162, 98, 148, 120, 91, 111, 93, 116, 102, 130, 114, 134, 83, 94, 100, 110, 113, 137, 91, 158, 85, 391, 90, 137, 88, 106, 118, 92, 146, 129, 104, 78, 90, 205, 110, 160, 118, 114, 224, 97, 206, 94, 115, 119]}