{"episode_types": ["t", "t", "t", "t", "t", "t", "t", "t", "t", "t", "t", "t", "t", "t", "t", "t", "t", "t", "t", "t", "t", "t", "t", "t", "t", "t", "t", "t", "t", "t", "t", "t", "t", "t", "t", "t", "t", "t", "t", "t", "t", "t", "t", "t", "t", "t", "t", "t", "t", "t", "t", "t", "t", "t", "t", "t", "t", "t", "t", "t", "t", "t", "t", "t", "t", "t", "t", "t", "t", "t", "t", "t", "t", "t", "t", "t", "t", "t", "t", "t", "t", "t", "t", "t", "t", "t", "t", "t", "t", "t", "t", "t", "t", "t", "t", "t", "t", "t", "t", "t"], "episode_rewards": [-76.0, -125.0, -101.0, -75.0, -129.0, -99.0, -82.0, -94.0, -92.0, -87.0, -93.0, -104.0, -85.0, -77.0, -82.0, -108.0, -108.0, -122.0, -100.0, -89.0, -81.0, -113.0, -98.0, -137.0, -95.0, -82.0, -152.0, -146.0, -115.0, -124.0, -86.0, -103.0, -166.0, -82.0, -86.0, -107.0, -116.0, -80.0, -87.0, -95.0, -104.0, -137.0, -96.0, -144.0, -96.0, -82.0, -91.0, -76.0, -97.0, -76.0, -91.0, -95.0, -97.0, -156.0, -99.0, -76.0, -102.0, -115.0, -86.0, -97.0, -76.0, -96.0, -127.0, -90.0, -149.0, -115.0, -115.0, -113.0, -131.0, -91.0, -84.0, -121.0, -89.0, -117.0, -112.0, -114.0, -324.0, -109.0, -140.0, -99.0, -97.0, -88.0, -140.0, -76.0, -114.0, -97.0, -105.0, -150.0, -95.0, -181.0, -120.0, -86.0, -181.0, -83.0, -146.0, -79.0, -114.0, -331.0, -108.0, -168.0], "initial_reset_timestamp": 1526395990.1830618, "timestamps": [1526395991.7295732, 1526395992.8862228, 1526395993.71425, 1526395994.3428037, 1526395995.4078212, 1526395996.230946, 1526395996.9082568, 1526395997.6737783, 1526395998.426, 1526395999.1441708, 1526395999.9029746, 1526396000.7495813, 1526396001.4476478, 1526396002.0969243, 1526396002.7699068, 1526396003.6488547, 1526396004.543096, 1526396005.5491045, 1526396006.36481, 1526396007.0906053, 1526396007.7504385, 1526396008.6665363, 1526396009.466102, 1526396010.5813866, 1526396011.3644361, 1526396012.0457215, 1526396013.2783194, 1526396014.4646385, 1526396015.4039881, 1526396016.4293358, 1526396017.146387, 1526396017.9936259, 1526396019.356125, 1526396020.0298212, 1526396020.734028, 1526396021.6115866, 1526396022.5550253, 1526396023.2117436, 1526396023.9264162, 1526396024.6980407, 1526396025.5524197, 1526396026.672695, 1526396027.4641206, 1526396028.6365345, 1526396029.4244869, 1526396030.107504, 1526396030.8523266, 1526396031.485288, 1526396032.281986, 1526396032.9002318, 1526396033.6399305, 1526396034.413865, 1526396035.2153482, 1526396036.4998195, 1526396037.3057826, 1526396037.9289804, 1526396038.752279, 1526396039.6815348, 1526396040.381509, 1526396041.1823273, 1526396041.7963433, 1526396042.582968, 1526396043.6166246, 1526396044.3613744, 1526396045.5734572, 1526396046.5175588, 1526396047.466716, 1526396048.3831587, 1526396049.443558, 1526396050.191502, 1526396050.88177, 1526396051.8583016, 1526396052.5818484, 1526396053.55211, 1526396054.4657102, 1526396055.409392, 1526396058.0227184, 1526396058.9063861, 1526396060.0550551, 1526396060.8578994, 1526396061.6500516, 1526396062.3678133, 1526396063.5037322, 1526396064.119865, 1526396065.0426328, 1526396065.8317163, 1526396066.6814113, 1526396067.8893692, 1526396068.6530309, 1526396070.1143532, 1526396071.0926192, 1526396071.7920542, 1526396073.2685945, 1526396073.9529774, 1526396075.151756, 1526396075.7908978, 1526396076.716752, 1526396082.0146027, 1526396084.4139187, 1526396088.124927], "episode_lengths": [77, 126, 102, 76, 130, 100, 83, 95, 93, 88, 94, 105, 86, 78, 83, 109, 109, 123, 101, 90, 82, 114, 99, 138, 96, 83, 153, 147, 116, 125, 87, 104, 167, 83, 87, 108, 117, 81, 88, 96, 105, 138, 97, 145, 97, 83, 92, 77, 98, 77, 92, 96, 98, 157, 100, 77, 103, 116, 87, 98, 77, 97, 128, 91, 150, 116, 116, 114, 132, 92, 85, 122, 90, 118, 113, 115, 325, 110, 141, 100, 98, 89, 141, 77, 115, 98, 106, 151, 96, 182, 121, 87, 182, 84, 147, 80, 115, 332, 109, 169]}