{"episode_types": ["t", "t", "t", "t", "t", "t", "t", "t", "t", "t", "t", "t", "t", "t", "t", "t", "t", "t", "t", "t", "t", "t", "t", "t", "t", "t", "t", "t", "t", "t", "t", "t", "t", "t", "t", "t", "t", "t", "t", "t", "t", "t", "t", "t", "t", "t", "t", "t", "t", "t", "t", "t", "t", "t", "t", "t", "t", "t", "t", "t", "t", "t", "t", "t", "t", "t", "t", "t", "t", "t", "t", "t", "t", "t", "t", "t", "t", "t", "t", "t", "t", "t", "t", "t", "t", "t", "t", "t", "t", "t", "t", "t", "t", "t", "t", "t", "t", "t", "t", "t"], "episode_rewards": [-82.0, -89.0, -84.0, -111.0, -112.0, -165.0, -96.0, -117.0, -113.0, -169.0, -99.0, -211.0, -91.0, -197.0, -85.0, -94.0, -93.0, -90.0, -139.0, -81.0, -92.0, -97.0, -89.0, -94.0, -137.0, -99.0, -108.0, -85.0, -75.0, -111.0, -108.0, -327.0, -108.0, -131.0, -97.0, -138.0, -94.0, -85.0, -108.0, -172.0, -76.0, -159.0, -126.0, -98.0, -114.0, -95.0, -104.0, -79.0, -87.0, -131.0, -118.0, -86.0, -106.0, -83.0, -75.0, -102.0, -90.0, -208.0, -203.0, -78.0, -74.0, -79.0, -89.0, -83.0, -81.0, -101.0, -111.0, -114.0, -97.0, -106.0, -82.0, -85.0, -96.0, -109.0, -86.0, -286.0, -82.0, -97.0, -109.0, -99.0, -203.0, -96.0, -92.0, -99.0, -99.0, -89.0, -116.0, -151.0, -108.0, -109.0, -84.0, -105.0, -80.0, -123.0, -100.0, -89.0, -122.0, -112.0, -115.0, -89.0], "initial_reset_timestamp": 1526399327.0380366, "timestamps": [1526399332.2664528, 1526399335.5094845, 1526399337.916285, 1526399340.7027602, 1526399344.2161417, 1526399349.7601533, 1526399352.7838442, 1526399356.2772222, 1526399359.7519667, 1526399364.6755033, 1526399367.6417813, 1526399373.797242, 1526399376.3256986, 1526399381.375348, 1526399383.6963518, 1526399386.4214053, 1526399389.2348933, 1526399391.9340162, 1526399396.1597896, 1526399398.4709272, 1526399401.3570821, 1526399404.387275, 1526399406.9876502, 1526399409.8246026, 1526399413.9044518, 1526399416.567992, 1526399419.657957, 1526399422.1812873, 1526399424.6220098, 1526399427.983999, 1526399431.2143528, 1526399440.438929, 1526399443.753836, 1526399447.3861613, 1526399450.206779, 1526399454.3428986, 1526399456.9322298, 1526399459.6975021, 1526399462.533238, 1526399467.8401883, 1526399470.036118, 1526399474.1890213, 1526399477.4957325, 1526399480.4910152, 1526399483.727005, 1526399486.6873138, 1526399489.7499504, 1526399491.5970051, 1526399493.5991423, 1526399496.6010764, 1526399499.278733, 1526399501.2327428, 1526399503.633985, 1526399505.5430157, 1526399507.2711015, 1526399509.623923, 1526399511.6849663, 1526399516.4016101, 1526399521.040916, 1526399522.8306794, 1526399524.5083463, 1526399526.31569, 1526399528.379086, 1526399530.3007448, 1526399532.1470065, 1526399534.4646327, 1526399537.0299416, 1526399539.632997, 1526399541.8819857, 1526399544.4186351, 1526399546.2942088, 1526399548.2187228, 1526399550.4065561, 1526399552.9071167, 1526399554.8894165, 1526399561.3885121, 1526399563.2587001, 1526399565.4852831, 1526399568.032201, 1526399570.4337194, 1526399575.1049373, 1526399577.3055437, 1526399579.403498, 1526399581.6591368, 1526399583.9423938, 1526399585.9766867, 1526399588.6226425, 1526399592.055222, 1526399594.5748143, 1526399597.0603967, 1526399598.9468057, 1526399601.3276923, 1526399603.4255116, 1526399607.2504601, 1526399610.3558948, 1526399613.170053, 1526399616.3370893, 1526399619.5076296, 1526399622.685125, 1526399625.4478188], "episode_lengths": [83, 90, 85, 112, 113, 166, 97, 118, 114, 170, 100, 212, 92, 198, 86, 95, 94, 91, 140, 82, 93, 98, 90, 95, 138, 100, 109, 86, 76, 112, 109, 328, 109, 132, 98, 139, 95, 86, 109, 173, 77, 160, 127, 99, 115, 96, 105, 80, 88, 132, 119, 87, 107, 84, 76, 103, 91, 209, 204, 79, 75, 80, 90, 84, 82, 102, 112, 115, 98, 107, 83, 86, 97, 110, 87, 287, 83, 98, 110, 100, 204, 97, 93, 100, 100, 90, 117, 152, 109, 110, 85, 106, 81, 124, 101, 90, 123, 113, 116, 90]}