{"episode_types": ["t", "t", "t", "t", "t", "t", "t", "t", "t", "t", "t", "t", "t", "t", "t", "t", "t", "t", "t", "t", "t", "t", "t", "t", "t", "t", "t", "t", "t", "t", "t", "t", "t", "t", "t", "t", "t", "t", "t", "t", "t", "t", "t", "t", "t", "t", "t", "t", "t", "t", "t", "t", "t", "t", "t", "t", "t", "t", "t", "t", "t", "t", "t", "t", "t", "t", "t", "t", "t", "t", "t", "t", "t", "t", "t", "t", "t", "t", "t", "t", "t", "t", "t", "t", "t", "t", "t", "t", "t", "t", "t", "t", "t", "t", "t", "t", "t", "t", "t", "t"], "episode_rewards": [-137.0, -83.0, -90.0, -117.0, -94.0, -157.0, -104.0, -94.0, -123.0, -96.0, -74.0, -112.0, -98.0, -93.0, -193.0, -98.0, -80.0, -86.0, -79.0, -128.0, -69.0, -109.0, -99.0, -114.0, -97.0, -148.0, -91.0, -117.0, -89.0, -133.0, -112.0, -139.0, -114.0, -100.0, -119.0, -89.0, -111.0, -105.0, -90.0, -106.0, -84.0, -89.0, -84.0, -108.0, -101.0, -89.0, -82.0, -111.0, -122.0, -112.0, -87.0, -80.0, -128.0, -99.0, -84.0, -86.0, -82.0, -82.0, -101.0, -80.0, -105.0, -86.0, -86.0, -86.0, -110.0, -81.0, -125.0, -90.0, -105.0, -113.0, -77.0, -85.0, -116.0, -148.0, -99.0, -88.0, -156.0, -88.0, -113.0, -88.0, -82.0, -98.0, -115.0, -86.0, -80.0, -87.0, -83.0, -87.0, -124.0, -111.0, -133.0, -110.0, -114.0, -111.0, -77.0, -90.0, -91.0, -104.0, -120.0, -127.0], "initial_reset_timestamp": 1526393418.381977, "timestamps": [1526393425.2933342, 1526393427.779249, 1526393429.8807065, 1526393433.1218112, 1526393435.5497627, 1526393440.1626854, 1526393442.5381234, 1526393444.8152652, 1526393447.9654686, 1526393450.5814033, 1526393452.4706297, 1526393455.4035168, 1526393458.0667527, 1526393460.343233, 1526393465.1625776, 1526393467.5549648, 1526393469.7352064, 1526393471.8761616, 1526393473.9475198, 1526393478.0234487, 1526393480.2097251, 1526393483.6724052, 1526393486.7044191, 1526393490.2790556, 1526393493.8512437, 1526393499.929135, 1526393503.5886436, 1526393507.1993985, 1526393510.743208, 1526393515.5248375, 1526393519.9704354, 1526393524.5847433, 1526393528.1861327, 1526393531.3322868, 1526393535.9470055, 1526393539.2720225, 1526393544.0708952, 1526393547.9795468, 1526393550.932868, 1526393554.2970195, 1526393556.8753166, 1526393559.630544, 1526393562.1816144, 1526393565.631986, 1526393568.7794778, 1526393571.6912558, 1526393574.2550604, 1526393577.7783535, 1526393581.6598468, 1526393585.209259, 1526393588.0337903, 1526393590.6722438, 1526393594.7430878, 1526393597.8111844, 1526393600.4286828, 1526393603.3273773, 1526393605.895551, 1526393608.4413164, 1526393611.567241, 1526393614.034898, 1526393617.3648734, 1526393619.9718103, 1526393622.552208, 1526393625.1869578, 1526393628.7511227, 1526393631.2991874, 1526393635.355307, 1526393638.1806076, 1526393641.5253599, 1526393645.1392326, 1526393648.4703288, 1526393651.7082753, 1526393655.7432666, 1526393660.365726, 1526393663.679058, 1526393666.5921946, 1526393671.5400102, 1526393674.4416049, 1526393678.1607406, 1526393680.9446316, 1526393683.5846794, 1526393686.600541, 1526393690.0145805, 1526393692.7291334, 1526393695.4124188, 1526393698.1133492, 1526393700.703282, 1526393703.559254, 1526393707.4539073, 1526393710.905183, 1526393715.1412067, 1526393718.5157478, 1526393722.0789943, 1526393725.5894573, 1526393728.1085885, 1526393731.2739549, 1526393734.329478, 1526393737.6426036, 1526393741.5273557, 1526393745.6964312], "episode_lengths": [138, 84, 91, 118, 95, 158, 105, 95, 124, 97, 75, 113, 99, 94, 194, 99, 81, 87, 80, 129, 70, 110, 100, 115, 98, 149, 92, 118, 90, 134, 113, 140, 115, 101, 120, 90, 112, 106, 91, 107, 85, 90, 85, 109, 102, 90, 83, 112, 123, 113, 88, 81, 129, 100, 85, 87, 83, 83, 102, 81, 106, 87, 87, 87, 111, 82, 126, 91, 106, 114, 78, 86, 117, 149, 100, 89, 157, 89, 114, 89, 83, 99, 116, 87, 81, 88, 84, 88, 125, 112, 134, 111, 115, 112, 78, 91, 92, 105, 121, 128]}