{"episode_types": ["t", "t", "t", "t", "t", "t", "t", "t", "t", "t", "t", "t", "t", "t", "t", "t", "t", "t", "t", "t", "t", "t", "t", "t", "t", "t", "t", "t", "t", "t", "t", "t", "t", "t", "t", "t", "t", "t", "t", "t", "t", "t", "t", "t", "t", "t", "t", "t", "t", "t", "t", "t", "t", "t", "t", "t", "t", "t", "t", "t", "t", "t", "t", "t", "t", "t", "t", "t", "t", "t", "t", "t", "t", "t", "t", "t", "t", "t", "t", "t", "t", "t", "t", "t", "t", "t", "t", "t", "t", "t", "t", "t", "t", "t", "t", "t", "t", "t", "t", "t"], "episode_rewards": [-90.0, -108.0, -106.0, -147.0, -121.0, -98.0, -94.0, -89.0, -79.0, -101.0, -85.0, -90.0, -128.0, -202.0, -90.0, -106.0, -84.0, -84.0, -87.0, -89.0, -97.0, -216.0, -93.0, -90.0, -91.0, -100.0, -95.0, -104.0, -132.0, -85.0, -167.0, -125.0, -83.0, -98.0, -123.0, -119.0, -83.0, -127.0, -91.0, -86.0, -137.0, -317.0, -91.0, -97.0, -135.0, -148.0, -107.0, -139.0, -83.0, -122.0, -118.0, -91.0, -90.0, -250.0, -82.0, -377.0, -114.0, -112.0, -79.0, -88.0, -113.0, -117.0, -85.0, -138.0, -96.0, -88.0, -173.0, -108.0, -138.0, -137.0, -97.0, -90.0, -90.0, -104.0, -86.0, -133.0, -96.0, -117.0, -104.0, -90.0, -90.0, -86.0, -87.0, -107.0, -116.0, -83.0, -115.0, -90.0, -131.0, -114.0, -92.0, -90.0, -110.0, -125.0, -90.0, -110.0, -100.0, -99.0, -85.0, -94.0], "initial_reset_timestamp": 1526425474.5620544, "timestamps": [1526425476.8016517, 1526425478.1180916, 1526425479.280398, 1526425480.8940961, 1526425482.0645056, 1526425482.92603, 1526425483.7376235, 1526425484.5401528, 1526425485.242916, 1526425486.1519663, 1526425486.9270267, 1526425487.9480882, 1526425491.036387, 1526425495.657995, 1526425497.672851, 1526425500.115083, 1526425502.0571942, 1526425503.9991775, 1526425505.9536917, 1526425507.9838862, 1526425510.1593947, 1526425515.1831288, 1526425517.3013902, 1526425519.3794906, 1526425521.4584513, 1526425523.80026, 1526425525.9802573, 1526425528.6340036, 1526425532.327374, 1526425534.6821325, 1526425539.4167633, 1526425543.3810031, 1526425545.7302387, 1526425548.5118415, 1526425551.9438217, 1526425555.1549013, 1526425557.4880037, 1526425561.020848, 1526425563.6892304, 1526425566.020643, 1526425570.0205595, 1526425578.8356364, 1526425581.2761805, 1526425583.924012, 1526425588.4485455, 1526425593.142579, 1526425596.0346882, 1526425599.5863104, 1526425601.8020473, 1526425605.3034265, 1526425608.4284403, 1526425611.178033, 1526425613.703303, 1526425620.7301264, 1526425623.011011, 1526425633.4018233, 1526425636.5694726, 1526425639.5642815, 1526425641.8386087, 1526425644.6461809, 1526425647.9194298, 1526425651.4002771, 1526425653.8851612, 1526425657.556045, 1526425660.1696427, 1526425662.2648494, 1526425664.0976286, 1526425665.2202349, 1526425666.7287607, 1526425668.3525655, 1526425669.3662398, 1526425670.2545917, 1526425671.2288702, 1526425672.3920748, 1526425673.330232, 1526425674.7231297, 1526425675.7782907, 1526425676.998833, 1526425678.0444508, 1526425678.966728, 1526425679.934025, 1526425680.8128867, 1526425681.6696754, 1526425682.8213003, 1526425684.2514124, 1526425685.089559, 1526425686.3642337, 1526425687.2896483, 1526425688.683011, 1526425689.8614316, 1526425690.9133933, 1526425691.9328294, 1526425693.1741757, 1526425694.6254349, 1526425695.7196007, 1526425697.0745227, 1526425698.0562732, 1526425699.1287208, 1526425699.973039, 1526425701.0096972], "episode_lengths": [91, 109, 107, 148, 122, 99, 95, 90, 80, 102, 86, 91, 129, 203, 91, 107, 85, 85, 88, 90, 98, 217, 94, 91, 92, 101, 96, 105, 133, 86, 168, 126, 84, 99, 124, 120, 84, 128, 92, 87, 138, 318, 92, 98, 136, 149, 108, 140, 84, 123, 119, 92, 91, 251, 83, 378, 115, 113, 80, 89, 114, 118, 86, 139, 97, 89, 174, 109, 139, 138, 98, 91, 91, 105, 87, 134, 97, 118, 105, 91, 91, 87, 88, 108, 117, 84, 116, 91, 132, 115, 93, 91, 111, 126, 91, 111, 101, 100, 86, 95]}