{"episode_types": ["t", "t", "t", "t", "t", "t", "t", "t", "t", "t", "t", "t", "t", "t", "t", "t", "t", "t", "t", "t", "t", "t", "t", "t", "t", "t", "t", "t", "t", "t", "t", "t", "t", "t", "t", "t", "t", "t", "t", "t", "t", "t", "t", "t", "t", "t", "t", "t", "t", "t", "t", "t", "t", "t", "t", "t", "t", "t", "t", "t", "t", "t", "t", "t", "t", "t", "t", "t", "t", "t", "t", "t", "t", "t", "t", "t", "t", "t", "t", "t", "t", "t", "t", "t", "t", "t", "t", "t", "t", "t", "t", "t", "t", "t", "t", "t", "t", "t", "t", "t"], "episode_rewards": [-105.0, -105.0, -106.0, -117.0, -93.0, -94.0, -90.0, -93.0, -118.0, -99.0, -82.0, -130.0, -101.0, -110.0, -118.0, -113.0, -142.0, -99.0, -116.0, -86.0, -108.0, -139.0, -181.0, -227.0, -99.0, -159.0, -101.0, -109.0, -103.0, -129.0, -75.0, -123.0, -123.0, -133.0, -178.0, -92.0, -134.0, -168.0, -105.0, -94.0, -75.0, -81.0, -154.0, -364.0, -113.0, -119.0, -114.0, -123.0, -117.0, -116.0, -100.0, -155.0, -83.0, -84.0, -131.0, -81.0, -90.0, -112.0, -128.0, -109.0, -83.0, -89.0, -285.0, -148.0, -108.0, -109.0, -118.0, -75.0, -102.0, -109.0, -101.0, -137.0, -105.0, -122.0, -142.0, -110.0, -87.0, -110.0, -93.0, -138.0, -97.0, -109.0, -86.0, -100.0, -92.0, -99.0, -79.0, -107.0, -87.0, -94.0, -124.0, -93.0, -128.0, -103.0, -93.0, -92.0, -120.0, -118.0, -115.0, -121.0], "initial_reset_timestamp": 1526395427.8752291, "timestamps": [1526395430.0002627, 1526395430.986104, 1526395431.8593206, 1526395432.823627, 1526395433.5857358, 1526395434.3578982, 1526395435.1020923, 1526395435.8648765, 1526395436.8527703, 1526395437.673693, 1526395438.347799, 1526395439.4187722, 1526395440.2499158, 1526395441.1537104, 1526395442.1135643, 1526395443.0351253, 1526395444.2033756, 1526395445.0208437, 1526395445.9797442, 1526395446.6915843, 1526395447.5776606, 1526395448.7182386, 1526395450.1964543, 1526395452.0713475, 1526395452.8846748, 1526395454.187234, 1526395455.021119, 1526395455.919558, 1526395456.7690604, 1526395457.8309093, 1526395458.4412007, 1526395459.4521534, 1526395460.4573295, 1526395461.5496187, 1526395463.0164733, 1526395464.1568353, 1526395467.0839698, 1526395470.7753634, 1526395473.0780814, 1526395475.1506097, 1526395476.8167508, 1526395478.6004057, 1526395481.9867735, 1526395490.1053112, 1526395492.622742, 1526395495.3260598, 1526395497.8375452, 1526395500.5553498, 1526395503.15932, 1526395505.751236, 1526395507.9461982, 1526395511.4060793, 1526395513.3035278, 1526395515.1505916, 1526395518.0272384, 1526395519.8135405, 1526395521.774765, 1526395524.1949027, 1526395526.9559162, 1526395529.3197489, 1526395531.1058087, 1526395533.0301595, 1526395539.1795306, 1526395542.4065127, 1526395544.7387555, 1526395547.0825267, 1526395549.7035613, 1526395551.4533503, 1526395553.7273586, 1526395556.101938, 1526395558.2884638, 1526395561.2709665, 1526395563.5466807, 1526395566.2246873, 1526395569.295267, 1526395571.668672, 1526395573.6309667, 1526395576.033655, 1526395578.0566332, 1526395581.0502017, 1526395583.1737537, 1526395584.905668, 1526395585.6164584, 1526395586.4235284, 1526395587.1766317, 1526395587.9767437, 1526395588.6168976, 1526395589.4907858, 1526395590.2115183, 1526395590.9736233, 1526395591.983051, 1526395592.7473707, 1526395593.8027313, 1526395594.6322212, 1526395595.3989534, 1526395596.1418455, 1526395597.11043, 1526395598.0587845, 1526395598.9872684, 1526395599.9627662], "episode_lengths": [106, 106, 107, 118, 94, 95, 91, 94, 119, 100, 83, 131, 102, 111, 119, 114, 143, 100, 117, 87, 109, 140, 182, 228, 100, 160, 102, 110, 104, 130, 76, 124, 124, 134, 179, 93, 135, 169, 106, 95, 76, 82, 155, 365, 114, 120, 115, 124, 118, 117, 101, 156, 84, 85, 132, 82, 91, 113, 129, 110, 84, 90, 286, 149, 109, 110, 119, 76, 103, 110, 102, 138, 106, 123, 143, 111, 88, 111, 94, 139, 98, 110, 87, 101, 93, 100, 80, 108, 88, 95, 125, 94, 129, 104, 94, 93, 121, 119, 116, 122]}