{"episode_types": ["t", "t", "t", "t", "t", "t", "t", "t", "t", "t", "t", "t", "t", "t", "t", "t", "t", "t", "t", "t", "t", "t", "t", "t", "t", "t", "t", "t", "t", "t", "t", "t", "t", "t", "t", "t", "t", "t", "t", "t", "t", "t", "t", "t", "t", "t", "t", "t", "t", "t", "t", "t", "t", "t", "t", "t", "t", "t", "t", "t", "t", "t", "t", "t", "t", "t", "t", "t", "t", "t", "t", "t", "t", "t", "t", "t", "t", "t", "t", "t", "t", "t", "t", "t", "t", "t", "t", "t", "t", "t", "t", "t", "t", "t", "t", "t", "t", "t", "t", "t"], "episode_rewards": [-129.0, -93.0, -85.0, -107.0, -108.0, -99.0, -85.0, -74.0, -82.0, -83.0, -78.0, -106.0, -76.0, -128.0, -74.0, -111.0, -75.0, -123.0, -134.0, -115.0, -92.0, -120.0, -114.0, -286.0, -83.0, -151.0, -99.0, -97.0, -131.0, -328.0, -82.0, -96.0, -89.0, -108.0, -90.0, -83.0, -91.0, -101.0, -143.0, -107.0, -135.0, -164.0, -81.0, -106.0, -105.0, -97.0, -107.0, -86.0, -93.0, -76.0, -87.0, -79.0, -88.0, -89.0, -104.0, -119.0, -138.0, -93.0, -88.0, -127.0, -82.0, -114.0, -105.0, -83.0, -182.0, -97.0, -114.0, -120.0, -79.0, -93.0, -106.0, -110.0, -86.0, -115.0, -116.0, -126.0, -128.0, -111.0, -95.0, -96.0, -91.0, -102.0, -103.0, -94.0, -96.0, -128.0, -93.0, -83.0, -272.0, -103.0, -106.0, -147.0, -107.0, -123.0, -132.0, -86.0, -75.0, -122.0, -102.0, -124.0], "initial_reset_timestamp": 1526403301.0937405, "timestamps": [1526403310.7316396, 1526403314.1023984, 1526403316.8880534, 1526403319.9047232, 1526403323.4964821, 1526403326.354289, 1526403328.9169447, 1526403331.6962578, 1526403335.2965217, 1526403338.1651258, 1526403341.2486777, 1526403346.0969808, 1526403349.4245677, 1526403355.036605, 1526403358.1019506, 1526403363.0093384, 1526403366.3551629, 1526403370.438161, 1526403374.9770525, 1526403378.6687868, 1526403382.6797302, 1526403388.9816904, 1526403393.2959652, 1526403404.7339075, 1526403407.320411, 1526403413.0496752, 1526403417.0521863, 1526403420.3227909, 1526403426.480879, 1526403438.837285, 1526403440.7539752, 1526403443.0040243, 1526403445.067597, 1526403447.5740786, 1526403449.6347952, 1526403451.5567524, 1526403453.689088, 1526403456.0472548, 1526403459.5321767, 1526403462.8022654, 1526403466.3221521, 1526403470.407842, 1526403472.5743902, 1526403475.690943, 1526403478.1539788, 1526403480.6175811, 1526403483.2655303, 1526403486.576893, 1526403488.803566, 1526403490.5667634, 1526403492.8027697, 1526403495.0852292, 1526403498.126969, 1526403500.4082544, 1526403503.1463475, 1526403506.0022793, 1526403509.3306983, 1526403511.5110261, 1526403513.731813, 1526403516.7498922, 1526403519.5408568, 1526403524.5182347, 1526403527.2120001, 1526403529.3349001, 1526403534.490098, 1526403536.8301435, 1526403539.4819098, 1526403543.4694357, 1526403546.1401017, 1526403548.3745306, 1526403551.3355238, 1526403554.1092865, 1526403556.0998597, 1526403560.3954253, 1526403565.4649854, 1526403569.147121, 1526403572.0733764, 1526403577.0001574, 1526403581.1642148, 1526403584.1064527, 1526403587.6192503, 1526403591.3919125, 1526403594.9833126, 1526403597.8143768, 1526403600.3891785, 1526403603.6585233, 1526403606.141673, 1526403608.220616, 1526403617.312946, 1526403621.8709192, 1526403626.2224848, 1526403631.1238735, 1526403634.9353445, 1526403638.7141862, 1526403642.9059575, 1526403646.7371738, 1526403650.1890109, 1526403654.6509345, 1526403658.0114431, 1526403661.7992184], "episode_lengths": [130, 94, 86, 108, 109, 100, 86, 75, 83, 84, 79, 107, 77, 129, 75, 112, 76, 124, 135, 116, 93, 121, 115, 287, 84, 152, 100, 98, 132, 329, 83, 97, 90, 109, 91, 84, 92, 102, 144, 108, 136, 165, 82, 107, 106, 98, 108, 87, 94, 77, 88, 80, 89, 90, 105, 120, 139, 94, 89, 128, 83, 115, 106, 84, 183, 98, 115, 121, 80, 94, 107, 111, 87, 116, 117, 127, 129, 112, 96, 97, 92, 103, 104, 95, 97, 129, 94, 84, 273, 104, 107, 148, 108, 124, 133, 87, 76, 123, 103, 125]}