{"episode_types": ["t", "t", "t", "t", "t", "t", "t", "t", "t", "t", "t", "t", "t", "t", "t", "t", "t", "t", "t", "t", "t", "t", "t", "t", "t", "t", "t", "t", "t", "t", "t", "t", "t", "t", "t", "t", "t", "t", "t", "t", "t", "t", "t", "t", "t", "t", "t", "t", "t", "t", "t", "t", "t", "t", "t", "t", "t", "t", "t", "t", "t", "t", "t", "t", "t", "t", "t", "t", "t", "t", "t", "t", "t", "t", "t", "t", "t", "t", "t", "t", "t", "t", "t", "t", "t", "t", "t", "t", "t", "t", "t", "t", "t", "t", "t", "t", "t", "t", "t", "t"], "episode_rewards": [-108.0, -90.0, -88.0, -114.0, -84.0, -83.0, -101.0, -102.0, -122.0, -126.0, -83.0, -98.0, -79.0, -83.0, -94.0, -73.0, -103.0, -91.0, -90.0, -136.0, -75.0, -84.0, -124.0, -94.0, -100.0, -100.0, -112.0, -75.0, -116.0, -101.0, -74.0, -117.0, -97.0, -74.0, -92.0, -83.0, -84.0, -90.0, -110.0, -78.0, -93.0, -80.0, -105.0, -70.0, -84.0, -122.0, -81.0, -119.0, -86.0, -83.0, -93.0, -87.0, -76.0, -95.0, -93.0, -83.0, -117.0, -103.0, -109.0, -146.0, -74.0, -89.0, -128.0, -152.0, -97.0, -115.0, -75.0, -80.0, -82.0, -83.0, -84.0, -82.0, -84.0, -83.0, -82.0, -83.0, -92.0, -120.0, -95.0, -88.0, -100.0, -104.0, -93.0, -92.0, -140.0, -94.0, -107.0, -70.0, -115.0, -125.0, -96.0, -83.0, -105.0, -87.0, -83.0, -75.0, -130.0, -104.0, -103.0, -83.0], "initial_reset_timestamp": 1526394539.5331008, "timestamps": [1526394541.671646, 1526394542.526794, 1526394543.2474618, 1526394544.1954718, 1526394544.8875923, 1526394545.5691488, 1526394546.4018526, 1526394547.2334418, 1526394548.242611, 1526394549.2851775, 1526394549.9753513, 1526394550.779417, 1526394551.4275942, 1526394552.1053379, 1526394552.8751087, 1526394553.4880157, 1526394554.3310273, 1526394555.0733702, 1526394555.8211057, 1526394556.9267411, 1526394557.5439272, 1526394558.2284987, 1526394559.2444599, 1526394560.0215375, 1526394560.83881, 1526394561.6671152, 1526394562.583515, 1526394563.1973052, 1526394564.1537483, 1526394564.9818878, 1526394565.5964885, 1526394566.555421, 1526394567.3582213, 1526394567.9641685, 1526394568.7314897, 1526394569.407802, 1526394570.0940745, 1526394570.833925, 1526394571.733048, 1526394572.3697162, 1526394573.1286337, 1526394573.7890801, 1526394574.6583884, 1526394575.2316353, 1526394575.9272022, 1526394576.9234028, 1526394577.5922732, 1526394578.5661497, 1526394579.2544498, 1526394579.9279115, 1526394580.6888266, 1526394581.3973515, 1526394582.0129116, 1526394582.7883577, 1526394583.540904, 1526394584.213839, 1526394585.1584494, 1526394585.9901943, 1526394586.8758001, 1526394588.0804505, 1526394588.7142816, 1526394589.530631, 1526394590.5761034, 1526394591.8058116, 1526394592.5988128, 1526394593.5345726, 1526394594.1426482, 1526394594.7947576, 1526394595.4594028, 1526394596.128918, 1526394596.812808, 1526394597.4868426, 1526394598.1648962, 1526394598.856585, 1526394599.5285528, 1526394600.2008657, 1526394600.9496694, 1526394601.9234617, 1526394602.690698, 1526394603.4093385, 1526394604.2139964, 1526394605.0526612, 1526394605.8043337, 1526394606.5525239, 1526394607.6908097, 1526394608.4675624, 1526394609.3749049, 1526394609.941789, 1526394610.8705995, 1526394611.8786883, 1526394612.6654477, 1526394613.3654642, 1526394614.2094104, 1526394614.917576, 1526394615.594007, 1526394616.1949701, 1526394617.2477539, 1526394618.097017, 1526394618.9387443, 1526394619.6111195], "episode_lengths": [109, 91, 89, 115, 85, 84, 102, 103, 123, 127, 84, 99, 80, 84, 95, 74, 104, 92, 91, 137, 76, 85, 125, 95, 101, 101, 113, 76, 117, 102, 75, 118, 98, 75, 93, 84, 85, 91, 111, 79, 94, 81, 106, 71, 85, 123, 82, 120, 87, 84, 94, 88, 77, 96, 94, 84, 118, 104, 110, 147, 75, 90, 129, 153, 98, 116, 76, 81, 83, 84, 85, 83, 85, 84, 83, 84, 93, 121, 96, 89, 101, 105, 94, 93, 141, 95, 108, 71, 116, 126, 97, 84, 106, 88, 84, 76, 131, 105, 104, 84]}