{"episode_types": ["t", "t", "t", "t", "t", "t", "t", "t", "t", "t", "t", "t", "t", "t", "t", "t", "t", "t", "t", "t", "t", "t", "t", "t", "t", "t", "t", "t", "t", "t", "t", "t", "t", "t", "t", "t", "t", "t", "t", "t", "t", "t", "t", "t", "t", "t", "t", "t", "t", "t", "t", "t", "t", "t", "t", "t", "t", "t", "t", "t", "t", "t", "t", "t", "t", "t", "t", "t", "t", "t", "t", "t", "t", "t", "t", "t", "t", "t", "t", "t", "t", "t", "t", "t", "t", "t", "t", "t", "t", "t", "t", "t", "t", "t", "t", "t", "t", "t", "t", "t"], "episode_rewards": [-133.0, -101.0, -117.0, -125.0, -126.0, -110.0, -94.0, -111.0, -105.0, -124.0, -93.0, -196.0, -95.0, -130.0, -87.0, -161.0, -91.0, -82.0, -156.0, -219.0, -111.0, -111.0, -109.0, -122.0, -475.0, -94.0, -121.0, -81.0, -123.0, -135.0, -106.0, -96.0, -314.0, -88.0, -95.0, -93.0, -127.0, -137.0, -121.0, -126.0, -91.0, -105.0, -194.0, -100.0, -102.0, -224.0, -120.0, -119.0, -113.0, -174.0, -172.0, -114.0, -95.0, -198.0, -88.0, -130.0, -88.0, -102.0, -138.0, -92.0, -103.0, -313.0, -81.0, -132.0, -100.0, -110.0, -180.0, -254.0, -125.0, -87.0, -97.0, -409.0, -88.0, -90.0, -79.0, -131.0, -187.0, -87.0, -94.0, -89.0, -92.0, -124.0, -126.0, -112.0, -91.0, -79.0, -298.0, -103.0, -117.0, -117.0, -90.0, -309.0, -99.0, -86.0, -123.0, -138.0, -89.0, -179.0, -123.0, -92.0], "initial_reset_timestamp": 1526409430.5940647, "timestamps": [1526409433.9745343, 1526409435.2171445, 1526409436.6118786, 1526409437.8658984, 1526409439.2362063, 1526409440.5095289, 1526409441.582818, 1526409442.8342319, 1526409444.01699, 1526409445.4900734, 1526409446.4831243, 1526409448.7164712, 1526409449.7910721, 1526409451.146808, 1526409452.3364863, 1526409454.0595286, 1526409455.1737816, 1526409456.2195966, 1526409458.0408518, 1526409460.712159, 1526409462.0581288, 1526409463.3037758, 1526409464.6473598, 1526409466.005548, 1526409471.53662, 1526409472.6211722, 1526409474.0097184, 1526409474.8969383, 1526409476.3173604, 1526409477.8055856, 1526409479.0072727, 1526409480.019763, 1526409483.6574688, 1526409484.5994654, 1526409485.6973526, 1526409486.8429356, 1526409488.2076628, 1526409489.8568342, 1526409491.1615555, 1526409492.5960116, 1526409493.857214, 1526409495.2200239, 1526409497.5899527, 1526409499.048478, 1526409500.0655, 1526409502.8276215, 1526409506.0134313, 1526409509.5313716, 1526409512.573366, 1526409517.7770329, 1526409522.3831298, 1526409525.7579796, 1526409528.3973773, 1526409534.1951163, 1526409536.6919403, 1526409540.4373112, 1526409543.2998939, 1526409546.5623014, 1526409550.6145325, 1526409553.2121873, 1526409556.219835, 1526409565.2218525, 1526409567.6500556, 1526409571.4534864, 1526409574.0814834, 1526409577.0167344, 1526409581.9500334, 1526409588.5610511, 1526409592.0096736, 1526409594.4849393, 1526409597.0539708, 1526409609.1979198, 1526409612.1681042, 1526409614.6046474, 1526409616.614811, 1526409620.1461663, 1526409624.9911935, 1526409627.7148094, 1526409630.495805, 1526409633.552722, 1526409636.3689728, 1526409639.7042322, 1526409643.2646942, 1526409646.608431, 1526409648.9955435, 1526409650.8194954, 1526409657.667456, 1526409660.0199616, 1526409662.7195933, 1526409665.416488, 1526409667.4847958, 1526409674.5280988, 1526409676.7839475, 1526409678.7505453, 1526409681.5354764, 1526409684.7858717, 1526409686.8394988, 1526409690.9677887, 1526409693.7956421, 1526409695.9206936], "episode_lengths": [134, 102, 118, 126, 127, 111, 95, 112, 106, 125, 94, 197, 96, 131, 88, 162, 92, 83, 157, 220, 112, 112, 110, 123, 476, 95, 122, 82, 124, 136, 107, 97, 315, 89, 96, 94, 128, 138, 122, 127, 92, 106, 195, 101, 103, 225, 121, 120, 114, 175, 173, 115, 96, 199, 89, 131, 89, 103, 139, 93, 104, 314, 82, 133, 101, 111, 181, 255, 126, 88, 98, 410, 89, 91, 80, 132, 188, 88, 95, 90, 93, 125, 127, 113, 92, 80, 299, 104, 118, 118, 91, 310, 100, 87, 124, 139, 90, 180, 124, 93]}