{"episode_types": ["t", "t", "t", "t", "t", "t", "t", "t", "t", "t", "t", "t", "t", "t", "t", "t", "t", "t", "t", "t", "t", "t", "t", "t", "t", "t", "t", "t", "t", "t", "t", "t", "t", "t", "t", "t", "t", "t", "t", "t", "t", "t", "t", "t", "t", "t", "t", "t", "t", "t", "t", "t", "t", "t", "t", "t", "t", "t", "t", "t", "t", "t", "t", "t", "t", "t", "t", "t", "t", "t", "t", "t", "t", "t", "t", "t", "t", "t", "t", "t", "t", "t", "t", "t", "t", "t", "t", "t", "t", "t", "t", "t", "t", "t", "t", "t", "t", "t", "t", "t"], "episode_rewards": [-139.0, -115.0, -145.0, -123.0, -120.0, -152.0, -146.0, -98.0, -99.0, -91.0, -108.0, -282.0, -152.0, -107.0, -153.0, -110.0, -147.0, -107.0, -143.0, -357.0, -150.0, -143.0, -122.0, -110.0, -163.0, -106.0, -166.0, -89.0, -201.0, -118.0, -151.0, -139.0, -129.0, -107.0, -152.0, -114.0, -114.0, -130.0, -127.0, -121.0, -180.0, -79.0, -109.0, -140.0, -113.0, -111.0, -254.0, -96.0, -78.0, -136.0, -154.0, -117.0, -162.0, -114.0, -116.0, -97.0, -189.0, -92.0, -107.0, -134.0, -169.0, -101.0, -164.0, -131.0, -115.0, -166.0, -95.0, -120.0, -103.0, -100.0, -114.0, -170.0, -101.0, -89.0, -151.0, -88.0, -104.0, -95.0, -108.0, -111.0, -99.0, -200.0, -78.0, -116.0, -137.0, -131.0, -133.0, -125.0, -141.0, -138.0, -123.0, -126.0, -105.0, -116.0, -114.0, -162.0, -161.0, -199.0, -126.0, -145.0], "initial_reset_timestamp": 1526397341.5339336, "timestamps": [1526397348.2702289, 1526397351.0595143, 1526397354.198856, 1526397356.8965912, 1526397359.4991488, 1526397362.8003592, 1526397366.0988688, 1526397368.3358681, 1526397370.5780518, 1526397372.5959923, 1526397374.9567719, 1526397381.0626562, 1526397384.372167, 1526397386.7283392, 1526397389.9052265, 1526397390.8104925, 1526397392.0088897, 1526397392.8746436, 1526397394.031022, 1526397396.9235451, 1526397398.137274, 1526397399.2936525, 1526397400.2797694, 1526397401.1718292, 1526397402.500859, 1526397403.3555653, 1526397404.7061498, 1526397405.4290173, 1526397407.0520623, 1526397408.0140233, 1526397409.243411, 1526397410.3924167, 1526397411.4429255, 1526397412.3091252, 1526397413.5518765, 1526397414.4749656, 1526397415.4078898, 1526397416.459188, 1526397417.48581, 1526397418.4678905, 1526397419.9206583, 1526397420.5667794, 1526397421.4501605, 1526397422.5850434, 1526397423.5089328, 1526397424.4180121, 1526397426.4806988, 1526397427.2506034, 1526397427.8905127, 1526397428.9890501, 1526397430.2294168, 1526397431.1841402, 1526397432.514659, 1526397433.4532857, 1526397434.3932228, 1526397435.1777418, 1526397436.7193806, 1526397437.46145, 1526397438.3221514, 1526397439.4185534, 1526397440.7943149, 1526397441.641582, 1526397442.978953, 1526397444.0441003, 1526397444.975645, 1526397446.3083074, 1526397447.0798779, 1526397448.0467763, 1526397448.887834, 1526397449.7061121, 1526397450.6299992, 1526397452.0244071, 1526397452.842776, 1526397453.5626984, 1526397454.785616, 1526397455.4974027, 1526397456.3364613, 1526397457.1094716, 1526397457.9861028, 1526397458.88279, 1526397459.6855702, 1526397461.2914681, 1526397461.9299977, 1526397462.8684723, 1526397463.9763303, 1526397465.0372868, 1526397466.1109023, 1526397467.1211603, 1526397468.2638245, 1526397469.390451, 1526397470.4010391, 1526397471.424571, 1526397472.283688, 1526397473.2326827, 1526397474.1499903, 1526397475.4686308, 1526397476.7669444, 1526397478.3535225, 1526397479.3687277, 1526397480.5393527], "episode_lengths": [140, 116, 146, 124, 121, 153, 147, 99, 100, 92, 109, 283, 153, 108, 154, 111, 148, 108, 144, 358, 151, 144, 123, 111, 164, 107, 167, 90, 202, 119, 152, 140, 130, 108, 153, 115, 115, 131, 128, 122, 181, 80, 110, 141, 114, 112, 255, 97, 79, 137, 155, 118, 163, 115, 117, 98, 190, 93, 108, 135, 170, 102, 165, 132, 116, 167, 96, 121, 104, 101, 115, 171, 102, 90, 152, 89, 105, 96, 109, 112, 100, 201, 79, 117, 138, 132, 134, 126, 142, 139, 124, 127, 106, 117, 115, 163, 162, 200, 127, 146]}