{"episode_types": ["t", "t", "t", "t", "t", "t", "t", "t", "t", "t", "t", "t", "t", "t", "t", "t", "t", "t", "t", "t", "t", "t", "t", "t", "t", "t", "t", "t", "t", "t", "t", "t", "t", "t", "t", "t", "t", "t", "t", "t", "t", "t", "t", "t", "t", "t", "t", "t", "t", "t", "t", "t", "t", "t", "t", "t", "t", "t", "t", "t", "t", "t", "t", "t", "t", "t", "t", "t", "t", "t", "t", "t", "t", "t", "t", "t", "t", "t", "t", "t", "t", "t", "t", "t", "t", "t", "t", "t", "t", "t", "t", "t", "t", "t", "t", "t", "t", "t", "t", "t"], "episode_rewards": [-128.0, -233.0, -120.0, -145.0, -92.0, -148.0, -92.0, -118.0, -111.0, -78.0, -108.0, -106.0, -127.0, -84.0, -84.0, -106.0, -106.0, -98.0, -94.0, -94.0, -133.0, -107.0, -99.0, -183.0, -153.0, -139.0, -216.0, -94.0, -94.0, -126.0, -138.0, -125.0, -100.0, -113.0, -91.0, -113.0, -133.0, -138.0, -158.0, -103.0, -105.0, -122.0, -95.0, -90.0, -169.0, -192.0, -103.0, -128.0, -118.0, -144.0, -90.0, -92.0, -116.0, -92.0, -98.0, -124.0, -86.0, -117.0, -129.0, -101.0, -193.0, -138.0, -115.0, -130.0, -118.0, -110.0, -107.0, -108.0, -149.0, -133.0, -139.0, -104.0, -114.0, -117.0, -146.0, -122.0, -128.0, -143.0, -125.0, -147.0, -108.0, -130.0, -139.0, -155.0, -112.0, -111.0, -105.0, -129.0, -204.0, -103.0, -117.0, -117.0, -122.0, -98.0, -127.0, -140.0, -107.0, -148.0, -125.0, -99.0], "initial_reset_timestamp": 1526405114.9502864, "timestamps": [1526405122.7148309, 1526405129.9687319, 1526405133.2124188, 1526405136.9914308, 1526405139.437127, 1526405143.3091087, 1526405145.755244, 1526405149.6119478, 1526405152.72445, 1526405154.6686578, 1526405157.397492, 1526405160.1399708, 1526405163.670912, 1526405165.9394038, 1526405168.3152993, 1526405171.284376, 1526405174.5498042, 1526405179.0986514, 1526405183.4496877, 1526405186.4504192, 1526405190.6919456, 1526405192.6492739, 1526405193.6422064, 1526405195.4761996, 1526405197.007952, 1526405198.3120055, 1526405200.4548352, 1526405201.3688996, 1526405202.487337, 1526405203.9591703, 1526405205.5816896, 1526405207.0390635, 1526405208.1093106, 1526405209.441279, 1526405210.3764746, 1526405211.4963996, 1526405212.9561381, 1526405214.4666154, 1526405216.2753785, 1526405217.4151006, 1526405218.4520485, 1526405219.7545328, 1526405220.8656447, 1526405221.8692513, 1526405223.7920322, 1526405225.7325442, 1526405226.8415654, 1526405228.0829, 1526405229.3248997, 1526405230.858406, 1526405231.770554, 1526405232.6175296, 1526405233.8041537, 1526405234.7080405, 1526405235.7418404, 1526405236.9701939, 1526405237.8614879, 1526405238.9888256, 1526405240.186266, 1526405241.1519513, 1526405244.5491912, 1526405248.031958, 1526405251.224611, 1526405255.109538, 1526405258.0850947, 1526405260.5830972, 1526405263.017272, 1526405265.4720547, 1526405268.838253, 1526405271.9334488, 1526405275.079258, 1526405277.3968723, 1526405280.085263, 1526405282.691015, 1526405285.952811, 1526405288.683592, 1526405291.5381546, 1526405294.8150651, 1526405297.5804834, 1526405300.8588905, 1526405303.3030024, 1526405306.1870732, 1526405309.269301, 1526405312.7066803, 1526405315.209442, 1526405317.665496, 1526405320.002056, 1526405322.8879457, 1526405327.4533715, 1526405329.7767606, 1526405332.5677865, 1526405335.1781433, 1526405338.3050725, 1526405341.1705391, 1526405344.8106062, 1526405348.8877106, 1526405352.0570273, 1526405356.342342, 1526405360.0716543, 1526405362.78389], "episode_lengths": [129, 234, 121, 146, 93, 149, 93, 119, 112, 79, 109, 107, 128, 85, 85, 107, 107, 99, 95, 95, 134, 108, 100, 184, 154, 140, 217, 95, 95, 127, 139, 126, 101, 114, 92, 114, 134, 139, 159, 104, 106, 123, 96, 91, 170, 193, 104, 129, 119, 145, 91, 93, 117, 93, 99, 125, 87, 118, 130, 102, 194, 139, 116, 131, 119, 111, 108, 109, 150, 134, 140, 105, 115, 118, 147, 123, 129, 144, 126, 148, 109, 131, 140, 156, 113, 112, 106, 130, 205, 104, 118, 118, 123, 99, 128, 141, 108, 149, 126, 100]}