{"episode_types": ["t", "t", "t", "t", "t", "t", "t", "t", "t", "t", "t", "t", "t", "t", "t", "t", "t", "t", "t", "t", "t", "t", "t", "t", "t", "t", "t", "t", "t", "t", "t", "t", "t", "t", "t", "t", "t", "t", "t", "t", "t", "t", "t", "t", "t", "t", "t", "t", "t", "t", "t", "t", "t", "t", "t", "t", "t", "t", "t", "t", "t", "t", "t", "t", "t", "t", "t", "t", "t", "t", "t", "t", "t", "t", "t", "t", "t", "t", "t", "t", "t", "t", "t", "t", "t", "t", "t", "t", "t", "t", "t", "t", "t", "t", "t", "t", "t", "t", "t", "t"], "episode_rewards": [-110.0, -120.0, -137.0, -127.0, -84.0, -117.0, -66.0, -105.0, -123.0, -106.0, -121.0, -113.0, -106.0, -106.0, -223.0, -97.0, -154.0, -88.0, -82.0, -171.0, -110.0, -175.0, -103.0, -164.0, -111.0, -93.0, -86.0, -175.0, -90.0, -243.0, -219.0, -112.0, -142.0, -158.0, -139.0, -114.0, -108.0, -151.0, -125.0, -93.0, -136.0, -81.0, -102.0, -83.0, -95.0, -127.0, -122.0, -101.0, -124.0, -153.0, -107.0, -66.0, -104.0, -127.0, -113.0, -127.0, -102.0, -156.0, -145.0, -104.0, -500.0, -114.0, -125.0, -174.0, -82.0, -112.0, -114.0, -138.0, -95.0, -125.0, -95.0, -107.0, -95.0, -109.0, -96.0, -111.0, -104.0, -276.0, -89.0, -125.0, -90.0, -93.0, -82.0, -130.0, -102.0, -95.0, -114.0, -88.0, -122.0, -120.0, -117.0, -115.0, -120.0, -101.0, -107.0, -129.0, -108.0, -115.0, -138.0, -97.0], "initial_reset_timestamp": 1526417142.1785185, "timestamps": [1526417198.7604437, 1526417214.058562, 1526417221.1467302, 1526417225.5719335, 1526417228.3777316, 1526417232.400412, 1526417234.846898, 1526417237.7394526, 1526417241.2402673, 1526417244.508129, 1526417248.2546134, 1526417251.4648845, 1526417254.6618872, 1526417257.8836854, 1526417263.950338, 1526417266.9498432, 1526417271.6938965, 1526417274.1108823, 1526417276.044868, 1526417280.3750703, 1526417284.0558455, 1526417288.7061236, 1526417291.4748797, 1526417296.3150852, 1526417299.478145, 1526417302.2239864, 1526417304.5004408, 1526417309.1462948, 1526417311.4110827, 1526417317.5019007, 1526417323.1368437, 1526417328.4171412, 1526417331.968661, 1526417337.0842986, 1526417341.9235005, 1526417345.6697202, 1526417348.8922627, 1526417353.219593, 1526417357.1550868, 1526417360.1566522, 1526417364.2253606, 1526417367.0756898, 1526417371.418811, 1526417374.0937402, 1526417377.11362, 1526417381.5480852, 1526417385.5831695, 1526417388.8981493, 1526417392.5748744, 1526417397.105441, 1526417400.2250764, 1526417402.191108, 1526417405.7444913, 1526417410.9991732, 1526417415.917946, 1526417421.2755852, 1526417425.142136, 1526417431.16659, 1526417437.0741818, 1526417440.7441769, 1526417457.9388704, 1526417462.2489283, 1526417467.478832, 1526417474.39239, 1526417477.720615, 1526417481.6857033, 1526417486.5775425, 1526417492.0594213, 1526417494.8945975, 1526417498.823204, 1526417501.9803426, 1526417505.4754438, 1526417508.1779404, 1526417511.2451105, 1526417514.4008596, 1526417518.0657868, 1526417521.407319, 1526417530.6764915, 1526417533.5704422, 1526417537.9810097, 1526417542.2993805, 1526417546.5701845, 1526417549.7598193, 1526417555.4068453, 1526417560.4413404, 1526417564.1591969, 1526417568.4260898, 1526417571.989087, 1526417576.8594966, 1526417581.2325866, 1526417586.1134884, 1526417590.5934453, 1526417594.0948753, 1526417597.3427699, 1526417601.4783528, 1526417606.0188339, 1526417609.3854377, 1526417613.6608307, 1526417619.9296176, 1526417624.0350535], "episode_lengths": [111, 121, 138, 128, 85, 118, 67, 106, 124, 107, 122, 114, 107, 107, 224, 98, 155, 89, 83, 172, 111, 176, 104, 165, 112, 94, 87, 176, 91, 244, 220, 113, 143, 159, 140, 115, 109, 152, 126, 94, 137, 82, 103, 84, 96, 128, 123, 102, 125, 154, 108, 67, 105, 128, 114, 128, 103, 157, 146, 105, 500, 115, 126, 175, 83, 113, 115, 139, 96, 126, 96, 108, 96, 110, 97, 112, 105, 277, 90, 126, 91, 94, 83, 131, 103, 96, 115, 89, 123, 121, 118, 116, 121, 102, 108, 130, 109, 116, 139, 98]}