{"episode_types": ["t", "t", "t", "t", "t", "t", "t", "t", "t", "t", "t", "t", "t", "t", "t", "t", "t", "t", "t", "t", "t", "t", "t", "t", "t", "t", "t", "t", "t", "t", "t", "t", "t", "t", "t", "t", "t", "t", "t", "t", "t", "t", "t", "t", "t", "t", "t", "t", "t", "t", "t", "t", "t", "t", "t", "t", "t", "t", "t", "t", "t", "t", "t", "t", "t", "t", "t", "t", "t", "t", "t", "t", "t", "t", "t", "t", "t", "t", "t", "t", "t", "t", "t", "t", "t", "t", "t", "t", "t", "t", "t", "t", "t", "t", "t", "t", "t", "t", "t", "t"], "episode_rewards": [-170.0, -166.0, -148.0, -124.0, -160.0, -128.0, -116.0, -102.0, -133.0, -286.0, -146.0, -127.0, -143.0, -111.0, -131.0, -155.0, -500.0, -136.0, -162.0, -134.0, -140.0, -134.0, -500.0, -128.0, -433.0, -138.0, -250.0, -500.0, -141.0, -183.0, -125.0, -119.0, -128.0, -167.0, -141.0, -178.0, -107.0, -144.0, -144.0, -500.0, -127.0, -147.0, -148.0, -171.0, -196.0, -167.0, -168.0, -122.0, -189.0, -138.0, -148.0, -114.0, -177.0, -133.0, -133.0, -185.0, -128.0, -360.0, -111.0, -125.0, -259.0, -136.0, -180.0, -176.0, -188.0, -141.0, -149.0, -111.0, -136.0, -170.0, -139.0, -133.0, -149.0, -103.0, -128.0, -156.0, -140.0, -165.0, -102.0, -172.0, -352.0, -173.0, -165.0, -126.0, -300.0, -226.0, -183.0, -141.0, -168.0, -165.0, -129.0, -181.0, -123.0, -137.0, -105.0, -500.0, -141.0, -114.0, -106.0, -114.0], "initial_reset_timestamp": 1526379565.9781842, "timestamps": [1526379577.1986942, 1526379583.0295107, 1526379587.4445412, 1526379591.1189835, 1526379595.4309852, 1526379599.484046, 1526379603.1940923, 1526379606.143985, 1526379609.8521433, 1526379617.6556714, 1526379621.770744, 1526379625.2900345, 1526379629.5711975, 1526379632.7876897, 1526379636.4867826, 1526379641.0377605, 1526379657.211933, 1526379662.3164978, 1526379669.4628086, 1526379675.074608, 1526379680.024623, 1526379685.861691, 1526379702.9639878, 1526379707.6668878, 1526379722.8294291, 1526379727.6361115, 1526379736.1562824, 1526379751.235632, 1526379756.8827684, 1526379762.7353075, 1526379766.3771482, 1526379770.5636904, 1526379774.0767229, 1526379778.9588652, 1526379784.4217663, 1526379789.736496, 1526379792.888684, 1526379796.5997088, 1526379800.951191, 1526379816.0394464, 1526379819.6814306, 1526379823.8986118, 1526379828.1037061, 1526379833.1290178, 1526379838.555359, 1526379843.3407774, 1526379847.8316307, 1526379851.3458197, 1526379857.0493329, 1526379861.2122684, 1526379865.8330116, 1526379869.8981283, 1526379874.8175242, 1526379878.740494, 1526379882.5225058, 1526379887.507334, 1526379891.8414347, 1526379904.1149483, 1526379907.5311358, 1526379911.6005375, 1526379919.408616, 1526379923.2583432, 1526379928.1007962, 1526379933.1038465, 1526379938.7433164, 1526379943.8434381, 1526379949.2338996, 1526379952.803749, 1526379956.2950904, 1526379961.1588707, 1526379965.5195062, 1526379969.146279, 1526379973.3433518, 1526379976.2026196, 1526379980.1864917, 1526379984.9286082, 1526379989.652009, 1526379994.4471745, 1526379998.4278843, 1526380005.8530703, 1526380017.5725355, 1526380023.1315784, 1526380028.3437903, 1526380033.6987767, 1526380043.128443, 1526380049.620937, 1526380055.0222518, 1526380059.1074016, 1526380065.299896, 1526380070.2414567, 1526380073.7851262, 1526380078.8708203, 1526380082.3756194, 1526380086.1776547, 1526380090.8098962, 1526380114.1537023, 1526380122.6225283, 1526380129.5267942, 1526380134.664072, 1526380139.6767194], "episode_lengths": [171, 167, 149, 125, 161, 129, 117, 103, 134, 287, 147, 128, 144, 112, 132, 156, 500, 137, 163, 135, 141, 135, 500, 129, 434, 139, 251, 500, 142, 184, 126, 120, 129, 168, 142, 179, 108, 145, 145, 500, 128, 148, 149, 172, 197, 168, 169, 123, 190, 139, 149, 115, 178, 134, 134, 186, 129, 361, 112, 126, 260, 137, 181, 177, 189, 142, 150, 112, 137, 171, 140, 134, 150, 104, 129, 157, 141, 166, 103, 173, 353, 174, 166, 127, 301, 227, 184, 142, 169, 166, 130, 182, 124, 138, 106, 500, 142, 115, 107, 115]}