{"episode_types": ["t", "t", "t", "t", "t", "t", "t", "t", "t", "t", "t", "t", "t", "t", "t", "t", "t", "t", "t", "t", "t", "t", "t", "t", "t", "t", "t", "t", "t", "t", "t", "t", "t", "t", "t", "t", "t", "t", "t", "t", "t", "t", "t", "t", "t", "t", "t", "t", "t", "t", "t", "t", "t", "t", "t", "t", "t", "t", "t", "t", "t", "t", "t", "t", "t", "t", "t", "t", "t", "t", "t", "t", "t", "t", "t", "t", "t", "t", "t", "t", "t", "t", "t", "t", "t", "t", "t", "t", "t", "t", "t", "t", "t", "t", "t", "t", "t", "t", "t", "t"], "episode_rewards": [-86.0, -121.0, -104.0, -139.0, -143.0, -86.0, -116.0, -78.0, -103.0, -114.0, -125.0, -73.0, -81.0, -109.0, -104.0, -108.0, -99.0, -116.0, -110.0, -147.0, -77.0, -96.0, -146.0, -106.0, -105.0, -146.0, -91.0, -89.0, -111.0, -100.0, -109.0, -113.0, -81.0, -129.0, -92.0, -130.0, -157.0, -125.0, -120.0, -117.0, -85.0, -96.0, -139.0, -89.0, -143.0, -119.0, -103.0, -155.0, -90.0, -111.0, -90.0, -94.0, -100.0, -112.0, -93.0, -106.0, -137.0, -81.0, -107.0, -91.0, -83.0, -110.0, -210.0, -128.0, -102.0, -130.0, -97.0, -139.0, -92.0, -113.0, -101.0, -125.0, -127.0, -146.0, -107.0, -80.0, -109.0, -131.0, -128.0, -112.0, -135.0, -122.0, -94.0, -137.0, -94.0, -149.0, -143.0, -91.0, -116.0, -105.0, -93.0, -108.0, -104.0, -95.0, -91.0, -150.0, -89.0, -118.0, -98.0, -119.0], "initial_reset_timestamp": 1526395698.2173512, "timestamps": [1526395702.3950298, 1526395705.3040545, 1526395707.5807955, 1526395710.5983775, 1526395713.741518, 1526395715.623887, 1526395718.1887465, 1526395719.937823, 1526395722.1939282, 1526395724.6937654, 1526395727.4258409, 1526395729.0346844, 1526395730.807599, 1526395733.2324471, 1526395735.5175703, 1526395737.8922107, 1526395740.0649612, 1526395742.619816, 1526395745.0294359, 1526395748.249787, 1526395749.9437904, 1526395752.080206, 1526395755.3131645, 1526395757.630769, 1526395759.9653351, 1526395763.1920695, 1526395765.2117987, 1526395767.1764555, 1526395769.6077373, 1526395771.8398604, 1526395774.232251, 1526395776.3700638, 1526395777.0512452, 1526395778.1166255, 1526395778.870915, 1526395779.9369135, 1526395781.2141023, 1526395782.2416332, 1526395783.221433, 1526395784.1857202, 1526395784.879923, 1526395785.6594331, 1526395786.8142495, 1526395787.5443475, 1526395788.7221766, 1526395789.696664, 1526395790.5403166, 1526395791.8291285, 1526395792.5571284, 1526395793.4594214, 1526395794.1955612, 1526395794.9576821, 1526395795.7698002, 1526395796.6712165, 1526395797.4236853, 1526395798.2822552, 1526395799.3863854, 1526395800.0513003, 1526395800.9231732, 1526395801.6625433, 1526395802.3399358, 1526395803.2288976, 1526395804.9306946, 1526395805.969005, 1526395806.8043978, 1526395807.8550322, 1526395808.6359088, 1526395809.7580035, 1526395810.4984918, 1526395811.4115865, 1526395812.2284944, 1526395813.2494993, 1526395814.318335, 1526395815.502006, 1526395816.3759627, 1526395817.024507, 1526395817.918831, 1526395818.9828525, 1526395820.0349674, 1526395820.9470048, 1526395822.0499113, 1526395823.0410526, 1526395823.8087025, 1526395824.9217913, 1526395825.6765292, 1526395826.8923483, 1526395828.0524297, 1526395828.7948086, 1526395829.730339, 1526395830.5978394, 1526395831.3773108, 1526395832.248866, 1526395833.0895622, 1526395833.8647683, 1526395834.6061609, 1526395835.8259938, 1526395836.542797, 1526395837.491753, 1526395838.2831235, 1526395839.238559], "episode_lengths": [87, 122, 105, 140, 144, 87, 117, 79, 104, 115, 126, 74, 82, 110, 105, 109, 100, 117, 111, 148, 78, 97, 147, 107, 106, 147, 92, 90, 112, 101, 110, 114, 82, 130, 93, 131, 158, 126, 121, 118, 86, 97, 140, 90, 144, 120, 104, 156, 91, 112, 91, 95, 101, 113, 94, 107, 138, 82, 108, 92, 84, 111, 211, 129, 103, 131, 98, 140, 93, 114, 102, 126, 128, 147, 108, 81, 110, 132, 129, 113, 136, 123, 95, 138, 95, 150, 144, 92, 117, 106, 94, 109, 105, 96, 92, 151, 90, 119, 99, 120]}