{"episode_types": ["t", "t", "t", "t", "t", "t", "t", "t", "t", "t", "t", "t", "t", "t", "t", "t", "t", "t", "t", "t", "t", "t", "t", "t", "t", "t", "t", "t", "t", "t", "t", "t", "t", "t", "t", "t", "t", "t", "t", "t", "t", "t", "t", "t", "t", "t", "t", "t", "t", "t", "t", "t", "t", "t", "t", "t", "t", "t", "t", "t", "t", "t", "t", "t", "t", "t", "t", "t", "t", "t", "t", "t", "t", "t", "t", "t", "t", "t", "t", "t", "t", "t", "t", "t", "t", "t", "t", "t", "t", "t", "t", "t", "t", "t", "t", "t", "t", "t", "t", "t"], "episode_rewards": [-106.0, -141.0, -85.0, -82.0, -79.0, -107.0, -106.0, -83.0, -97.0, -85.0, -108.0, -146.0, -122.0, -86.0, -87.0, -76.0, -86.0, -161.0, -77.0, -103.0, -87.0, -101.0, -75.0, -89.0, -131.0, -78.0, -79.0, -113.0, -87.0, -98.0, -73.0, -107.0, -105.0, -126.0, -129.0, -85.0, -109.0, -80.0, -88.0, -81.0, -90.0, -90.0, -88.0, -125.0, -85.0, -79.0, -112.0, -94.0, -77.0, -106.0, -122.0, -79.0, -87.0, -76.0, -102.0, -104.0, -81.0, -128.0, -229.0, -87.0, -144.0, -108.0, -105.0, -118.0, -167.0, -126.0, -115.0, -96.0, -83.0, -80.0, -147.0, -108.0, -101.0, -73.0, -85.0, -87.0, -111.0, -112.0, -110.0, -101.0, -96.0, -109.0, -82.0, -98.0, -82.0, -80.0, -107.0, -80.0, -116.0, -99.0, -76.0, -87.0, -114.0, -81.0, -79.0, -91.0, -88.0, -91.0, -85.0, -92.0], "initial_reset_timestamp": 1526398223.7389712, "timestamps": [1526398228.8571136, 1526398232.224569, 1526398234.082513, 1526398235.8714454, 1526398237.6101725, 1526398239.9375057, 1526398242.2588034, 1526398244.0614398, 1526398246.1745353, 1526398248.0264509, 1526398249.8174994, 1526398251.0300474, 1526398252.0221837, 1526398252.726497, 1526398253.4359732, 1526398254.0619278, 1526398254.762904, 1526398256.0790787, 1526398256.7061672, 1526398257.543449, 1526398258.2489116, 1526398259.0666366, 1526398259.6735933, 1526398260.4014118, 1526398261.458923, 1526398262.096906, 1526398262.7418914, 1526398263.6638317, 1526398264.3815906, 1526398265.178345, 1526398265.771456, 1526398266.6409779, 1526398267.49147, 1526398268.5129244, 1526398269.5541253, 1526398270.2423701, 1526398271.134663, 1526398271.7831142, 1526398272.4992697, 1526398273.1574008, 1526398273.9008775, 1526398274.6340163, 1526398275.3530707, 1526398276.3719068, 1526398277.0616195, 1526398277.7020142, 1526398278.6083522, 1526398279.3681817, 1526398280.0082984, 1526398280.863089, 1526398281.8683336, 1526398282.5305483, 1526398283.2401328, 1526398283.8570886, 1526398284.6759865, 1526398285.5218353, 1526398286.1838608, 1526398287.2220666, 1526398289.0723443, 1526398289.7753813, 1526398290.9371028, 1526398291.8088098, 1526398292.6677313, 1526398293.6164389, 1526398294.9700646, 1526398295.998879, 1526398296.9233088, 1526398297.6979167, 1526398298.371134, 1526398299.0152647, 1526398300.201958, 1526398301.0805871, 1526398301.8922129, 1526398302.4943354, 1526398303.1888123, 1526398303.887011, 1526398304.7845967, 1526398305.6900916, 1526398306.5752847, 1526398307.4084713, 1526398308.1907606, 1526398309.0772758, 1526398309.7432652, 1526398310.545522, 1526398311.2080753, 1526398311.8511944, 1526398312.7149758, 1526398313.369371, 1526398314.305934, 1526398315.110073, 1526398315.7257144, 1526398316.4371657, 1526398317.3648596, 1526398318.020529, 1526398318.6599352, 1526398319.5236082, 1526398320.4805913, 1526398321.4182346, 1526398322.3096464, 1526398323.2568805], "episode_lengths": [107, 142, 86, 83, 80, 108, 107, 84, 98, 86, 109, 147, 123, 87, 88, 77, 87, 162, 78, 104, 88, 102, 76, 90, 132, 79, 80, 114, 88, 99, 74, 108, 106, 127, 130, 86, 110, 81, 89, 82, 91, 91, 89, 126, 86, 80, 113, 95, 78, 107, 123, 80, 88, 77, 103, 105, 82, 129, 230, 88, 145, 109, 106, 119, 168, 127, 116, 97, 84, 81, 148, 109, 102, 74, 86, 88, 112, 113, 111, 102, 97, 110, 83, 99, 83, 81, 108, 81, 117, 100, 77, 88, 115, 82, 80, 92, 89, 92, 86, 93]}