{"episode_types": ["t", "t", "t", "t", "t", "t", "t", "t", "t", "t", "t", "t", "t", "t", "t", "t", "t", "t", "t", "t", "t", "t", "t", "t", "t", "t", "t", "t", "t", "t", "t", "t", "t", "t", "t", "t", "t", "t", "t", "t", "t", "t", "t", "t", "t", "t", "t", "t", "t", "t", "t", "t", "t", "t", "t", "t", "t", "t", "t", "t", "t", "t", "t", "t", "t", "t", "t", "t", "t", "t", "t", "t", "t", "t", "t", "t", "t", "t", "t", "t", "t", "t", "t", "t", "t", "t", "t", "t", "t", "t", "t", "t", "t", "t", "t", "t", "t", "t", "t", "t"], "episode_rewards": [-121.0, -121.0, -127.0, -89.0, -85.0, -100.0, -95.0, -170.0, -117.0, -116.0, -107.0, -87.0, -105.0, -102.0, -122.0, -109.0, -112.0, -87.0, -103.0, -95.0, -90.0, -100.0, -136.0, -413.0, -228.0, -84.0, -98.0, -77.0, -89.0, -103.0, -121.0, -86.0, -140.0, -85.0, -94.0, -87.0, -151.0, -89.0, -124.0, -103.0, -133.0, -91.0, -475.0, -89.0, -85.0, -148.0, -191.0, -92.0, -101.0, -92.0, -84.0, -104.0, -92.0, -130.0, -96.0, -214.0, -114.0, -116.0, -85.0, -200.0, -104.0, -110.0, -87.0, -153.0, -92.0, -101.0, -85.0, -114.0, -110.0, -129.0, -164.0, -85.0, -105.0, -114.0, -95.0, -108.0, -134.0, -114.0, -120.0, -129.0, -88.0, -130.0, -92.0, -126.0, -98.0, -96.0, -134.0, -155.0, -155.0, -126.0, -124.0, -101.0, -106.0, -157.0, -108.0, -96.0, -123.0, -120.0, -157.0, -116.0], "initial_reset_timestamp": 1526407255.0137696, "timestamps": [1526407262.3362298, 1526407265.8324592, 1526407269.9146569, 1526407272.8736029, 1526407275.7204285, 1526407278.3249145, 1526407280.6295803, 1526407284.995871, 1526407288.0538812, 1526407291.0363297, 1526407294.0105233, 1526407296.1681, 1526407299.1572626, 1526407301.9816842, 1526407305.5138302, 1526407308.6624904, 1526407311.6224382, 1526407314.294671, 1526407317.2663252, 1526407320.027641, 1526407322.5199306, 1526407325.3015785, 1526407329.4638276, 1526407340.0685105, 1526407346.018569, 1526407348.116802, 1526407350.59209, 1526407352.5107236, 1526407354.727307, 1526407357.4395845, 1526407360.9169137, 1526407363.074847, 1526407366.6945238, 1526407369.1012087, 1526407371.9101303, 1526407374.557685, 1526407378.6368165, 1526407381.0520985, 1526407384.4226441, 1526407387.3616445, 1526407390.9070907, 1526407393.3128421, 1526407405.5675097, 1526407406.4615362, 1526407407.3354483, 1526407408.8201194, 1526407410.8180656, 1526407411.7555583, 1526407412.79093, 1526407413.7088969, 1526407414.5610309, 1526407415.6809683, 1526407416.5486631, 1526407417.838158, 1526407418.840574, 1526407420.9981813, 1526407422.213517, 1526407423.4913576, 1526407424.3414686, 1526407426.5620224, 1526407427.598985, 1526407428.7863865, 1526407429.7184217, 1526407431.260827, 1526407432.275846, 1526407433.3339283, 1526407434.2173831, 1526407435.4795516, 1526407438.190492, 1526407442.7974749, 1526407447.099424, 1526407449.607833, 1526407452.598285, 1526407455.7435064, 1526407458.5972824, 1526407461.3999746, 1526407465.219467, 1526407468.524557, 1526407472.2736588, 1526407475.6613677, 1526407478.4283752, 1526407482.7583656, 1526407485.7099602, 1526407489.182865, 1526407492.294191, 1526407495.5079045, 1526407499.722035, 1526407504.4982576, 1526407509.4762108, 1526407512.8856153, 1526407516.2759159, 1526407518.935687, 1526407522.0226257, 1526407526.565987, 1526407529.7997518, 1526407532.7427456, 1526407535.5360124, 1526407538.2134323, 1526407541.6654725, 1526407544.2415435], "episode_lengths": [122, 122, 128, 90, 86, 101, 96, 171, 118, 117, 108, 88, 106, 103, 123, 110, 113, 88, 104, 96, 91, 101, 137, 414, 229, 85, 99, 78, 90, 104, 122, 87, 141, 86, 95, 88, 152, 90, 125, 104, 134, 92, 476, 90, 86, 149, 192, 93, 102, 93, 85, 105, 93, 131, 97, 215, 115, 117, 86, 201, 105, 111, 88, 154, 93, 102, 86, 115, 111, 130, 165, 86, 106, 115, 96, 109, 135, 115, 121, 130, 89, 131, 93, 127, 99, 97, 135, 156, 156, 127, 125, 102, 107, 158, 109, 97, 124, 121, 158, 117]}