{"episode_types": ["t", "t", "t", "t", "t", "t", "t", "t", "t", "t", "t", "t", "t", "t", "t", "t", "t", "t", "t", "t", "t", "t", "t", "t", "t", "t", "t", "t", "t", "t", "t", "t", "t", "t", "t", "t", "t", "t", "t", "t", "t", "t", "t", "t", "t", "t", "t", "t", "t", "t", "t", "t", "t", "t", "t", "t", "t", "t", "t", "t", "t", "t", "t", "t", "t", "t", "t", "t", "t", "t", "t", "t", "t", "t", "t", "t", "t", "t", "t", "t", "t", "t", "t", "t", "t", "t", "t", "t", "t", "t", "t", "t", "t", "t", "t", "t", "t", "t", "t", "t"], "episode_rewards": [-168.0, -90.0, -111.0, -109.0, -89.0, -104.0, -121.0, -108.0, -84.0, -87.0, -121.0, -92.0, -84.0, -81.0, -92.0, -86.0, -94.0, -91.0, -85.0, -126.0, -142.0, -88.0, -116.0, -103.0, -99.0, -103.0, -93.0, -109.0, -103.0, -84.0, -91.0, -90.0, -118.0, -78.0, -108.0, -85.0, -85.0, -100.0, -83.0, -88.0, -88.0, -79.0, -106.0, -86.0, -88.0, -109.0, -198.0, -97.0, -91.0, -79.0, -153.0, -82.0, -99.0, -124.0, -83.0, -108.0, -92.0, -131.0, -95.0, -88.0, -89.0, -87.0, -118.0, -94.0, -74.0, -102.0, -102.0, -122.0, -85.0, -114.0, -95.0, -95.0, -84.0, -86.0, -137.0, -109.0, -90.0, -94.0, -75.0, -82.0, -106.0, -82.0, -93.0, -115.0, -215.0, -113.0, -77.0, -91.0, -82.0, -101.0, -84.0, -130.0, -116.0, -127.0, -88.0, -155.0, -114.0, -107.0, -176.0, -112.0], "initial_reset_timestamp": 1526396805.518388, "timestamps": [1526396808.8156796, 1526396809.6766348, 1526396810.5747452, 1526396811.4569042, 1526396812.1905513, 1526396813.0335617, 1526396814.0241652, 1526396814.9055479, 1526396815.5920694, 1526396816.301868, 1526396817.2957766, 1526396818.041686, 1526396818.7329235, 1526396819.3983614, 1526396820.1403756, 1526396820.8440297, 1526396821.6053777, 1526396822.35017, 1526396823.035441, 1526396824.0591543, 1526396825.2398868, 1526396825.953584, 1526396826.9002674, 1526396827.734981, 1526396828.539014, 1526396829.3807497, 1526396830.1375165, 1526396831.0292413, 1526396831.8670995, 1526396832.5529313, 1526396833.3343563, 1526396834.0598066, 1526396835.010511, 1526396835.6475298, 1526396836.5219212, 1526396837.208719, 1526396837.900298, 1526396838.7231739, 1526396839.4105778, 1526396840.123923, 1526396840.8434205, 1526396841.498858, 1526396842.3659525, 1526396843.0629492, 1526396843.778726, 1526396844.6690161, 1526396846.2675333, 1526396847.0536757, 1526396847.7951765, 1526396848.4476225, 1526396849.682604, 1526396850.3533702, 1526396851.1580503, 1526396852.183881, 1526396852.8569717, 1526396853.7272882, 1526396854.4725084, 1526396855.5317104, 1526396856.309308, 1526396857.0159578, 1526396857.7432845, 1526396858.4478312, 1526396859.401393, 1526396860.1561558, 1526396860.7600312, 1526396861.601842, 1526396862.4214292, 1526396863.4158912, 1526396864.0999231, 1526396865.0337567, 1526396865.8053622, 1526396866.5802972, 1526396867.2580872, 1526396867.9585688, 1526396870.6488986, 1526396873.0088184, 1526396874.954341, 1526396876.9899378, 1526396878.628788, 1526396880.4457145, 1526396882.7694502, 1526396884.584948, 1526396886.626434, 1526396889.1456187, 1526396893.8000796, 1526396896.260894, 1526396897.9220967, 1526396899.9139836, 1526396901.7392566, 1526396903.941929, 1526396905.811325, 1526396908.6140003, 1526396911.1224842, 1526396913.879968, 1526396915.8005047, 1526396919.1456563, 1526396921.6354392, 1526396923.937054, 1526396927.7463875, 1526396930.1731966], "episode_lengths": [169, 91, 112, 110, 90, 105, 122, 109, 85, 88, 122, 93, 85, 82, 93, 87, 95, 92, 86, 127, 143, 89, 117, 104, 100, 104, 94, 110, 104, 85, 92, 91, 119, 79, 109, 86, 86, 101, 84, 89, 89, 80, 107, 87, 89, 110, 199, 98, 92, 80, 154, 83, 100, 125, 84, 109, 93, 132, 96, 89, 90, 88, 119, 95, 75, 103, 103, 123, 86, 115, 96, 96, 85, 87, 138, 110, 91, 95, 76, 83, 107, 83, 94, 116, 216, 114, 78, 92, 83, 102, 85, 131, 117, 128, 89, 156, 115, 108, 177, 113]}