{"episode_types": ["t", "t", "t", "t", "t", "t", "t", "t", "t", "t", "t", "t", "t", "t", "t", "t", "t", "t", "t", "t", "t", "t", "t", "t", "t", "t", "t", "t", "t", "t", "t", "t", "t", "t", "t", "t", "t", "t", "t", "t", "t", "t", "t", "t", "t", "t", "t", "t", "t", "t", "t", "t", "t", "t", "t", "t", "t", "t", "t", "t", "t", "t", "t", "t", "t", "t", "t", "t", "t", "t", "t", "t", "t", "t", "t", "t", "t", "t", "t", "t", "t", "t", "t", "t", "t", "t", "t", "t", "t", "t", "t", "t", "t", "t", "t", "t", "t", "t", "t", "t"], "episode_rewards": [-129.0, -500.0, -500.0, -114.0, -500.0, -500.0, -500.0, -190.0, -137.0, -500.0, -500.0, -500.0, -500.0, -500.0, -188.0, -189.0, -321.0, -168.0, -500.0, -500.0, -134.0, -264.0, -135.0, -160.0, -500.0, -500.0, -137.0, -156.0, -500.0, -500.0, -500.0, -500.0, -118.0, -236.0, -108.0, -500.0, -141.0, -130.0, -148.0, -147.0, -146.0, -123.0, -148.0, -121.0, -500.0, -164.0, -125.0, -500.0, -500.0, -95.0, -116.0, -121.0, -500.0, -500.0, -500.0, -500.0, -148.0, -148.0, -500.0, -500.0, -500.0, -100.0, -500.0, -168.0, -181.0, -500.0, -120.0, -500.0, -103.0, -139.0, -88.0, -500.0, -158.0, -100.0, -500.0, -500.0, -500.0, -110.0, -500.0, -500.0, -120.0, -101.0, -500.0, -500.0, -139.0, -500.0, -102.0, -500.0, -140.0, -146.0, -74.0, -500.0, -270.0, -500.0, -500.0, -500.0, -100.0, -116.0, -119.0, -148.0], "initial_reset_timestamp": 1526417942.1001391, "timestamps": [1526417950.4191623, 1526417964.1317902, 1526417975.547171, 1526417978.1675174, 1526417989.5674791, 1526418002.5281444, 1526418014.79202, 1526418019.2001953, 1526418022.9629967, 1526418036.9809418, 1526418051.1530209, 1526418065.9844067, 1526418082.0522864, 1526418097.241011, 1526418102.794967, 1526418108.128047, 1526418116.8805037, 1526418122.4781556, 1526418137.2878182, 1526418151.7808378, 1526418155.5104623, 1526418162.9961498, 1526418166.9467487, 1526418171.863615, 1526418187.1503549, 1526418200.6774676, 1526418204.8135116, 1526418209.0456173, 1526418223.353686, 1526418230.638588, 1526418236.544161, 1526418242.2564778, 1526418243.5869467, 1526418246.1276877, 1526418247.354538, 1526418252.9080765, 1526418254.5939634, 1526418256.3734903, 1526418258.7758532, 1526418260.519232, 1526418262.0379825, 1526418263.5913851, 1526418265.3713703, 1526418266.7136028, 1526418272.4718833, 1526418274.3236485, 1526418275.8681648, 1526418281.3976471, 1526418286.6710901, 1526418287.8570273, 1526418289.1989567, 1526418290.622081, 1526418296.461143, 1526418307.0469959, 1526418321.2994785, 1526418335.5345385, 1526418339.8098292, 1526418344.2770374, 1526418359.4559772, 1526418373.7505975, 1526418388.1831856, 1526418390.8867497, 1526418405.5428421, 1526418410.5012395, 1526418415.6073344, 1526418430.3307312, 1526418433.672955, 1526418447.4858992, 1526418450.3774943, 1526418454.328893, 1526418456.8940167, 1526418471.0712376, 1526418474.7867773, 1526418477.1053262, 1526418488.4820118, 1526418499.9802582, 1526418511.82661, 1526418514.4427843, 1526418525.7589488, 1526418537.71004, 1526418540.4942884, 1526418542.7411926, 1526418548.10588, 1526418553.127645, 1526418554.728394, 1526418559.9360425, 1526418561.0957303, 1526418566.4490113, 1526418567.937499, 1526418569.481187, 1526418570.2410007, 1526418575.516066, 1526418578.2104392, 1526418583.2811563, 1526418588.4001026, 1526418593.4790566, 1526418594.5654824, 1526418595.8033438, 1526418597.0603428, 1526418599.9813697], "episode_lengths": [130, 500, 500, 115, 500, 500, 500, 191, 138, 500, 500, 500, 500, 500, 189, 190, 322, 169, 500, 500, 135, 265, 136, 161, 500, 500, 138, 157, 500, 500, 500, 500, 119, 237, 109, 500, 142, 131, 149, 148, 147, 124, 149, 122, 500, 165, 126, 500, 500, 96, 117, 122, 500, 500, 500, 500, 149, 149, 500, 500, 500, 101, 500, 169, 182, 500, 121, 500, 104, 140, 89, 500, 159, 101, 500, 500, 500, 111, 500, 500, 121, 102, 500, 500, 140, 500, 103, 500, 141, 147, 75, 500, 271, 500, 500, 500, 101, 117, 120, 149]}