{"episode_types": ["t", "t", "t", "t", "t", "t", "t", "t", "t", "t", "t", "t", "t", "t", "t", "t", "t", "t", "t", "t", "t", "t", "t", "t", "t", "t", "t", "t", "t", "t", "t", "t", "t", "t", "t", "t", "t", "t", "t", "t", "t", "t", "t", "t", "t", "t", "t", "t", "t", "t", "t", "t", "t", "t", "t", "t", "t", "t", "t", "t", "t", "t", "t", "t", "t", "t", "t", "t", "t", "t", "t", "t", "t", "t", "t", "t", "t", "t", "t", "t", "t", "t", "t", "t", "t", "t", "t", "t", "t", "t", "t", "t", "t", "t", "t", "t", "t", "t", "t", "t"], "episode_rewards": [-99.0, -82.0, -75.0, -120.0, -97.0, -108.0, -92.0, -89.0, -148.0, -142.0, -108.0, -93.0, -115.0, -89.0, -97.0, -74.0, -85.0, -90.0, -112.0, -138.0, -106.0, -118.0, -105.0, -111.0, -98.0, -93.0, -174.0, -87.0, -128.0, -128.0, -138.0, -94.0, -91.0, -96.0, -143.0, -87.0, -94.0, -129.0, -106.0, -280.0, -163.0, -99.0, -93.0, -101.0, -101.0, -106.0, -106.0, -82.0, -168.0, -80.0, -172.0, -117.0, -114.0, -87.0, -86.0, -141.0, -114.0, -89.0, -164.0, -111.0, -183.0, -268.0, -112.0, -91.0, -118.0, -100.0, -111.0, -123.0, -95.0, -104.0, -74.0, -112.0, -83.0, -105.0, -103.0, -113.0, -108.0, -111.0, -96.0, -93.0, -102.0, -101.0, -135.0, -78.0, -103.0, -86.0, -131.0, -137.0, -126.0, -148.0, -121.0, -114.0, -106.0, -76.0, -133.0, -93.0, -125.0, -93.0, -92.0, -106.0], "initial_reset_timestamp": 1526401860.9940286, "timestamps": [1526401867.7244575, 1526401870.5988545, 1526401872.8030455, 1526401876.6276467, 1526401879.9753654, 1526401883.4493868, 1526401886.5585334, 1526401889.3251238, 1526401894.1158278, 1526401898.5221689, 1526401901.9364853, 1526401904.9671738, 1526401908.7723768, 1526401911.678888, 1526401914.9035444, 1526401917.088344, 1526401919.7697892, 1526401922.806469, 1526401926.3850803, 1526401930.8613968, 1526401934.4260292, 1526401938.3703706, 1526401941.8961504, 1526401945.3169875, 1526401948.5736482, 1526401951.6909113, 1526401957.8749018, 1526401960.9422674, 1526401965.319643, 1526401969.6541183, 1526401974.408692, 1526401977.73156, 1526401980.664981, 1526401983.753194, 1526401988.302159, 1526401991.0801616, 1526401994.3219879, 1526401998.6045814, 1526402001.8689594, 1526402010.8799565, 1526402016.2369983, 1526402019.530515, 1526402022.3571863, 1526402025.7406435, 1526402028.9469001, 1526402032.2950475, 1526402035.8887744, 1526402038.519585, 1526402044.019234, 1526402046.675915, 1526402052.3765938, 1526402056.3218627, 1526402060.0904348, 1526402062.9344518, 1526402065.8777952, 1526402070.4074004, 1526402073.9684143, 1526402076.8505113, 1526402081.9513326, 1526402085.561482, 1526402091.1356409, 1526402099.9858692, 1526402103.848176, 1526402106.840149, 1526402110.7359972, 1526402113.9106731, 1526402117.288861, 1526402121.0115938, 1526402124.1565814, 1526402127.5695071, 1526402130.0247943, 1526402133.5199726, 1526402136.2004383, 1526402139.3987992, 1526402142.7473788, 1526402146.2479575, 1526402150.2049487, 1526402154.884413, 1526402159.1581879, 1526402162.3295786, 1526402165.448057, 1526402168.5810528, 1526402173.022366, 1526402175.7794518, 1526402179.017995, 1526402181.8490293, 1526402186.004809, 1526402190.2702906, 1526402194.352061, 1526402198.984573, 1526402202.5871658, 1526402206.4118712, 1526402209.6062725, 1526402212.0982215, 1526402216.2493396, 1526402219.046521, 1526402222.9713457, 1526402225.6795661, 1526402228.6905088, 1526402232.1048787], "episode_lengths": [100, 83, 76, 121, 98, 109, 93, 90, 149, 143, 109, 94, 116, 90, 98, 75, 86, 91, 113, 139, 107, 119, 106, 112, 99, 94, 175, 88, 129, 129, 139, 95, 92, 97, 144, 88, 95, 130, 107, 281, 164, 100, 94, 102, 102, 107, 107, 83, 169, 81, 173, 118, 115, 88, 87, 142, 115, 90, 165, 112, 184, 269, 113, 92, 119, 101, 112, 124, 96, 105, 75, 113, 84, 106, 104, 114, 109, 112, 97, 94, 103, 102, 136, 79, 104, 87, 132, 138, 127, 149, 122, 115, 107, 77, 134, 94, 126, 94, 93, 107]}