{"episode_types": ["t", "t", "t", "t", "t", "t", "t", "t", "t", "t", "t", "t", "t", "t", "t", "t", "t", "t", "t", "t", "t", "t", "t", "t", "t", "t", "t", "t", "t", "t", "t", "t", "t", "t", "t", "t", "t", "t", "t", "t", "t", "t", "t", "t", "t", "t", "t", "t", "t", "t", "t", "t", "t", "t", "t", "t", "t", "t", "t", "t", "t", "t", "t", "t", "t", "t", "t", "t", "t", "t", "t", "t", "t", "t", "t", "t", "t", "t", "t", "t", "t", "t", "t", "t", "t", "t", "t", "t", "t", "t", "t", "t", "t", "t", "t", "t", "t", "t", "t", "t"], "episode_rewards": [-133.0, -135.0, -115.0, -95.0, -138.0, -119.0, -112.0, -95.0, -131.0, -143.0, -108.0, -219.0, -144.0, -163.0, -125.0, -120.0, -97.0, -127.0, -89.0, -125.0, -139.0, -130.0, -142.0, -111.0, -124.0, -149.0, -126.0, -188.0, -113.0, -159.0, -132.0, -89.0, -137.0, -146.0, -121.0, -106.0, -115.0, -108.0, -90.0, -97.0, -109.0, -165.0, -142.0, -92.0, -137.0, -123.0, -112.0, -100.0, -99.0, -117.0, -150.0, -144.0, -157.0, -137.0, -126.0, -111.0, -121.0, -170.0, -122.0, -159.0, -95.0, -120.0, -106.0, -127.0, -190.0, -158.0, -121.0, -122.0, -97.0, -131.0, -339.0, -115.0, -113.0, -136.0, -114.0, -106.0, -159.0, -106.0, -114.0, -130.0, -107.0, -134.0, -132.0, -130.0, -95.0, -151.0, -99.0, -109.0, -99.0, -138.0, -103.0, -143.0, -104.0, -105.0, -500.0, -128.0, -151.0, -93.0, -110.0, -92.0], "initial_reset_timestamp": 1526385840.2357774, "timestamps": [1526385849.0340693, 1526385854.647535, 1526385859.0285072, 1526385862.50724, 1526385866.648273, 1526385869.9266322, 1526385872.9687173, 1526385875.6856399, 1526385879.267174, 1526385883.4641755, 1526385886.5977623, 1526385892.6381, 1526385896.928464, 1526385902.489514, 1526385907.8345997, 1526385913.0418983, 1526385917.6655834, 1526385923.3553913, 1526385928.0693903, 1526385934.0289187, 1526385939.630765, 1526385945.405827, 1526385950.841367, 1526385956.3611002, 1526385962.2219257, 1526385967.509137, 1526385972.2634335, 1526385979.5530453, 1526385984.5471566, 1526385992.9245377, 1526385998.8881764, 1526386002.0838559, 1526386005.9965496, 1526386010.1695442, 1526386013.8402388, 1526386018.6847618, 1526386023.194466, 1526386026.4802616, 1526386029.5879755, 1526386032.7597265, 1526386036.5683343, 1526386042.0817327, 1526386046.8911836, 1526386050.0866835, 1526386054.3134484, 1526386058.0366755, 1526386061.6213298, 1526386064.8828216, 1526386068.3343208, 1526386071.681699, 1526386077.1262226, 1526386081.6276944, 1526386086.9349928, 1526386091.8954906, 1526386096.4804893, 1526386100.3020346, 1526386104.442603, 1526386109.9422576, 1526386113.166886, 1526386117.5856497, 1526386120.5458944, 1526386124.3776336, 1526386128.9295812, 1526386133.5767858, 1526386139.376706, 1526386144.7278898, 1526386148.413615, 1526386152.584934, 1526386155.4835563, 1526386159.416784, 1526386169.0632749, 1526386172.9816418, 1526386176.8512132, 1526386182.8390238, 1526386187.2391675, 1526386190.3400688, 1526386194.92236, 1526386198.4343603, 1526386201.9666772, 1526386206.0842347, 1526386209.1734073, 1526386213.5046976, 1526386217.4592383, 1526386221.1476755, 1526386223.8429568, 1526386228.2014616, 1526386231.1317778, 1526386234.6790025, 1526386237.8728786, 1526386242.260056, 1526386245.8318033, 1526386250.0243635, 1526386254.2583978, 1526386258.9260283, 1526386275.0353742, 1526386279.1147008, 1526386283.9431922, 1526386287.1365752, 1526386291.0859647, 1526386293.7496872], "episode_lengths": [134, 136, 116, 96, 139, 120, 113, 96, 132, 144, 109, 220, 145, 164, 126, 121, 98, 128, 90, 126, 140, 131, 143, 112, 125, 150, 127, 189, 114, 160, 133, 90, 138, 147, 122, 107, 116, 109, 91, 98, 110, 166, 143, 93, 138, 124, 113, 101, 100, 118, 151, 145, 158, 138, 127, 112, 122, 171, 123, 160, 96, 121, 107, 128, 191, 159, 122, 123, 98, 132, 340, 116, 114, 137, 115, 107, 160, 107, 115, 131, 108, 135, 133, 131, 96, 152, 100, 110, 100, 139, 104, 144, 105, 106, 500, 129, 152, 94, 111, 93]}