{"episode_types": ["t", "t", "t", "t", "t", "t", "t", "t", "t", "t", "t", "t", "t", "t", "t", "t", "t", "t", "t", "t", "t", "t", "t", "t", "t", "t", "t", "t", "t", "t", "t", "t", "t", "t", "t", "t", "t", "t", "t", "t", "t", "t", "t", "t", "t", "t", "t", "t", "t", "t", "t", "t", "t", "t", "t", "t", "t", "t", "t", "t", "t", "t", "t", "t", "t", "t", "t", "t", "t", "t", "t", "t", "t", "t", "t", "t", "t", "t", "t", "t", "t", "t", "t", "t", "t", "t", "t", "t", "t", "t", "t", "t", "t", "t", "t", "t", "t", "t", "t", "t"], "episode_rewards": [-79.0, -317.0, -106.0, -98.0, -231.0, -146.0, -188.0, -137.0, -126.0, -106.0, -139.0, -126.0, -147.0, -249.0, -149.0, -120.0, -283.0, -144.0, -121.0, -114.0, -290.0, -140.0, -114.0, -128.0, -125.0, -135.0, -159.0, -140.0, -135.0, -104.0, -125.0, -109.0, -128.0, -108.0, -130.0, -122.0, -99.0, -138.0, -143.0, -500.0, -151.0, -130.0, -127.0, -146.0, -87.0, -105.0, -96.0, -119.0, -155.0, -112.0, -131.0, -138.0, -93.0, -118.0, -138.0, -121.0, -122.0, -137.0, -201.0, -195.0, -142.0, -127.0, -110.0, -107.0, -122.0, -162.0, -108.0, -166.0, -114.0, -104.0, -138.0, -100.0, -142.0, -101.0, -108.0, -186.0, -141.0, -171.0, -145.0, -116.0, -105.0, -131.0, -130.0, -160.0, -134.0, -317.0, -99.0, -124.0, -126.0, -107.0, -106.0, -142.0, -108.0, -157.0, -109.0, -146.0, -154.0, -171.0, -122.0, -98.0], "initial_reset_timestamp": 1526410035.734095, "timestamps": [1526410043.1020722, 1526410058.3498445, 1526410063.0987465, 1526410067.200626, 1526410076.9571915, 1526410082.752033, 1526410089.026023, 1526410094.7045474, 1526410099.4200323, 1526410103.1975951, 1526410109.1564417, 1526410115.180544, 1526410121.4522426, 1526410132.7049885, 1526410139.6414611, 1526410144.6355214, 1526410154.0562825, 1526410159.5800002, 1526410163.4056597, 1526410167.3613508, 1526410176.5537822, 1526410182.3535438, 1526410187.4920714, 1526410193.6246924, 1526410198.4788144, 1526410204.2864997, 1526410210.4009697, 1526410217.2497613, 1526410222.339361, 1526410225.5756943, 1526410229.8716924, 1526410233.8276653, 1526410237.442715, 1526410240.812149, 1526410244.7482429, 1526410248.1710036, 1526410250.9178665, 1526410255.3312624, 1526410261.5199063, 1526410280.1731105, 1526410284.9180343, 1526410290.9346573, 1526410294.6912355, 1526410299.2424133, 1526410301.7909896, 1526410305.1769593, 1526410308.1856995, 1526410312.2957726, 1526410317.715461, 1526410322.1647375, 1526410327.931073, 1526410334.2176006, 1526410337.8837402, 1526410342.2737265, 1526410346.713385, 1526410350.6340978, 1526410354.2945445, 1526410358.3676672, 1526410364.175441, 1526410370.8628206, 1526410377.3491325, 1526410382.2281513, 1526410386.029087, 1526410390.5156016, 1526410396.2509558, 1526410404.0342388, 1526410409.2694106, 1526410414.8806808, 1526410417.5512562, 1526410420.1345344, 1526410423.3156075, 1526410425.6998134, 1526410430.6743608, 1526410435.184514, 1526410439.8527026, 1526410447.1233227, 1526410451.3499043, 1526410457.2142243, 1526410462.5248768, 1526410465.2146118, 1526410467.607759, 1526410470.5912468, 1526410473.5702915, 1526410477.2744925, 1526410480.7049556, 1526410491.1551363, 1526410494.9182875, 1526410498.3002727, 1526410502.0902312, 1526410504.8834255, 1526410507.7349677, 1526410511.7427697, 1526410514.3508344, 1526410517.8960676, 1526410520.3773706, 1526410524.021056, 1526410527.5137527, 1526410531.3581173, 1526410534.1652684, 1526410536.3388133], "episode_lengths": [80, 318, 107, 99, 232, 147, 189, 138, 127, 107, 140, 127, 148, 250, 150, 121, 284, 145, 122, 115, 291, 141, 115, 129, 126, 136, 160, 141, 136, 105, 126, 110, 129, 109, 131, 123, 100, 139, 144, 500, 152, 131, 128, 147, 88, 106, 97, 120, 156, 113, 132, 139, 94, 119, 139, 122, 123, 138, 202, 196, 143, 128, 111, 108, 123, 163, 109, 167, 115, 105, 139, 101, 143, 102, 109, 187, 142, 172, 146, 117, 106, 132, 131, 161, 135, 318, 100, 125, 127, 108, 107, 143, 109, 158, 110, 147, 155, 172, 123, 99]}