{"episode_types": ["t", "t", "t", "t", "t", "t", "t", "t", "t", "t", "t", "t", "t", "t", "t", "t", "t", "t", "t", "t", "t", "t", "t", "t", "t", "t", "t", "t", "t", "t", "t", "t", "t", "t", "t", "t", "t", "t", "t", "t", "t", "t", "t", "t", "t", "t", "t", "t", "t", "t", "t", "t", "t", "t", "t", "t", "t", "t", "t", "t", "t", "t", "t", "t", "t", "t", "t", "t", "t", "t", "t", "t", "t", "t", "t", "t", "t", "t", "t", "t", "t", "t", "t", "t", "t", "t", "t", "t", "t", "t", "t", "t", "t", "t", "t", "t", "t", "t", "t", "t"], "episode_rewards": [-105.0, -93.0, -98.0, -94.0, -97.0, -111.0, -84.0, -106.0, -91.0, -84.0, -146.0, -114.0, -95.0, -104.0, -93.0, -112.0, -101.0, -96.0, -80.0, -126.0, -95.0, -105.0, -99.0, -150.0, -85.0, -118.0, -113.0, -115.0, -118.0, -108.0, -83.0, -83.0, -92.0, -113.0, -112.0, -119.0, -151.0, -132.0, -97.0, -77.0, -97.0, -161.0, -231.0, -117.0, -103.0, -131.0, -94.0, -109.0, -218.0, -89.0, -119.0, -115.0, -87.0, -276.0, -84.0, -119.0, -89.0, -97.0, -83.0, -88.0, -103.0, -500.0, -74.0, -112.0, -149.0, -75.0, -99.0, -104.0, -81.0, -108.0, -90.0, -102.0, -97.0, -106.0, -144.0, -286.0, -84.0, -83.0, -75.0, -106.0, -206.0, -123.0, -94.0, -131.0, -106.0, -185.0, -96.0, -98.0, -77.0, -155.0, -82.0, -122.0, -110.0, -89.0, -116.0, -114.0, -75.0, -95.0, -97.0, -111.0], "initial_reset_timestamp": 1526403982.9591334, "timestamps": [1526403989.2652516, 1526403992.1671522, 1526403995.2659416, 1526403998.082733, 1526404001.0966887, 1526404004.1094208, 1526404006.5691874, 1526404009.647395, 1526404012.555554, 1526404015.0427492, 1526404019.5936985, 1526404022.7992492, 1526404025.270839, 1526404028.1756535, 1526404030.7798965, 1526404033.8700502, 1526404036.7370968, 1526404039.8881457, 1526404042.2687504, 1526404045.5899782, 1526404048.349549, 1526404051.3145738, 1526404054.1754036, 1526404058.5885394, 1526404060.9055781, 1526404063.9419253, 1526404067.2758543, 1526404070.6150362, 1526404073.5368705, 1526404076.474093, 1526404078.7844949, 1526404080.9352703, 1526404083.4910219, 1526404086.8891501, 1526404090.0471692, 1526404093.7163372, 1526404098.0333107, 1526404101.7974498, 1526404104.7795556, 1526404107.1940477, 1526404110.037214, 1526404115.2975843, 1526404122.5462039, 1526404126.0035207, 1526404129.151216, 1526404133.158645, 1526404136.0656781, 1526404139.1906312, 1526404145.2077096, 1526404147.779603, 1526404151.3738453, 1526404154.814511, 1526404156.4173188, 1526404159.3709927, 1526404160.2981813, 1526404161.5911107, 1526404162.5200021, 1526404163.4860234, 1526404164.2092052, 1526404164.9777439, 1526404165.8735273, 1526404170.2120097, 1526404170.867401, 1526404171.8495276, 1526404173.1447055, 1526404173.8110824, 1526404174.681158, 1526404175.5821702, 1526404176.2974281, 1526404177.2458725, 1526404178.030202, 1526404178.9238617, 1526404179.772524, 1526404180.7034774, 1526404181.9604735, 1526404184.4428153, 1526404185.1835496, 1526404185.909164, 1526404186.5611057, 1526404187.4998727, 1526404189.2697725, 1526404190.3435469, 1526404191.172576, 1526404192.3184526, 1526404193.2405024, 1526404194.8573472, 1526404196.7575135, 1526404198.9183187, 1526404200.6879947, 1526404204.6575723, 1526404207.0513241, 1526404210.727869, 1526404214.000071, 1526404216.3347967, 1526404219.5523617, 1526404222.6103036, 1526404225.0519104, 1526404227.5988057, 1526404230.5573766, 1526404233.515735], "episode_lengths": [106, 94, 99, 95, 98, 112, 85, 107, 92, 85, 147, 115, 96, 105, 94, 113, 102, 97, 81, 127, 96, 106, 100, 151, 86, 119, 114, 116, 119, 109, 84, 84, 93, 114, 113, 120, 152, 133, 98, 78, 98, 162, 232, 118, 104, 132, 95, 110, 219, 90, 120, 116, 88, 277, 85, 120, 90, 98, 84, 89, 104, 500, 75, 113, 150, 76, 100, 105, 82, 109, 91, 103, 98, 107, 145, 287, 85, 84, 76, 107, 207, 124, 95, 132, 107, 186, 97, 99, 78, 156, 83, 123, 111, 90, 117, 115, 76, 96, 98, 112]}