{"episode_types": ["t", "t", "t", "t", "t", "t", "t", "t", "t", "t", "t", "t", "t", "t", "t", "t", "t", "t", "t", "t", "t", "t", "t", "t", "t", "t", "t", "t", "t", "t", "t", "t", "t", "t", "t", "t", "t", "t", "t", "t", "t", "t", "t", "t", "t", "t", "t", "t", "t", "t", "t", "t", "t", "t", "t", "t", "t", "t", "t", "t", "t", "t", "t", "t", "t", "t", "t", "t", "t", "t", "t", "t", "t", "t", "t", "t", "t", "t", "t", "t", "t", "t", "t", "t", "t", "t", "t", "t", "t", "t", "t", "t", "t", "t", "t", "t", "t", "t", "t", "t"], "episode_rewards": [-116.0, -237.0, -195.0, -150.0, -177.0, -129.0, -192.0, -144.0, -100.0, -148.0, -141.0, -104.0, -97.0, -124.0, -205.0, -141.0, -104.0, -126.0, -143.0, -161.0, -124.0, -130.0, -113.0, -220.0, -97.0, -116.0, -229.0, -112.0, -155.0, -275.0, -97.0, -314.0, -78.0, -135.0, -120.0, -135.0, -130.0, -107.0, -118.0, -111.0, -140.0, -104.0, -170.0, -183.0, -135.0, -114.0, -161.0, -131.0, -161.0, -101.0, -114.0, -110.0, -109.0, -158.0, -131.0, -141.0, -144.0, -94.0, -200.0, -148.0, -141.0, -121.0, -197.0, -143.0, -120.0, -173.0, -109.0, -119.0, -153.0, -93.0, -154.0, -209.0, -113.0, -162.0, -106.0, -111.0, -166.0, -121.0, -125.0, -106.0, -133.0, -117.0, -153.0, -218.0, -114.0, -129.0, -95.0, -137.0, -109.0, -118.0, -110.0, -114.0, -168.0, -101.0, -120.0, -101.0, -105.0, -108.0, -114.0, -136.0], "initial_reset_timestamp": 1526426351.2812378, "timestamps": [1526426358.4407291, 1526426365.742392, 1526426370.9322035, 1526426375.8774838, 1526426381.12906, 1526426384.77978, 1526426389.8433044, 1526426393.9849277, 1526426396.5926564, 1526426400.845357, 1526426405.0802653, 1526426407.679161, 1526426409.8922782, 1526426412.7523193, 1526426417.5828066, 1526426420.8050086, 1526426423.3447347, 1526426426.2211761, 1526426429.4628234, 1526426433.1089146, 1526426435.932538, 1526426438.8979993, 1526426441.494035, 1526426446.5434678, 1526426448.7778869, 1526426451.566265, 1526426458.089917, 1526426461.573016, 1526426466.6022432, 1526426474.2880473, 1526426477.066002, 1526426485.736217, 1526426488.2308764, 1526426492.4482346, 1526426495.978455, 1526426500.013409, 1526426503.645945, 1526426506.8340714, 1526426510.1169326, 1526426513.1815536, 1526426517.2878833, 1526426520.1395023, 1526426524.8967457, 1526426530.342123, 1526426534.1730583, 1526426537.3687618, 1526426542.3960521, 1526426545.9585686, 1526426549.364334, 1526426550.7135668, 1526426551.9382677, 1526426553.3408372, 1526426554.6259522, 1526426556.2521586, 1526426557.5486763, 1526426559.071203, 1526426560.7574291, 1526426562.1384234, 1526426564.517295, 1526426566.1327848, 1526426567.4970207, 1526426568.9014473, 1526426571.2617404, 1526426573.0588377, 1526426574.3994315, 1526426576.1958423, 1526426577.3121188, 1526426578.652477, 1526426580.4721205, 1526426581.5472689, 1526426583.2268548, 1526426585.4041812, 1526426586.518374, 1526426588.2698004, 1526426589.392815, 1526426590.7441533, 1526426592.5428693, 1526426593.798836, 1526426595.2893138, 1526426596.4403365, 1526426597.9586167, 1526426599.2793546, 1526426600.9525034, 1526426603.6503549, 1526426604.968485, 1526426606.4258268, 1526426607.6330395, 1526426609.201272, 1526426610.598644, 1526426611.8731303, 1526426613.104627, 1526426614.3825562, 1526426616.6809626, 1526426619.7956808, 1526426623.3652596, 1526426626.2329383, 1526426629.249357, 1526426632.0548708, 1526426635.7617342, 1526426639.5122185], "episode_lengths": [117, 238, 196, 151, 178, 130, 193, 145, 101, 149, 142, 105, 98, 125, 206, 142, 105, 127, 144, 162, 125, 131, 114, 221, 98, 117, 230, 113, 156, 276, 98, 315, 79, 136, 121, 136, 131, 108, 119, 112, 141, 105, 171, 184, 136, 115, 162, 132, 162, 102, 115, 111, 110, 159, 132, 142, 145, 95, 201, 149, 142, 122, 198, 144, 121, 174, 110, 120, 154, 94, 155, 210, 114, 163, 107, 112, 167, 122, 126, 107, 134, 118, 154, 219, 115, 130, 96, 138, 110, 119, 111, 115, 169, 102, 121, 102, 106, 109, 115, 137]}