{"episode_types": ["t", "t", "t", "t", "t", "t", "t", "t", "t", "t", "t", "t", "t", "t", "t", "t", "t", "t", "t", "t", "t", "t", "t", "t", "t", "t", "t", "t", "t", "t", "t", "t", "t", "t", "t", "t", "t", "t", "t", "t", "t", "t", "t", "t", "t", "t", "t", "t", "t", "t", "t", "t", "t", "t", "t", "t", "t", "t", "t", "t", "t", "t", "t", "t", "t", "t", "t", "t", "t", "t", "t", "t", "t", "t", "t", "t", "t", "t", "t", "t", "t", "t", "t", "t", "t", "t", "t", "t", "t", "t", "t", "t", "t", "t", "t", "t", "t", "t", "t", "t"], "episode_rewards": [-101.0, -119.0, -500.0, -142.0, -126.0, -150.0, -334.0, -116.0, -127.0, -106.0, -169.0, -500.0, -500.0, -147.0, -122.0, -101.0, -500.0, -123.0, -500.0, -500.0, -136.0, -110.0, -500.0, -119.0, -150.0, -500.0, -247.0, -500.0, -126.0, -500.0, -317.0, -116.0, -500.0, -174.0, -105.0, -177.0, -201.0, -100.0, -500.0, -108.0, -168.0, -131.0, -122.0, -141.0, -132.0, -500.0, -500.0, -119.0, -135.0, -171.0, -142.0, -500.0, -144.0, -270.0, -95.0, -129.0, -101.0, -500.0, -108.0, -103.0, -324.0, -500.0, -97.0, -500.0, -500.0, -132.0, -143.0, -414.0, -113.0, -500.0, -146.0, -132.0, -500.0, -118.0, -103.0, -85.0, -420.0, -190.0, -153.0, -102.0, -145.0, -117.0, -116.0, -500.0, -123.0, -500.0, -154.0, -500.0, -83.0, -500.0, -112.0, -500.0, -500.0, -130.0, -303.0, -198.0, -123.0, -117.0, -115.0, -111.0], "initial_reset_timestamp": 1526394771.8691366, "timestamps": [1526394773.856079, 1526394774.9537532, 1526394778.9746943, 1526394780.1186302, 1526394781.148786, 1526394782.372841, 1526394785.0776033, 1526394786.0165854, 1526394787.0485268, 1526394787.9129925, 1526394789.2797716, 1526394793.3073823, 1526394797.31914, 1526394798.5222545, 1526394799.5150733, 1526394800.3244824, 1526394804.3441656, 1526394805.3396666, 1526394809.333633, 1526394813.3362186, 1526394814.4449842, 1526394815.3268406, 1526394819.3186285, 1526394820.2776392, 1526394821.4925551, 1526394825.4927566, 1526394827.4771912, 1526394831.4873383, 1526394832.502585, 1526394836.4902124, 1526394839.03859, 1526394839.9718664, 1526394848.234174, 1526394851.9692218, 1526394854.2921443, 1526394858.1328676, 1526394862.5220857, 1526394864.705358, 1526394875.4192407, 1526394877.7927012, 1526394881.4105232, 1526394884.2407522, 1526394886.8957407, 1526394889.9652529, 1526394892.855714, 1526394903.6338747, 1526394914.396779, 1526394916.9695363, 1526394919.9212904, 1526394923.6864269, 1526394926.7329042, 1526394933.4481406, 1526394934.6391134, 1526394936.818229, 1526394937.5888743, 1526394938.636261, 1526394939.456017, 1526394943.434844, 1526394944.3109488, 1526394945.1405323, 1526394947.7271826, 1526394951.7962453, 1526394952.6336582, 1526394956.6436908, 1526394960.6278954, 1526394961.6974642, 1526394962.850003, 1526394966.1692698, 1526394967.0796576, 1526394971.0834172, 1526394972.2631762, 1526394973.3523936, 1526394977.3624008, 1526394978.317712, 1526394979.1556883, 1526394979.8534186, 1526394983.2518506, 1526394984.783314, 1526394986.015459, 1526394986.8367553, 1526394988.0017855, 1526394988.948094, 1526394989.878844, 1526394993.8611546, 1526394994.859374, 1526394998.854814, 1526395000.0928915, 1526395004.0750058, 1526395004.7472503, 1526395008.755527, 1526395009.667935, 1526395013.6942623, 1526395017.7211854, 1526395018.7667284, 1526395021.188399, 1526395022.774437, 1526395023.7775185, 1526395024.7233684, 1526395025.6488018, 1526395026.5414462], "episode_lengths": [102, 120, 500, 143, 127, 151, 335, 117, 128, 107, 170, 500, 500, 148, 123, 102, 500, 124, 500, 500, 137, 111, 500, 120, 151, 500, 248, 500, 127, 500, 318, 117, 500, 175, 106, 178, 202, 101, 500, 109, 169, 132, 123, 142, 133, 500, 500, 120, 136, 172, 143, 500, 145, 271, 96, 130, 102, 500, 109, 104, 325, 500, 98, 500, 500, 133, 144, 415, 114, 500, 147, 133, 500, 119, 104, 86, 421, 191, 154, 103, 146, 118, 117, 500, 124, 500, 155, 500, 84, 500, 113, 500, 500, 131, 304, 199, 124, 118, 116, 112]}