{"episode_types": ["t", "t", "t", "t", "t", "t", "t", "t", "t", "t", "t", "t", "t", "t", "t", "t", "t", "t", "t", "t", "t", "t", "t", "t", "t", "t", "t", "t", "t", "t", "t", "t", "t", "t", "t", "t", "t", "t", "t", "t", "t", "t", "t", "t", "t", "t", "t", "t", "t", "t", "t", "t", "t", "t", "t", "t", "t", "t", "t", "t", "t", "t", "t", "t", "t", "t", "t", "t", "t", "t", "t", "t", "t", "t", "t", "t", "t", "t", "t", "t", "t", "t", "t", "t", "t", "t", "t", "t", "t", "t", "t", "t", "t", "t", "t", "t", "t", "t", "t", "t"], "episode_rewards": [-117.0, -133.0, -185.0, -120.0, -119.0, -157.0, -134.0, -121.0, -133.0, -151.0, -111.0, -147.0, -110.0, -107.0, -107.0, -112.0, -119.0, -131.0, -158.0, -121.0, -239.0, -166.0, -136.0, -118.0, -166.0, -116.0, -147.0, -119.0, -125.0, -108.0, -120.0, -116.0, -109.0, -127.0, -142.0, -112.0, -120.0, -127.0, -104.0, -110.0, -128.0, -136.0, -108.0, -146.0, -125.0, -127.0, -117.0, -122.0, -167.0, -140.0, -185.0, -134.0, -153.0, -118.0, -153.0, -131.0, -127.0, -166.0, -117.0, -138.0, -102.0, -160.0, -140.0, -144.0, -196.0, -135.0, -144.0, -106.0, -117.0, -103.0, -131.0, -102.0, -142.0, -144.0, -161.0, -127.0, -112.0, -148.0, -196.0, -100.0, -161.0, -117.0, -130.0, -129.0, -148.0, -123.0, -119.0, -440.0, -157.0, -142.0, -135.0, -154.0, -162.0, -130.0, -129.0, -148.0, -268.0, -311.0, -121.0, -165.0], "initial_reset_timestamp": 1526406185.2273574, "timestamps": [1526406192.4163892, 1526406196.5932603, 1526406202.2526884, 1526406205.8735633, 1526406209.3858292, 1526406214.0268083, 1526406218.2307808, 1526406221.994703, 1526406225.883463, 1526406230.616937, 1526406234.0980525, 1526406238.54677, 1526406241.9237301, 1526406245.520175, 1526406248.7910101, 1526406252.05537, 1526406255.557068, 1526406259.6417391, 1526406264.7204628, 1526406268.5490549, 1526406274.4010844, 1526406276.2587802, 1526406277.9091656, 1526406279.2778394, 1526406281.3187225, 1526406282.846858, 1526406284.4612377, 1526406285.6653996, 1526406287.3863554, 1526406288.5789568, 1526406289.9885948, 1526406291.445566, 1526406292.5934458, 1526406294.1882539, 1526406296.0782626, 1526406297.278231, 1526406298.7837763, 1526406300.1583626, 1526406301.4025304, 1526406302.5836635, 1526406303.9742148, 1526406305.366305, 1526406306.5856616, 1526406308.1252906, 1526406309.359724, 1526406310.6146073, 1526406311.7474878, 1526406312.9682708, 1526406314.6829875, 1526406316.163171, 1526406318.0681949, 1526406319.4810896, 1526406321.0460489, 1526406322.30299, 1526406323.9713626, 1526406325.3986685, 1526406326.712989, 1526406328.441464, 1526406329.6287618, 1526406331.0343783, 1526406332.087932, 1526406333.7921085, 1526406335.629374, 1526406339.390229, 1526406344.8004577, 1526406348.4795966, 1526406352.2622678, 1526406355.1474526, 1526406358.5927181, 1526406361.6830628, 1526406365.4066224, 1526406367.7289283, 1526406370.889187, 1526406374.113266, 1526406377.7166243, 1526406380.5707612, 1526406383.1684675, 1526406386.5365772, 1526406390.9301183, 1526406393.1806507, 1526406396.7695014, 1526406399.4081476, 1526406402.3116875, 1526406405.1504953, 1526406408.5163596, 1526406411.2789872, 1526406413.9917002, 1526406423.7971969, 1526406427.301337, 1526406430.439324, 1526406433.5013456, 1526406436.9063222, 1526406440.5370922, 1526406443.514016, 1526406446.3548353, 1526406449.6157944, 1526406455.5465076, 1526406462.4797745, 1526406465.1769953, 1526406468.8623815], "episode_lengths": [118, 134, 186, 121, 120, 158, 135, 122, 134, 152, 112, 148, 111, 108, 108, 113, 120, 132, 159, 122, 240, 167, 137, 119, 167, 117, 148, 120, 126, 109, 121, 117, 110, 128, 143, 113, 121, 128, 105, 111, 129, 137, 109, 147, 126, 128, 118, 123, 168, 141, 186, 135, 154, 119, 154, 132, 128, 167, 118, 139, 103, 161, 141, 145, 197, 136, 145, 107, 118, 104, 132, 103, 143, 145, 162, 128, 113, 149, 197, 101, 162, 118, 131, 130, 149, 124, 120, 441, 158, 143, 136, 155, 163, 131, 130, 149, 269, 312, 122, 166]}