{"episode_types": ["t", "t", "t", "t", "t", "t", "t", "t", "t", "t", "t", "t", "t", "t", "t", "t", "t", "t", "t", "t", "t", "t", "t", "t", "t", "t", "t", "t", "t", "t", "t", "t", "t", "t", "t", "t", "t", "t", "t", "t", "t", "t", "t", "t", "t", "t", "t", "t", "t", "t", "t", "t", "t", "t", "t", "t", "t", "t", "t", "t", "t", "t", "t", "t", "t", "t", "t", "t", "t", "t", "t", "t", "t", "t", "t", "t", "t", "t", "t", "t", "t", "t", "t", "t", "t", "t", "t", "t", "t", "t", "t", "t", "t", "t", "t", "t", "t", "t", "t", "t"], "episode_rewards": [-130.0, -165.0, -112.0, -138.0, -108.0, -164.0, -134.0, -135.0, -103.0, -124.0, -161.0, -125.0, -118.0, -107.0, -118.0, -135.0, -137.0, -91.0, -162.0, -151.0, -141.0, -137.0, -147.0, -158.0, -134.0, -116.0, -92.0, -167.0, -138.0, -154.0, -120.0, -117.0, -122.0, -128.0, -111.0, -117.0, -131.0, -133.0, -97.0, -107.0, -113.0, -152.0, -115.0, -112.0, -127.0, -104.0, -135.0, -167.0, -148.0, -110.0, -149.0, -125.0, -130.0, -142.0, -110.0, -131.0, -126.0, -113.0, -120.0, -118.0, -121.0, -106.0, -137.0, -126.0, -143.0, -109.0, -157.0, -209.0, -139.0, -141.0, -144.0, -129.0, -116.0, -120.0, -139.0, -143.0, -132.0, -110.0, -148.0, -124.0, -137.0, -132.0, -121.0, -134.0, -137.0, -165.0, -123.0, -115.0, -102.0, -107.0, -137.0, -500.0, -116.0, -148.0, -120.0, -125.0, -110.0, -167.0, -129.0, -127.0], "initial_reset_timestamp": 1526373959.095988, "timestamps": [1526373965.4208837, 1526373969.3396063, 1526373971.7916865, 1526373974.8095362, 1526373977.2543263, 1526373980.94344, 1526373983.8637524, 1526373986.7669015, 1526373988.9839475, 1526373991.6449153, 1526373995.3283453, 1526373998.6798012, 1526374001.2585912, 1526374003.5939493, 1526374006.1425853, 1526374009.050857, 1526374012.2170875, 1526374014.197604, 1526374018.0939534, 1526374021.4230573, 1526374024.6702085, 1526374027.801037, 1526374031.115321, 1526374034.768628, 1526374036.662523, 1526374037.706478, 1526374038.4777465, 1526374039.8553314, 1526374041.0456746, 1526374042.3436954, 1526374043.347465, 1526374044.376747, 1526374045.4055789, 1526374046.546327, 1526374047.5147634, 1526374048.4920695, 1526374049.6483946, 1526374050.776169, 1526374051.5780604, 1526374052.491786, 1526374053.5098045, 1526374054.7501163, 1526374055.694455, 1526374056.6472409, 1526374057.691473, 1526374058.5707853, 1526374059.6893756, 1526374061.0923152, 1526374062.3674698, 1526374063.2968519, 1526374064.5476367, 1526374065.6982393, 1526374066.7973595, 1526374068.0122225, 1526374068.955966, 1526374070.048586, 1526374071.111271, 1526374072.1716583, 1526374073.1715834, 1526374074.1773012, 1526374075.205668, 1526374076.1290936, 1526374077.3112428, 1526374078.3558538, 1526374079.5166574, 1526374080.4163067, 1526374081.719155, 1526374083.8682308, 1526374085.142475, 1526374086.359575, 1526374087.6318345, 1526374088.7359111, 1526374090.210803, 1526374092.987941, 1526374096.1727743, 1526374099.53415, 1526374102.529981, 1526374104.994427, 1526374108.5404696, 1526374111.528789, 1526374114.6471128, 1526374117.7872732, 1526374120.4497285, 1526374123.5249786, 1526374126.688971, 1526374131.3702886, 1526374134.3088622, 1526374137.0229008, 1526374139.27897, 1526374141.6361482, 1526374144.6520581, 1526374155.6762393, 1526374158.3217874, 1526374161.5588233, 1526374164.180771, 1526374166.9224317, 1526374169.420602, 1526374173.823577, 1526374177.128703, 1526374180.1397932], "episode_lengths": [131, 166, 113, 139, 109, 165, 135, 136, 104, 125, 162, 126, 119, 108, 119, 136, 138, 92, 163, 152, 142, 138, 148, 159, 135, 117, 93, 168, 139, 155, 121, 118, 123, 129, 112, 118, 132, 134, 98, 108, 114, 153, 116, 113, 128, 105, 136, 168, 149, 111, 150, 126, 131, 143, 111, 132, 127, 114, 121, 119, 122, 107, 138, 127, 144, 110, 158, 210, 140, 142, 145, 130, 117, 121, 140, 144, 133, 111, 149, 125, 138, 133, 122, 135, 138, 166, 124, 116, 103, 108, 138, 500, 117, 149, 121, 126, 111, 168, 130, 128]}