{"episode_types": ["t", "t", "t", "t", "t", "t", "t", "t", "t", "t", "t", "t", "t", "t", "t", "t", "t", "t", "t", "t", "t", "t", "t", "t", "t", "t", "t", "t", "t", "t", "t", "t", "t", "t", "t", "t", "t", "t", "t", "t", "t", "t", "t", "t", "t", "t", "t", "t", "t", "t", "t", "t", "t", "t", "t", "t", "t", "t", "t", "t", "t", "t", "t", "t", "t", "t", "t", "t", "t", "t", "t", "t", "t", "t", "t", "t", "t", "t", "t", "t", "t", "t", "t", "t", "t", "t", "t", "t", "t", "t", "t", "t", "t", "t", "t", "t", "t", "t", "t", "t"], "episode_rewards": [-99.0, -128.0, -168.0, -131.0, -107.0, -99.0, -122.0, -95.0, -87.0, -157.0, -130.0, -116.0, -92.0, -125.0, -98.0, -105.0, -117.0, -120.0, -99.0, -99.0, -115.0, -85.0, -88.0, -130.0, -89.0, -106.0, -149.0, -93.0, -145.0, -81.0, -100.0, -111.0, -94.0, -128.0, -129.0, -93.0, -87.0, -131.0, -92.0, -117.0, -104.0, -113.0, -134.0, -153.0, -105.0, -97.0, -93.0, -114.0, -101.0, -124.0, -137.0, -96.0, -111.0, -94.0, -148.0, -129.0, -136.0, -153.0, -162.0, -104.0, -90.0, -149.0, -88.0, -104.0, -101.0, -92.0, -110.0, -98.0, -95.0, -255.0, -115.0, -146.0, -105.0, -114.0, -117.0, -100.0, -95.0, -129.0, -120.0, -119.0, -115.0, -110.0, -162.0, -105.0, -108.0, -118.0, -93.0, -125.0, -106.0, -107.0, -109.0, -113.0, -102.0, -80.0, -126.0, -171.0, -124.0, -97.0, -121.0, -95.0], "initial_reset_timestamp": 1526418791.6593707, "timestamps": [1526418796.8500106, 1526418800.7828977, 1526418805.8971639, 1526418809.852637, 1526418813.0830042, 1526418815.8868556, 1526418819.7696083, 1526418823.1482182, 1526418825.878175, 1526418830.50022, 1526418833.8723216, 1526418837.470616, 1526418839.9107165, 1526418843.3874712, 1526418845.8925614, 1526418849.1194122, 1526418852.29834, 1526418855.7197385, 1526418858.4062657, 1526418861.1142094, 1526418864.620256, 1526418867.121042, 1526418869.500724, 1526418873.1030176, 1526418875.6659317, 1526418878.5663693, 1526418882.8313825, 1526418885.4684637, 1526418889.7213368, 1526418891.8234746, 1526418894.6389031, 1526418897.8919528, 1526418900.7442534, 1526418904.154534, 1526418907.7774673, 1526418910.9053125, 1526418914.297165, 1526418918.8727372, 1526418921.7503512, 1526418925.7169278, 1526418928.984357, 1526418931.617879, 1526418934.7219467, 1526418938.2112434, 1526418940.6718488, 1526418942.8596022, 1526418945.0805416, 1526418947.7292747, 1526418950.036662, 1526418952.9084852, 1526418956.0777442, 1526418958.3204622, 1526418960.8608851, 1526418963.0557833, 1526418966.420405, 1526418969.3870876, 1526418972.5031073, 1526418977.1810403, 1526418987.8325803, 1526418993.143502, 1526418997.867707, 1526419004.4770594, 1526419008.6890743, 1526419013.158211, 1526419016.598585, 1526419019.8206375, 1526419023.557707, 1526419026.8163695, 1526419030.2407873, 1526419037.5934327, 1526419041.0319345, 1526419044.780745, 1526419045.9602056, 1526419047.178359, 1526419048.5049899, 1526419049.7443547, 1526419050.943651, 1526419052.5526633, 1526419053.8834789, 1526419055.2664976, 1526419056.6517377, 1526419057.8306768, 1526419059.45975, 1526419060.595468, 1526419061.8763988, 1526419063.2829802, 1526419064.268852, 1526419065.7509255, 1526419067.0407286, 1526419068.2766843, 1526419069.4784036, 1526419070.7204978, 1526419071.9603932, 1526419072.93281, 1526419074.29649, 1526419076.3256679, 1526419077.6644568, 1526419078.776465, 1526419080.1937604, 1526419081.3448837], "episode_lengths": [100, 129, 169, 132, 108, 100, 123, 96, 88, 158, 131, 117, 93, 126, 99, 106, 118, 121, 100, 100, 116, 86, 89, 131, 90, 107, 150, 94, 146, 82, 101, 112, 95, 129, 130, 94, 88, 132, 93, 118, 105, 114, 135, 154, 106, 98, 94, 115, 102, 125, 138, 97, 112, 95, 149, 130, 137, 154, 163, 105, 91, 150, 89, 105, 102, 93, 111, 99, 96, 256, 116, 147, 106, 115, 118, 101, 96, 130, 121, 120, 116, 111, 163, 106, 109, 119, 94, 126, 107, 108, 110, 114, 103, 81, 127, 172, 125, 98, 122, 96]}