{"episode_types": ["t", "t", "t", "t", "t", "t", "t", "t", "t", "t", "t", "t", "t", "t", "t", "t", "t", "t", "t", "t", "t", "t", "t", "t", "t", "t", "t", "t", "t", "t", "t", "t", "t", "t", "t", "t", "t", "t", "t", "t", "t", "t", "t", "t", "t", "t", "t", "t", "t", "t", "t", "t", "t", "t", "t", "t", "t", "t", "t", "t", "t", "t", "t", "t", "t", "t", "t", "t", "t", "t", "t", "t", "t", "t", "t", "t", "t", "t", "t", "t", "t", "t", "t", "t", "t", "t", "t", "t", "t", "t", "t", "t", "t", "t", "t", "t", "t", "t", "t", "t"], "episode_rewards": [-117.0, -97.0, -78.0, -78.0, -101.0, -79.0, -106.0, -103.0, -85.0, -123.0, -116.0, -111.0, -93.0, -109.0, -82.0, -91.0, -80.0, -79.0, -131.0, -101.0, -90.0, -82.0, -80.0, -77.0, -108.0, -87.0, -113.0, -76.0, -100.0, -83.0, -92.0, -87.0, -91.0, -224.0, -79.0, -103.0, -111.0, -116.0, -98.0, -95.0, -79.0, -137.0, -83.0, -123.0, -74.0, -113.0, -81.0, -94.0, -99.0, -115.0, -139.0, -100.0, -98.0, -79.0, -113.0, -153.0, -82.0, -83.0, -92.0, -172.0, -77.0, -98.0, -85.0, -110.0, -85.0, -93.0, -97.0, -88.0, -121.0, -73.0, -81.0, -107.0, -73.0, -218.0, -87.0, -103.0, -224.0, -74.0, -90.0, -101.0, -102.0, -97.0, -82.0, -95.0, -84.0, -92.0, -74.0, -118.0, -87.0, -99.0, -103.0, -134.0, -82.0, -77.0, -125.0, -107.0, -92.0, -77.0, -81.0, -86.0], "initial_reset_timestamp": 1526392911.0009403, "timestamps": [1526392917.4893272, 1526392921.3832054, 1526392923.245052, 1526392924.9875844, 1526392927.3990672, 1526392929.4472136, 1526392932.372297, 1526392935.5386577, 1526392937.6346087, 1526392940.5041337, 1526392943.1244392, 1526392945.6056235, 1526392947.646639, 1526392950.0653985, 1526392952.776282, 1526392955.2675347, 1526392957.2896624, 1526392959.557827, 1526392962.8616571, 1526392965.4687924, 1526392967.5632846, 1526392969.395307, 1526392971.3624337, 1526392973.3548794, 1526392976.6050055, 1526392979.0781689, 1526392982.127149, 1526392983.8456056, 1526392986.1782112, 1526392988.117968, 1526392990.3056164, 1526392992.4696424, 1526392995.1232114, 1526393001.2883952, 1526393003.2095313, 1526393006.1039543, 1526393008.7837353, 1526393011.410791, 1526393013.5766501, 1526393015.9545295, 1526393017.761536, 1526393020.9768171, 1526393022.9403577, 1526393025.7363334, 1526393027.4316483, 1526393030.3204997, 1526393033.086242, 1526393037.214999, 1526393040.1811624, 1526393042.8421757, 1526393046.0587041, 1526393048.4333143, 1526393050.6811993, 1526393052.4830427, 1526393055.1223648, 1526393059.0134256, 1526393060.8729918, 1526393063.103468, 1526393065.3249655, 1526393069.4919622, 1526393071.4256992, 1526393073.8803596, 1526393076.0319233, 1526393078.4989476, 1526393080.6657596, 1526393082.9197032, 1526393085.257619, 1526393087.3309112, 1526393090.109186, 1526393091.8701441, 1526393093.640737, 1526393095.9653132, 1526393097.5326123, 1526393102.4817834, 1526393104.9727352, 1526393107.3848474, 1526393113.437601, 1526393116.332348, 1526393119.173834, 1526393121.457209, 1526393124.1154957, 1526393126.4812057, 1526393128.4543118, 1526393130.911181, 1526393132.8852048, 1526393135.3972332, 1526393137.4727046, 1526393140.1982393, 1526393142.115374, 1526393144.888282, 1526393148.719105, 1526393152.082645, 1526393154.0431223, 1526393156.1036952, 1526393159.5559244, 1526393162.076594, 1526393164.4959157, 1526393166.2520242, 1526393168.3083317, 1526393170.4815495], "episode_lengths": [118, 98, 79, 79, 102, 80, 107, 104, 86, 124, 117, 112, 94, 110, 83, 92, 81, 80, 132, 102, 91, 83, 81, 78, 109, 88, 114, 77, 101, 84, 93, 88, 92, 225, 80, 104, 112, 117, 99, 96, 80, 138, 84, 124, 75, 114, 82, 95, 100, 116, 140, 101, 99, 80, 114, 154, 83, 84, 93, 173, 78, 99, 86, 111, 86, 94, 98, 89, 122, 74, 82, 108, 74, 219, 88, 104, 225, 75, 91, 102, 103, 98, 83, 96, 85, 93, 75, 119, 88, 100, 104, 135, 83, 78, 126, 108, 93, 78, 82, 87]}