{"episode_types": ["t", "t", "t", "t", "t", "t", "t", "t", "t", "t", "t", "t", "t", "t", "t", "t", "t", "t", "t", "t", "t", "t", "t", "t", "t", "t", "t", "t", "t", "t", "t", "t", "t", "t", "t", "t", "t", "t", "t", "t", "t", "t", "t", "t", "t", "t", "t", "t", "t", "t", "t", "t", "t", "t", "t", "t", "t", "t", "t", "t", "t", "t", "t", "t", "t", "t", "t", "t", "t", "t", "t", "t", "t", "t", "t", "t", "t", "t", "t", "t", "t", "t", "t", "t", "t", "t", "t", "t", "t", "t", "t", "t", "t", "t", "t", "t", "t", "t", "t", "t"], "episode_rewards": [-125.0, -176.0, -140.0, -157.0, -148.0, -164.0, -134.0, -142.0, -160.0, -141.0, -148.0, -144.0, -150.0, -140.0, -158.0, -146.0, -147.0, -147.0, -173.0, -124.0, -152.0, -199.0, -131.0, -170.0, -155.0, -187.0, -111.0, -180.0, -141.0, -129.0, -135.0, -153.0, -134.0, -105.0, -209.0, -127.0, -194.0, -200.0, -152.0, -210.0, -173.0, -143.0, -134.0, -145.0, -198.0, -208.0, -146.0, -164.0, -148.0, -115.0, -290.0, -137.0, -151.0, -147.0, -114.0, -141.0, -171.0, -143.0, -188.0, -166.0, -117.0, -142.0, -223.0, -177.0, -149.0, -166.0, -131.0, -112.0, -162.0, -348.0, -165.0, -155.0, -163.0, -108.0, -135.0, -144.0, -159.0, -245.0, -136.0, -144.0, -141.0, -132.0, -148.0, -147.0, -143.0, -135.0, -96.0, -131.0, -136.0, -184.0, -149.0, -174.0, -140.0, -188.0, -179.0, -142.0, -173.0, -165.0, -99.0, -130.0], "initial_reset_timestamp": 1526378782.2506192, "timestamps": [1526378790.6465251, 1526378796.1116226, 1526378800.0631204, 1526378804.8581982, 1526378809.6049533, 1526378814.6119199, 1526378818.9773335, 1526378823.803721, 1526378828.7362561, 1526378833.3247724, 1526378837.8840852, 1526378842.2468817, 1526378846.7292356, 1526378850.4511023, 1526378855.6602347, 1526378860.187609, 1526378864.977258, 1526378869.3518631, 1526378874.8836863, 1526378878.5189228, 1526378883.2277873, 1526378889.5262234, 1526378893.3324287, 1526378899.3723047, 1526378904.7385702, 1526378910.592146, 1526378914.4813285, 1526378920.4483943, 1526378925.0562027, 1526378928.9800491, 1526378932.714421, 1526378937.2863812, 1526378940.9834561, 1526378944.2462108, 1526378950.8411334, 1526378954.733185, 1526378960.8081675, 1526378967.375219, 1526378971.9930058, 1526378977.8447962, 1526378983.1194098, 1526378987.786997, 1526378991.4696105, 1526378995.6428614, 1526379001.059091, 1526379006.7441192, 1526379010.6944666, 1526379015.7975545, 1526379020.313526, 1526379024.103746, 1526379033.1187813, 1526379037.8560708, 1526379042.6863956, 1526379046.8876204, 1526379051.002734, 1526379055.4434092, 1526379060.7486503, 1526379065.07349, 1526379070.9534605, 1526379076.246333, 1526379079.5042188, 1526379082.9908118, 1526379090.3714652, 1526379096.388219, 1526379101.19664, 1526379106.405282, 1526379110.792862, 1526379113.9910364, 1526379118.838166, 1526379130.2094424, 1526379135.5346384, 1526379140.388918, 1526379145.6592224, 1526379149.2883646, 1526379153.2720006, 1526379157.9365141, 1526379162.3810515, 1526379169.6341603, 1526379173.7812712, 1526379179.1705892, 1526379183.8572373, 1526379187.756996, 1526379192.262005, 1526379196.947176, 1526379201.1482193, 1526379205.55706, 1526379208.5636683, 1526379212.5263162, 1526379216.7794142, 1526379223.1386526, 1526379228.6866522, 1526379233.6745625, 1526379238.5638843, 1526379243.9369586, 1526379249.0356522, 1526379253.0076845, 1526379257.4454033, 1526379262.1288123, 1526379265.0975127, 1526379268.7361066], "episode_lengths": [126, 177, 141, 158, 149, 165, 135, 143, 161, 142, 149, 145, 151, 141, 159, 147, 148, 148, 174, 125, 153, 200, 132, 171, 156, 188, 112, 181, 142, 130, 136, 154, 135, 106, 210, 128, 195, 201, 153, 211, 174, 144, 135, 146, 199, 209, 147, 165, 149, 116, 291, 138, 152, 148, 115, 142, 172, 144, 189, 167, 118, 143, 224, 178, 150, 167, 132, 113, 163, 349, 166, 156, 164, 109, 136, 145, 160, 246, 137, 145, 142, 133, 149, 148, 144, 136, 97, 132, 137, 185, 150, 175, 141, 189, 180, 143, 174, 166, 100, 131]}