{"episode_types": ["t", "t", "t", "t", "t", "t", "t", "t", "t", "t", "t", "t", "t", "t", "t", "t", "t", "t", "t", "t", "t", "t", "t", "t", "t", "t", "t", "t", "t", "t", "t", "t", "t", "t", "t", "t", "t", "t", "t", "t", "t", "t", "t", "t", "t", "t", "t", "t", "t", "t", "t", "t", "t", "t", "t", "t", "t", "t", "t", "t", "t", "t", "t", "t", "t", "t", "t", "t", "t", "t", "t", "t", "t", "t", "t", "t", "t", "t", "t", "t", "t", "t", "t", "t", "t", "t", "t", "t", "t", "t", "t", "t", "t", "t", "t", "t", "t", "t", "t", "t"], "episode_rewards": [-90.0, -69.0, -111.0, -114.0, -98.0, -170.0, -98.0, -90.0, -118.0, -99.0, -108.0, -82.0, -122.0, -161.0, -91.0, -121.0, -137.0, -97.0, -99.0, -88.0, -108.0, -91.0, -155.0, -106.0, -97.0, -380.0, -178.0, -90.0, -92.0, -91.0, -123.0, -146.0, -139.0, -157.0, -83.0, -132.0, -129.0, -102.0, -128.0, -96.0, -155.0, -91.0, -107.0, -154.0, -101.0, -229.0, -106.0, -98.0, -90.0, -93.0, -66.0, -100.0, -94.0, -129.0, -121.0, -124.0, -89.0, -170.0, -81.0, -94.0, -102.0, -96.0, -112.0, -125.0, -91.0, -90.0, -87.0, -123.0, -90.0, -88.0, -113.0, -110.0, -108.0, -128.0, -120.0, -120.0, -113.0, -86.0, -96.0, -114.0, -95.0, -117.0, -94.0, -92.0, -124.0, -93.0, -99.0, -106.0, -118.0, -101.0, -127.0, -124.0, -106.0, -114.0, -113.0, -90.0, -144.0, -108.0, -179.0, -92.0], "initial_reset_timestamp": 1526405661.3345838, "timestamps": [1526405666.9995952, 1526405669.3555424, 1526405672.3680303, 1526405675.7513385, 1526405678.5406206, 1526405683.7942224, 1526405686.5433583, 1526405689.1912773, 1526405692.6800957, 1526405695.9221303, 1526405699.1418202, 1526405701.6651993, 1526405705.4620018, 1526405710.6467605, 1526405713.803247, 1526405718.0566237, 1526405722.0341067, 1526405724.70184, 1526405727.4409337, 1526405729.7989802, 1526405732.5359101, 1526405734.9789388, 1526405739.0992687, 1526405742.039287, 1526405744.510443, 1526405754.6175313, 1526405759.2495544, 1526405761.532093, 1526405763.974629, 1526405765.137236, 1526405766.4010172, 1526405767.8985674, 1526405769.2977135, 1526405770.9585602, 1526405771.7619703, 1526405773.0828345, 1526405774.3490305, 1526405775.3598604, 1526405776.7760983, 1526405777.7839527, 1526405779.257652, 1526405780.2090042, 1526405781.2148259, 1526405782.855561, 1526405783.8689723, 1526405786.154569, 1526405787.220056, 1526405788.2037826, 1526405789.0637174, 1526405789.9731164, 1526405790.6649423, 1526405791.6672933, 1526405792.7035365, 1526405793.9514675, 1526405795.1351519, 1526405796.3603795, 1526405797.2702842, 1526405799.0435839, 1526405799.865004, 1526405800.7861657, 1526405801.7677715, 1526405802.6903534, 1526405803.840464, 1526405805.0937276, 1526405806.0551376, 1526405806.899606, 1526405807.7934234, 1526405809.0605145, 1526405810.0126565, 1526405810.8641388, 1526405813.1826887, 1526405816.402262, 1526405819.5489836, 1526405823.3372233, 1526405826.970595, 1526405830.128033, 1526405832.66099, 1526405834.6317406, 1526405836.76531, 1526405839.281359, 1526405841.4178371, 1526405844.0998151, 1526405846.1821017, 1526405848.245282, 1526405851.0116718, 1526405853.0722814, 1526405855.26522, 1526405857.6239424, 1526405860.279892, 1526405862.5129244, 1526405865.3444088, 1526405868.1535425, 1526405870.54274, 1526405873.079582, 1526405875.5810866, 1526405877.5711944, 1526405880.875966, 1526405883.2639978, 1526405887.2806158, 1526405889.3105316], "episode_lengths": [91, 70, 112, 115, 99, 171, 99, 91, 119, 100, 109, 83, 123, 162, 92, 122, 138, 98, 100, 89, 109, 92, 156, 107, 98, 381, 179, 91, 93, 92, 124, 147, 140, 158, 84, 133, 130, 103, 129, 97, 156, 92, 108, 155, 102, 230, 107, 99, 91, 94, 67, 101, 95, 130, 122, 125, 90, 171, 82, 95, 103, 97, 113, 126, 92, 91, 88, 124, 91, 89, 114, 111, 109, 129, 121, 121, 114, 87, 97, 115, 96, 118, 95, 93, 125, 94, 100, 107, 119, 102, 128, 125, 107, 115, 114, 91, 145, 109, 180, 93]}