{"episode_types": ["t", "t", "t", "t", "t", "t", "t", "t", "t", "t", "t", "t", "t", "t", "t", "t", "t", "t", "t", "t", "t", "t", "t", "t", "t", "t", "t", "t", "t", "t", "t", "t", "t", "t", "t", "t", "t", "t", "t", "t", "t", "t", "t", "t", "t", "t", "t", "t", "t", "t", "t", "t", "t", "t", "t", "t", "t", "t", "t", "t", "t", "t", "t", "t", "t", "t", "t", "t", "t", "t", "t", "t", "t", "t", "t", "t", "t", "t", "t", "t", "t", "t", "t", "t", "t", "t", "t", "t", "t", "t", "t", "t", "t", "t", "t", "t", "t", "t", "t", "t"], "episode_rewards": [-93.0, -95.0, -92.0, -122.0, -107.0, -135.0, -114.0, -90.0, -104.0, -103.0, -99.0, -93.0, -106.0, -89.0, -97.0, -98.0, -98.0, -132.0, -151.0, -144.0, -93.0, -96.0, -96.0, -88.0, -98.0, -109.0, -114.0, -105.0, -94.0, -104.0, -106.0, -93.0, -107.0, -91.0, -132.0, -119.0, -96.0, -107.0, -95.0, -110.0, -92.0, -90.0, -94.0, -97.0, -103.0, -88.0, -96.0, -91.0, -138.0, -114.0, -94.0, -128.0, -195.0, -96.0, -93.0, -99.0, -93.0, -121.0, -114.0, -180.0, -119.0, -105.0, -101.0, -75.0, -127.0, -94.0, -123.0, -130.0, -91.0, -109.0, -87.0, -92.0, -101.0, -116.0, -102.0, -236.0, -101.0, -112.0, -95.0, -94.0, -90.0, -114.0, -196.0, -95.0, -101.0, -121.0, -135.0, -98.0, -88.0, -96.0, -84.0, -116.0, -116.0, -91.0, -120.0, -166.0, -84.0, -90.0, -110.0, -89.0], "initial_reset_timestamp": 1526383857.8273153, "timestamps": [1526383863.8885279, 1526383867.4229424, 1526383870.2595665, 1526383874.1154208, 1526383877.7005193, 1526383881.9891424, 1526383885.8211043, 1526383888.3748777, 1526383891.5216732, 1526383894.6541753, 1526383897.815137, 1526383900.5544024, 1526383904.044874, 1526383906.7946644, 1526383909.71777, 1526383913.2566648, 1526383916.001108, 1526383920.1555533, 1526383924.9200134, 1526383929.4664786, 1526383932.2623427, 1526383935.4612238, 1526383938.55853, 1526383941.4473102, 1526383944.9425201, 1526383948.3822792, 1526383951.8757637, 1526383955.18672, 1526383958.078545, 1526383961.3182774, 1526383964.5414999, 1526383967.4058735, 1526383970.498599, 1526383973.5751305, 1526383977.795805, 1526383981.5233943, 1526383984.5198624, 1526383987.801188, 1526383990.8338168, 1526383994.716958, 1526383997.572058, 1526384000.1693413, 1526384003.576635, 1526384006.5352895, 1526384009.6918364, 1526384012.5455701, 1526384015.406903, 1526384018.261213, 1526384022.3722622, 1526384025.8375502, 1526384029.020766, 1526384033.0612814, 1526384039.0999563, 1526384042.1106372, 1526384045.151579, 1526384048.2823093, 1526384051.3394551, 1526384055.1778553, 1526384058.47241, 1526384064.1263506, 1526384067.8152192, 1526384071.170083, 1526384074.4918764, 1526384077.053408, 1526384081.1542277, 1526384084.4955387, 1526384088.5409317, 1526384092.6735442, 1526384095.3577783, 1526384098.767087, 1526384101.643789, 1526384104.6127093, 1526384107.9310114, 1526384111.6078086, 1526384114.8916383, 1526384122.3576243, 1526384125.6121118, 1526384129.2594433, 1526384132.4620554, 1526384135.3197012, 1526384138.2206986, 1526384141.898637, 1526384148.1250787, 1526384151.1642804, 1526384154.2851267, 1526384156.2443376, 1526384157.8697855, 1526384158.9586034, 1526384159.9782984, 1526384161.1454346, 1526384162.1206357, 1526384163.5494657, 1526384164.8217268, 1526384165.9790225, 1526384167.5103374, 1526384169.2983983, 1526384170.2289758, 1526384171.2410781, 1526384172.5364022, 1526384173.4530244], "episode_lengths": [94, 96, 93, 123, 108, 136, 115, 91, 105, 104, 100, 94, 107, 90, 98, 99, 99, 133, 152, 145, 94, 97, 97, 89, 99, 110, 115, 106, 95, 105, 107, 94, 108, 92, 133, 120, 97, 108, 96, 111, 93, 91, 95, 98, 104, 89, 97, 92, 139, 115, 95, 129, 196, 97, 94, 100, 94, 122, 115, 181, 120, 106, 102, 76, 128, 95, 124, 131, 92, 110, 88, 93, 102, 117, 103, 237, 102, 113, 96, 95, 91, 115, 197, 96, 102, 122, 136, 99, 89, 97, 85, 117, 117, 92, 121, 167, 85, 91, 111, 90]}