{"episode_types": ["t", "t", "t", "t", "t", "t", "t", "t", "t", "t", "t", "t", "t", "t", "t", "t", "t", "t", "t", "t", "t", "t", "t", "t", "t", "t", "t", "t", "t", "t", "t", "t", "t", "t", "t", "t", "t", "t", "t", "t", "t", "t", "t", "t", "t", "t", "t", "t", "t", "t", "t", "t", "t", "t", "t", "t", "t", "t", "t", "t", "t", "t", "t", "t", "t", "t", "t", "t", "t", "t", "t", "t", "t", "t", "t", "t", "t", "t", "t", "t", "t", "t", "t", "t", "t", "t", "t", "t", "t", "t", "t", "t", "t", "t", "t", "t", "t", "t", "t", "t"], "episode_rewards": [-117.0, -120.0, -76.0, -122.0, -114.0, -127.0, -127.0, -148.0, -123.0, -135.0, -121.0, -81.0, -168.0, -155.0, -123.0, -260.0, -129.0, -428.0, -85.0, -135.0, -81.0, -106.0, -167.0, -145.0, -136.0, -127.0, -121.0, -113.0, -144.0, -229.0, -222.0, -133.0, -132.0, -168.0, -105.0, -140.0, -95.0, -94.0, -115.0, -130.0, -127.0, -126.0, -108.0, -87.0, -97.0, -151.0, -147.0, -110.0, -134.0, -139.0, -121.0, -132.0, -139.0, -111.0, -120.0, -83.0, -102.0, -93.0, -100.0, -109.0, -127.0, -183.0, -139.0, -125.0, -150.0, -100.0, -142.0, -80.0, -127.0, -130.0, -88.0, -106.0, -133.0, -112.0, -108.0, -156.0, -129.0, -116.0, -111.0, -115.0, -132.0, -179.0, -169.0, -333.0, -131.0, -128.0, -123.0, -121.0, -113.0, -112.0, -124.0, -109.0, -149.0, -107.0, -164.0, -123.0, -245.0, -172.0, -117.0, -167.0], "initial_reset_timestamp": 1526404525.184825, "timestamps": [1526404532.2504358, 1526404535.6757786, 1526404539.0220876, 1526404544.385861, 1526404547.612635, 1526404551.3158112, 1526404554.6638875, 1526404558.5540376, 1526404561.9113863, 1526404565.4358833, 1526404568.50763, 1526404570.914919, 1526404575.396064, 1526404579.9612877, 1526404583.651666, 1526404591.4187727, 1526404594.7920742, 1526404606.868368, 1526404609.1914296, 1526404613.340723, 1526404615.9539678, 1526404619.0390286, 1526404624.168169, 1526404628.0341098, 1526404632.0726957, 1526404635.4868736, 1526404638.5928752, 1526404641.82746, 1526404645.5210276, 1526404651.6112394, 1526404657.6037664, 1526404661.2104862, 1526404664.5853071, 1526404669.0393815, 1526404671.8839514, 1526404674.119579, 1526404675.0404432, 1526404675.988955, 1526404677.2833934, 1526404678.942532, 1526404680.2906907, 1526404681.780519, 1526404683.0147045, 1526404683.8911362, 1526404684.981032, 1526404686.5208528, 1526404688.0869205, 1526404689.2842748, 1526404690.7138042, 1526404692.2053118, 1526404693.4889724, 1526404694.8498425, 1526404696.3750982, 1526404697.6779823, 1526404698.986661, 1526404699.9883518, 1526404701.0717275, 1526404702.193042, 1526404703.318392, 1526404704.5571322, 1526404706.1067302, 1526404708.1316507, 1526404709.5449886, 1526404710.866776, 1526404712.442763, 1526404713.5510714, 1526404715.0268712, 1526404715.8418481, 1526404716.9559624, 1526404718.083861, 1526404718.85185, 1526404719.7816072, 1526404722.117305, 1526404724.6428583, 1526404727.0333343, 1526404730.5452456, 1526404733.5076916, 1526404736.3171258, 1526404738.7674258, 1526404741.328194, 1526404744.2990625, 1526404748.3465207, 1526404752.1013048, 1526404759.6515777, 1526404762.6237116, 1526404765.4931803, 1526404768.2920763, 1526404771.0035036, 1526404773.5720525, 1526404776.1272802, 1526404778.9048386, 1526404781.523042, 1526404786.1101866, 1526404789.2255142, 1526404795.6119237, 1526404800.534616, 1526404806.8686008, 1526404811.4453027, 1526404814.6823258, 1526404819.8482664], "episode_lengths": [118, 121, 77, 123, 115, 128, 128, 149, 124, 136, 122, 82, 169, 156, 124, 261, 130, 429, 86, 136, 82, 107, 168, 146, 137, 128, 122, 114, 145, 230, 223, 134, 133, 169, 106, 141, 96, 95, 116, 131, 128, 127, 109, 88, 98, 152, 148, 111, 135, 140, 122, 133, 140, 112, 121, 84, 103, 94, 101, 110, 128, 184, 140, 126, 151, 101, 143, 81, 128, 131, 89, 107, 134, 113, 109, 157, 130, 117, 112, 116, 133, 180, 170, 334, 132, 129, 124, 122, 114, 113, 125, 110, 150, 108, 165, 124, 246, 173, 118, 168]}