{"episode_types": ["t", "t", "t", "t", "t", "t", "t", "t", "t", "t", "t", "t", "t", "t", "t", "t", "t", "t", "t", "t", "t", "t", "t", "t", "t", "t", "t", "t", "t", "t", "t", "t", "t", "t", "t", "t", "t", "t", "t", "t", "t", "t", "t", "t", "t", "t", "t", "t", "t", "t", "t", "t", "t", "t", "t", "t", "t", "t", "t", "t", "t", "t", "t", "t", "t", "t", "t", "t", "t", "t", "t", "t", "t", "t", "t", "t", "t", "t", "t", "t", "t", "t", "t", "t", "t", "t", "t", "t", "t", "t", "t", "t", "t", "t", "t", "t", "t", "t", "t", "t"], "episode_rewards": [-87.0, -111.0, -134.0, -113.0, -89.0, -140.0, -105.0, -98.0, -100.0, -112.0, -99.0, -100.0, -101.0, -105.0, -301.0, -101.0, -128.0, -99.0, -122.0, -132.0, -87.0, -89.0, -154.0, -110.0, -159.0, -111.0, -120.0, -90.0, -94.0, -105.0, -120.0, -126.0, -124.0, -86.0, -146.0, -148.0, -87.0, -94.0, -109.0, -115.0, -107.0, -100.0, -118.0, -103.0, -119.0, -118.0, -107.0, -114.0, -135.0, -91.0, -176.0, -139.0, -112.0, -168.0, -106.0, -95.0, -118.0, -94.0, -245.0, -326.0, -267.0, -106.0, -95.0, -88.0, -146.0, -214.0, -127.0, -116.0, -119.0, -96.0, -99.0, -118.0, -85.0, -107.0, -185.0, -87.0, -128.0, -86.0, -111.0, -308.0, -151.0, -104.0, -111.0, -109.0, -116.0, -113.0, -106.0, -97.0, -146.0, -104.0, -132.0, -101.0, -128.0, -110.0, -93.0, -131.0, -106.0, -140.0, -88.0, -88.0], "initial_reset_timestamp": 1526419758.6374996, "timestamps": [1526419760.8489974, 1526419762.1866794, 1526419763.8271587, 1526419764.994029, 1526419765.936268, 1526419767.4541442, 1526419768.6014395, 1526419769.647137, 1526419770.7935133, 1526419771.9924452, 1526419773.3169696, 1526419774.7185223, 1526419775.838091, 1526419777.0167077, 1526419780.2922611, 1526419781.5384533, 1526419782.9865966, 1526419784.0576189, 1526419785.3860567, 1526419786.7187262, 1526419787.4689367, 1526419789.4049964, 1526419792.9408004, 1526419795.4089603, 1526419799.059235, 1526419801.5649936, 1526419804.2793577, 1526419806.3431258, 1526419808.4753911, 1526419810.9213812, 1526419813.7175498, 1526419816.5451312, 1526419819.465778, 1526419821.4553432, 1526419824.8176055, 1526419828.9087014, 1526419831.4932346, 1526419834.2632227, 1526419837.5085266, 1526419840.9721744, 1526419844.186434, 1526419847.1996534, 1526419850.88567, 1526419853.908808, 1526419857.381627, 1526419862.689022, 1526419866.9070911, 1526419869.9846766, 1526419873.584969, 1526419876.052806, 1526419880.972233, 1526419885.1296036, 1526419888.4194348, 1526419893.3927457, 1526419896.3379574, 1526419899.2416506, 1526419902.9308398, 1526419905.547388, 1526419912.7353396, 1526419921.6679678, 1526419929.7565584, 1526419932.6708114, 1526419935.326966, 1526419938.117931, 1526419942.0838397, 1526419946.1167114, 1526419947.3688412, 1526419948.59448, 1526419949.8013983, 1526419950.9468055, 1526419952.052426, 1526419953.4421356, 1526419954.3985863, 1526419955.6955686, 1526419957.815299, 1526419958.6830099, 1526419960.1294048, 1526419961.0204577, 1526419962.3943894, 1526419965.8602588, 1526419967.428739, 1526419968.6969469, 1526419970.1151268, 1526419971.252194, 1526419972.471741, 1526419973.6519165, 1526419974.6908581, 1526419975.660522, 1526419977.430809, 1526419978.541028, 1526419979.9976475, 1526419981.031274, 1526419982.350906, 1526419983.625191, 1526419984.5753994, 1526419986.0644667, 1526419987.3872986, 1526419988.9766715, 1526419989.8993227, 1526419990.8832574], "episode_lengths": [88, 112, 135, 114, 90, 141, 106, 99, 101, 113, 100, 101, 102, 106, 302, 102, 129, 100, 123, 133, 88, 90, 155, 111, 160, 112, 121, 91, 95, 106, 121, 127, 125, 87, 147, 149, 88, 95, 110, 116, 108, 101, 119, 104, 120, 119, 108, 115, 136, 92, 177, 140, 113, 169, 107, 96, 119, 95, 246, 327, 268, 107, 96, 89, 147, 215, 128, 117, 120, 97, 100, 119, 86, 108, 186, 88, 129, 87, 112, 309, 152, 105, 112, 110, 117, 114, 107, 98, 147, 105, 133, 102, 129, 111, 94, 132, 107, 141, 89, 89]}