{"episode_types": ["t", "t", "t", "t", "t", "t", "t", "t", "t", "t", "t", "t", "t", "t", "t", "t", "t", "t", "t", "t", "t", "t", "t", "t", "t", "t", "t", "t", "t", "t", "t", "t", "t", "t", "t", "t", "t", "t", "t", "t", "t", "t", "t", "t", "t", "t", "t", "t", "t", "t", "t", "t", "t", "t", "t", "t", "t", "t", "t", "t", "t", "t", "t", "t", "t", "t", "t", "t", "t", "t", "t", "t", "t", "t", "t", "t", "t", "t", "t", "t", "t", "t", "t", "t", "t", "t", "t", "t", "t", "t", "t", "t", "t", "t", "t", "t", "t", "t", "t", "t"], "episode_rewards": [-100.0, -144.0, -143.0, -91.0, -117.0, -114.0, -138.0, -101.0, -84.0, -156.0, -96.0, -350.0, -110.0, -109.0, -124.0, -143.0, -95.0, -101.0, -118.0, -136.0, -94.0, -98.0, -128.0, -113.0, -117.0, -109.0, -116.0, -104.0, -97.0, -183.0, -90.0, -68.0, -110.0, -115.0, -142.0, -104.0, -91.0, -83.0, -94.0, -91.0, -117.0, -120.0, -113.0, -78.0, -269.0, -143.0, -123.0, -98.0, -92.0, -249.0, -150.0, -80.0, -100.0, -102.0, -271.0, -124.0, -171.0, -111.0, -84.0, -101.0, -91.0, -100.0, -118.0, -136.0, -68.0, -154.0, -139.0, -123.0, -96.0, -97.0, -105.0, -79.0, -111.0, -93.0, -108.0, -103.0, -232.0, -164.0, -102.0, -133.0, -113.0, -102.0, -129.0, -271.0, -132.0, -95.0, -150.0, -90.0, -165.0, -89.0, -100.0, -121.0, -123.0, -90.0, -111.0, -118.0, -127.0, -155.0, -151.0, -96.0], "initial_reset_timestamp": 1526400516.2487175, "timestamps": [1526400522.4311862, 1526400527.3285785, 1526400531.6817472, 1526400533.9262052, 1526400537.1472707, 1526400540.1951401, 1526400544.4717636, 1526400547.3159814, 1526400550.015671, 1526400554.9609895, 1526400557.895611, 1526400567.745551, 1526400571.1392593, 1526400574.7879498, 1526400579.2199786, 1526400584.2784824, 1526400587.3800924, 1526400591.4636357, 1526400597.379749, 1526400603.9830954, 1526400606.9852026, 1526400610.324936, 1526400615.115519, 1526400618.6301134, 1526400622.5411894, 1526400626.5088272, 1526400630.6303258, 1526400634.7368789, 1526400638.0908265, 1526400644.240904, 1526400647.2720935, 1526400649.6578615, 1526400653.1627092, 1526400656.8887558, 1526400661.4215877, 1526400664.9131155, 1526400667.9681218, 1526400670.6755729, 1526400673.995663, 1526400676.9291995, 1526400680.785665, 1526400684.7819426, 1526400688.5276256, 1526400691.1137955, 1526400699.6404696, 1526400704.3099508, 1526400708.2376342, 1526400711.6221445, 1526400714.4192245, 1526400722.3048103, 1526400727.333837, 1526400729.834594, 1526400732.9819806, 1526400736.2733078, 1526400744.8533242, 1526400749.0258756, 1526400754.4058156, 1526400758.1049662, 1526400760.7726777, 1526400763.9372194, 1526400766.8862016, 1526400770.1896372, 1526400774.4189482, 1526400778.5511005, 1526400780.6630285, 1526400785.5105898, 1526400790.8158555, 1526400795.2600389, 1526400798.0891433, 1526400800.926108, 1526400804.409243, 1526400807.0139582, 1526400810.4177213, 1526400813.4205122, 1526400816.829661, 1526400820.3101988, 1526400827.4155238, 1526400832.6655903, 1526400835.870957, 1526400839.831447, 1526400843.515022, 1526400846.8070762, 1526400850.9011052, 1526400859.7763426, 1526400863.8938162, 1526400866.929345, 1526400871.517143, 1526400874.5551474, 1526400880.0668566, 1526400882.7721918, 1526400886.0789328, 1526400889.9481103, 1526400893.9432855, 1526400897.285813, 1526400900.9183676, 1526400904.9158096, 1526400909.4225223, 1526400914.2793982, 1526400919.0548155, 1526400922.352049], "episode_lengths": [101, 145, 144, 92, 118, 115, 139, 102, 85, 157, 97, 351, 111, 110, 125, 144, 96, 102, 119, 137, 95, 99, 129, 114, 118, 110, 117, 105, 98, 184, 91, 69, 111, 116, 143, 105, 92, 84, 95, 92, 118, 121, 114, 79, 270, 144, 124, 99, 93, 250, 151, 81, 101, 103, 272, 125, 172, 112, 85, 102, 92, 101, 119, 137, 69, 155, 140, 124, 97, 98, 106, 80, 112, 94, 109, 104, 233, 165, 103, 134, 114, 103, 130, 272, 133, 96, 151, 91, 166, 90, 101, 122, 124, 91, 112, 119, 128, 156, 152, 97]}