{"episode_types": ["t", "t", "t", "t", "t", "t", "t", "t", "t", "t", "t", "t", "t", "t", "t", "t", "t", "t", "t", "t", "t", "t", "t", "t", "t", "t", "t", "t", "t", "t", "t", "t", "t", "t", "t", "t", "t", "t", "t", "t", "t", "t", "t", "t", "t", "t", "t", "t", "t", "t", "t", "t", "t", "t", "t", "t", "t", "t", "t", "t", "t", "t", "t", "t", "t", "t", "t", "t", "t", "t", "t", "t", "t", "t", "t", "t", "t", "t", "t", "t", "t", "t", "t", "t", "t", "t", "t", "t", "t", "t", "t", "t", "t", "t", "t", "t", "t", "t", "t", "t"], "episode_rewards": [-155.0, -112.0, -101.0, -125.0, -140.0, -110.0, -93.0, -112.0, -154.0, -78.0, -124.0, -89.0, -104.0, -136.0, -130.0, -84.0, -107.0, -122.0, -133.0, -120.0, -134.0, -101.0, -225.0, -152.0, -162.0, -126.0, -136.0, -108.0, -95.0, -83.0, -103.0, -93.0, -117.0, -103.0, -116.0, -126.0, -156.0, -89.0, -133.0, -139.0, -125.0, -156.0, -113.0, -126.0, -99.0, -81.0, -98.0, -130.0, -109.0, -128.0, -91.0, -116.0, -114.0, -100.0, -86.0, -121.0, -153.0, -225.0, -122.0, -207.0, -115.0, -88.0, -110.0, -79.0, -114.0, -113.0, -107.0, -126.0, -91.0, -78.0, -93.0, -103.0, -108.0, -80.0, -131.0, -108.0, -110.0, -139.0, -107.0, -113.0, -128.0, -100.0, -120.0, -127.0, -104.0, -78.0, -112.0, -133.0, -108.0, -146.0, -128.0, -126.0, -130.0, -103.0, -125.0, -83.0, -89.0, -103.0, -124.0, -110.0], "initial_reset_timestamp": 1526414990.6064878, "timestamps": [1526415000.1081865, 1526415003.6712778, 1526415006.772732, 1526415010.5052996, 1526415014.756607, 1526415017.7856433, 1526415020.255741, 1526415023.3950582, 1526415027.657355, 1526415029.8454618, 1526415033.61749, 1526415037.0421424, 1526415040.815618, 1526415045.615271, 1526415051.8340666, 1526415056.778948, 1526415062.512087, 1526415066.0045934, 1526415070.5940793, 1526415074.5645452, 1526415078.705236, 1526415082.1651454, 1526415089.2078342, 1526415093.2386699, 1526415097.826814, 1526415101.313597, 1526415105.1259432, 1526415108.0772054, 1526415110.6303074, 1526415112.8142684, 1526415116.0361965, 1526415118.9655583, 1526415122.6144052, 1526415125.2896855, 1526415128.7253041, 1526415132.5101862, 1526415137.175134, 1526415140.2335255, 1526415145.0370166, 1526415149.3109598, 1526415153.1713903, 1526415157.1454318, 1526415159.7801702, 1526415162.683329, 1526415164.963815, 1526415166.8342607, 1526415169.072968, 1526415172.2093446, 1526415174.8495498, 1526415178.0945623, 1526415180.2302887, 1526415182.9921498, 1526415185.67161, 1526415187.9813535, 1526415190.0107627, 1526415192.851772, 1526415196.5559294, 1526415201.7996743, 1526415204.7004154, 1526415209.54039, 1526415212.2287638, 1526415214.2715607, 1526415216.8316605, 1526415218.6900613, 1526415221.7718678, 1526415224.961891, 1526415227.8932197, 1526415231.7688031, 1526415234.38311, 1526415236.551848, 1526415238.9961405, 1526415241.7321224, 1526415244.709235, 1526415246.7708201, 1526415250.4510405, 1526415253.672941, 1526415256.929978, 1526415260.5182583, 1526415263.614321, 1526415266.795625, 1526415270.2267623, 1526415273.1314173, 1526415276.5330012, 1526415280.204078, 1526415283.911744, 1526415286.3412828, 1526415289.5876727, 1526415293.472862, 1526415296.7297235, 1526415301.0151408, 1526415304.8468473, 1526415308.494113, 1526415312.4018424, 1526415315.6758091, 1526415319.1020992, 1526415321.6398828, 1526415324.1615522, 1526415326.966994, 1526415330.8053737, 1526415333.7877893], "episode_lengths": [156, 113, 102, 126, 141, 111, 94, 113, 155, 79, 125, 90, 105, 137, 131, 85, 108, 123, 134, 121, 135, 102, 226, 153, 163, 127, 137, 109, 96, 84, 104, 94, 118, 104, 117, 127, 157, 90, 134, 140, 126, 157, 114, 127, 100, 82, 99, 131, 110, 129, 92, 117, 115, 101, 87, 122, 154, 226, 123, 208, 116, 89, 111, 80, 115, 114, 108, 127, 92, 79, 94, 104, 109, 81, 132, 109, 111, 140, 108, 114, 129, 101, 121, 128, 105, 79, 113, 134, 109, 147, 129, 127, 131, 104, 126, 84, 90, 104, 125, 111]}