{"episode_types": ["t", "t", "t", "t", "t", "t", "t", "t", "t", "t", "t", "t", "t", "t", "t", "t", "t", "t", "t", "t", "t", "t", "t", "t", "t", "t", "t", "t", "t", "t", "t", "t", "t", "t", "t", "t", "t", "t", "t", "t", "t", "t", "t", "t", "t", "t", "t", "t", "t", "t", "t", "t", "t", "t", "t", "t", "t", "t", "t", "t", "t", "t", "t", "t", "t", "t", "t", "t", "t", "t", "t", "t", "t", "t", "t", "t", "t", "t", "t", "t", "t", "t", "t", "t", "t", "t", "t", "t", "t", "t", "t", "t", "t", "t", "t", "t", "t", "t", "t", "t"], "episode_rewards": [-90.0, -127.0, -284.0, -99.0, -154.0, -242.0, -348.0, -156.0, -95.0, -160.0, -113.0, -89.0, -121.0, -113.0, -136.0, -100.0, -90.0, -117.0, -107.0, -97.0, -117.0, -88.0, -85.0, -127.0, -95.0, -96.0, -98.0, -127.0, -126.0, -96.0, -112.0, -119.0, -116.0, -114.0, -87.0, -91.0, -89.0, -150.0, -91.0, -99.0, -92.0, -107.0, -85.0, -142.0, -112.0, -146.0, -86.0, -101.0, -146.0, -93.0, -117.0, -102.0, -136.0, -121.0, -130.0, -87.0, -91.0, -116.0, -156.0, -93.0, -96.0, -103.0, -129.0, -112.0, -90.0, -68.0, -291.0, -99.0, -179.0, -122.0, -84.0, -99.0, -89.0, -87.0, -87.0, -121.0, -155.0, -108.0, -90.0, -338.0, -115.0, -86.0, -103.0, -131.0, -107.0, -97.0, -96.0, -109.0, -111.0, -220.0, -119.0, -104.0, -117.0, -97.0, -198.0, -110.0, -99.0, -142.0, -86.0, -100.0], "initial_reset_timestamp": 1526413631.2571263, "timestamps": [1526413637.054584, 1526413643.128779, 1526413654.065884, 1526413657.4882436, 1526413662.535394, 1526413670.4488614, 1526413681.5019388, 1526413685.3997931, 1526413687.8502462, 1526413692.4566224, 1526413696.1558034, 1526413698.857076, 1526413703.0656607, 1526413706.3300455, 1526413710.2933934, 1526413713.1593618, 1526413716.1436138, 1526413720.0536318, 1526413723.0814824, 1526413726.1123877, 1526413729.5043256, 1526413732.166685, 1526413734.478757, 1526413737.9735706, 1526413741.2241936, 1526413744.2904048, 1526413747.9174724, 1526413751.4396083, 1526413755.053287, 1526413758.1612196, 1526413761.6948862, 1526413765.5302682, 1526413769.0248942, 1526413772.8142705, 1526413775.905205, 1526413778.7322514, 1526413781.3209066, 1526413785.7335522, 1526413788.6702871, 1526413792.0147035, 1526413794.7510378, 1526413797.973313, 1526413800.5991728, 1526413804.9370997, 1526413808.1333952, 1526413812.253823, 1526413814.6129482, 1526413817.3933783, 1526413821.799317, 1526413824.63204, 1526413828.2312136, 1526413831.0921898, 1526413835.2569268, 1526413838.9994478, 1526413842.8776088, 1526413845.7371118, 1526413848.3989804, 1526413851.9350479, 1526413856.671908, 1526413858.810869, 1526413861.1411252, 1526413863.7077544, 1526413866.7013543, 1526413869.325631, 1526413871.5524163, 1526413873.1816702, 1526413880.787925, 1526413883.3878345, 1526413888.1135323, 1526413891.4770544, 1526413893.5018585, 1526413895.7846146, 1526413898.2828057, 1526413900.322218, 1526413902.3645368, 1526413906.005647, 1526413911.7760446, 1526413915.5469496, 1526413918.5117352, 1526413929.0194135, 1526413932.4154508, 1526413934.9753091, 1526413938.1349163, 1526413942.056913, 1526413945.6748803, 1526413948.6931396, 1526413951.35374, 1526413954.615692, 1526413958.1390882, 1526413964.3312037, 1526413967.585978, 1526413970.6095004, 1526413973.7710943, 1526413976.3719795, 1526413981.8928902, 1526413985.5587943, 1526413988.7639759, 1526413993.3786685, 1526413996.6978538, 1526413999.8954623], "episode_lengths": [91, 128, 285, 100, 155, 243, 349, 157, 96, 161, 114, 90, 122, 114, 137, 101, 91, 118, 108, 98, 118, 89, 86, 128, 96, 97, 99, 128, 127, 97, 113, 120, 117, 115, 88, 92, 90, 151, 92, 100, 93, 108, 86, 143, 113, 147, 87, 102, 147, 94, 118, 103, 137, 122, 131, 88, 92, 117, 157, 94, 97, 104, 130, 113, 91, 69, 292, 100, 180, 123, 85, 100, 90, 88, 88, 122, 156, 109, 91, 339, 116, 87, 104, 132, 108, 98, 97, 110, 112, 221, 120, 105, 118, 98, 199, 111, 100, 143, 87, 101]}