{"episode_types": ["t", "t", "t", "t", "t", "t", "t", "t", "t", "t", "t", "t", "t", "t", "t", "t", "t", "t", "t", "t", "t", "t", "t", "t", "t", "t", "t", "t", "t", "t", "t", "t", "t", "t", "t", "t", "t", "t", "t", "t", "t", "t", "t", "t", "t", "t", "t", "t", "t", "t", "t", "t", "t", "t", "t", "t", "t", "t", "t", "t", "t", "t", "t", "t", "t", "t", "t", "t", "t", "t", "t", "t", "t", "t", "t", "t", "t", "t", "t", "t", "t", "t", "t", "t", "t", "t", "t", "t", "t", "t", "t", "t", "t", "t", "t", "t", "t", "t", "t", "t"], "episode_rewards": [-97.0, -107.0, -139.0, -141.0, -139.0, -116.0, -93.0, -80.0, -91.0, -97.0, -105.0, -105.0, -232.0, -113.0, -100.0, -106.0, -106.0, -127.0, -106.0, -92.0, -97.0, -113.0, -88.0, -107.0, -144.0, -90.0, -122.0, -99.0, -137.0, -102.0, -99.0, -131.0, -97.0, -163.0, -107.0, -115.0, -80.0, -113.0, -107.0, -150.0, -95.0, -175.0, -120.0, -118.0, -123.0, -94.0, -98.0, -88.0, -117.0, -112.0, -110.0, -89.0, -112.0, -101.0, -83.0, -229.0, -124.0, -99.0, -91.0, -99.0, -124.0, -96.0, -92.0, -100.0, -129.0, -126.0, -113.0, -102.0, -134.0, -98.0, -172.0, -278.0, -143.0, -135.0, -113.0, -96.0, -111.0, -102.0, -143.0, -100.0, -110.0, -128.0, -75.0, -136.0, -86.0, -103.0, -174.0, -120.0, -408.0, -289.0, -115.0, -115.0, -192.0, -131.0, -107.0, -142.0, -110.0, -107.0, -80.0, -101.0], "initial_reset_timestamp": 1526408883.7365816, "timestamps": [1526408889.73787, 1526408892.9101655, 1526408896.5402987, 1526408900.5107753, 1526408904.280436, 1526408907.4174335, 1526408909.9192564, 1526408912.171412, 1526408914.869371, 1526408917.4392414, 1526408920.0880067, 1526408923.1179366, 1526408930.4161694, 1526408934.3296611, 1526408937.2254744, 1526408939.854371, 1526408942.5794926, 1526408946.0735185, 1526408948.8480349, 1526408951.4148867, 1526408954.1964345, 1526408957.287251, 1526408959.5341516, 1526408962.4670713, 1526408966.2485824, 1526408968.8187873, 1526408972.1344848, 1526408974.6032245, 1526408978.2692754, 1526408981.0910378, 1526408983.5987678, 1526408986.9584095, 1526408989.4439075, 1526408993.869494, 1526408996.7520344, 1526408999.6282535, 1526409001.740079, 1526409004.6498158, 1526409007.7368143, 1526409011.891374, 1526409014.5890908, 1526409019.2953937, 1526409022.630366, 1526409026.0014274, 1526409029.5569057, 1526409031.389515, 1526409032.4250298, 1526409033.3009148, 1526409034.450212, 1526409035.5549707, 1526409036.7549589, 1526409037.8263128, 1526409039.045215, 1526409040.2153883, 1526409041.1209602, 1526409043.9773695, 1526409045.4724014, 1526409046.625406, 1526409047.6100867, 1526409048.831216, 1526409050.0317452, 1526409050.9912922, 1526409051.9702153, 1526409053.2392406, 1526409054.4393656, 1526409055.6675866, 1526409056.7902646, 1526409057.7860804, 1526409059.0875912, 1526409060.0931036, 1526409061.7563796, 1526409064.5035038, 1526409066.0037482, 1526409067.4198563, 1526409068.565126, 1526409069.5132565, 1526409070.576313, 1526409071.5542226, 1526409073.0232337, 1526409074.1946404, 1526409075.375466, 1526409076.9035032, 1526409077.9071472, 1526409081.3977282, 1526409084.0257146, 1526409087.239039, 1526409092.435157, 1526409095.8665528, 1526409108.0038648, 1526409116.6633487, 1526409120.1832063, 1526409123.4141424, 1526409128.6538591, 1526409132.5816944, 1526409135.7875726, 1526409140.0274749, 1526409143.2416563, 1526409146.5697439, 1526409148.8448243, 1526409151.143808], "episode_lengths": [98, 108, 140, 142, 140, 117, 94, 81, 92, 98, 106, 106, 233, 114, 101, 107, 107, 128, 107, 93, 98, 114, 89, 108, 145, 91, 123, 100, 138, 103, 100, 132, 98, 164, 108, 116, 81, 114, 108, 151, 96, 176, 121, 119, 124, 95, 99, 89, 118, 113, 111, 90, 113, 102, 84, 230, 125, 100, 92, 100, 125, 97, 93, 101, 130, 127, 114, 103, 135, 99, 173, 279, 144, 136, 114, 97, 112, 103, 144, 101, 111, 129, 76, 137, 87, 104, 175, 121, 409, 290, 116, 116, 193, 132, 108, 143, 111, 108, 81, 102]}