{"episode_types": ["t", "t", "t", "t", "t", "t", "t", "t", "t", "t", "t", "t", "t", "t", "t", "t", "t", "t", "t", "t", "t", "t", "t", "t", "t", "t", "t", "t", "t", "t", "t", "t", "t", "t", "t", "t", "t", "t", "t", "t", "t", "t", "t", "t", "t", "t", "t", "t", "t", "t", "t", "t", "t", "t", "t", "t", "t", "t", "t", "t", "t", "t", "t", "t", "t", "t", "t", "t", "t", "t", "t", "t", "t", "t", "t", "t", "t", "t", "t", "t", "t", "t", "t", "t", "t", "t", "t", "t", "t", "t", "t", "t", "t", "t", "t", "t", "t", "t", "t", "t"], "episode_rewards": [-108.0, -104.0, -115.0, -94.0, -83.0, -94.0, -93.0, -94.0, -114.0, -90.0, -97.0, -105.0, -118.0, -104.0, -81.0, -137.0, -158.0, -85.0, -97.0, -109.0, -230.0, -85.0, -93.0, -100.0, -93.0, -182.0, -154.0, -81.0, -86.0, -89.0, -138.0, -82.0, -205.0, -95.0, -147.0, -80.0, -107.0, -121.0, -239.0, -123.0, -119.0, -91.0, -85.0, -290.0, -103.0, -89.0, -132.0, -122.0, -101.0, -88.0, -87.0, -177.0, -226.0, -91.0, -118.0, -83.0, -337.0, -90.0, -122.0, -90.0, -118.0, -127.0, -219.0, -142.0, -102.0, -97.0, -117.0, -92.0, -126.0, -126.0, -125.0, -80.0, -105.0, -86.0, -191.0, -93.0, -101.0, -92.0, -167.0, -109.0, -131.0, -90.0, -100.0, -112.0, -101.0, -84.0, -125.0, -91.0, -87.0, -94.0, -93.0, -91.0, -99.0, -81.0, -99.0, -83.0, -118.0, -99.0, -128.0, -78.0], "initial_reset_timestamp": 1526396234.6670306, "timestamps": [1526396236.8573983, 1526396237.8259025, 1526396238.7710817, 1526396239.5494897, 1526396240.2332501, 1526396241.0023994, 1526396241.7686036, 1526396242.5434427, 1526396243.4752605, 1526396244.208574, 1526396244.9993806, 1526396245.8548832, 1526396246.8127854, 1526396247.6563733, 1526396248.3188236, 1526396249.4297776, 1526396250.7075284, 1526396251.4016523, 1526396252.1904323, 1526396253.0931404, 1526396254.9663222, 1526396255.6573765, 1526396256.4159706, 1526396257.233836, 1526396257.9943101, 1526396259.4644215, 1526396260.7193687, 1526396261.3822942, 1526396262.0973048, 1526396262.8249953, 1526396263.9646163, 1526396264.6324763, 1526396266.2968783, 1526396267.0740259, 1526396268.8167987, 1526396270.6070545, 1526396272.9465785, 1526396275.5851052, 1526396280.8308885, 1526396283.5340178, 1526396286.137912, 1526396288.1196868, 1526396289.9719253, 1526396296.2882607, 1526396298.532936, 1526396300.4932919, 1526396303.3905144, 1526396306.0484524, 1526396308.2714353, 1526396310.191587, 1526396312.1282492, 1526396315.95942, 1526396320.8752537, 1526396322.8442404, 1526396325.4277403, 1526396327.2312973, 1526396334.4734702, 1526396336.4417617, 1526396339.0771239, 1526396341.032775, 1526396343.5745447, 1526396346.3354807, 1526396351.0228043, 1526396354.0918748, 1526396356.31038, 1526396358.3976727, 1526396360.9273767, 1526396362.9466193, 1526396364.4897344, 1526396365.5150921, 1526396366.5220704, 1526396367.1723785, 1526396368.0161207, 1526396368.7095003, 1526396370.2430203, 1526396370.990087, 1526396371.8082407, 1526396372.5636764, 1526396373.90666, 1526396374.7924595, 1526396375.8478897, 1526396376.5951083, 1526396377.413827, 1526396378.3239012, 1526396379.148569, 1526396379.824276, 1526396380.8305383, 1526396381.565629, 1526396382.271916, 1526396383.0326233, 1526396383.7954292, 1526396384.541476, 1526396385.3734155, 1526396386.0346801, 1526396386.8458526, 1526396387.5361743, 1526396388.5007565, 1526396389.3278046, 1526396390.391094, 1526396391.029289], "episode_lengths": [109, 105, 116, 95, 84, 95, 94, 95, 115, 91, 98, 106, 119, 105, 82, 138, 159, 86, 98, 110, 231, 86, 94, 101, 94, 183, 155, 82, 87, 90, 139, 83, 206, 96, 148, 81, 108, 122, 240, 124, 120, 92, 86, 291, 104, 90, 133, 123, 102, 89, 88, 178, 227, 92, 119, 84, 338, 91, 123, 91, 119, 128, 220, 143, 103, 98, 118, 93, 127, 127, 126, 81, 106, 87, 192, 94, 102, 93, 168, 110, 132, 91, 101, 113, 102, 85, 126, 92, 88, 95, 94, 92, 100, 82, 100, 84, 119, 100, 129, 79]}