{"episode_types": ["t", "t", "t", "t", "t", "t", "t", "t", "t", "t", "t", "t", "t", "t", "t", "t", "t", "t", "t", "t", "t", "t", "t", "t", "t", "t", "t", "t", "t", "t", "t", "t", "t", "t", "t", "t", "t", "t", "t", "t", "t", "t", "t", "t", "t", "t", "t", "t", "t", "t", "t", "t", "t", "t", "t", "t", "t", "t", "t", "t", "t", "t", "t", "t", "t", "t", "t", "t", "t", "t", "t", "t", "t", "t", "t", "t", "t", "t", "t", "t", "t", "t", "t", "t", "t", "t", "t", "t", "t", "t", "t", "t", "t", "t", "t", "t", "t", "t", "t", "t"], "episode_rewards": [-175.0, -100.0, -94.0, -95.0, -129.0, -114.0, -94.0, -91.0, -102.0, -94.0, -97.0, -88.0, -111.0, -71.0, -137.0, -112.0, -158.0, -82.0, -88.0, -96.0, -103.0, -88.0, -103.0, -100.0, -80.0, -90.0, -95.0, -136.0, -79.0, -97.0, -114.0, -123.0, -107.0, -80.0, -150.0, -100.0, -136.0, -94.0, -73.0, -90.0, -90.0, -101.0, -95.0, -90.0, -91.0, -143.0, -122.0, -90.0, -70.0, -81.0, -74.0, -204.0, -94.0, -73.0, -136.0, -110.0, -113.0, -100.0, -93.0, -74.0, -114.0, -99.0, -120.0, -98.0, -79.0, -91.0, -100.0, -80.0, -96.0, -176.0, -95.0, -106.0, -100.0, -90.0, -96.0, -107.0, -103.0, -304.0, -143.0, -106.0, -91.0, -103.0, -106.0, -112.0, -91.0, -95.0, -75.0, -89.0, -123.0, -73.0, -101.0, -104.0, -84.0, -72.0, -89.0, -93.0, -96.0, -92.0, -106.0, -83.0], "initial_reset_timestamp": 1526421621.8313866, "timestamps": [1526421626.2246716, 1526421627.3939986, 1526421628.4048376, 1526421629.4149723, 1526421630.7734656, 1526421632.140601, 1526421633.131528, 1526421634.1452026, 1526421635.189501, 1526421636.2359054, 1526421637.3555012, 1526421638.2655559, 1526421639.2405386, 1526421639.8831983, 1526421641.0710711, 1526421642.3108773, 1526421645.8781517, 1526421647.7344692, 1526421649.7796092, 1526421652.0023088, 1526421654.4738011, 1526421656.4668353, 1526421658.8421717, 1526421661.0985932, 1526421662.9335594, 1526421664.9976575, 1526421667.3483577, 1526421670.4619865, 1526421672.3000884, 1526421674.6122344, 1526421677.232607, 1526421680.1492846, 1526421683.2997234, 1526421685.3264272, 1526421689.2952905, 1526421691.9888403, 1526421695.7542553, 1526421699.2385645, 1526421702.4508057, 1526421705.3982463, 1526421707.9276865, 1526421710.8778915, 1526421713.672132, 1526421716.2693288, 1526421718.9718099, 1526421723.156881, 1526421726.4749312, 1526421729.0462682, 1526421730.906019, 1526421733.2299452, 1526421735.3663416, 1526421741.2471232, 1526421743.902509, 1526421746.044396, 1526421749.7773018, 1526421753.1892867, 1526421756.6522253, 1526421759.4657278, 1526421762.3451633, 1526421764.4728098, 1526421767.971232, 1526421770.8622231, 1526421774.1037562, 1526421776.8663116, 1526421779.0619183, 1526421781.567228, 1526421784.5768955, 1526421786.8245993, 1526421789.5434654, 1526421794.3844411, 1526421797.1338446, 1526421800.2187884, 1526421803.1782918, 1526421805.9210021, 1526421808.6191118, 1526421811.8017542, 1526421813.9035592, 1526421817.259063, 1526421818.803654, 1526421820.1082673, 1526421821.1158295, 1526421822.1681097, 1526421823.3063054, 1526421824.5883284, 1526421825.7116914, 1526421826.6958718, 1526421827.624013, 1526421828.5622308, 1526421829.9004343, 1526421830.6727984, 1526421831.7929518, 1526421832.9493482, 1526421833.833833, 1526421834.5447748, 1526421835.5311646, 1526421836.5859907, 1526421837.6390786, 1526421838.5563192, 1526421839.794164, 1526421840.6287222], "episode_lengths": [176, 101, 95, 96, 130, 115, 95, 92, 103, 95, 98, 89, 112, 72, 138, 113, 159, 83, 89, 97, 104, 89, 104, 101, 81, 91, 96, 137, 80, 98, 115, 124, 108, 81, 151, 101, 137, 95, 74, 91, 91, 102, 96, 91, 92, 144, 123, 91, 71, 82, 75, 205, 95, 74, 137, 111, 114, 101, 94, 75, 115, 100, 121, 99, 80, 92, 101, 81, 97, 177, 96, 107, 101, 91, 97, 108, 104, 305, 144, 107, 92, 104, 107, 113, 92, 96, 76, 90, 124, 74, 102, 105, 85, 73, 90, 94, 97, 93, 107, 84]}