{"episode_types": ["t", "t", "t", "t", "t", "t", "t", "t", "t", "t", "t", "t", "t", "t", "t", "t", "t", "t", "t", "t", "t", "t", "t", "t", "t", "t", "t", "t", "t", "t", "t", "t", "t", "t", "t", "t", "t", "t", "t", "t", "t", "t", "t", "t", "t", "t", "t", "t", "t", "t", "t", "t", "t", "t", "t", "t", "t", "t", "t", "t", "t", "t", "t", "t", "t", "t", "t", "t", "t", "t", "t", "t", "t", "t", "t", "t", "t", "t", "t", "t", "t", "t", "t", "t", "t", "t", "t", "t", "t", "t", "t", "t", "t", "t", "t", "t", "t", "t", "t", "t"], "episode_rewards": [-96.0, -135.0, -104.0, -230.0, -135.0, -86.0, -120.0, -120.0, -105.0, -96.0, -161.0, -134.0, -105.0, -96.0, -100.0, -85.0, -94.0, -148.0, -94.0, -105.0, -117.0, -93.0, -117.0, -153.0, -192.0, -127.0, -87.0, -114.0, -90.0, -107.0, -99.0, -121.0, -103.0, -192.0, -125.0, -132.0, -130.0, -130.0, -156.0, -131.0, -123.0, -146.0, -140.0, -128.0, -381.0, -95.0, -117.0, -96.0, -96.0, -85.0, -125.0, -138.0, -104.0, -95.0, -100.0, -124.0, -143.0, -153.0, -93.0, -95.0, -98.0, -118.0, -112.0, -118.0, -171.0, -92.0, -124.0, -119.0, -136.0, -116.0, -100.0, -95.0, -100.0, -146.0, -104.0, -113.0, -166.0, -164.0, -88.0, -96.0, -86.0, -131.0, -112.0, -82.0, -86.0, -89.0, -136.0, -153.0, -87.0, -136.0, -86.0, -111.0, -130.0, -101.0, -109.0, -101.0, -97.0, -124.0, -91.0, -95.0], "initial_reset_timestamp": 1526392349.3519733, "timestamps": [1526392354.5263736, 1526392358.009158, 1526392360.5919118, 1526392366.1432004, 1526392369.567123, 1526392371.720464, 1526392374.7132268, 1526392378.0005953, 1526392380.6337178, 1526392383.2158918, 1526392387.2611144, 1526392390.7988007, 1526392393.2865796, 1526392395.7373278, 1526392398.2618568, 1526392400.2870045, 1526392402.811224, 1526392406.597559, 1526392408.8676586, 1526392411.916153, 1526392414.8374574, 1526392417.0733206, 1526392419.8327467, 1526392423.2905016, 1526392427.7807717, 1526392431.1041243, 1526392433.5296433, 1526392436.624797, 1526392438.7494676, 1526392441.39842, 1526392443.8609693, 1526392447.2287896, 1526392449.824277, 1526392454.9008696, 1526392457.9772792, 1526392461.6077502, 1526392464.7565885, 1526392468.3417192, 1526392472.3404036, 1526392475.798058, 1526392479.4221692, 1526392483.011585, 1526392486.640495, 1526392489.6567826, 1526392500.4059265, 1526392502.6326587, 1526392505.3734536, 1526392508.0638871, 1526392510.6888564, 1526392512.9702015, 1526392515.951687, 1526392519.0049832, 1526392521.3275733, 1526392523.7780578, 1526392526.435734, 1526392529.3414264, 1526392532.8113205, 1526392536.8305287, 1526392539.2248647, 1526392541.6284258, 1526392544.2625933, 1526392547.384775, 1526392550.3628, 1526392553.842579, 1526392557.6620693, 1526392559.7348964, 1526392562.7841144, 1526392566.2468622, 1526392569.9648037, 1526392572.5754535, 1526392575.258799, 1526392577.5892017, 1526392580.0259778, 1526392583.5351822, 1526392585.9437923, 1526392588.4487576, 1526392592.1622021, 1526392595.8582528, 1526392597.7664425, 1526392599.8473854, 1526392601.7328992, 1526392604.5415058, 1526392606.9680207, 1526392608.7918048, 1526392611.1112497, 1526392613.1832423, 1526392617.6807535, 1526392621.9768975, 1526392624.2405818, 1526392627.8716612, 1526392630.300071, 1526392633.1994612, 1526392636.574534, 1526392639.2512708, 1526392641.9626453, 1526392644.6049016, 1526392647.1283605, 1526392650.1869285, 1526392653.6376956, 1526392656.4107833], "episode_lengths": [97, 136, 105, 231, 136, 87, 121, 121, 106, 97, 162, 135, 106, 97, 101, 86, 95, 149, 95, 106, 118, 94, 118, 154, 193, 128, 88, 115, 91, 108, 100, 122, 104, 193, 126, 133, 131, 131, 157, 132, 124, 147, 141, 129, 382, 96, 118, 97, 97, 86, 126, 139, 105, 96, 101, 125, 144, 154, 94, 96, 99, 119, 113, 119, 172, 93, 125, 120, 137, 117, 101, 96, 101, 147, 105, 114, 167, 165, 89, 97, 87, 132, 113, 83, 87, 90, 137, 154, 88, 137, 87, 112, 131, 102, 110, 102, 98, 125, 92, 96]}