{"episode_types": ["t", "t", "t", "t", "t", "t", "t", "t", "t", "t", "t", "t", "t", "t", "t", "t", "t", "t", "t", "t", "t", "t", "t", "t", "t", "t", "t", "t", "t", "t", "t", "t", "t", "t", "t", "t", "t", "t", "t", "t", "t", "t", "t", "t", "t", "t", "t", "t", "t", "t", "t", "t", "t", "t", "t", "t", "t", "t", "t", "t", "t", "t", "t", "t", "t", "t", "t", "t", "t", "t", "t", "t", "t", "t", "t", "t", "t", "t", "t", "t", "t", "t", "t", "t", "t", "t", "t", "t", "t", "t", "t", "t", "t", "t", "t", "t", "t", "t", "t", "t"], "episode_rewards": [-65.0, -93.0, -130.0, -110.0, -92.0, -94.0, -92.0, -86.0, -142.0, -88.0, -95.0, -84.0, -135.0, -162.0, -101.0, -81.0, -104.0, -84.0, -111.0, -87.0, -120.0, -80.0, -155.0, -90.0, -92.0, -100.0, -113.0, -106.0, -105.0, -93.0, -87.0, -87.0, -92.0, -98.0, -82.0, -95.0, -81.0, -100.0, -110.0, -80.0, -105.0, -108.0, -100.0, -121.0, -82.0, -118.0, -120.0, -121.0, -104.0, -109.0, -97.0, -100.0, -81.0, -106.0, -114.0, -150.0, -81.0, -94.0, -92.0, -87.0, -81.0, -100.0, -87.0, -95.0, -114.0, -81.0, -110.0, -91.0, -103.0, -82.0, -126.0, -88.0, -136.0, -104.0, -95.0, -94.0, -110.0, -91.0, -104.0, -103.0, -81.0, -82.0, -125.0, -95.0, -96.0, -89.0, -101.0, -110.0, -92.0, -93.0, -149.0, -87.0, -87.0, -110.0, -163.0, -91.0, -101.0, -81.0, -103.0, -146.0], "initial_reset_timestamp": 1526391636.3596225, "timestamps": [1526391637.786401, 1526391638.6605444, 1526391639.7210588, 1526391640.6169767, 1526391641.3649273, 1526391642.1403346, 1526391642.8881242, 1526391643.59666, 1526391644.768485, 1526391645.504411, 1526391646.279369, 1526391646.964902, 1526391648.0602984, 1526391649.3857806, 1526391650.214258, 1526391650.8738184, 1526391651.7241716, 1526391652.4170253, 1526391653.3475835, 1526391654.0571213, 1526391655.0393038, 1526391655.6947453, 1526391656.967301, 1526391657.7086852, 1526391658.4683976, 1526391659.2937944, 1526391660.223696, 1526391661.087998, 1526391661.9457562, 1526391662.715511, 1526391663.4329486, 1526391664.3196714, 1526391666.3117325, 1526391668.44859, 1526391670.255047, 1526391672.556165, 1526391674.6838667, 1526391676.929105, 1526391679.3959906, 1526391681.1599557, 1526391683.499291, 1526391685.8772883, 1526391688.0806875, 1526391690.7098725, 1526391692.5174468, 1526391695.0878274, 1526391697.7286713, 1526391700.3863757, 1526391702.6430035, 1526391705.0146782, 1526391707.1473858, 1526391709.3497143, 1526391711.12384, 1526391713.4711165, 1526391715.9862857, 1526391719.2898045, 1526391721.0628407, 1526391723.1180665, 1526391725.138708, 1526391727.0531163, 1526391728.8504698, 1526391731.045751, 1526391733.0652046, 1526391735.6751146, 1526391738.227266, 1526391740.0700748, 1526391742.5528872, 1526391744.5852048, 1526391746.8345056, 1526391748.6284752, 1526391751.4076967, 1526391753.328476, 1526391756.3247023, 1526391758.6122081, 1526391760.7059813, 1526391762.7521567, 1526391765.1317935, 1526391767.113448, 1526391769.3999887, 1526391771.690575, 1526391773.4872167, 1526391775.29333, 1526391777.5899086, 1526391778.3844981, 1526391779.169019, 1526391779.9140835, 1526391780.7537122, 1526391781.6519134, 1526391782.411799, 1526391783.195752, 1526391784.4098496, 1526391785.118735, 1526391785.8298612, 1526391786.728851, 1526391788.048784, 1526391788.7970543, 1526391789.6316597, 1526391790.2977285, 1526391791.1363935, 1526391792.3335838], "episode_lengths": [66, 94, 131, 111, 93, 95, 93, 87, 143, 89, 96, 85, 136, 163, 102, 82, 105, 85, 112, 88, 121, 81, 156, 91, 93, 101, 114, 107, 106, 94, 88, 88, 93, 99, 83, 96, 82, 101, 111, 81, 106, 109, 101, 122, 83, 119, 121, 122, 105, 110, 98, 101, 82, 107, 115, 151, 82, 95, 93, 88, 82, 101, 88, 96, 115, 82, 111, 92, 104, 83, 127, 89, 137, 105, 96, 95, 111, 92, 105, 104, 82, 83, 126, 96, 97, 90, 102, 111, 93, 94, 150, 88, 88, 111, 164, 92, 102, 82, 104, 147]}