{"episode_types": ["t", "t", "t", "t", "t", "t", "t", "t", "t", "t", "t", "t", "t", "t", "t", "t", "t", "t", "t", "t", "t", "t", "t", "t", "t", "t", "t", "t", "t", "t", "t", "t", "t", "t", "t", "t", "t", "t", "t", "t", "t", "t", "t", "t", "t", "t", "t", "t", "t", "t", "t", "t", "t", "t", "t", "t", "t", "t", "t", "t", "t", "t", "t", "t", "t", "t", "t", "t", "t", "t", "t", "t", "t", "t", "t", "t", "t", "t", "t", "t", "t", "t", "t", "t", "t", "t", "t", "t", "t", "t", "t", "t", "t", "t", "t", "t", "t", "t", "t", "t"], "episode_rewards": [-90.0, -69.0, -87.0, -184.0, -103.0, -126.0, -130.0, -92.0, -500.0, -112.0, -137.0, -134.0, -95.0, -111.0, -102.0, -129.0, -101.0, -113.0, -88.0, -145.0, -248.0, -99.0, -80.0, -124.0, -117.0, -113.0, -93.0, -102.0, -107.0, -134.0, -89.0, -121.0, -157.0, -87.0, -114.0, -99.0, -335.0, -103.0, -192.0, -168.0, -102.0, -111.0, -225.0, -112.0, -125.0, -97.0, -98.0, -121.0, -115.0, -176.0, -96.0, -99.0, -104.0, -125.0, -132.0, -86.0, -213.0, -108.0, -99.0, -121.0, -91.0, -147.0, -108.0, -120.0, -66.0, -288.0, -176.0, -125.0, -113.0, -135.0, -93.0, -95.0, -109.0, -99.0, -95.0, -86.0, -102.0, -113.0, -248.0, -119.0, -133.0, -96.0, -110.0, -79.0, -247.0, -138.0, -94.0, -77.0, -85.0, -105.0, -112.0, -135.0, -142.0, -128.0, -126.0, -92.0, -138.0, -79.0, -91.0, -212.0], "initial_reset_timestamp": 1526420711.97394, "timestamps": [1526420714.5109847, 1526420715.4530342, 1526420716.3359609, 1526420718.2320447, 1526420719.290903, 1526420720.57507, 1526420721.9127336, 1526420722.773637, 1526420727.1081295, 1526420728.0940135, 1526420729.2954695, 1526420730.4694953, 1526420731.2994444, 1526420732.280056, 1526420733.1653144, 1526420734.2876604, 1526420735.1802018, 1526420736.1546483, 1526420736.91252, 1526420738.195378, 1526420740.3393173, 1526420741.209041, 1526420741.8952692, 1526420742.9844851, 1526420744.0183086, 1526420744.9956403, 1526420745.8098862, 1526420747.658259, 1526420750.0727286, 1526420753.0939577, 1526420755.106553, 1526420757.803951, 1526420761.4093506, 1526420763.378275, 1526420765.9460585, 1526420768.230082, 1526420775.8438385, 1526420779.1489372, 1526420787.0630503, 1526420791.928506, 1526420794.7356956, 1526420798.0084894, 1526420804.078333, 1526420807.1632428, 1526420810.400969, 1526420813.1121135, 1526420815.8254309, 1526420819.285795, 1526420822.667838, 1526420827.8916297, 1526420830.5995877, 1526420833.215723, 1526420836.3229022, 1526420839.9525225, 1526420843.8212337, 1526420846.1859171, 1526420852.068691, 1526420855.201345, 1526420857.713611, 1526420861.6191504, 1526420864.4871593, 1526420869.0136971, 1526420872.5664601, 1526420876.3830838, 1526420878.4817896, 1526420887.6766334, 1526420893.1502287, 1526420897.2641573, 1526420900.4705815, 1526420904.2176425, 1526420906.8343182, 1526420909.78835, 1526420912.8374934, 1526420915.598162, 1526420917.9762542, 1526420920.6436713, 1526420923.6617, 1526420926.6347382, 1526420932.2392032, 1526420933.584383, 1526420935.153499, 1526420936.4080164, 1526420937.5816627, 1526420938.5395105, 1526420941.299512, 1526420942.7295272, 1526420943.874056, 1526420944.715286, 1526420945.7156043, 1526420946.8551455, 1526420947.9702816, 1526420949.5338757, 1526420951.1184728, 1526420952.5117345, 1526420953.773692, 1526420954.8776045, 1526420956.5166442, 1526420957.3844488, 1526420958.403742, 1526420960.910754], "episode_lengths": [91, 70, 88, 185, 104, 127, 131, 93, 500, 113, 138, 135, 96, 112, 103, 130, 102, 114, 89, 146, 249, 100, 81, 125, 118, 114, 94, 103, 108, 135, 90, 122, 158, 88, 115, 100, 336, 104, 193, 169, 103, 112, 226, 113, 126, 98, 99, 122, 116, 177, 97, 100, 105, 126, 133, 87, 214, 109, 100, 122, 92, 148, 109, 121, 67, 289, 177, 126, 114, 136, 94, 96, 110, 100, 96, 87, 103, 114, 249, 120, 134, 97, 111, 80, 248, 139, 95, 78, 86, 106, 113, 136, 143, 129, 127, 93, 139, 80, 92, 213]}