{"episode_types": ["t", "t", "t", "t", "t", "t", "t", "t", "t", "t", "t", "t", "t", "t", "t", "t", "t", "t", "t", "t", "t", "t", "t", "t", "t", "t", "t", "t", "t", "t", "t", "t", "t", "t", "t", "t", "t", "t", "t", "t", "t", "t", "t", "t", "t", "t", "t", "t", "t", "t", "t", "t", "t", "t", "t", "t", "t", "t", "t", "t", "t", "t", "t", "t", "t", "t", "t", "t", "t", "t", "t", "t", "t", "t", "t", "t", "t", "t", "t", "t", "t", "t", "t", "t", "t", "t", "t", "t", "t", "t", "t", "t", "t", "t", "t", "t", "t", "t", "t", "t"], "episode_rewards": [-130.0, -101.0, -121.0, -119.0, -96.0, -137.0, -100.0, -114.0, -144.0, -132.0, -73.0, -176.0, -125.0, -114.0, -225.0, -94.0, -87.0, -137.0, -109.0, -84.0, -99.0, -249.0, -148.0, -124.0, -85.0, -92.0, -104.0, -116.0, -74.0, -151.0, -73.0, -169.0, -179.0, -110.0, -93.0, -87.0, -317.0, -97.0, -75.0, -170.0, -99.0, -149.0, -103.0, -153.0, -117.0, -129.0, -99.0, -102.0, -133.0, -84.0, -114.0, -84.0, -95.0, -93.0, -141.0, -174.0, -89.0, -123.0, -95.0, -88.0, -74.0, -111.0, -110.0, -107.0, -134.0, -100.0, -86.0, -108.0, -148.0, -87.0, -94.0, -408.0, -104.0, -116.0, -160.0, -128.0, -127.0, -74.0, -207.0, -115.0, -109.0, -132.0, -306.0, -87.0, -99.0, -94.0, -108.0, -123.0, -98.0, -114.0, -99.0, -114.0, -203.0, -95.0, -114.0, -139.0, -106.0, -199.0, -136.0, -150.0], "initial_reset_timestamp": 1526411664.1032014, "timestamps": [1526411676.0465472, 1526411680.5509074, 1526411685.286299, 1526411689.162493, 1526411691.8495226, 1526411695.9918008, 1526411698.749381, 1526411702.1100624, 1526411706.327263, 1526411710.2707953, 1526411712.5733643, 1526411718.0020938, 1526411722.091126, 1526411725.5488336, 1526411733.296937, 1526411737.4311848, 1526411740.5840764, 1526411744.7166107, 1526411748.0171218, 1526411750.4728, 1526411753.3869183, 1526411760.5827775, 1526411765.0026941, 1526411768.698486, 1526411771.31404, 1526411774.1821373, 1526411777.1749737, 1526411780.4717007, 1526411782.4595623, 1526411786.7949047, 1526411789.1211827, 1526411794.3181312, 1526411799.6921895, 1526411802.95153, 1526411805.6498432, 1526411808.0579746, 1526411816.8008537, 1526411819.7575004, 1526411822.1321518, 1526411826.8170836, 1526411829.6095574, 1526411833.8342454, 1526411836.9826348, 1526411841.366225, 1526411845.041998, 1526411849.1195405, 1526411851.9846027, 1526411855.0889356, 1526411858.9957042, 1526411861.6599114, 1526411865.225593, 1526411867.611284, 1526411870.4253979, 1526411873.0265176, 1526411877.3591197, 1526411883.638777, 1526411887.5967376, 1526411891.6975245, 1526411894.7683823, 1526411898.4484382, 1526411901.7052004, 1526411905.8854246, 1526411909.3349276, 1526411913.272355, 1526411918.9914024, 1526411922.0692096, 1526411924.548735, 1526411926.9923592, 1526411930.3888443, 1526411932.408565, 1526411934.6190922, 1526411943.9584274, 1526411946.3202791, 1526411948.9538238, 1526411952.6149726, 1526411955.6265028, 1526411959.6977808, 1526411962.9424558, 1526411969.262106, 1526411971.8703647, 1526411974.36145, 1526411977.3979194, 1526411984.7982996, 1526411987.275086, 1526411990.3134022, 1526411993.2824092, 1526411996.5618138, 1526412000.0814, 1526412003.2246106, 1526412006.9596984, 1526412009.963897, 1526412013.4485838, 1526412019.8077662, 1526412022.861457, 1526412026.3343265, 1526412030.7842393, 1526412034.2370377, 1526412040.2940745, 1526412044.706054, 1526412049.7774467], "episode_lengths": [131, 102, 122, 120, 97, 138, 101, 115, 145, 133, 74, 177, 126, 115, 226, 95, 88, 138, 110, 85, 100, 250, 149, 125, 86, 93, 105, 117, 75, 152, 74, 170, 180, 111, 94, 88, 318, 98, 76, 171, 100, 150, 104, 154, 118, 130, 100, 103, 134, 85, 115, 85, 96, 94, 142, 175, 90, 124, 96, 89, 75, 112, 111, 108, 135, 101, 87, 109, 149, 88, 95, 409, 105, 117, 161, 129, 128, 75, 208, 116, 110, 133, 307, 88, 100, 95, 109, 124, 99, 115, 100, 115, 204, 96, 115, 140, 107, 200, 137, 151]}