{"episode_types": ["t", "t", "t", "t", "t", "t", "t", "t", "t", "t", "t", "t", "t", "t", "t", "t", "t", "t", "t", "t", "t", "t", "t", "t", "t", "t", "t", "t", "t", "t", "t", "t", "t", "t", "t", "t", "t", "t", "t", "t", "t", "t", "t", "t", "t", "t", "t", "t", "t", "t", "t", "t", "t", "t", "t", "t", "t", "t", "t", "t", "t", "t", "t", "t", "t", "t", "t", "t", "t", "t", "t", "t", "t", "t", "t", "t", "t", "t", "t", "t", "t", "t", "t", "t", "t", "t", "t", "t", "t", "t", "t", "t", "t", "t", "t", "t", "t", "t", "t", "t"], "episode_rewards": [-111.0, -123.0, -98.0, -132.0, -108.0, -123.0, -141.0, -86.0, -124.0, -114.0, -147.0, -96.0, -90.0, -127.0, -134.0, -116.0, -82.0, -95.0, -84.0, -140.0, -113.0, -153.0, -109.0, -112.0, -105.0, -107.0, -115.0, -139.0, -88.0, -166.0, -95.0, -106.0, -117.0, -106.0, -106.0, -113.0, -116.0, -114.0, -92.0, -153.0, -110.0, -144.0, -83.0, -89.0, -281.0, -130.0, -99.0, -114.0, -97.0, -96.0, -201.0, -94.0, -140.0, -89.0, -153.0, -129.0, -207.0, -91.0, -91.0, -95.0, -111.0, -97.0, -93.0, -108.0, -75.0, -188.0, -114.0, -124.0, -102.0, -86.0, -102.0, -118.0, -113.0, -88.0, -91.0, -213.0, -81.0, -116.0, -104.0, -93.0, -107.0, -102.0, -92.0, -131.0, -165.0, -136.0, -134.0, -104.0, -98.0, -113.0, -87.0, -141.0, -91.0, -99.0, -88.0, -92.0, -142.0, -113.0, -166.0, -103.0], "initial_reset_timestamp": 1526420211.465701, "timestamps": [1526420214.295002, 1526420215.67163, 1526420216.8083646, 1526420218.3693745, 1526420219.6162078, 1526420221.1068735, 1526420222.6650786, 1526420225.048522, 1526420228.7766376, 1526420231.4186537, 1526420234.9045932, 1526420237.089971, 1526420239.1774879, 1526420242.0939143, 1526420245.1956718, 1526420247.7771845, 1526420249.6871612, 1526420251.8441122, 1526420253.7197587, 1526420256.9571807, 1526420259.5152283, 1526420262.9467812, 1526420265.5909781, 1526420268.131801, 1526420270.6162055, 1526420273.0229497, 1526420275.6118345, 1526420278.7748594, 1526420280.813887, 1526420285.5048177, 1526420288.1185665, 1526420291.1943774, 1526420294.3657806, 1526420297.5856092, 1526420300.5380945, 1526420303.8309522, 1526420307.080487, 1526420312.0473566, 1526420316.0290744, 1526420320.1699073, 1526420323.3833601, 1526420327.7664182, 1526420330.1199405, 1526420332.573959, 1526420340.5015905, 1526420344.372871, 1526420347.1323395, 1526420350.4680214, 1526420353.5463088, 1526420356.1065853, 1526420362.0822275, 1526420364.9112065, 1526420368.8713572, 1526420371.2637289, 1526420375.6835313, 1526420379.1862648, 1526420385.2138364, 1526420387.9826436, 1526420390.428195, 1526420393.0551105, 1526420396.612818, 1526420399.460291, 1526420402.2202277, 1526420404.2696142, 1526420405.1550212, 1526420407.1507945, 1526420408.4899125, 1526420409.7781968, 1526420410.8570423, 1526420411.6768937, 1526420412.9007516, 1526420414.2022905, 1526420415.4548955, 1526420416.4795704, 1526420417.5268154, 1526420419.9185383, 1526420420.828033, 1526420422.0628583, 1526420423.2174168, 1526420424.2576804, 1526420425.36594, 1526420426.5177622, 1526420427.4582808, 1526420428.8945296, 1526420431.045273, 1526420432.614156, 1526420434.0144787, 1526420435.294958, 1526420436.2510154, 1526420437.4893923, 1526420438.6286206, 1526420440.2122598, 1526420441.350188, 1526420442.4217215, 1526420443.3707201, 1526420444.445831, 1526420446.2613325, 1526420448.2544835, 1526420450.5540614, 1526420451.6611485], "episode_lengths": [112, 124, 99, 133, 109, 124, 142, 87, 125, 115, 148, 97, 91, 128, 135, 117, 83, 96, 85, 141, 114, 154, 110, 113, 106, 108, 116, 140, 89, 167, 96, 107, 118, 107, 107, 114, 117, 115, 93, 154, 111, 145, 84, 90, 282, 131, 100, 115, 98, 97, 202, 95, 141, 90, 154, 130, 208, 92, 92, 96, 112, 98, 94, 109, 76, 189, 115, 125, 103, 87, 103, 119, 114, 89, 92, 214, 82, 117, 105, 94, 108, 103, 93, 132, 166, 137, 135, 105, 99, 114, 88, 142, 92, 100, 89, 93, 143, 114, 167, 104]}