{"episode_types": ["t", "t", "t", "t", "t", "t", "t", "t", "t", "t", "t", "t", "t", "t", "t", "t", "t", "t", "t", "t", "t", "t", "t", "t", "t", "t", "t", "t", "t", "t", "t", "t", "t", "t", "t", "t", "t", "t", "t", "t", "t", "t", "t", "t", "t", "t", "t", "t", "t", "t", "t", "t", "t", "t", "t", "t", "t", "t", "t", "t", "t", "t", "t", "t", "t", "t", "t", "t", "t", "t", "t", "t", "t", "t", "t", "t", "t", "t", "t", "t", "t", "t", "t", "t", "t", "t", "t", "t", "t", "t", "t", "t", "t", "t", "t", "t", "t", "t", "t", "t"], "episode_rewards": [-117.0, -90.0, -117.0, -252.0, -107.0, -86.0, -101.0, -127.0, -97.0, -105.0, -200.0, -102.0, -96.0, -108.0, -85.0, -128.0, -88.0, -200.0, -89.0, -111.0, -92.0, -143.0, -96.0, -93.0, -88.0, -117.0, -123.0, -112.0, -111.0, -106.0, -111.0, -119.0, -86.0, -109.0, -127.0, -121.0, -104.0, -120.0, -92.0, -168.0, -196.0, -200.0, -88.0, -90.0, -178.0, -111.0, -96.0, -97.0, -114.0, -91.0, -92.0, -348.0, -129.0, -113.0, -90.0, -100.0, -112.0, -131.0, -99.0, -106.0, -120.0, -117.0, -111.0, -99.0, -168.0, -108.0, -139.0, -96.0, -88.0, -108.0, -102.0, -105.0, -132.0, -105.0, -125.0, -192.0, -91.0, -92.0, -96.0, -105.0, -126.0, -128.0, -101.0, -90.0, -85.0, -93.0, -88.0, -90.0, -94.0, -107.0, -92.0, -107.0, -105.0, -82.0, -93.0, -103.0, -122.0, -89.0, -126.0, -107.0], "initial_reset_timestamp": 1526423966.6511965, "timestamps": [1526423973.0615559, 1526423975.512278, 1526423978.1746087, 1526423983.9881, 1526423986.4791365, 1526423988.435425, 1526423990.988086, 1526423993.8688092, 1526423996.0623963, 1526423998.4647205, 1526424002.9442892, 1526424005.3084366, 1526424007.519177, 1526424010.000432, 1526424011.9968684, 1526424015.0116067, 1526424017.0361106, 1526424021.677638, 1526424023.8005972, 1526424026.3987203, 1526424028.480748, 1526424034.2270787, 1526424038.025974, 1526424040.1530912, 1526424042.146059, 1526424044.8108103, 1526424047.582142, 1526424050.074028, 1526424052.6573186, 1526424055.078513, 1526424057.6210756, 1526424060.361759, 1526424062.3010528, 1526424064.7889934, 1526424067.6952271, 1526424070.453711, 1526424072.7949069, 1526424075.5589707, 1526424077.6644673, 1526424081.569083, 1526424086.0225005, 1526424090.5552058, 1526424092.533981, 1526424094.590627, 1526424098.6686175, 1526424101.1590137, 1526424103.3712986, 1526424105.610453, 1526424108.1822555, 1526424110.3420324, 1526424112.4840808, 1526424121.8307915, 1526424127.366196, 1526424130.3846292, 1526424133.1898813, 1526424135.9696693, 1526424138.9894655, 1526424142.3792362, 1526424145.2926507, 1526424148.2154336, 1526424151.7589078, 1526424154.9060497, 1526424157.9497013, 1526424160.706702, 1526424165.1506596, 1526424168.0804982, 1526424171.9709032, 1526424175.0102756, 1526424176.1436327, 1526424177.2600431, 1526424178.2564023, 1526424179.3560278, 1526424180.7656686, 1526424181.927994, 1526424183.297671, 1526424185.4969087, 1526424186.5430474, 1526424187.5244381, 1526424188.6233013, 1526424189.7949615, 1526424191.1933908, 1526424192.6928456, 1526424193.8047185, 1526424194.7584488, 1526424195.6451159, 1526424196.6031103, 1526424197.516032, 1526424198.5020273, 1526424199.5783312, 1526424200.6164818, 1526424201.5754733, 1526424202.62737, 1526424203.7291315, 1526424204.7036848, 1526424205.6682816, 1526424206.8215456, 1526424208.1230373, 1526424209.1800094, 1526424210.8319325, 1526424211.8985858], "episode_lengths": [118, 91, 118, 253, 108, 87, 102, 128, 98, 106, 201, 103, 97, 109, 86, 129, 89, 201, 90, 112, 93, 144, 97, 94, 89, 118, 124, 113, 112, 107, 112, 120, 87, 110, 128, 122, 105, 121, 93, 169, 197, 201, 89, 91, 179, 112, 97, 98, 115, 92, 93, 349, 130, 114, 91, 101, 113, 132, 100, 107, 121, 118, 112, 100, 169, 109, 140, 97, 89, 109, 103, 106, 133, 106, 126, 193, 92, 93, 97, 106, 127, 129, 102, 91, 86, 94, 89, 91, 95, 108, 93, 108, 106, 83, 94, 104, 123, 90, 127, 108]}