{"episode_types": ["t", "t", "t", "t", "t", "t", "t", "t", "t", "t", "t", "t", "t", "t", "t", "t", "t", "t", "t", "t", "t", "t", "t", "t", "t", "t", "t", "t", "t", "t", "t", "t", "t", "t", "t", "t", "t", "t", "t", "t", "t", "t", "t", "t", "t", "t", "t", "t", "t", "t", "t", "t", "t", "t", "t", "t", "t", "t", "t", "t", "t", "t", "t", "t", "t", "t", "t", "t", "t", "t", "t", "t", "t", "t", "t", "t", "t", "t", "t", "t", "t", "t", "t", "t", "t", "t", "t", "t", "t", "t", "t", "t", "t", "t", "t", "t", "t", "t", "t", "t"], "episode_rewards": [-100.0, -94.0, -85.0, -130.0, -162.0, -111.0, -95.0, -134.0, -99.0, -98.0, -120.0, -101.0, -97.0, -121.0, -74.0, -97.0, -111.0, -95.0, -154.0, -135.0, -97.0, -131.0, -116.0, -90.0, -116.0, -79.0, -114.0, -117.0, -291.0, -81.0, -93.0, -159.0, -91.0, -101.0, -116.0, -94.0, -105.0, -129.0, -104.0, -97.0, -80.0, -122.0, -117.0, -120.0, -114.0, -97.0, -93.0, -140.0, -111.0, -135.0, -156.0, -135.0, -120.0, -138.0, -213.0, -129.0, -157.0, -126.0, -126.0, -81.0, -83.0, -88.0, -122.0, -119.0, -99.0, -90.0, -75.0, -113.0, -123.0, -94.0, -117.0, -154.0, -131.0, -100.0, -174.0, -100.0, -120.0, -95.0, -110.0, -104.0, -134.0, -87.0, -79.0, -145.0, -125.0, -106.0, -119.0, -108.0, -101.0, -94.0, -101.0, -131.0, -162.0, -111.0, -106.0, -99.0, -87.0, -94.0, -134.0, -106.0], "initial_reset_timestamp": 1526397042.544496, "timestamps": [1526397044.536418, 1526397045.4258542, 1526397046.1121905, 1526397047.1691868, 1526397048.4757397, 1526397049.375557, 1526397050.1519554, 1526397051.244196, 1526397052.0369773, 1526397052.8503683, 1526397053.8162503, 1526397054.6284637, 1526397055.8732097, 1526397058.4928157, 1526397060.0844498, 1526397062.178213, 1526397064.5892625, 1526397066.6503847, 1526397069.9472504, 1526397072.850487, 1526397074.9741573, 1526397077.7977421, 1526397080.3145351, 1526397082.276816, 1526397084.7799776, 1526397086.4859881, 1526397088.9375818, 1526397091.475178, 1526397097.7566779, 1526397099.5183806, 1526397101.5183775, 1526397104.9900482, 1526397106.962275, 1526397109.1533058, 1526397111.6763802, 1526397113.7149875, 1526397116.0085936, 1526397118.790187, 1526397121.0454264, 1526397123.125756, 1526397124.895163, 1526397127.5092642, 1526397130.0167623, 1526397132.6041496, 1526397135.0595958, 1526397137.1547306, 1526397139.1714413, 1526397142.2113626, 1526397144.6048703, 1526397147.513905, 1526397150.8909028, 1526397153.799532, 1526397156.3970623, 1526397159.367464, 1526397163.9634542, 1526397166.7609742, 1526397168.970481, 1526397170.0096745, 1526397171.0366871, 1526397171.6978712, 1526397172.3749115, 1526397173.0837522, 1526397174.073737, 1526397175.0501957, 1526397175.86087, 1526397176.5919719, 1526397177.1944377, 1526397178.1136541, 1526397179.114984, 1526397179.8831272, 1526397180.8323956, 1526397182.0750406, 1526397183.1338992, 1526397183.9524264, 1526397185.3581004, 1526397186.1612518, 1526397187.1270897, 1526397187.9012356, 1526397188.7969449, 1526397189.6462607, 1526397190.7306702, 1526397191.4369438, 1526397192.073483, 1526397193.249595, 1526397194.2787728, 1526397195.1394958, 1526397196.2124033, 1526397197.0934384, 1526397197.9132755, 1526397198.6712835, 1526397199.4890294, 1526397200.5416002, 1526397201.8660576, 1526397202.7731473, 1526397203.6302068, 1526397204.4287455, 1526397205.1317258, 1526397205.900889, 1526397206.9801898, 1526397207.8372405], "episode_lengths": [101, 95, 86, 131, 163, 112, 96, 135, 100, 99, 121, 102, 98, 122, 75, 98, 112, 96, 155, 136, 98, 132, 117, 91, 117, 80, 115, 118, 292, 82, 94, 160, 92, 102, 117, 95, 106, 130, 105, 98, 81, 123, 118, 121, 115, 98, 94, 141, 112, 136, 157, 136, 121, 139, 214, 130, 158, 127, 127, 82, 84, 89, 123, 120, 100, 91, 76, 114, 124, 95, 118, 155, 132, 101, 175, 101, 121, 96, 111, 105, 135, 88, 80, 146, 126, 107, 120, 109, 102, 95, 102, 132, 163, 112, 107, 100, 88, 95, 135, 107]}