{"episode_types": ["t", "t", "t", "t", "t", "t", "t", "t", "t", "t", "t", "t", "t", "t", "t", "t", "t", "t", "t", "t", "t", "t", "t", "t", "t", "t", "t", "t", "t", "t", "t", "t", "t", "t", "t", "t", "t", "t", "t", "t", "t", "t", "t", "t", "t", "t", "t", "t", "t", "t", "t", "t", "t", "t", "t", "t", "t", "t", "t", "t", "t", "t", "t", "t", "t", "t", "t", "t", "t", "t", "t", "t", "t", "t", "t", "t", "t", "t", "t", "t", "t", "t", "t", "t", "t", "t", "t", "t", "t", "t", "t", "t", "t", "t", "t", "t", "t", "t", "t", "t"], "episode_rewards": [-84.0, -126.0, -124.0, -122.0, -106.0, -392.0, -131.0, -144.0, -154.0, -171.0, -130.0, -187.0, -126.0, -130.0, -100.0, -136.0, -117.0, -84.0, -103.0, -123.0, -179.0, -144.0, -105.0, -132.0, -83.0, -106.0, -84.0, -126.0, -92.0, -92.0, -83.0, -128.0, -110.0, -103.0, -170.0, -170.0, -211.0, -113.0, -118.0, -119.0, -83.0, -125.0, -95.0, -111.0, -170.0, -165.0, -84.0, -130.0, -146.0, -147.0, -152.0, -156.0, -157.0, -83.0, -112.0, -104.0, -147.0, -130.0, -121.0, -166.0, -83.0, -91.0, -141.0, -85.0, -98.0, -119.0, -154.0, -119.0, -118.0, -168.0, -106.0, -109.0, -154.0, -121.0, -111.0, -141.0, -110.0, -135.0, -130.0, -154.0, -130.0, -101.0, -90.0, -145.0, -120.0, -147.0, -101.0, -104.0, -83.0, -116.0, -132.0, -175.0, -113.0, -131.0, -126.0, -126.0, -117.0, -122.0, -143.0, -132.0], "initial_reset_timestamp": 1526372857.0583005, "timestamps": [1526372862.5650396, 1526372866.0503345, 1526372869.1984744, 1526372872.474133, 1526372875.1596506, 1526372885.2393918, 1526372888.8155003, 1526372892.0193393, 1526372895.3498256, 1526372899.0600379, 1526372901.8974507, 1526372905.935468, 1526372908.6832316, 1526372911.5102518, 1526372913.7139091, 1526372916.7453513, 1526372919.2677064, 1526372921.180693, 1526372923.5681305, 1526372926.5478623, 1526372930.6907594, 1526372933.8251913, 1526372936.195872, 1526372939.1788425, 1526372941.177064, 1526372944.0506477, 1526372946.2792666, 1526372949.8454287, 1526372952.115454, 1526372954.179596, 1526372956.0558434, 1526372959.4307253, 1526372962.202929, 1526372964.5078933, 1526372968.7136173, 1526372973.0126145, 1526372977.9538305, 1526372980.4619467, 1526372983.1837745, 1526372986.0374413, 1526372987.9934185, 1526372991.0591388, 1526372993.3603423, 1526372996.163514, 1526373000.6336086, 1526373004.9590857, 1526373007.067376, 1526373010.1366124, 1526373013.6182938, 1526373017.112817, 1526373021.9954252, 1526373026.792696, 1526373030.877351, 1526373032.7178874, 1526373035.1553226, 1526373037.449143, 1526373040.623621, 1526373043.4062726, 1526373046.010926, 1526373049.6093447, 1526373051.4306045, 1526373053.4233181, 1526373056.4846082, 1526373058.3254151, 1526373060.5845323, 1526373063.2578475, 1526373066.6330566, 1526373069.2440221, 1526373071.8505247, 1526373075.5523002, 1526373077.8861082, 1526373080.2707026, 1526373083.6041098, 1526373086.2218685, 1526373088.6513743, 1526373091.7003727, 1526373094.0953658, 1526373096.9913673, 1526373099.810853, 1526373103.151587, 1526373105.9767437, 1526373108.1701536, 1526373110.1294167, 1526373113.2479756, 1526373115.8709087, 1526373119.068337, 1526373121.3621197, 1526373123.6466794, 1526373125.4571848, 1526373127.964789, 1526373130.934891, 1526373134.8493829, 1526373137.2965744, 1526373140.130367, 1526373142.9027035, 1526373145.6528432, 1526373148.18051, 1526373150.8311193, 1526373153.925239, 1526373156.765148], "episode_lengths": [85, 127, 125, 123, 107, 393, 132, 145, 155, 172, 131, 188, 127, 131, 101, 137, 118, 85, 104, 124, 180, 145, 106, 133, 84, 107, 85, 127, 93, 93, 84, 129, 111, 104, 171, 171, 212, 114, 119, 120, 84, 126, 96, 112, 171, 166, 85, 131, 147, 148, 153, 157, 158, 84, 113, 105, 148, 131, 122, 167, 84, 92, 142, 86, 99, 120, 155, 120, 119, 169, 107, 110, 155, 122, 112, 142, 111, 136, 131, 155, 131, 102, 91, 146, 121, 148, 102, 105, 84, 117, 133, 176, 114, 132, 127, 127, 118, 123, 144, 133]}