{"episode_types": ["t", "t", "t", "t", "t", "t", "t", "t", "t", "t", "t", "t", "t", "t", "t", "t", "t", "t", "t", "t", "t", "t", "t", "t", "t", "t", "t", "t", "t", "t", "t", "t", "t", "t", "t", "t", "t", "t", "t", "t", "t", "t", "t", "t", "t", "t", "t", "t", "t", "t", "t", "t", "t", "t", "t", "t", "t", "t", "t", "t", "t", "t", "t", "t", "t", "t", "t", "t", "t", "t", "t", "t", "t", "t", "t", "t", "t", "t", "t", "t", "t", "t", "t", "t", "t", "t", "t", "t", "t", "t", "t", "t", "t", "t", "t", "t", "t", "t", "t", "t"], "episode_rewards": [-132.0, -111.0, -133.0, -92.0, -101.0, -85.0, -93.0, -108.0, -191.0, -129.0, -182.0, -100.0, -142.0, -94.0, -93.0, -137.0, -124.0, -112.0, -114.0, -172.0, -134.0, -109.0, -124.0, -126.0, -114.0, -93.0, -108.0, -135.0, -150.0, -139.0, -106.0, -108.0, -100.0, -120.0, -345.0, -118.0, -134.0, -105.0, -131.0, -116.0, -103.0, -161.0, -88.0, -94.0, -148.0, -173.0, -161.0, -131.0, -97.0, -134.0, -96.0, -87.0, -136.0, -107.0, -154.0, -137.0, -103.0, -112.0, -122.0, -186.0, -85.0, -127.0, -117.0, -112.0, -140.0, -137.0, -123.0, -139.0, -102.0, -98.0, -101.0, -82.0, -113.0, -122.0, -135.0, -136.0, -141.0, -202.0, -98.0, -137.0, -122.0, -102.0, -94.0, -117.0, -87.0, -121.0, -152.0, -104.0, -113.0, -97.0, -139.0, -84.0, -92.0, -90.0, -103.0, -96.0, -115.0, -107.0, -155.0, -200.0], "initial_reset_timestamp": 1526386623.6348927, "timestamps": [1526386632.7718217, 1526386636.646471, 1526386640.5184505, 1526386642.8774679, 1526386645.5549414, 1526386647.9679399, 1526386650.6087825, 1526386653.4726298, 1526386658.7211187, 1526386662.771472, 1526386668.626423, 1526386671.6782172, 1526386676.241749, 1526386679.2243261, 1526386682.1808107, 1526386686.5162926, 1526386690.3824823, 1526386693.9965713, 1526386697.712177, 1526386703.435347, 1526386707.7448137, 1526386711.5336223, 1526386715.861352, 1526386719.7059617, 1526386723.2833102, 1526386726.832608, 1526386731.438206, 1526386736.239793, 1526386741.84614, 1526386747.5954585, 1526386751.6334481, 1526386756.0558941, 1526386759.78551, 1526386763.3868487, 1526386772.85363, 1526386776.4506557, 1526386782.288838, 1526386785.6242068, 1526386789.4393306, 1526386792.6585817, 1526386795.573053, 1526386799.8503768, 1526386802.4300776, 1526386805.373196, 1526386809.5590203, 1526386814.703774, 1526386819.1584437, 1526386823.1585472, 1526386828.1246514, 1526386834.0160427, 1526386836.7972248, 1526386839.2590115, 1526386843.7955914, 1526386847.8279793, 1526386852.5094318, 1526386856.2503462, 1526386859.266334, 1526386862.4016035, 1526386865.9579422, 1526386871.1875212, 1526386873.6074345, 1526386877.6766813, 1526386881.3820014, 1526386884.753813, 1526386888.976747, 1526386893.173388, 1526386896.5102727, 1526386900.1100667, 1526386902.9672298, 1526386906.1729558, 1526386909.830159, 1526386912.424627, 1526386915.8720038, 1526386919.658981, 1526386924.1811035, 1526386928.8413203, 1526386932.9818225, 1526386938.7632082, 1526386941.5283773, 1526386945.7919855, 1526386950.3338475, 1526386953.5278466, 1526386956.481744, 1526386960.4830422, 1526386962.8607955, 1526386966.5656388, 1526386971.0167859, 1526386973.9717846, 1526386977.2445955, 1526386980.3089566, 1526386984.8981736, 1526386987.8542228, 1526386991.2411113, 1526386994.3887906, 1526386997.6310318, 1526387000.95627, 1526387005.1186879, 1526387008.485234, 1526387013.724776, 1526387020.4895897], "episode_lengths": [133, 112, 134, 93, 102, 86, 94, 109, 192, 130, 183, 101, 143, 95, 94, 138, 125, 113, 115, 173, 135, 110, 125, 127, 115, 94, 109, 136, 151, 140, 107, 109, 101, 121, 346, 119, 135, 106, 132, 117, 104, 162, 89, 95, 149, 174, 162, 132, 98, 135, 97, 88, 137, 108, 155, 138, 104, 113, 123, 187, 86, 128, 118, 113, 141, 138, 124, 140, 103, 99, 102, 83, 114, 123, 136, 137, 142, 203, 99, 138, 123, 103, 95, 118, 88, 122, 153, 105, 114, 98, 140, 85, 93, 91, 104, 97, 116, 108, 156, 201]}