{"episode_types": ["t", "t", "t", "t", "t", "t", "t", "t", "t", "t", "t", "t", "t", "t", "t", "t", "t", "t", "t", "t", "t", "t", "t", "t", "t", "t", "t", "t", "t", "t", "t", "t", "t", "t", "t", "t", "t", "t", "t", "t", "t", "t", "t", "t", "t", "t", "t", "t", "t", "t", "t", "t", "t", "t", "t", "t", "t", "t", "t", "t", "t", "t", "t", "t", "t", "t", "t", "t", "t", "t", "t", "t", "t", "t", "t", "t", "t", "t", "t", "t", "t", "t", "t", "t", "t", "t", "t", "t", "t", "t", "t", "t", "t", "t", "t", "t", "t", "t", "t", "t"], "episode_rewards": [-111.0, -128.0, -223.0, -111.0, -152.0, -132.0, -75.0, -164.0, -96.0, -110.0, -164.0, -122.0, -123.0, -168.0, -115.0, -135.0, -178.0, -113.0, -83.0, -126.0, -136.0, -176.0, -94.0, -135.0, -117.0, -116.0, -124.0, -144.0, -95.0, -119.0, -131.0, -95.0, -125.0, -117.0, -98.0, -98.0, -114.0, -143.0, -107.0, -101.0, -121.0, -74.0, -102.0, -123.0, -136.0, -123.0, -84.0, -153.0, -128.0, -96.0, -94.0, -89.0, -107.0, -158.0, -115.0, -109.0, -118.0, -114.0, -102.0, -341.0, -116.0, -122.0, -105.0, -118.0, -119.0, -104.0, -82.0, -169.0, -111.0, -145.0, -237.0, -100.0, -75.0, -76.0, -89.0, -145.0, -87.0, -409.0, -128.0, -143.0, -148.0, -161.0, -130.0, -183.0, -84.0, -118.0, -143.0, -106.0, -119.0, -136.0, -96.0, -136.0, -87.0, -137.0, -129.0, -143.0, -121.0, -108.0, -163.0, -87.0], "initial_reset_timestamp": 1526410891.2759, "timestamps": [1526410899.5186863, 1526410905.9541621, 1526410917.095759, 1526410921.945316, 1526410928.055097, 1526410933.865074, 1526410937.3159535, 1526410942.9750564, 1526410945.884542, 1526410949.4875531, 1526410955.0537148, 1526410958.9000988, 1526410962.5850847, 1526410967.6044514, 1526410970.8407314, 1526410974.7943683, 1526410980.1658068, 1526410983.7067952, 1526410986.4061735, 1526410990.2464035, 1526410994.5698805, 1526411002.3339612, 1526411005.9224994, 1526411009.8655727, 1526411015.0496614, 1526411019.680333, 1526411023.4527814, 1526411028.0696695, 1526411030.8871374, 1526411034.7064033, 1526411040.5363882, 1526411045.3633292, 1526411050.5912266, 1526411055.6756203, 1526411059.7076476, 1526411063.7977834, 1526411067.1313398, 1526411071.1508465, 1526411074.3585334, 1526411077.442652, 1526411080.971702, 1526411083.2918112, 1526411086.195453, 1526411089.5116608, 1526411094.1946146, 1526411097.9776733, 1526411100.5676763, 1526411105.3825421, 1526411110.694602, 1526411115.2158577, 1526411119.3331127, 1526411123.5105064, 1526411128.2643926, 1526411133.1010125, 1526411136.3820574, 1526411139.4779043, 1526411143.058472, 1526411146.6831174, 1526411150.7648594, 1526411167.0144694, 1526411172.570893, 1526411177.4365816, 1526411181.8288555, 1526411187.3182929, 1526411191.933554, 1526411196.1490917, 1526411199.010214, 1526411204.2271984, 1526411207.4531994, 1526411211.9561055, 1526411219.3921092, 1526411222.8882282, 1526411225.727888, 1526411228.945375, 1526411231.8674896, 1526411237.1010725, 1526411240.6931338, 1526411256.1676135, 1526411262.0172186, 1526411265.399648, 1526411268.8064923, 1526411272.5835495, 1526411275.5618422, 1526411279.8565302, 1526411281.7683938, 1526411284.4642293, 1526411287.7312264, 1526411290.1705997, 1526411292.8971527, 1526411296.0414453, 1526411298.2147827, 1526411302.7358272, 1526411305.4361758, 1526411309.4291215, 1526411313.8589873, 1526411317.982754, 1526411321.1997063, 1526411324.4008095, 1526411330.6903553, 1526411334.7245588], "episode_lengths": [112, 129, 224, 112, 153, 133, 76, 165, 97, 111, 165, 123, 124, 169, 116, 136, 179, 114, 84, 127, 137, 177, 95, 136, 118, 117, 125, 145, 96, 120, 132, 96, 126, 118, 99, 99, 115, 144, 108, 102, 122, 75, 103, 124, 137, 124, 85, 154, 129, 97, 95, 90, 108, 159, 116, 110, 119, 115, 103, 342, 117, 123, 106, 119, 120, 105, 83, 170, 112, 146, 238, 101, 76, 77, 90, 146, 88, 410, 129, 144, 149, 162, 131, 184, 85, 119, 144, 107, 120, 137, 97, 137, 88, 138, 130, 144, 122, 109, 164, 88]}