{"episode_types": ["t", "t", "t", "t", "t", "t", "t", "t", "t", "t", "t", "t", "t", "t", "t", "t", "t", "t", "t", "t", "t", "t", "t", "t", "t", "t", "t", "t", "t", "t", "t", "t", "t", "t", "t", "t", "t", "t", "t", "t", "t", "t", "t", "t", "t", "t", "t", "t", "t", "t", "t", "t", "t", "t", "t", "t", "t", "t", "t", "t", "t", "t", "t", "t", "t", "t", "t", "t", "t", "t", "t", "t", "t", "t", "t", "t", "t", "t", "t", "t", "t", "t", "t", "t", "t", "t", "t", "t", "t", "t", "t", "t", "t", "t", "t", "t", "t", "t", "t", "t"], "episode_rewards": [-83.0, -104.0, -107.0, -77.0, -105.0, -119.0, -86.0, -80.0, -106.0, -96.0, -112.0, -104.0, -137.0, -181.0, -74.0, -76.0, -113.0, -88.0, -88.0, -83.0, -91.0, -295.0, -108.0, -124.0, -88.0, -74.0, -82.0, -90.0, -88.0, -117.0, -99.0, -171.0, -84.0, -75.0, -89.0, -86.0, -116.0, -103.0, -86.0, -85.0, -77.0, -142.0, -76.0, -97.0, -83.0, -74.0, -174.0, -83.0, -114.0, -108.0, -90.0, -125.0, -89.0, -77.0, -119.0, -109.0, -89.0, -77.0, -164.0, -89.0, -121.0, -89.0, -93.0, -92.0, -106.0, -149.0, -82.0, -88.0, -90.0, -105.0, -97.0, -117.0, -142.0, -117.0, -98.0, -88.0, -89.0, -87.0, -121.0, -107.0, -122.0, -97.0, -279.0, -108.0, -192.0, -111.0, -229.0, -257.0, -92.0, -90.0, -106.0, -119.0, -120.0, -125.0, -82.0, -108.0, -103.0, -95.0, -139.0, -87.0], "initial_reset_timestamp": 1526397910.9166498, "timestamps": [1526397912.5746107, 1526397913.5513887, 1526397914.4202385, 1526397915.0439804, 1526397915.8950887, 1526397916.9099824, 1526397917.6548135, 1526397919.1377814, 1526397921.462546, 1526397923.5650826, 1526397925.997426, 1526397928.2546575, 1526397931.2645903, 1526397935.259704, 1526397936.8891544, 1526397938.557609, 1526397941.0125754, 1526397942.927321, 1526397944.8285122, 1526397946.6390216, 1526397948.6235893, 1526397954.9736595, 1526397957.3302407, 1526397960.02741, 1526397961.943943, 1526397963.5517826, 1526397965.3475523, 1526397967.3014774, 1526397969.2038097, 1526397971.7475, 1526397973.9509835, 1526397977.6605859, 1526397979.4862366, 1526397981.1430092, 1526397983.1025198, 1526397984.9909482, 1526397987.518133, 1526397989.760123, 1526397991.644267, 1526397993.4827967, 1526397995.1755183, 1526397998.2739463, 1526397999.916358, 1526398002.0370588, 1526398003.8412144, 1526398005.4444606, 1526398009.2016854, 1526398011.0227962, 1526398013.5155506, 1526398015.8642983, 1526398017.839711, 1526398020.541026, 1526398022.4934366, 1526398024.1771812, 1526398026.791584, 1526398029.1941235, 1526398031.099448, 1526398031.73259, 1526398033.084902, 1526398033.8387153, 1526398034.8210862, 1526398035.546419, 1526398036.3135395, 1526398037.0773103, 1526398037.9515617, 1526398039.1690578, 1526398039.8446538, 1526398040.557305, 1526398041.3012624, 1526398042.1830955, 1526398042.9766643, 1526398043.943537, 1526398045.0997481, 1526398046.0528035, 1526398046.8543456, 1526398047.569154, 1526398048.3014235, 1526398049.0139813, 1526398049.9964507, 1526398050.8845184, 1526398051.881455, 1526398052.6713274, 1526398054.9434357, 1526398055.8283713, 1526398057.39019, 1526398058.2966754, 1526398060.155686, 1526398062.2420814, 1526398062.998487, 1526398063.7491806, 1526398064.629967, 1526398065.5994132, 1526398066.5818167, 1526398067.6196196, 1526398068.2891655, 1526398069.1727917, 1526398070.034799, 1526398070.812911, 1526398071.962158, 1526398072.6834226], "episode_lengths": [84, 105, 108, 78, 106, 120, 87, 81, 107, 97, 113, 105, 138, 182, 75, 77, 114, 89, 89, 84, 92, 296, 109, 125, 89, 75, 83, 91, 89, 118, 100, 172, 85, 76, 90, 87, 117, 104, 87, 86, 78, 143, 77, 98, 84, 75, 175, 84, 115, 109, 91, 126, 90, 78, 120, 110, 90, 78, 165, 90, 122, 90, 94, 93, 107, 150, 83, 89, 91, 106, 98, 118, 143, 118, 99, 89, 90, 88, 122, 108, 123, 98, 280, 109, 193, 112, 230, 258, 93, 91, 107, 120, 121, 126, 83, 109, 104, 96, 140, 88]}