{"episode_types": ["t", "t", "t", "t", "t", "t", "t", "t", "t", "t", "t", "t", "t", "t", "t", "t", "t", "t", "t", "t", "t", "t", "t", "t", "t", "t", "t", "t", "t", "t", "t", "t", "t", "t", "t", "t", "t", "t", "t", "t", "t", "t", "t", "t", "t", "t", "t", "t", "t", "t", "t", "t", "t", "t", "t", "t", "t", "t", "t", "t", "t", "t", "t", "t", "t", "t", "t", "t", "t", "t", "t", "t", "t", "t", "t", "t", "t", "t", "t", "t", "t", "t", "t", "t", "t", "t", "t", "t", "t", "t", "t", "t", "t", "t", "t", "t", "t", "t", "t", "t"], "episode_rewards": [-114.0, -124.0, -89.0, -105.0, -89.0, -86.0, -87.0, -90.0, -91.0, -92.0, -111.0, -123.0, -92.0, -98.0, -135.0, -100.0, -85.0, -112.0, -88.0, -107.0, -122.0, -102.0, -119.0, -92.0, -107.0, -129.0, -117.0, -103.0, -144.0, -103.0, -158.0, -116.0, -107.0, -88.0, -114.0, -140.0, -100.0, -89.0, -120.0, -86.0, -102.0, -125.0, -120.0, -95.0, -130.0, -90.0, -116.0, -94.0, -113.0, -94.0, -103.0, -138.0, -110.0, -90.0, -103.0, -88.0, -114.0, -95.0, -88.0, -123.0, -92.0, -89.0, -88.0, -91.0, -89.0, -97.0, -109.0, -174.0, -87.0, -120.0, -98.0, -106.0, -109.0, -92.0, -92.0, -94.0, -130.0, -85.0, -142.0, -115.0, -113.0, -92.0, -157.0, -100.0, -83.0, -91.0, -89.0, -103.0, -90.0, -108.0, -90.0, -94.0, -88.0, -105.0, -136.0, -124.0, -117.0, -80.0, -86.0, -99.0], "initial_reset_timestamp": 1526425962.6036015, "timestamps": [1526425965.5594833, 1526425967.1959474, 1526425968.2494485, 1526425969.3817248, 1526425970.3025756, 1526425971.268844, 1526425972.1686077, 1526425973.2044673, 1526425974.2626348, 1526425975.2816377, 1526425976.277054, 1526425977.358279, 1526425978.1797738, 1526425979.0587988, 1526425980.25455, 1526425981.1395776, 1526425981.8776188, 1526425982.8651042, 1526425983.649391, 1526425984.5948913, 1526425985.6703842, 1526425986.5672235, 1526425987.6127703, 1526425988.4263222, 1526425989.3666816, 1526425990.4950142, 1526425991.5284653, 1526425992.4503245, 1526425993.7541616, 1526425994.6678681, 1526425996.4524062, 1526425997.5886486, 1526425998.6854322, 1526425999.626493, 1526426000.8821723, 1526426002.5382519, 1526426003.5833638, 1526426004.5470822, 1526426005.831819, 1526426007.0472183, 1526426008.309964, 1526426009.7034886, 1526426011.0779684, 1526426012.288413, 1526426013.758188, 1526426014.7921515, 1526426016.0515184, 1526426016.9758542, 1526426018.228416, 1526426019.346196, 1526426020.4108844, 1526426022.0527537, 1526426023.4521673, 1526426026.258735, 1526426029.2220507, 1526426031.5458734, 1526426034.8832505, 1526426037.3987753, 1526426039.7752612, 1526426043.3076704, 1526426045.9063938, 1526426048.7144241, 1526426051.298971, 1526426054.1956594, 1526426056.6929119, 1526426059.5168552, 1526426062.7211976, 1526426068.0883796, 1526426070.4027302, 1526426073.8555636, 1526426076.6625977, 1526426079.8438156, 1526426082.7879727, 1526426085.4180262, 1526426088.467806, 1526426091.5358458, 1526426095.01901, 1526426097.2910752, 1526426101.1154845, 1526426104.2545993, 1526426107.4357965, 1526426110.0739605, 1526426114.6657107, 1526426117.400783, 1526426119.597211, 1526426122.343283, 1526426125.0156465, 1526426128.0462253, 1526426130.6799345, 1526426133.8282118, 1526426136.398377, 1526426139.1890714, 1526426141.738803, 1526426144.7930243, 1526426148.6897724, 1526426152.2197168, 1526426155.2677302, 1526426157.3943524, 1526426159.8280993, 1526426162.4610937], "episode_lengths": [115, 125, 90, 106, 90, 87, 88, 91, 92, 93, 112, 124, 93, 99, 136, 101, 86, 113, 89, 108, 123, 103, 120, 93, 108, 130, 118, 104, 145, 104, 159, 117, 108, 89, 115, 141, 101, 90, 121, 87, 103, 126, 121, 96, 131, 91, 117, 95, 114, 95, 104, 139, 111, 91, 104, 89, 115, 96, 89, 124, 93, 90, 89, 92, 90, 98, 110, 175, 88, 121, 99, 107, 110, 93, 93, 95, 131, 86, 143, 116, 114, 93, 158, 101, 84, 92, 90, 104, 91, 109, 91, 95, 89, 106, 137, 125, 118, 81, 87, 100]}