{"episode_types": ["t", "t", "t", "t", "t", "t", "t", "t", "t", "t", "t", "t", "t", "t", "t", "t", "t", "t", "t", "t", "t", "t", "t", "t", "t", "t", "t", "t", "t", "t", "t", "t", "t", "t", "t", "t", "t", "t", "t", "t", "t", "t", "t", "t", "t", "t", "t", "t", "t", "t", "t", "t", "t", "t", "t", "t", "t", "t", "t", "t", "t", "t", "t", "t", "t", "t", "t", "t", "t", "t", "t", "t", "t", "t", "t", "t", "t", "t", "t", "t", "t", "t", "t", "t", "t", "t", "t", "t", "t", "t", "t", "t", "t", "t", "t", "t", "t", "t", "t", "t"], "episode_rewards": [-173.0, -191.0, -165.0, -139.0, -173.0, -236.0, -143.0, -215.0, -153.0, -167.0, -152.0, -149.0, -161.0, -172.0, -152.0, -187.0, -165.0, -210.0, -157.0, -177.0, -156.0, -183.0, -196.0, -171.0, -154.0, -141.0, -160.0, -211.0, -168.0, -179.0, -186.0, -178.0, -132.0, -114.0, -275.0, -126.0, -171.0, -142.0, -142.0, -165.0, -190.0, -171.0, -189.0, -182.0, -147.0, -141.0, -140.0, -233.0, -140.0, -171.0, -162.0, -148.0, -134.0, -115.0, -139.0, -167.0, -124.0, -173.0, -259.0, -122.0, -230.0, -154.0, -145.0, -160.0, -163.0, -297.0, -194.0, -162.0, -221.0, -127.0, -143.0, -125.0, -141.0, -164.0, -180.0, -117.0, -160.0, -181.0, -167.0, -153.0, -122.0, -123.0, -156.0, -122.0, -165.0, -191.0, -142.0, -187.0, -164.0, -129.0, -192.0, -167.0, -180.0, -320.0, -215.0, -233.0, -145.0, -142.0, -129.0, -168.0], "initial_reset_timestamp": 1526374425.9583545, "timestamps": [1526374434.5432155, 1526374439.0593386, 1526374442.6925087, 1526374445.781909, 1526374449.8076835, 1526374455.1121733, 1526374458.3633342, 1526374463.3349783, 1526374466.7133942, 1526374470.4875567, 1526374473.8940668, 1526374477.4548206, 1526374481.0403516, 1526374483.6630802, 1526374484.9645815, 1526374486.5399451, 1526374487.881966, 1526374489.586493, 1526374491.0047219, 1526374492.833095, 1526374494.2685144, 1526374495.845098, 1526374497.7297306, 1526374499.158558, 1526374500.438606, 1526374501.6857958, 1526374503.125608, 1526374504.9374936, 1526374506.3351796, 1526374507.8868659, 1526374509.4291387, 1526374511.2613032, 1526374512.4271982, 1526374513.4249096, 1526374515.7275696, 1526374516.7627306, 1526374518.2254477, 1526374519.5663407, 1526374520.7495277, 1526374522.1634653, 1526374523.7657123, 1526374525.2029006, 1526374526.8436098, 1526374528.394995, 1526374529.654122, 1526374530.972933, 1526374532.1993792, 1526374534.1876235, 1526374535.335006, 1526374536.753893, 1526374538.1035957, 1526374539.3330073, 1526374540.4746826, 1526374541.4366655, 1526374542.5789998, 1526374545.876821, 1526374548.615641, 1526374552.4461722, 1526374558.181551, 1526374560.8970582, 1526374566.0634518, 1526374569.6376622, 1526374573.8848257, 1526374577.8136241, 1526374581.7412305, 1526374588.8863423, 1526374593.490758, 1526374597.3088322, 1526374602.8404844, 1526374606.04468, 1526374609.3492403, 1526374612.4286633, 1526374615.7436717, 1526374619.6689987, 1526374623.9383252, 1526374626.9468892, 1526374630.7557993, 1526374635.24931, 1526374640.0130546, 1526374643.8099256, 1526374646.8719184, 1526374649.8504643, 1526374653.7176623, 1526374656.8782213, 1526374660.7984939, 1526374665.4343126, 1526374668.9010136, 1526374673.3514543, 1526374677.460326, 1526374680.3141131, 1526374684.6416266, 1526374688.5465686, 1526374692.7681031, 1526374700.6217318, 1526374705.9730814, 1526374711.7617595, 1526374715.5091107, 1526374719.121487, 1526374722.3851635, 1526374726.7008612], "episode_lengths": [174, 192, 166, 140, 174, 237, 144, 216, 154, 168, 153, 150, 162, 173, 153, 188, 166, 211, 158, 178, 157, 184, 197, 172, 155, 142, 161, 212, 169, 180, 187, 179, 133, 115, 276, 127, 172, 143, 143, 166, 191, 172, 190, 183, 148, 142, 141, 234, 141, 172, 163, 149, 135, 116, 140, 168, 125, 174, 260, 123, 231, 155, 146, 161, 164, 298, 195, 163, 222, 128, 144, 126, 142, 165, 181, 118, 161, 182, 168, 154, 123, 124, 157, 123, 166, 192, 143, 188, 165, 130, 193, 168, 181, 321, 216, 234, 146, 143, 130, 169]}