{"episode_types": ["t", "t", "t", "t", "t", "t", "t", "t", "t", "t", "t", "t", "t", "t", "t", "t", "t", "t", "t", "t", "t", "t", "t", "t", "t", "t", "t", "t", "t", "t", "t", "t", "t", "t", "t", "t", "t", "t", "t", "t", "t", "t", "t", "t", "t", "t", "t", "t", "t", "t", "t", "t", "t", "t", "t", "t", "t", "t", "t", "t", "t", "t", "t", "t", "t", "t", "t", "t", "t", "t", "t", "t", "t", "t", "t", "t", "t", "t", "t", "t", "t", "t", "t", "t", "t", "t", "t", "t", "t", "t", "t", "t", "t", "t", "t", "t", "t", "t", "t", "t"], "episode_rewards": [-94.0, -113.0, -178.0, -96.0, -99.0, -95.0, -114.0, -90.0, -115.0, -104.0, -97.0, -94.0, -298.0, -110.0, -189.0, -125.0, -119.0, -131.0, -82.0, -98.0, -92.0, -105.0, -93.0, -91.0, -115.0, -108.0, -123.0, -127.0, -129.0, -101.0, -142.0, -150.0, -151.0, -128.0, -85.0, -77.0, -128.0, -184.0, -99.0, -94.0, -123.0, -108.0, -112.0, -123.0, -122.0, -101.0, -92.0, -99.0, -88.0, -98.0, -108.0, -101.0, -91.0, -185.0, -200.0, -116.0, -436.0, -99.0, -99.0, -97.0, -92.0, -109.0, -178.0, -85.0, -117.0, -117.0, -88.0, -87.0, -79.0, -117.0, -100.0, -152.0, -99.0, -114.0, -85.0, -111.0, -81.0, -106.0, -119.0, -115.0, -90.0, -98.0, -115.0, -103.0, -148.0, -113.0, -110.0, -119.0, -102.0, -261.0, -138.0, -88.0, -97.0, -85.0, -86.0, -363.0, -112.0, -139.0, -115.0, -208.0], "initial_reset_timestamp": 1526412341.6151369, "timestamps": [1526412344.0135348, 1526412345.5403645, 1526412347.3510308, 1526412348.3189151, 1526412349.265441, 1526412350.374065, 1526412351.7796729, 1526412352.7995598, 1526412354.1298182, 1526412355.4270906, 1526412356.684185, 1526412357.9139416, 1526412361.6119266, 1526412362.8415604, 1526412364.9200742, 1526412366.285232, 1526412367.6981747, 1526412369.195765, 1526412370.1817646, 1526412371.2986538, 1526412372.3764038, 1526412373.6385925, 1526412374.8453813, 1526412375.9198384, 1526412377.297584, 1526412378.6084182, 1526412379.9636111, 1526412381.3427942, 1526412382.8173459, 1526412383.9580188, 1526412385.6489894, 1526412387.668645, 1526412389.4129314, 1526412390.8559997, 1526412391.867375, 1526412392.7013738, 1526412394.2296298, 1526412399.438359, 1526412402.3687723, 1526412405.3497238, 1526412409.1672235, 1526412412.4222465, 1526412415.9668427, 1526412419.659136, 1526412423.5537026, 1526412426.5503395, 1526412429.5361004, 1526412432.7486973, 1526412435.4314768, 1526412438.246018, 1526412442.041697, 1526412446.0864441, 1526412449.2570465, 1526412454.7602782, 1526412460.9766948, 1526412464.5258198, 1526412481.0981648, 1526412483.8062232, 1526412486.7942052, 1526412489.798528, 1526412492.8837488, 1526412496.4806685, 1526412502.1848378, 1526412504.3335934, 1526412508.035828, 1526412511.0602531, 1526412513.2639434, 1526412515.3086314, 1526412517.340058, 1526412520.422004, 1526412522.9939086, 1526412527.5081923, 1526412531.1709387, 1526412534.1826868, 1526412536.3317468, 1526412539.0122087, 1526412541.5429153, 1526412544.2351344, 1526412547.3179123, 1526412550.1836627, 1526412552.40575, 1526412555.3666193, 1526412558.10096, 1526412560.486331, 1526412564.0297902, 1526412566.8407342, 1526412569.924582, 1526412574.391364, 1526412577.679639, 1526412586.033297, 1526412590.5661602, 1526412593.5695157, 1526412596.7258327, 1526412599.471822, 1526412602.1127944, 1526412613.896483, 1526412617.750141, 1526412622.3488636, 1526412625.9571247, 1526412634.1652095], "episode_lengths": [95, 114, 179, 97, 100, 96, 115, 91, 116, 105, 98, 95, 299, 111, 190, 126, 120, 132, 83, 99, 93, 106, 94, 92, 116, 109, 124, 128, 130, 102, 143, 151, 152, 129, 86, 78, 129, 185, 100, 95, 124, 109, 113, 124, 123, 102, 93, 100, 89, 99, 109, 102, 92, 186, 201, 117, 437, 100, 100, 98, 93, 110, 179, 86, 118, 118, 89, 88, 80, 118, 101, 153, 100, 115, 86, 112, 82, 107, 120, 116, 91, 99, 116, 104, 149, 114, 111, 120, 103, 262, 139, 89, 98, 86, 87, 364, 113, 140, 116, 209]}