{"episode_types": ["t", "t", "t", "t", "t", "t", "t", "t", "t", "t", "t", "t", "t", "t", "t", "t", "t", "t", "t", "t", "t", "t", "t", "t", "t", "t", "t", "t", "t", "t", "t", "t", "t", "t", "t", "t", "t", "t", "t", "t", "t", "t", "t", "t", "t", "t", "t", "t", "t", "t", "t", "t", "t", "t", "t", "t", "t", "t", "t", "t", "t", "t", "t", "t", "t", "t", "t", "t", "t", "t", "t", "t", "t", "t", "t", "t", "t", "t", "t", "t", "t", "t", "t", "t", "t", "t", "t", "t", "t", "t", "t", "t", "t", "t", "t", "t", "t", "t", "t", "t"], "episode_rewards": [-164.0, -181.0, -207.0, -175.0, -127.0, -167.0, -164.0, -173.0, -144.0, -185.0, -190.0, -223.0, -160.0, -170.0, -146.0, -230.0, -182.0, -161.0, -135.0, -171.0, -221.0, -201.0, -190.0, -139.0, -128.0, -175.0, -138.0, -190.0, -164.0, -178.0, -179.0, -147.0, -216.0, -178.0, -208.0, -148.0, -162.0, -229.0, -148.0, -158.0, -226.0, -149.0, -169.0, -151.0, -127.0, -166.0, -222.0, -150.0, -178.0, -207.0, -144.0, -188.0, -180.0, -144.0, -140.0, -147.0, -178.0, -141.0, -203.0, -179.0, -163.0, -193.0, -204.0, -169.0, -170.0, -137.0, -183.0, -176.0, -185.0, -183.0, -160.0, -219.0, -147.0, -175.0, -212.0, -390.0, -140.0, -232.0, -163.0, -138.0, -148.0, -152.0, -184.0, -184.0, -139.0, -184.0, -145.0, -167.0, -200.0, -218.0, -241.0, -187.0, -247.0, -146.0, -169.0, -200.0, -202.0, -123.0, -164.0, -123.0], "initial_reset_timestamp": 1526374969.7927847, "timestamps": [1526374978.7443018, 1526374983.5353847, 1526374988.843402, 1526374992.8192494, 1526374995.6315393, 1526374999.2928684, 1526375003.2578583, 1526375007.5663671, 1526375011.1387873, 1526375015.7984798, 1526375020.3555632, 1526375025.222805, 1526375028.8923867, 1526375033.2483528, 1526375037.6913772, 1526375043.5976815, 1526375048.3225834, 1526375051.9691143, 1526375054.921182, 1526375058.7889647, 1526375063.9365218, 1526375068.4335186, 1526375072.64205, 1526375075.2970803, 1526375076.3567305, 1526375077.806352, 1526375078.9284275, 1526375080.469804, 1526375081.805527, 1526375083.2486408, 1526375084.710933, 1526375085.9175832, 1526375087.6739528, 1526375089.1307473, 1526375090.8348746, 1526375092.0372036, 1526375093.378863, 1526375095.2547035, 1526375096.47749, 1526375097.7698243, 1526375099.6145082, 1526375100.8458033, 1526375102.262899, 1526375103.5039272, 1526375104.5473278, 1526375105.9336417, 1526375107.963623, 1526375109.2606063, 1526375110.8416328, 1526375112.632213, 1526375113.8527339, 1526375115.522047, 1526375117.0363467, 1526375118.2195148, 1526375119.3749533, 1526375120.6651871, 1526375122.3548324, 1526375123.6183763, 1526375125.36806, 1526375126.8341184, 1526375128.1717288, 1526375129.746463, 1526375131.4117935, 1526375132.7871442, 1526375134.2050936, 1526375135.3534744, 1526375136.980883, 1526375138.4834957, 1526375140.2334485, 1526375141.861216, 1526375143.2995121, 1526375145.0969713, 1526375146.3067346, 1526375148.1515186, 1526375152.8213458, 1526375161.7406185, 1526375165.1410573, 1526375170.509887, 1526375174.4888208, 1526375178.300218, 1526375182.1147318, 1526375185.7977045, 1526375190.3519511, 1526375194.4377184, 1526375197.54158, 1526375201.7979138, 1526375204.9560702, 1526375208.7103395, 1526375213.0589135, 1526375217.7922513, 1526375223.100029, 1526375227.2993357, 1526375232.8014963, 1526375235.9627175, 1526375239.9876301, 1526375244.56085, 1526375249.5375476, 1526375252.5141964, 1526375256.3482127, 1526375259.1646369], "episode_lengths": [165, 182, 208, 176, 128, 168, 165, 174, 145, 186, 191, 224, 161, 171, 147, 231, 183, 162, 136, 172, 222, 202, 191, 140, 129, 176, 139, 191, 165, 179, 180, 148, 217, 179, 209, 149, 163, 230, 149, 159, 227, 150, 170, 152, 128, 167, 223, 151, 179, 208, 145, 189, 181, 145, 141, 148, 179, 142, 204, 180, 164, 194, 205, 170, 171, 138, 184, 177, 186, 184, 161, 220, 148, 176, 213, 391, 141, 233, 164, 139, 149, 153, 185, 185, 140, 185, 146, 168, 201, 219, 242, 188, 248, 147, 170, 201, 203, 124, 165, 124]}