{"episode_types": ["t", "t", "t", "t", "t", "t", "t", "t", "t", "t", "t", "t", "t", "t", "t", "t", "t", "t", "t", "t", "t", "t", "t", "t", "t", "t", "t", "t", "t", "t", "t", "t", "t", "t", "t", "t", "t", "t", "t", "t", "t", "t", "t", "t", "t", "t", "t", "t", "t", "t", "t", "t", "t", "t", "t", "t", "t", "t", "t", "t", "t", "t", "t", "t", "t", "t", "t", "t", "t", "t", "t", "t", "t", "t", "t", "t", "t", "t", "t", "t", "t", "t", "t", "t", "t", "t", "t", "t", "t", "t", "t", "t", "t", "t", "t", "t", "t", "t", "t", "t"], "episode_rewards": [-113.0, -94.0, -105.0, -100.0, -89.0, -79.0, -77.0, -98.0, -83.0, -96.0, -139.0, -88.0, -92.0, -107.0, -101.0, -102.0, -99.0, -83.0, -92.0, -500.0, -91.0, -95.0, -92.0, -219.0, -117.0, -94.0, -94.0, -93.0, -86.0, -130.0, -93.0, -149.0, -103.0, -83.0, -84.0, -122.0, -111.0, -296.0, -87.0, -108.0, -104.0, -500.0, -107.0, -90.0, -87.0, -81.0, -95.0, -116.0, -97.0, -90.0, -96.0, -87.0, -86.0, -296.0, -81.0, -100.0, -92.0, -116.0, -427.0, -116.0, -97.0, -156.0, -100.0, -104.0, -97.0, -82.0, -96.0, -86.0, -109.0, -81.0, -88.0, -94.0, -78.0, -138.0, -120.0, -99.0, -98.0, -83.0, -117.0, -82.0, -107.0, -102.0, -82.0, -122.0, -100.0, -94.0, -106.0, -93.0, -97.0, -148.0, -96.0, -78.0, -82.0, -107.0, -500.0, -85.0, -134.0, -169.0, -78.0, -139.0], "initial_reset_timestamp": 1526424449.616087, "timestamps": [1526424452.5229828, 1526424453.7511983, 1526424454.8882568, 1526424456.1316571, 1526424457.0896225, 1526424458.1185222, 1526424458.9838428, 1526424460.0851734, 1526424461.0999317, 1526424462.0791578, 1526424463.5297523, 1526424464.499604, 1526424465.5157504, 1526424466.7116926, 1526424467.7119672, 1526424468.8193007, 1526424470.2446923, 1526424471.255259, 1526424472.2284317, 1526424477.7260544, 1526424478.7177348, 1526424479.8850038, 1526424480.9194453, 1526424483.3453758, 1526424484.605947, 1526424485.5921254, 1526424486.6380486, 1526424487.6608515, 1526424488.6735494, 1526424490.0799894, 1526424491.1473818, 1526424492.9196892, 1526424494.0243385, 1526424494.925268, 1526424495.815821, 1526424497.228297, 1526424498.4192786, 1526424506.1640422, 1526424508.1390886, 1526424510.6250954, 1526424512.9947977, 1526424524.3356004, 1526424526.8077097, 1526424528.8615785, 1526424530.8549795, 1526424532.7940736, 1526424534.9720244, 1526424537.666827, 1526424539.8875885, 1526424541.9888308, 1526424544.1782615, 1526424546.2026777, 1526424548.2127805, 1526424555.0897768, 1526424556.9625554, 1526424559.2297943, 1526424561.3332086, 1526424564.5066159, 1526424576.3932307, 1526424579.6712394, 1526424582.3555546, 1526424587.050245, 1526424589.776138, 1526424592.611487, 1526424595.5972931, 1526424597.7461257, 1526424600.4736435, 1526424603.1164849, 1526424606.2532606, 1526424608.5076873, 1526424610.93658, 1526424614.1600947, 1526424616.6079774, 1526424620.6873074, 1526424624.3878505, 1526424627.3567972, 1526424631.2378094, 1526424634.9089477, 1526424638.9971912, 1526424641.2915597, 1526424644.3944035, 1526424647.2947655, 1526424649.581735, 1526424652.9732003, 1526424655.706532, 1526424658.383045, 1526424661.457, 1526424664.1251771, 1526424666.8689637, 1526424670.8685656, 1526424673.570184, 1526424675.8495483, 1526424678.1765387, 1526424681.2652712, 1526424695.5215416, 1526424697.7883668, 1526424701.6936784, 1526424706.599975, 1526424709.4528103, 1526424714.1337748], "episode_lengths": [114, 95, 106, 101, 90, 80, 78, 99, 84, 97, 140, 89, 93, 108, 102, 103, 100, 84, 93, 500, 92, 96, 93, 220, 118, 95, 95, 94, 87, 131, 94, 150, 104, 84, 85, 123, 112, 297, 88, 109, 105, 500, 108, 91, 88, 82, 96, 117, 98, 91, 97, 88, 87, 297, 82, 101, 93, 117, 428, 117, 98, 157, 101, 105, 98, 83, 97, 87, 110, 82, 89, 95, 79, 139, 121, 100, 99, 84, 118, 83, 108, 103, 83, 123, 101, 95, 107, 94, 98, 149, 97, 79, 83, 108, 500, 86, 135, 170, 79, 140]}