{"episode_types": ["t", "t", "t", "t", "t", "t", "t", "t", "t", "t", "t", "t", "t", "t", "t", "t", "t", "t", "t", "t", "t", "t", "t", "t", "t", "t", "t", "t", "t", "t", "t", "t", "t", "t", "t", "t", "t", "t", "t", "t", "t", "t", "t", "t", "t", "t", "t", "t", "t", "t", "t", "t", "t", "t", "t", "t", "t", "t", "t", "t", "t", "t", "t", "t", "t", "t", "t", "t", "t", "t", "t", "t", "t", "t", "t", "t", "t", "t", "t", "t", "t", "t", "t", "t", "t", "t", "t", "t", "t", "t", "t", "t", "t", "t", "t", "t", "t", "t", "t", "t"], "episode_rewards": [-132.0, -103.0, -150.0, -127.0, -111.0, -108.0, -86.0, -91.0, -115.0, -88.0, -139.0, -138.0, -357.0, -118.0, -127.0, -93.0, -125.0, -108.0, -117.0, -125.0, -94.0, -102.0, -98.0, -126.0, -91.0, -106.0, -160.0, -100.0, -97.0, -120.0, -145.0, -99.0, -124.0, -125.0, -112.0, -168.0, -106.0, -168.0, -85.0, -92.0, -89.0, -176.0, -117.0, -91.0, -119.0, -85.0, -129.0, -93.0, -350.0, -135.0, -88.0, -96.0, -87.0, -123.0, -303.0, -85.0, -93.0, -108.0, -100.0, -109.0, -125.0, -103.0, -92.0, -110.0, -90.0, -100.0, -120.0, -91.0, -93.0, -97.0, -108.0, -113.0, -301.0, -133.0, -130.0, -93.0, -120.0, -105.0, -105.0, -119.0, -132.0, -91.0, -94.0, -105.0, -105.0, -87.0, -134.0, -137.0, -108.0, -107.0, -219.0, -97.0, -128.0, -82.0, -95.0, -122.0, -121.0, -131.0, -101.0, -125.0], "initial_reset_timestamp": 1526388686.6118944, "timestamps": [1526388694.8750343, 1526388698.4765077, 1526388703.0472906, 1526388706.6995795, 1526388710.0497758, 1526388713.2151237, 1526388715.9930227, 1526388718.9075892, 1526388722.513701, 1526388725.5124283, 1526388730.0594594, 1526388734.201102, 1526388746.711906, 1526388750.1843386, 1526388753.9961045, 1526388756.761862, 1526388760.6975167, 1526388764.188203, 1526388767.6227129, 1526388771.3307881, 1526388774.176487, 1526388776.9809241, 1526388779.9059882, 1526388783.905016, 1526388786.9597263, 1526388790.0685415, 1526388794.8075912, 1526388798.0557938, 1526388801.2985466, 1526388804.655092, 1526388808.8596923, 1526388811.6363432, 1526388815.2701025, 1526388818.6577067, 1526388822.2489035, 1526388827.0897458, 1526388830.1942787, 1526388835.9035115, 1526388838.6925294, 1526388841.6933954, 1526388844.2450972, 1526388849.6457055, 1526388853.7556224, 1526388856.2531688, 1526388859.404315, 1526388861.625146, 1526388865.4493613, 1526388868.4989305, 1526388879.5228384, 1526388885.1481254, 1526388888.6238942, 1526388892.328196, 1526388895.311697, 1526388899.5052757, 1526388910.799763, 1526388913.2022061, 1526388915.8888702, 1526388918.883197, 1526388922.198364, 1526388925.6388404, 1526388929.7266474, 1526388933.2991755, 1526388935.9269767, 1526388939.194141, 1526388941.899793, 1526388945.377228, 1526388949.453533, 1526388951.8593233, 1526388954.6326835, 1526388957.9862368, 1526388962.2092235, 1526388966.6759279, 1526388975.6829352, 1526388979.681441, 1526388984.2599704, 1526388987.0770745, 1526388991.135575, 1526388994.727249, 1526388997.4900005, 1526389000.8905902, 1526389004.5989518, 1526389007.8390284, 1526389011.0419323, 1526389014.7006795, 1526389018.1499424, 1526389020.7342234, 1526389024.842795, 1526389028.6609135, 1526389031.8366044, 1526389035.0560472, 1526389041.6863132, 1526389044.507094, 1526389048.0156827, 1526389050.8682535, 1526389053.546035, 1526389057.1363432, 1526389060.3087034, 1526389064.241541, 1526389067.1460407, 1526389070.7031257], "episode_lengths": [133, 104, 151, 128, 112, 109, 87, 92, 116, 89, 140, 139, 358, 119, 128, 94, 126, 109, 118, 126, 95, 103, 99, 127, 92, 107, 161, 101, 98, 121, 146, 100, 125, 126, 113, 169, 107, 169, 86, 93, 90, 177, 118, 92, 120, 86, 130, 94, 351, 136, 89, 97, 88, 124, 304, 86, 94, 109, 101, 110, 126, 104, 93, 111, 91, 101, 121, 92, 94, 98, 109, 114, 302, 134, 131, 94, 121, 106, 106, 120, 133, 92, 95, 106, 106, 88, 135, 138, 109, 108, 220, 98, 129, 83, 96, 123, 122, 132, 102, 126]}