{"episode_types": ["t", "t", "t", "t", "t", "t", "t", "t", "t", "t", "t", "t", "t", "t", "t", "t", "t", "t", "t", "t", "t", "t", "t", "t", "t", "t", "t", "t", "t", "t", "t", "t", "t", "t", "t", "t", "t", "t", "t", "t", "t", "t", "t", "t", "t", "t", "t", "t", "t", "t", "t", "t", "t", "t", "t", "t", "t", "t", "t", "t", "t", "t", "t", "t", "t", "t", "t", "t", "t", "t", "t", "t", "t", "t", "t", "t", "t", "t", "t", "t", "t", "t", "t", "t", "t", "t", "t", "t", "t", "t", "t", "t", "t", "t", "t", "t", "t", "t", "t", "t"], "episode_rewards": [-90.0, -363.0, -83.0, -113.0, -133.0, -113.0, -131.0, -103.0, -101.0, -222.0, -96.0, -92.0, -189.0, -89.0, -120.0, -248.0, -122.0, -98.0, -97.0, -94.0, -83.0, -79.0, -119.0, -91.0, -120.0, -171.0, -99.0, -166.0, -98.0, -73.0, -109.0, -105.0, -116.0, -108.0, -104.0, -317.0, -98.0, -91.0, -99.0, -123.0, -101.0, -85.0, -207.0, -111.0, -87.0, -95.0, -101.0, -124.0, -87.0, -96.0, -228.0, -115.0, -97.0, -171.0, -165.0, -86.0, -122.0, -97.0, -108.0, -112.0, -108.0, -90.0, -113.0, -92.0, -114.0, -99.0, -109.0, -100.0, -95.0, -67.0, -67.0, -107.0, -252.0, -105.0, -230.0, -99.0, -210.0, -129.0, -101.0, -102.0, -105.0, -98.0, -112.0, -88.0, -305.0, -91.0, -129.0, -118.0, -94.0, -121.0, -104.0, -99.0, -105.0, -114.0, -128.0, -98.0, -82.0, -104.0, -111.0, -135.0], "initial_reset_timestamp": 1526422565.1766243, "timestamps": [1526422567.2653403, 1526422571.61447, 1526422572.377121, 1526422573.383187, 1526422574.583431, 1526422575.5686893, 1526422576.7254608, 1526422577.6238806, 1526422578.527385, 1526422580.488529, 1526422581.4046166, 1526422582.520084, 1526422584.566764, 1526422585.537369, 1526422587.0265431, 1526422589.737356, 1526422591.3009517, 1526422592.3423371, 1526422593.2490723, 1526422594.5406513, 1526422595.4057405, 1526422596.9972665, 1526422600.3344176, 1526422602.9609764, 1526422606.2907948, 1526422610.8197768, 1526422613.7839417, 1526422618.434216, 1526422621.3787796, 1526422623.490734, 1526422626.7194326, 1526422629.5379593, 1526422632.9636695, 1526422636.1621947, 1526422639.127707, 1526422648.3200192, 1526422651.0930057, 1526422653.8388562, 1526422656.557611, 1526422660.3069353, 1526422663.2435336, 1526422665.6533391, 1526422671.712619, 1526422674.9757826, 1526422677.268979, 1526422680.0878413, 1526422682.9449706, 1526422686.3691747, 1526422688.7010927, 1526422691.509869, 1526422697.7083986, 1526422700.8280702, 1526422703.495051, 1526422708.2281651, 1526422712.896895, 1526422715.1552858, 1526422718.4784408, 1526422721.0653198, 1526422724.0795655, 1526422728.8057952, 1526422732.5827684, 1526422735.5176027, 1526422738.530778, 1526422741.0545976, 1526422744.304166, 1526422746.9775834, 1526422749.9442508, 1526422752.6179798, 1526422755.3361957, 1526422757.1356938, 1526422758.871541, 1526422761.8412223, 1526422769.2403522, 1526422772.1854124, 1526422778.4965913, 1526422781.648687, 1526422787.586586, 1526422791.4815564, 1526422794.4500108, 1526422797.2351983, 1526422800.2448492, 1526422801.2585535, 1526422802.4366724, 1526422803.3369431, 1526422806.6715233, 1526422807.751644, 1526422809.0720973, 1526422810.4261167, 1526422811.630491, 1526422813.0300493, 1526422814.3549538, 1526422815.4347873, 1526422816.578324, 1526422817.6755204, 1526422819.1456707, 1526422820.0921905, 1526422820.9993382, 1526422822.081991, 1526422823.1862862, 1526422824.4727526], "episode_lengths": [91, 364, 84, 114, 134, 114, 132, 104, 102, 223, 97, 93, 190, 90, 121, 249, 123, 99, 98, 95, 84, 80, 120, 92, 121, 172, 100, 167, 99, 74, 110, 106, 117, 109, 105, 318, 99, 92, 100, 124, 102, 86, 208, 112, 88, 96, 102, 125, 88, 97, 229, 116, 98, 172, 166, 87, 123, 98, 109, 113, 109, 91, 114, 93, 115, 100, 110, 101, 96, 68, 68, 108, 253, 106, 231, 100, 211, 130, 102, 103, 106, 99, 113, 89, 306, 92, 130, 119, 95, 122, 105, 100, 106, 115, 129, 99, 83, 105, 112, 136]}