{"timestamps": [1526333966.4483902, 1526333966.699648, 1526333966.7328393, 1526333966.781033, 1526333966.8594763, 1526333966.911191, 1526333966.96607, 1526333967.0066757, 1526333967.047256, 1526333967.0876706, 1526333967.1280742, 1526333967.1605477, 1526333967.2005568, 1526333967.24084, 1526333967.2812834, 1526333967.3537903, 1526333967.3938813, 1526333967.4340665, 1526333967.4742765, 1526333967.51386, 1526333967.5535612, 1526333967.5849278, 1526333967.6184614, 1526333967.658402, 1526333967.6975513, 1526333967.7377803, 1526333967.7776456, 1526333967.8325346, 1526333967.9051867, 1526333967.946769, 1526333967.9788995, 1526333968.0190248, 1526333968.053912, 1526333968.0940619, 1526333968.1269245, 1526333968.161683, 1526333968.2021751, 1526333968.2420182, 1526333968.317622, 1526333968.3582244, 1526333968.3976796, 1526333968.4373202, 1526333968.477115, 1526333968.5169613, 1526333968.5569217, 1526333968.588063, 1526333968.6279132, 1526333968.6991498, 1526333968.7489204, 1526333968.7890692, 1526333968.8873622, 1526333968.9244518, 1526333968.964951, 1526333968.9971235, 1526333969.03571, 1526333969.0766888, 1526333969.1105998, 1526333969.1515183, 1526333969.1930299, 1526333969.232759, 1526333969.2735415, 1526333969.3137403, 1526333969.346138, 1526333969.381319, 1526333969.4213717, 1526333969.4623206, 1526333969.4945655, 1526333969.5339456, 1526333969.5731964, 1526333969.606109, 1526333969.6385891, 1526333969.7077324, 1526333969.7479796, 1526333969.8611333, 1526333969.9055896, 1526333969.9470553, 1526333969.9871104, 1526333970.026927, 1526333970.0671906, 1526333970.0991478, 1526333970.1399333, 1526333970.1809916, 1526333970.214106, 1526333970.2472627, 1526333970.2876031, 1526333970.3195653, 1526333970.3605125, 1526333970.401212, 1526333970.4415302, 1526333970.4815679, 1526333970.5247812, 1526333970.5652456, 1526333970.5978746, 1526333970.6342673, 1526333970.6749394, 1526333970.7159975, 1526333970.7515965, 1526333970.7916906, 1526333970.8372114, 1526333970.8848164], "episode_lengths": [106, 105, 87, 106, 106, 106, 134, 106, 105, 106, 106, 84, 105, 106, 105, 192, 106, 106, 107, 106, 106, 84, 90, 105, 105, 107, 106, 106, 106, 106, 85, 106, 92, 106, 86, 90, 106, 105, 200, 107, 105, 105, 106, 107, 106, 84, 106, 191, 134, 106, 173, 96, 106, 85, 103, 107, 90, 106, 105, 105, 107, 106, 85, 90, 106, 106, 85, 106, 105, 89, 85, 184, 105, 180, 107, 105, 105, 105, 106, 84, 106, 107, 85, 87, 107, 85, 107, 105, 107, 106, 106, 106, 87, 97, 105, 106, 93, 105, 84, 107], "episode_rewards": [-106.0, -105.0, -87.0, -106.0, -106.0, -106.0, -134.0, -106.0, -105.0, -106.0, -106.0, -84.0, -105.0, -106.0, -105.0, -192.0, -106.0, -106.0, -107.0, -106.0, -106.0, -84.0, -90.0, -105.0, -105.0, -107.0, -106.0, -106.0, -106.0, -106.0, -85.0, -106.0, -92.0, -106.0, -86.0, -90.0, -106.0, -105.0, -200.0, -107.0, -105.0, -105.0, -106.0, -107.0, -106.0, -84.0, -106.0, -191.0, -134.0, -106.0, -173.0, -96.0, -106.0, -85.0, -103.0, -107.0, -90.0, -106.0, -105.0, -105.0, -107.0, -106.0, -85.0, -90.0, -106.0, -106.0, -85.0, -106.0, -105.0, -89.0, -85.0, -184.0, -105.0, -180.0, -107.0, -105.0, -105.0, -105.0, -106.0, -84.0, -106.0, -107.0, -85.0, -87.0, -107.0, -85.0, -107.0, -105.0, -107.0, -106.0, -106.0, -106.0, -87.0, -97.0, -105.0, -106.0, -93.0, -105.0, -84.0, -107.0], "episode_types": ["t", "t", "t", "t", "t", "t", "t", "t", "t", "t", "t", "t", "t", "t", "t", "t", "t", "t", "t", "t", "t", "t", "t", "t", "t", "t", "t", "t", "t", "t", "t", "t", "t", "t", "t", "t", "t", "t", "t", "t", "t", "t", "t", "t", "t", "t", "t", "t", "t", "t", "t", "t", "t", "t", "t", "t", "t", "t", "t", "t", "t", "t", "t", "t", "t", "t", "t", "t", "t", "t", "t", "t", "t", "t", "t", "t", "t", "t", "t", "t", "t", "t", "t", "t", "t", "t", "t", "t", "t", "t", "t", "t", "t", "t", "t", "t", "t", "t", "t", "t"], "initial_reset_timestamp": 1526333963.1939256}