{"timestamps": [1526285465.9907517, 1526285466.0911446, 1526285466.1055586, 1526285466.1205158, 1526285466.135698, 1526285466.1580305, 1526285466.174647, 1526285466.1880758, 1526285466.1998172, 1526285466.214082, 1526285466.2289045, 1526285466.2442722, 1526285466.2711928, 1526285466.2860878, 1526285466.3009164, 1526285466.315599, 1526285466.3311906, 1526285466.3478453, 1526285466.366628, 1526285466.3812885, 1526285466.3957608, 1526285466.4089782, 1526285466.4233093, 1526285466.437253, 1526285466.4517758, 1526285466.465106, 1526285466.4796834, 1526285466.5007997, 1526285466.5156271, 1526285466.5301793, 1526285466.5455186, 1526285466.5605383, 1526285466.5751834, 1526285466.590029, 1526285466.6044955, 1526285466.6190588, 1526285466.6307905, 1526285466.6457248, 1526285466.6585937, 1526285466.6707845, 1526285466.6831677, 1526285466.6952188, 1526285466.7097623, 1526285466.724107, 1526285466.738937, 1526285466.753949, 1526285466.775019, 1526285466.789482, 1526285466.804023, 1526285466.8158395, 1526285466.8277588, 1526285466.842517, 1526285466.8571208, 1526285466.8720856, 1526285466.9088416, 1526285466.9238367, 1526285466.9388468, 1526285466.9605205, 1526285466.9812708, 1526285466.9957652, 1526285467.0102034, 1526285467.0244548, 1526285467.0365674, 1526285467.0611634, 1526285467.0762973, 1526285467.0895212, 1526285467.1041794, 1526285467.118947, 1526285467.1337366, 1526285467.1475585, 1526285467.162126, 1526285467.176937, 1526285467.191844, 1526285467.203956, 1526285467.2185533, 1526285467.2330596, 1526285467.2451909, 1526285467.2569935, 1526285467.2702112, 1526285467.2846303, 1526285467.3068633, 1526285467.3191419, 1526285467.3409667, 1526285467.3624024, 1526285467.3760278, 1526285467.3972147, 1526285467.4182918, 1526285467.4302297, 1526285467.4455705, 1526285467.4601383, 1526285467.4750984, 1526285467.5006473, 1526285467.5151584, 1526285467.529631, 1526285467.5418618, 1526285467.5694423, 1526285467.5840287, 1526285467.5988765, 1526285467.6137757, 1526285467.6285775], "episode_lengths": [119, 150, 104, 107, 107, 153, 121, 97, 85, 104, 107, 105, 192, 107, 107, 107, 107, 105, 135, 105, 105, 95, 104, 97, 104, 97, 105, 153, 107, 105, 105, 107, 105, 107, 105, 106, 85, 104, 93, 88, 89, 87, 105, 104, 105, 104, 153, 105, 106, 86, 87, 105, 105, 109, 187, 107, 104, 155, 150, 105, 105, 104, 87, 170, 107, 95, 106, 107, 107, 96, 105, 107, 107, 87, 105, 105, 87, 85, 95, 104, 161, 89, 156, 154, 98, 152, 152, 85, 104, 105, 107, 183, 105, 105, 88, 200, 105, 105, 107, 107], "episode_rewards": [-119.0, -150.0, -104.0, -107.0, -107.0, -153.0, -121.0, -97.0, -85.0, -104.0, -107.0, -105.0, -192.0, -107.0, -107.0, -107.0, -107.0, -105.0, -135.0, -105.0, -105.0, -95.0, -104.0, -97.0, -104.0, -97.0, -105.0, -153.0, -107.0, -105.0, -105.0, -107.0, -105.0, -107.0, -105.0, -106.0, -85.0, -104.0, -93.0, -88.0, -89.0, -87.0, -105.0, -104.0, -105.0, -104.0, -153.0, -105.0, -106.0, -86.0, -87.0, -105.0, -105.0, -109.0, -187.0, -107.0, -104.0, -155.0, -150.0, -105.0, -105.0, -104.0, -87.0, -170.0, -107.0, -95.0, -106.0, -107.0, -107.0, -96.0, -105.0, -107.0, -107.0, -87.0, -105.0, -105.0, -87.0, -85.0, -95.0, -104.0, -161.0, -89.0, -156.0, -154.0, -98.0, -152.0, -152.0, -85.0, -104.0, -105.0, -107.0, -183.0, -105.0, -105.0, -88.0, -200.0, -105.0, -105.0, -107.0, -107.0], "episode_types": ["t", "t", "t", "t", "t", "t", "t", "t", "t", "t", "t", "t", "t", "t", "t", "t", "t", "t", "t", "t", "t", "t", "t", "t", "t", "t", "t", "t", "t", "t", "t", "t", "t", "t", "t", "t", "t", "t", "t", "t", "t", "t", "t", "t", "t", "t", "t", "t", "t", "t", "t", "t", "t", "t", "t", "t", "t", "t", "t", "t", "t", "t", "t", "t", "t", "t", "t", "t", "t", "t", "t", "t", "t", "t", "t", "t", "t", "t", "t", "t", "t", "t", "t", "t", "t", "t", "t", "t", "t", "t", "t", "t", "t", "t", "t", "t", "t", "t", "t", "t"], "initial_reset_timestamp": 1526285463.9991322}