{"timestamps": [1526285378.3245454, 1526285378.5288074, 1526285378.568237, 1526285378.626061, 1526285378.6592703, 1526285378.6993876, 1526285378.756854, 1526285378.816391, 1526285378.864185, 1526285378.9088368, 1526285378.9707847, 1526285379.041924, 1526285379.1060789, 1526285379.1453478, 1526285379.1802433, 1526285379.2423286, 1526285379.281029, 1526285379.320442, 1526285379.3780425, 1526285379.434242, 1526285379.4651632, 1526285379.4970603, 1526285379.5296552, 1526285379.5691512, 1526285379.6083062, 1526285379.6400697, 1526285379.6724298, 1526285379.704599, 1526285379.7610216, 1526285379.8010135, 1526285379.8446686, 1526285379.8792877, 1526285379.9189682, 1526285379.9743717, 1526285380.031066, 1526285380.0702126, 1526285380.1086483, 1526285380.1663043, 1526285380.2286212, 1526285380.268303, 1526285380.2993338, 1526285380.3385112, 1526285380.3962367, 1526285380.4351094, 1526285380.4742854, 1526285380.5303545, 1526285380.5694432, 1526285380.603664, 1526285380.661321, 1526285380.699955, 1526285380.7571146, 1526285380.795976, 1526285380.8346925, 1526285380.8846397, 1526285380.9407585, 1526285380.9745336, 1526285381.0307708, 1526285381.0621464, 1526285381.1014445, 1526285381.140755, 1526285381.172573, 1526285381.2286205, 1526285381.267796, 1526285381.3067799, 1526285381.346489, 1526285381.385642, 1526285381.4199362, 1526285381.4595847, 1526285381.494049, 1526285381.5257335, 1526285381.5649037, 1526285381.6082766, 1526285381.6659782, 1526285381.7234273, 1526285381.7585597, 1526285381.7976694, 1526285381.8388062, 1526285381.908516, 1526285381.9394076, 1526285381.9792895, 1526285382.0182767, 1526285382.0570614, 1526285382.0962574, 1526285382.14087, 1526285382.1817179, 1526285382.2209222, 1526285382.2603076, 1526285382.3169773, 1526285382.3753433, 1526285382.4145684, 1526285382.4496338, 1526285382.488957, 1526285382.5465934, 1526285382.6036892, 1526285382.636125, 1526285382.670348, 1526285382.7305272, 1526285382.7673588, 1526285382.8405426, 1526285382.8771627], "episode_lengths": [86, 106, 105, 152, 89, 105, 156, 155, 107, 105, 168, 192, 174, 105, 95, 168, 105, 106, 157, 152, 84, 87, 89, 106, 106, 86, 88, 88, 153, 110, 119, 84, 107, 150, 155, 106, 105, 155, 170, 107, 84, 106, 155, 105, 105, 152, 105, 94, 155, 105, 155, 106, 106, 105, 152, 92, 153, 85, 107, 106, 85, 152, 105, 105, 107, 105, 93, 106, 93, 87, 105, 119, 155, 156, 95, 106, 113, 175, 84, 107, 106, 105, 106, 122, 110, 106, 106, 153, 157, 106, 95, 105, 156, 155, 88, 93, 164, 100, 200, 85], "episode_rewards": [-86.0, -106.0, -105.0, -152.0, -89.0, -105.0, -156.0, -155.0, -107.0, -105.0, -168.0, -192.0, -174.0, -105.0, -95.0, -168.0, -105.0, -106.0, -157.0, -152.0, -84.0, -87.0, -89.0, -106.0, -106.0, -86.0, -88.0, -88.0, -153.0, -110.0, -119.0, -84.0, -107.0, -150.0, -155.0, -106.0, -105.0, -155.0, -170.0, -107.0, -84.0, -106.0, -155.0, -105.0, -105.0, -152.0, -105.0, -94.0, -155.0, -105.0, -155.0, -106.0, -106.0, -105.0, -152.0, -92.0, -153.0, -85.0, -107.0, -106.0, -85.0, -152.0, -105.0, -105.0, -107.0, -105.0, -93.0, -106.0, -93.0, -87.0, -105.0, -119.0, -155.0, -156.0, -95.0, -106.0, -113.0, -175.0, -84.0, -107.0, -106.0, -105.0, -106.0, -122.0, -110.0, -106.0, -106.0, -153.0, -157.0, -106.0, -95.0, -105.0, -156.0, -155.0, -88.0, -93.0, -164.0, -100.0, -200.0, -85.0], "episode_types": ["t", "t", "t", "t", "t", "t", "t", "t", "t", "t", "t", "t", "t", "t", "t", "t", "t", "t", "t", "t", "t", "t", "t", "t", "t", "t", "t", "t", "t", "t", "t", "t", "t", "t", "t", "t", "t", "t", "t", "t", "t", "t", "t", "t", "t", "t", "t", "t", "t", "t", "t", "t", "t", "t", "t", "t", "t", "t", "t", "t", "t", "t", "t", "t", "t", "t", "t", "t", "t", "t", "t", "t", "t", "t", "t", "t", "t", "t", "t", "t", "t", "t", "t", "t", "t", "t", "t", "t", "t", "t", "t", "t", "t", "t", "t", "t", "t", "t", "t", "t"], "initial_reset_timestamp": 1526285376.0489075}