{"timestamps": [1526285684.6328137, 1526285684.8552828, 1526285684.9129164, 1526285684.9449327, 1526285685.0088928, 1526285685.067857, 1526285685.1245396, 1526285685.1752524, 1526285685.233035, 1526285685.2675354, 1526285685.3005333, 1526285685.333011, 1526285685.3674397, 1526285685.4138746, 1526285685.4495313, 1526285685.4909012, 1526285685.5669684, 1526285685.6025448, 1526285685.6424894, 1526285685.676858, 1526285685.7170188, 1526285685.7567494, 1526285685.7972283, 1526285685.8379526, 1526285685.8783402, 1526285685.9186618, 1526285685.9528518, 1526285686.0310872, 1526285686.0713365, 1526285686.1050954, 1526285686.1393166, 1526285686.17815, 1526285686.2346964, 1526285686.2747622, 1526285686.314716, 1526285686.346826, 1526285686.4077442, 1526285686.447851, 1526285686.4877114, 1526285686.5206568, 1526285686.5777934, 1526285686.6379945, 1526285686.6914687, 1526285686.734953, 1526285686.774825, 1526285686.8175972, 1526285686.8636286, 1526285686.9223373, 1526285686.9622724, 1526285687.0070627, 1526285687.0476525, 1526285687.090067, 1526285687.1303308, 1526285687.1709888, 1526285687.2313418, 1526285687.264156, 1526285687.3045366, 1526285687.3446631, 1526285687.4024282, 1526285687.4370453, 1526285687.4944243, 1526285687.534959, 1526285687.5763602, 1526285687.6344492, 1526285687.6752093, 1526285687.7116637, 1526285687.7514763, 1526285687.81005, 1526285687.8529956, 1526285687.9125051, 1526285687.9726112, 1526285688.017195, 1526285688.0544915, 1526285688.096176, 1526285688.136274, 1526285688.1762285, 1526285688.2158163, 1526285688.2754538, 1526285688.3155384, 1526285688.3618572, 1526285688.4012518, 1526285688.442491, 1526285688.4834266, 1526285688.5169008, 1526285688.574917, 1526285688.6160867, 1526285688.6562293, 1526285688.695694, 1526285688.7347965, 1526285688.7738893, 1526285688.8136399, 1526285688.849381, 1526285688.891339, 1526285688.9329932, 1526285689.0219984, 1526285689.0847533, 1526285689.1388347, 1526285689.198877, 1526285689.2389095, 1526285689.2794156], "episode_lengths": [89, 157, 152, 85, 155, 154, 149, 105, 149, 91, 87, 87, 90, 124, 92, 106, 200, 92, 105, 91, 106, 105, 106, 105, 106, 106, 90, 160, 105, 89, 90, 102, 149, 106, 105, 85, 160, 105, 105, 85, 149, 154, 140, 116, 105, 110, 119, 155, 105, 105, 106, 95, 105, 106, 159, 87, 106, 105, 152, 91, 152, 106, 110, 152, 105, 94, 106, 155, 106, 153, 157, 106, 98, 109, 105, 106, 105, 160, 105, 121, 105, 106, 109, 88, 152, 106, 106, 106, 105, 105, 106, 96, 105, 87, 152, 157, 142, 157, 105, 99], "episode_rewards": [-89.0, -157.0, -152.0, -85.0, -155.0, -154.0, -149.0, -105.0, -149.0, -91.0, -87.0, -87.0, -90.0, -124.0, -92.0, -106.0, -200.0, -92.0, -105.0, -91.0, -106.0, -105.0, -106.0, -105.0, -106.0, -106.0, -90.0, -160.0, -105.0, -89.0, -90.0, -102.0, -149.0, -106.0, -105.0, -85.0, -160.0, -105.0, -105.0, -85.0, -149.0, -154.0, -140.0, -116.0, -105.0, -110.0, -119.0, -155.0, -105.0, -105.0, -106.0, -95.0, -105.0, -106.0, -159.0, -87.0, -106.0, -105.0, -152.0, -91.0, -152.0, -106.0, -110.0, -152.0, -105.0, -94.0, -106.0, -155.0, -106.0, -153.0, -157.0, -106.0, -98.0, -109.0, -105.0, -106.0, -105.0, -160.0, -105.0, -121.0, -105.0, -106.0, -109.0, -88.0, -152.0, -106.0, -106.0, -106.0, -105.0, -105.0, -106.0, -96.0, -105.0, -87.0, -152.0, -157.0, -142.0, -157.0, -105.0, -99.0], "episode_types": ["t", "t", "t", "t", "t", "t", "t", "t", "t", "t", "t", "t", "t", "t", "t", "t", "t", "t", "t", "t", "t", "t", "t", "t", "t", "t", "t", "t", "t", "t", "t", "t", "t", "t", "t", "t", "t", "t", "t", "t", "t", "t", "t", "t", "t", "t", "t", "t", "t", "t", "t", "t", "t", "t", "t", "t", "t", "t", "t", "t", "t", "t", "t", "t", "t", "t", "t", "t", "t", "t", "t", "t", "t", "t", "t", "t", "t", "t", "t", "t", "t", "t", "t", "t", "t", "t", "t", "t", "t", "t", "t", "t", "t", "t", "t", "t", "t", "t", "t", "t"], "initial_reset_timestamp": 1526285682.331308}