{"timestamps": [1526341388.1351721, 1526341388.4189985, 1526341388.460597, 1526341388.4932766, 1526341388.526463, 1526341388.5917954, 1526341388.6233387, 1526341388.6551797, 1526341388.6945903, 1526341388.7273464, 1526341388.7599754, 1526341388.7992725, 1526341388.8447118, 1526341388.9202, 1526341388.9564383, 1526341389.0219042, 1526341389.0618706, 1526341389.1023688, 1526341389.1442194, 1526341389.1837685, 1526341389.224717, 1526341389.2650673, 1526341389.3223197, 1526341389.3619168, 1526341389.3972204, 1526341389.4302871, 1526341389.4633691, 1526341389.5207016, 1526341389.5785606, 1526341389.6391802, 1526341389.6962686, 1526341389.760967, 1526341389.8213487, 1526341389.9198759, 1526341389.9618983, 1526341390.002915, 1526341390.0666175, 1526341390.1001823, 1526341390.1351986, 1526341390.198649, 1526341390.235746, 1526341390.2712507, 1526341390.3038764, 1526341390.3352826, 1526341390.3991528, 1526341390.4322426, 1526341390.4651098, 1526341390.5208044, 1526341390.5548306, 1526341390.61692, 1526341390.6809, 1526341390.7203236, 1526341390.7854896, 1526341390.8256505, 1526341390.9321556, 1526341390.983553, 1526341391.042911, 1526341391.1115065, 1526341391.1729648, 1526341391.213594, 1526341391.2544525, 1526341391.2949836, 1526341391.3276289, 1526341391.3673222, 1526341391.4073958, 1526341391.4467552, 1526341391.4866455, 1526341391.525857, 1526341391.565763, 1526341391.622259, 1526341391.661415, 1526341391.7180507, 1526341391.7503517, 1526341391.795465, 1526341391.8394744, 1526341391.9145074, 1526341391.9705741, 1526341392.0112476, 1526341392.043877, 1526341392.0754204, 1526341392.115391, 1526341392.156554, 1526341392.190012, 1526341392.2303395, 1526341392.2706504, 1526341392.3276432, 1526341392.3672774, 1526341392.4267595, 1526341392.464037, 1526341392.4980443, 1526341392.5567703, 1526341392.589639, 1526341392.6540008, 1526341392.687705, 1526341392.7193873, 1526341392.777009, 1526341392.8169842, 1526341392.8570464, 1526341392.9199345, 1526341393.004335], "episode_lengths": [170, 162, 107, 87, 88, 170, 84, 85, 106, 87, 89, 105, 107, 105, 87, 171, 105, 107, 107, 105, 106, 106, 151, 107, 95, 88, 89, 153, 152, 162, 153, 171, 161, 152, 106, 107, 165, 88, 92, 165, 98, 92, 87, 84, 171, 85, 88, 148, 90, 162, 161, 106, 161, 107, 164, 120, 151, 155, 162, 106, 106, 106, 86, 106, 106, 105, 106, 105, 105, 151, 105, 151, 86, 106, 107, 106, 107, 107, 85, 84, 105, 107, 89, 106, 106, 151, 106, 151, 88, 88, 151, 84, 162, 90, 85, 152, 106, 107, 105, 165], "episode_rewards": [-170.0, -162.0, -107.0, -87.0, -88.0, -170.0, -84.0, -85.0, -106.0, -87.0, -89.0, -105.0, -107.0, -105.0, -87.0, -171.0, -105.0, -107.0, -107.0, -105.0, -106.0, -106.0, -151.0, -107.0, -95.0, -88.0, -89.0, -153.0, -152.0, -162.0, -153.0, -171.0, -161.0, -152.0, -106.0, -107.0, -165.0, -88.0, -92.0, -165.0, -98.0, -92.0, -87.0, -84.0, -171.0, -85.0, -88.0, -148.0, -90.0, -162.0, -161.0, -106.0, -161.0, -107.0, -164.0, -120.0, -151.0, -155.0, -162.0, -106.0, -106.0, -106.0, -86.0, -106.0, -106.0, -105.0, -106.0, -105.0, -105.0, -151.0, -105.0, -151.0, -86.0, -106.0, -107.0, -106.0, -107.0, -107.0, -85.0, -84.0, -105.0, -107.0, -89.0, -106.0, -106.0, -151.0, -106.0, -151.0, -88.0, -88.0, -151.0, -84.0, -162.0, -90.0, -85.0, -152.0, -106.0, -107.0, -105.0, -165.0], "episode_types": ["t", "t", "t", "t", "t", "t", "t", "t", "t", "t", "t", "t", "t", "t", "t", "t", "t", "t", "t", "t", "t", "t", "t", "t", "t", "t", "t", "t", "t", "t", "t", "t", "t", "t", "t", "t", "t", "t", "t", "t", "t", "t", "t", "t", "t", "t", "t", "t", "t", "t", "t", "t", "t", "t", "t", "t", "t", "t", "t", "t", "t", "t", "t", "t", "t", "t", "t", "t", "t", "t", "t", "t", "t", "t", "t", "t", "t", "t", "t", "t", "t", "t", "t", "t", "t", "t", "t", "t", "t", "t", "t", "t", "t", "t", "t", "t", "t", "t", "t", "t"], "initial_reset_timestamp": 1526341383.093386}