{"timestamps": [1526302877.3361323, 1526302877.5824184, 1526302877.6253004, 1526302877.6693978, 1526302877.713057, 1526302877.748216, 1526302877.78032, 1526302877.819914, 1526302877.859957, 1526302877.8998346, 1526302877.9397874, 1526302877.97964, 1526302878.014492, 1526302878.0547123, 1526302878.1180863, 1526302878.201835, 1526302878.2910147, 1526302878.3636856, 1526302878.4324045, 1526302878.4965727, 1526302878.5604043, 1526302878.6452928, 1526302878.6960933, 1526302878.7294006, 1526302878.7647603, 1526302878.8227859, 1526302878.8872669, 1526302878.9347343, 1526302879.001906, 1526302879.0563557, 1526302879.102994, 1526302879.1637895, 1526302879.2056472, 1526302879.268224, 1526302879.3135953, 1526302879.3476264, 1526302879.3884106, 1526302879.4286332, 1526302879.4745276, 1526302879.5089686, 1526302879.5508463, 1526302879.5894618, 1526302879.631084, 1526302879.694088, 1526302879.744753, 1526302879.7790926, 1526302879.84006, 1526302879.8803825, 1526302879.9212887, 1526302879.9572678, 1526302880.0001373, 1526302880.060609, 1526302880.0932488, 1526302880.1323102, 1526302880.1725311, 1526302880.2766092, 1526302880.3127053, 1526302880.3537395, 1526302880.411001, 1526302880.4759629, 1526302880.5125625, 1526302880.554716, 1526302880.5950212, 1526302880.6351037, 1526302880.66872, 1526302880.7085176, 1526302880.7475662, 1526302880.7881312, 1526302880.8273373, 1526302880.8669484, 1526302880.9115493, 1526302880.9455507, 1526302880.9814925, 1526302881.0204716, 1526302881.062729, 1526302881.1036682, 1526302881.1462648, 1526302881.181331, 1526302881.224407, 1526302881.2914255, 1526302881.337082, 1526302881.413328, 1526302881.4762738, 1526302881.5109506, 1526302881.5434911, 1526302881.580455, 1526302881.6123352, 1526302881.646986, 1526302881.6882014, 1526302881.7396162, 1526302881.7822032, 1526302881.815127, 1526302881.8550131, 1526302881.9175618, 1526302881.962158, 1526302882.026701, 1526302882.0585518, 1526302882.1072085, 1526302882.1447163, 1526302882.1764584], "episode_lengths": [107, 86, 108, 106, 104, 89, 85, 106, 105, 105, 105, 105, 92, 105, 106, 105, 116, 95, 90, 85, 84, 107, 105, 85, 89, 107, 107, 84, 105, 85, 105, 158, 104, 105, 85, 87, 105, 105, 106, 88, 105, 90, 107, 153, 105, 85, 153, 104, 107, 85, 105, 161, 86, 87, 107, 157, 87, 106, 153, 158, 85, 106, 105, 106, 90, 106, 104, 105, 106, 106, 105, 85, 84, 105, 114, 107, 114, 94, 103, 105, 105, 158, 105, 93, 86, 95, 84, 88, 107, 104, 105, 86, 104, 158, 109, 168, 85, 107, 92, 84], "episode_rewards": [-107.0, -86.0, -108.0, -106.0, -104.0, -89.0, -85.0, -106.0, -105.0, -105.0, -105.0, -105.0, -92.0, -105.0, -106.0, -105.0, -116.0, -95.0, -90.0, -85.0, -84.0, -107.0, -105.0, -85.0, -89.0, -107.0, -107.0, -84.0, -105.0, -85.0, -105.0, -158.0, -104.0, -105.0, -85.0, -87.0, -105.0, -105.0, -106.0, -88.0, -105.0, -90.0, -107.0, -153.0, -105.0, -85.0, -153.0, -104.0, -107.0, -85.0, -105.0, -161.0, -86.0, -87.0, -107.0, -157.0, -87.0, -106.0, -153.0, -158.0, -85.0, -106.0, -105.0, -106.0, -90.0, -106.0, -104.0, -105.0, -106.0, -106.0, -105.0, -85.0, -84.0, -105.0, -114.0, -107.0, -114.0, -94.0, -103.0, -105.0, -105.0, -158.0, -105.0, -93.0, -86.0, -95.0, -84.0, -88.0, -107.0, -104.0, -105.0, -86.0, -104.0, -158.0, -109.0, -168.0, -85.0, -107.0, -92.0, -84.0], "episode_types": ["t", "t", "t", "t", "t", "t", "t", "t", "t", "t", "t", "t", "t", "t", "t", "t", "t", "t", "t", "t", "t", "t", "t", "t", "t", "t", "t", "t", "t", "t", "t", "t", "t", "t", "t", "t", "t", "t", "t", "t", "t", "t", "t", "t", "t", "t", "t", "t", "t", "t", "t", "t", "t", "t", "t", "t", "t", "t", "t", "t", "t", "t", "t", "t", "t", "t", "t", "t", "t", "t", "t", "t", "t", "t", "t", "t", "t", "t", "t", "t", "t", "t", "t", "t", "t", "t", "t", "t", "t", "t", "t", "t", "t", "t", "t", "t", "t", "t", "t", "t"], "initial_reset_timestamp": 1526302874.2484324}