{"timestamps": [1526285501.4585578, 1526285501.5565906, 1526285501.57117, 1526285501.5855517, 1526285501.5986695, 1526285501.610763, 1526285501.6226554, 1526285501.6370585, 1526285501.648801, 1526285501.6630285, 1526285501.677424, 1526285501.6917055, 1526285501.7059488, 1526285501.717539, 1526285501.7314672, 1526285501.744113, 1526285501.7583265, 1526285501.7722874, 1526285501.7865212, 1526285501.8008804, 1526285501.8125503, 1526285501.8245952, 1526285501.83884, 1526285501.8530416, 1526285501.8677099, 1526285501.881802, 1526285501.8946776, 1526285501.9125268, 1526285501.9245486, 1526285501.9388733, 1526285501.9535255, 1526285501.96641, 1526285501.9810202, 1526285501.9956002, 1526285502.0104418, 1526285502.022592, 1526285502.0368245, 1526285502.050949, 1526285502.065518, 1526285502.0797381, 1526285502.0920687, 1526285502.1066263, 1526285502.1188793, 1526285502.1330345, 1526285502.1485445, 1526285502.1623902, 1526285502.1748016, 1526285502.1902163, 1526285502.2051127, 1526285502.2199173, 1526285502.2346492, 1526285502.2478828, 1526285502.26245, 1526285502.2770011, 1526285502.2910087, 1526285502.3056564, 1526285502.3202443, 1526285502.3327146, 1526285502.3474166, 1526285502.3617117, 1526285502.3760138, 1526285502.3877883, 1526285502.4028, 1526285502.4175172, 1526285502.4317594, 1526285502.4464126, 1526285502.4609895, 1526285502.4752812, 1526285502.489766, 1526285502.5043025, 1526285502.5189447, 1526285502.53289, 1526285502.5452409, 1526285502.5577717, 1526285502.5721495, 1526285502.5869732, 1526285502.6016185, 1526285502.6161947, 1526285502.6305866, 1526285502.6434443, 1526285502.656535, 1526285502.6685765, 1526285502.6830828, 1526285502.6976936, 1526285502.7123804, 1526285502.724846, 1526285502.7391214, 1526285502.7539296, 1526285502.7686143, 1526285502.7829182, 1526285502.797723, 1526285502.812851, 1526285502.8280697, 1526285502.8415186, 1526285502.8558724, 1526285502.8686109, 1526285502.8831751, 1526285502.8953786, 1526285502.91259, 1526285502.9251673], "episode_lengths": [103, 103, 104, 104, 91, 88, 87, 104, 85, 104, 103, 103, 103, 84, 102, 93, 103, 102, 104, 104, 85, 88, 104, 103, 107, 103, 93, 107, 87, 104, 106, 94, 106, 106, 106, 89, 104, 103, 106, 103, 90, 105, 89, 103, 105, 95, 85, 105, 106, 106, 107, 96, 106, 106, 100, 104, 105, 91, 106, 103, 104, 84, 107, 105, 103, 106, 106, 104, 102, 103, 106, 102, 89, 91, 104, 106, 103, 106, 105, 89, 89, 85, 104, 104, 105, 91, 104, 106, 106, 103, 105, 106, 104, 93, 103, 93, 104, 87, 104, 91], "episode_rewards": [-103.0, -103.0, -104.0, -104.0, -91.0, -88.0, -87.0, -104.0, -85.0, -104.0, -103.0, -103.0, -103.0, -84.0, -102.0, -93.0, -103.0, -102.0, -104.0, -104.0, -85.0, -88.0, -104.0, -103.0, -107.0, -103.0, -93.0, -107.0, -87.0, -104.0, -106.0, -94.0, -106.0, -106.0, -106.0, -89.0, -104.0, -103.0, -106.0, -103.0, -90.0, -105.0, -89.0, -103.0, -105.0, -95.0, -85.0, -105.0, -106.0, -106.0, -107.0, -96.0, -106.0, -106.0, -100.0, -104.0, -105.0, -91.0, -106.0, -103.0, -104.0, -84.0, -107.0, -105.0, -103.0, -106.0, -106.0, -104.0, -102.0, -103.0, -106.0, -102.0, -89.0, -91.0, -104.0, -106.0, -103.0, -106.0, -105.0, -89.0, -89.0, -85.0, -104.0, -104.0, -105.0, -91.0, -104.0, -106.0, -106.0, -103.0, -105.0, -106.0, -104.0, -93.0, -103.0, -93.0, -104.0, -87.0, -104.0, -91.0], "episode_types": ["t", "t", "t", "t", "t", "t", "t", "t", "t", "t", "t", "t", "t", "t", "t", "t", "t", "t", "t", "t", "t", "t", "t", "t", "t", "t", "t", "t", "t", "t", "t", "t", "t", "t", "t", "t", "t", "t", "t", "t", "t", "t", "t", "t", "t", "t", "t", "t", "t", "t", "t", "t", "t", "t", "t", "t", "t", "t", "t", "t", "t", "t", "t", "t", "t", "t", "t", "t", "t", "t", "t", "t", "t", "t", "t", "t", "t", "t", "t", "t", "t", "t", "t", "t", "t", "t", "t", "t", "t", "t", "t", "t", "t", "t", "t", "t", "t", "t", "t", "t"], "initial_reset_timestamp": 1526285499.7236702}