{"timestamps": [1526320814.2994332, 1526320814.6356769, 1526320814.675339, 1526320814.718698, 1526320814.7518158, 1526320814.785104, 1526320814.826539, 1526320814.885354, 1526320814.9249434, 1526320814.9651701, 1526320815.0031788, 1526320815.0440114, 1526320815.0812397, 1526320815.121059, 1526320815.1618342, 1526320815.2013621, 1526320815.2411234, 1526320815.2796693, 1526320815.319751, 1526320815.3558354, 1526320815.4069436, 1526320815.5113084, 1526320815.5522625, 1526320815.6096487, 1526320815.6504998, 1526320815.6895907, 1526320815.7293794, 1526320815.7702284, 1526320815.8111959, 1526320815.8446245, 1526320815.8778112, 1526320815.9095912, 1526320815.9438274, 1526320815.9852715, 1526320816.0182557, 1526320816.057897, 1526320816.0931213, 1526320816.1549294, 1526320816.1941526, 1526320816.2304509, 1526320816.2711272, 1526320816.30984, 1526320816.3706799, 1526320816.4108589, 1526320816.4621437, 1526320816.499416, 1526320816.5349836, 1526320816.5747104, 1526320816.6105785, 1526320816.6515424, 1526320816.691775, 1526320816.7331057, 1526320816.7747138, 1526320816.833591, 1526320816.8729904, 1526320816.9121947, 1526320816.9534154, 1526320817.0120099, 1526320817.0522456, 1526320817.0859363, 1526320817.1245005, 1526320817.1653674, 1526320817.1965387, 1526320817.2354608, 1526320817.2920847, 1526320817.3239374, 1526320817.3630264, 1526320817.3949215, 1526320817.4338613, 1526320817.4956596, 1526320817.5700798, 1526320817.6106012, 1526320817.6701076, 1526320817.7088645, 1526320817.7501097, 1526320817.8076725, 1526320817.8476098, 1526320817.8872359, 1526320817.9265041, 1526320817.958846, 1526320817.993647, 1526320818.0333238, 1526320818.0735066, 1526320818.1154444, 1526320818.1556575, 1526320818.1952257, 1526320818.2279549, 1526320818.2716331, 1526320818.310765, 1526320818.350689, 1526320818.390079, 1526320818.4217148, 1526320818.4837332, 1526320818.5558438, 1526320818.5984776, 1526320818.6567402, 1526320818.6889186, 1526320818.721334, 1526320818.764125, 1526320818.802358], "episode_lengths": [106, 105, 104, 115, 85, 86, 106, 155, 105, 106, 97, 107, 97, 106, 106, 105, 105, 104, 106, 97, 105, 158, 106, 152, 105, 104, 104, 107, 106, 86, 89, 86, 90, 106, 88, 104, 95, 163, 104, 95, 105, 104, 163, 107, 87, 84, 92, 104, 95, 105, 105, 107, 107, 152, 104, 105, 106, 154, 105, 90, 104, 106, 84, 104, 152, 85, 104, 85, 90, 85, 105, 105, 155, 104, 105, 152, 105, 105, 105, 85, 93, 106, 106, 111, 106, 107, 89, 119, 105, 107, 106, 84, 104, 105, 105, 152, 85, 86, 111, 97], "episode_rewards": [-106.0, -105.0, -104.0, -115.0, -85.0, -86.0, -106.0, -155.0, -105.0, -106.0, -97.0, -107.0, -97.0, -106.0, -106.0, -105.0, -105.0, -104.0, -106.0, -97.0, -105.0, -158.0, -106.0, -152.0, -105.0, -104.0, -104.0, -107.0, -106.0, -86.0, -89.0, -86.0, -90.0, -106.0, -88.0, -104.0, -95.0, -163.0, -104.0, -95.0, -105.0, -104.0, -163.0, -107.0, -87.0, -84.0, -92.0, -104.0, -95.0, -105.0, -105.0, -107.0, -107.0, -152.0, -104.0, -105.0, -106.0, -154.0, -105.0, -90.0, -104.0, -106.0, -84.0, -104.0, -152.0, -85.0, -104.0, -85.0, -90.0, -85.0, -105.0, -105.0, -155.0, -104.0, -105.0, -152.0, -105.0, -105.0, -105.0, -85.0, -93.0, -106.0, -106.0, -111.0, -106.0, -107.0, -89.0, -119.0, -105.0, -107.0, -106.0, -84.0, -104.0, -105.0, -105.0, -152.0, -85.0, -86.0, -111.0, -97.0], "episode_types": ["t", "t", "t", "t", "t", "t", "t", "t", "t", "t", "t", "t", "t", "t", "t", "t", "t", "t", "t", "t", "t", "t", "t", "t", "t", "t", "t", "t", "t", "t", "t", "t", "t", "t", "t", "t", "t", "t", "t", "t", "t", "t", "t", "t", "t", "t", "t", "t", "t", "t", "t", "t", "t", "t", "t", "t", "t", "t", "t", "t", "t", "t", "t", "t", "t", "t", "t", "t", "t", "t", "t", "t", "t", "t", "t", "t", "t", "t", "t", "t", "t", "t", "t", "t", "t", "t", "t", "t", "t", "t", "t", "t", "t", "t", "t", "t", "t", "t", "t", "t"], "initial_reset_timestamp": 1526320811.1879148}