{"timestamps": [1526344449.2602396, 1526344449.5053403, 1526344449.5569851, 1526344449.6364665, 1526344449.6797738, 1526344449.7121358, 1526344449.7618341, 1526344449.7976217, 1526344449.8377612, 1526344449.8702996, 1526344449.9128387, 1526344449.953538, 1526344449.993451, 1526344450.0273416, 1526344450.067534, 1526344450.1076336, 1526344450.1666934, 1526344450.2128065, 1526344450.2561557, 1526344450.2955248, 1526344450.3280017, 1526344450.3684738, 1526344450.4106195, 1526344450.450578, 1526344450.4866002, 1526344450.5255914, 1526344450.5681887, 1526344450.6227326, 1526344450.6835783, 1526344450.7248268, 1526344450.7684948, 1526344450.8008919, 1526344450.8420875, 1526344450.9021146, 1526344450.9345806, 1526344450.9745033, 1526344451.0151043, 1526344451.0618331, 1526344451.1093526, 1526344451.1508245, 1526344451.186365, 1526344451.226905, 1526344451.2661412, 1526344451.3223002, 1526344451.3668442, 1526344451.4127831, 1526344451.4891984, 1526344451.5630007, 1526344451.6214266, 1526344451.6871696, 1526344451.7410686, 1526344451.8067474, 1526344451.8640199, 1526344451.900926, 1526344451.940971, 1526344451.9885678, 1526344452.0370412, 1526344452.0791843, 1526344452.122687, 1526344452.1722174, 1526344452.219915, 1526344452.267881, 1526344452.3141775, 1526344452.3543935, 1526344452.3939207, 1526344452.434218, 1526344452.467516, 1526344452.5065134, 1526344452.5598526, 1526344452.6169856, 1526344452.6765375, 1526344452.717336, 1526344452.7810292, 1526344452.8209176, 1526344452.8640285, 1526344452.8995643, 1526344452.9437, 1526344452.9810405, 1526344453.0340698, 1526344453.074473, 1526344453.1151164, 1526344453.1522584, 1526344453.1924357, 1526344453.2538736, 1526344453.286335, 1526344453.3274283, 1526344453.3648355, 1526344453.403524, 1526344453.473158, 1526344453.5209868, 1526344453.5742407, 1526344453.679772, 1526344453.7588844, 1526344453.8022087, 1526344453.8605838, 1526344453.9205978, 1526344453.973127, 1526344454.0161994, 1526344454.0541093, 1526344454.092139], "episode_lengths": [94, 110, 105, 104, 105, 85, 131, 94, 105, 86, 104, 104, 106, 90, 106, 104, 155, 105, 106, 104, 87, 108, 106, 105, 97, 105, 111, 98, 155, 106, 105, 86, 106, 157, 85, 105, 107, 119, 105, 107, 94, 107, 104, 116, 105, 105, 172, 155, 91, 86, 88, 105, 106, 86, 88, 105, 105, 89, 97, 105, 105, 106, 105, 106, 106, 106, 86, 105, 105, 92, 107, 104, 157, 105, 106, 92, 106, 95, 105, 105, 107, 94, 105, 160, 87, 88, 86, 90, 158, 86, 84, 155, 107, 86, 117, 105, 106, 93, 85, 87], "episode_rewards": [-94.0, -110.0, -105.0, -104.0, -105.0, -85.0, -131.0, -94.0, -105.0, -86.0, -104.0, -104.0, -106.0, -90.0, -106.0, -104.0, -155.0, -105.0, -106.0, -104.0, -87.0, -108.0, -106.0, -105.0, -97.0, -105.0, -111.0, -98.0, -155.0, -106.0, -105.0, -86.0, -106.0, -157.0, -85.0, -105.0, -107.0, -119.0, -105.0, -107.0, -94.0, -107.0, -104.0, -116.0, -105.0, -105.0, -172.0, -155.0, -91.0, -86.0, -88.0, -105.0, -106.0, -86.0, -88.0, -105.0, -105.0, -89.0, -97.0, -105.0, -105.0, -106.0, -105.0, -106.0, -106.0, -106.0, -86.0, -105.0, -105.0, -92.0, -107.0, -104.0, -157.0, -105.0, -106.0, -92.0, -106.0, -95.0, -105.0, -105.0, -107.0, -94.0, -105.0, -160.0, -87.0, -88.0, -86.0, -90.0, -158.0, -86.0, -84.0, -155.0, -107.0, -86.0, -117.0, -105.0, -106.0, -93.0, -85.0, -87.0], "episode_types": ["t", "t", "t", "t", "t", "t", "t", "t", "t", "t", "t", "t", "t", "t", "t", "t", "t", "t", "t", "t", "t", "t", "t", "t", "t", "t", "t", "t", "t", "t", "t", "t", "t", "t", "t", "t", "t", "t", "t", "t", "t", "t", "t", "t", "t", "t", "t", "t", "t", "t", "t", "t", "t", "t", "t", "t", "t", "t", "t", "t", "t", "t", "t", "t", "t", "t", "t", "t", "t", "t", "t", "t", "t", "t", "t", "t", "t", "t", "t", "t", "t", "t", "t", "t", "t", "t", "t", "t", "t", "t", "t", "t", "t", "t", "t", "t", "t", "t", "t", "t"], "initial_reset_timestamp": 1526344446.5187252}