{"timestamps": [1526294841.0952196, 1526294841.3247833, 1526294841.3697722, 1526294841.4110687, 1526294841.4605803, 1526294841.4994442, 1526294841.5389118, 1526294841.5780196, 1526294841.6171677, 1526294841.6768887, 1526294841.722192, 1526294841.7785585, 1526294841.8208709, 1526294841.8683667, 1526294841.9647446, 1526294842.0091903, 1526294842.0567863, 1526294842.1080008, 1526294842.1974232, 1526294842.2318785, 1526294842.2657592, 1526294842.3065503, 1526294842.34478, 1526294842.3857613, 1526294842.4251816, 1526294842.469307, 1526294842.5134337, 1526294842.5691686, 1526294842.6045575, 1526294842.644564, 1526294842.6823475, 1526294842.7188864, 1526294842.7576644, 1526294842.790208, 1526294842.8203895, 1526294842.861552, 1526294842.9063935, 1526294842.9610493, 1526294842.9994445, 1526294843.0383837, 1526294843.0957937, 1526294843.1338358, 1526294843.1709447, 1526294843.2151358, 1526294843.2493565, 1526294843.2806735, 1526294843.3144078, 1526294843.352828, 1526294843.415823, 1526294843.4741905, 1526294843.5135348, 1526294843.5456502, 1526294843.5844119, 1526294843.6230366, 1526294843.662431, 1526294843.701805, 1526294843.7478788, 1526294843.805925, 1526294843.8445647, 1526294843.8871293, 1526294843.9482186, 1526294843.9862285, 1526294844.0274045, 1526294844.06221, 1526294844.0934038, 1526294844.1333992, 1526294844.1730728, 1526294844.2131763, 1526294844.2674968, 1526294844.3234987, 1526294844.3733063, 1526294844.4380963, 1526294844.505715, 1526294844.5439637, 1526294844.5829082, 1526294844.61306, 1526294844.6520677, 1526294844.704654, 1526294844.7447927, 1526294844.7796583, 1526294844.8186972, 1526294844.9163792, 1526294844.9681175, 1526294845.0076098, 1526294845.0465982, 1526294845.0842183, 1526294845.1429498, 1526294845.1808956, 1526294845.211837, 1526294845.2540636, 1526294845.2928233, 1526294845.33225, 1526294845.3642628, 1526294845.4043176, 1526294845.4598062, 1526294845.5184658, 1526294845.5574255, 1526294845.5960436, 1526294845.6346602, 1526294845.6795723], "episode_lengths": [92, 91, 105, 104, 105, 104, 105, 105, 106, 160, 107, 151, 115, 106, 151, 91, 84, 84, 151, 93, 93, 112, 104, 105, 106, 121, 114, 105, 89, 105, 104, 99, 106, 89, 83, 105, 91, 105, 104, 107, 158, 105, 84, 107, 93, 85, 93, 105, 160, 160, 88, 87, 106, 105, 107, 106, 106, 151, 105, 93, 158, 104, 105, 84, 84, 106, 106, 106, 106, 86, 106, 97, 160, 105, 107, 83, 106, 105, 105, 92, 107, 160, 89, 107, 107, 89, 153, 104, 84, 116, 106, 106, 83, 106, 152, 160, 105, 105, 106, 107], "episode_rewards": [-92.0, -91.0, -105.0, -104.0, -105.0, -104.0, -105.0, -105.0, -106.0, -160.0, -107.0, -151.0, -115.0, -106.0, -151.0, -91.0, -84.0, -84.0, -151.0, -93.0, -93.0, -112.0, -104.0, -105.0, -106.0, -121.0, -114.0, -105.0, -89.0, -105.0, -104.0, -99.0, -106.0, -89.0, -83.0, -105.0, -91.0, -105.0, -104.0, -107.0, -158.0, -105.0, -84.0, -107.0, -93.0, -85.0, -93.0, -105.0, -160.0, -160.0, -88.0, -87.0, -106.0, -105.0, -107.0, -106.0, -106.0, -151.0, -105.0, -93.0, -158.0, -104.0, -105.0, -84.0, -84.0, -106.0, -106.0, -106.0, -106.0, -86.0, -106.0, -97.0, -160.0, -105.0, -107.0, -83.0, -106.0, -105.0, -105.0, -92.0, -107.0, -160.0, -89.0, -107.0, -107.0, -89.0, -153.0, -104.0, -84.0, -116.0, -106.0, -106.0, -83.0, -106.0, -152.0, -160.0, -105.0, -105.0, -106.0, -107.0], "episode_types": ["t", "t", "t", "t", "t", "t", "t", "t", "t", "t", "t", "t", "t", "t", "t", "t", "t", "t", "t", "t", "t", "t", "t", "t", "t", "t", "t", "t", "t", "t", "t", "t", "t", "t", "t", "t", "t", "t", "t", "t", "t", "t", "t", "t", "t", "t", "t", "t", "t", "t", "t", "t", "t", "t", "t", "t", "t", "t", "t", "t", "t", "t", "t", "t", "t", "t", "t", "t", "t", "t", "t", "t", "t", "t", "t", "t", "t", "t", "t", "t", "t", "t", "t", "t", "t", "t", "t", "t", "t", "t", "t", "t", "t", "t", "t", "t", "t", "t", "t", "t"], "initial_reset_timestamp": 1526294838.4883487}