{"timestamps": [1526286106.6154563, 1526286106.7152257, 1526286106.7299974, 1526286106.7430525, 1526286106.758042, 1526286106.7727728, 1526286106.7875519, 1526286106.8021982, 1526286106.816849, 1526286106.831903, 1526286106.8435936, 1526286106.8563688, 1526286106.8709517, 1526286106.885319, 1526286106.8998985, 1526286106.9145443, 1526286106.9291072, 1526286106.9418929, 1526286106.9645698, 1526286106.9773688, 1526286106.992028, 1526286107.0149746, 1526286107.0297832, 1526286107.0424097, 1526286107.0588257, 1526286107.07353, 1526286107.088047, 1526286107.102395, 1526286107.1170352, 1526286107.13169, 1526286107.14466, 1526286107.1576085, 1526286107.1723785, 1526286107.1867528, 1526286107.2036195, 1526286107.2183578, 1526286107.2367437, 1526286107.251203, 1526286107.2645729, 1526286107.2761772, 1526286107.2909925, 1526286107.30569, 1526286107.320759, 1526286107.3355782, 1526286107.350234, 1526286107.3649702, 1526286107.3796785, 1526286107.3941534, 1526286107.408669, 1526286107.420336, 1526286107.4348326, 1526286107.4494805, 1526286107.464224, 1526286107.478725, 1526286107.4916887, 1526286107.5036726, 1526286107.5181992, 1526286107.533135, 1526286107.5458193, 1526286107.560743, 1526286107.5755296, 1526286107.5900564, 1526286107.6047096, 1526286107.6193733, 1526286107.6342402, 1526286107.6518693, 1526286107.6675675, 1526286107.6803544, 1526286107.6938527, 1526286107.7065759, 1526286107.7212327, 1526286107.7360919, 1526286107.747818, 1526286107.7624962, 1526286107.7740936, 1526286107.7886276, 1526286107.8032937, 1526286107.8153424, 1526286107.8301046, 1526286107.8447666, 1526286107.8594825, 1526286107.8740947, 1526286107.8885996, 1526286107.903115, 1526286107.91772, 1526286107.9324672, 1526286107.9451478, 1526286107.9599583, 1526286107.974667, 1526286107.98932, 1526286108.0124166, 1526286108.025246, 1526286108.039918, 1526286108.0544033, 1526286108.066338, 1526286108.0809708, 1526286108.093764, 1526286108.1053364, 1526286108.1196268, 1526286108.1317508], "episode_lengths": [106, 104, 104, 94, 106, 105, 106, 106, 106, 106, 85, 92, 105, 104, 105, 106, 104, 93, 162, 93, 106, 167, 106, 92, 119, 106, 105, 104, 106, 105, 89, 88, 104, 104, 105, 104, 132, 104, 97, 84, 108, 106, 110, 106, 106, 106, 106, 105, 105, 85, 104, 106, 106, 105, 94, 87, 105, 106, 92, 108, 106, 105, 106, 106, 106, 119, 106, 87, 92, 92, 106, 106, 85, 105, 84, 105, 106, 87, 106, 106, 106, 106, 105, 105, 106, 106, 92, 106, 106, 106, 168, 94, 105, 105, 86, 106, 93, 84, 104, 87], "episode_rewards": [-106.0, -104.0, -104.0, -94.0, -106.0, -105.0, -106.0, -106.0, -106.0, -106.0, -85.0, -92.0, -105.0, -104.0, -105.0, -106.0, -104.0, -93.0, -162.0, -93.0, -106.0, -167.0, -106.0, -92.0, -119.0, -106.0, -105.0, -104.0, -106.0, -105.0, -89.0, -88.0, -104.0, -104.0, -105.0, -104.0, -132.0, -104.0, -97.0, -84.0, -108.0, -106.0, -110.0, -106.0, -106.0, -106.0, -106.0, -105.0, -105.0, -85.0, -104.0, -106.0, -106.0, -105.0, -94.0, -87.0, -105.0, -106.0, -92.0, -108.0, -106.0, -105.0, -106.0, -106.0, -106.0, -119.0, -106.0, -87.0, -92.0, -92.0, -106.0, -106.0, -85.0, -105.0, -84.0, -105.0, -106.0, -87.0, -106.0, -106.0, -106.0, -106.0, -105.0, -105.0, -106.0, -106.0, -92.0, -106.0, -106.0, -106.0, -168.0, -94.0, -105.0, -105.0, -86.0, -106.0, -93.0, -84.0, -104.0, -87.0], "episode_types": ["t", "t", "t", "t", "t", "t", "t", "t", "t", "t", "t", "t", "t", "t", "t", "t", "t", "t", "t", "t", "t", "t", "t", "t", "t", "t", "t", "t", "t", "t", "t", "t", "t", "t", "t", "t", "t", "t", "t", "t", "t", "t", "t", "t", "t", "t", "t", "t", "t", "t", "t", "t", "t", "t", "t", "t", "t", "t", "t", "t", "t", "t", "t", "t", "t", "t", "t", "t", "t", "t", "t", "t", "t", "t", "t", "t", "t", "t", "t", "t", "t", "t", "t", "t", "t", "t", "t", "t", "t", "t", "t", "t", "t", "t", "t", "t", "t", "t", "t", "t"], "initial_reset_timestamp": 1526286104.8155074}