{"timestamps": [1526325385.1605158, 1526325385.4438982, 1526325385.478129, 1526325385.5372276, 1526325385.618112, 1526325385.6578143, 1526325385.7028525, 1526325385.74076, 1526325385.7876515, 1526325385.857098, 1526325385.9048536, 1526325385.9729736, 1526325386.0197701, 1526325386.0654821, 1526325386.1313574, 1526325386.17034, 1526325386.2398653, 1526325386.280092, 1526325386.3274677, 1526325386.3745053, 1526325386.4415762, 1526325386.4959407, 1526325386.5761664, 1526325386.639798, 1526325386.7142835, 1526325386.7850378, 1526325386.8273263, 1526325386.8733292, 1526325386.9290605, 1526325387.0175924, 1526325387.0617695, 1526325387.1091437, 1526325387.1598494, 1526325387.2040873, 1526325387.2709045, 1526325387.3194845, 1526325387.359156, 1526325387.4023824, 1526325387.449145, 1526325387.504149, 1526325387.5932744, 1526325387.6510172, 1526325387.7069037, 1526325387.7536867, 1526325387.7966487, 1526325387.863815, 1526325387.900553, 1526325387.944741, 1526325388.027349, 1526325388.084906, 1526325388.1321013, 1526325388.1842897, 1526325388.2279496, 1526325388.2745025, 1526325388.3187194, 1526325388.3764043, 1526325388.4419994, 1526325388.490121, 1526325388.5651262, 1526325388.641915, 1526325388.712132, 1526325388.7592695, 1526325388.8074605, 1526325388.874893, 1526325388.922978, 1526325388.9695787, 1526325389.0394282, 1526325389.1093051, 1526325389.1818063, 1526325389.224231, 1526325389.274609, 1526325389.311073, 1526325389.377769, 1526325389.4154596, 1526325389.454898, 1526325389.5196028, 1526325389.600995, 1526325389.6932633, 1526325389.732998, 1526325389.7769258, 1526325389.8495114, 1526325389.9296758, 1526325389.9755666, 1526325390.014366, 1526325390.0587246, 1526325390.1209297, 1526325390.1859612, 1526325390.2324426, 1526325390.2773526, 1526325390.3207703, 1526325390.3654613, 1526325390.4053335, 1526325390.4760165, 1526325390.5513074, 1526325390.670803, 1526325390.7102983, 1526325390.7461805, 1526325390.7843025, 1526325390.841733, 1526325390.899584], "episode_lengths": [91, 105, 84, 105, 95, 85, 105, 85, 105, 150, 105, 155, 112, 106, 150, 93, 154, 95, 105, 106, 153, 107, 105, 105, 155, 166, 85, 106, 95, 166, 105, 105, 107, 105, 152, 107, 92, 105, 114, 105, 156, 105, 106, 106, 96, 153, 85, 107, 162, 121, 112, 107, 88, 105, 105, 105, 113, 105, 107, 106, 107, 84, 107, 150, 105, 106, 160, 116, 151, 85, 118, 84, 150, 84, 91, 107, 86, 162, 85, 98, 151, 156, 107, 93, 105, 150, 154, 105, 105, 105, 105, 86, 151, 105, 155, 85, 84, 85, 89, 106], "episode_rewards": [-91.0, -105.0, -84.0, -105.0, -95.0, -85.0, -105.0, -85.0, -105.0, -150.0, -105.0, -155.0, -112.0, -106.0, -150.0, -93.0, -154.0, -95.0, -105.0, -106.0, -153.0, -107.0, -105.0, -105.0, -155.0, -166.0, -85.0, -106.0, -95.0, -166.0, -105.0, -105.0, -107.0, -105.0, -152.0, -107.0, -92.0, -105.0, -114.0, -105.0, -156.0, -105.0, -106.0, -106.0, -96.0, -153.0, -85.0, -107.0, -162.0, -121.0, -112.0, -107.0, -88.0, -105.0, -105.0, -105.0, -113.0, -105.0, -107.0, -106.0, -107.0, -84.0, -107.0, -150.0, -105.0, -106.0, -160.0, -116.0, -151.0, -85.0, -118.0, -84.0, -150.0, -84.0, -91.0, -107.0, -86.0, -162.0, -85.0, -98.0, -151.0, -156.0, -107.0, -93.0, -105.0, -150.0, -154.0, -105.0, -105.0, -105.0, -105.0, -86.0, -151.0, -105.0, -155.0, -85.0, -84.0, -85.0, -89.0, -106.0], "episode_types": ["t", "t", "t", "t", "t", "t", "t", "t", "t", "t", "t", "t", "t", "t", "t", "t", "t", "t", "t", "t", "t", "t", "t", "t", "t", "t", "t", "t", "t", "t", "t", "t", "t", "t", "t", "t", "t", "t", "t", "t", "t", "t", "t", "t", "t", "t", "t", "t", "t", "t", "t", "t", "t", "t", "t", "t", "t", "t", "t", "t", "t", "t", "t", "t", "t", "t", "t", "t", "t", "t", "t", "t", "t", "t", "t", "t", "t", "t", "t", "t", "t", "t", "t", "t", "t", "t", "t", "t", "t", "t", "t", "t", "t", "t", "t", "t", "t", "t", "t", "t"], "initial_reset_timestamp": 1526325382.165537}