{"timestamps": [1526322273.8159757, 1526322274.0934143, 1526322274.1333082, 1526322274.1663828, 1526322274.199263, 1526322274.2386618, 1526322274.2925274, 1526322274.4047925, 1526322274.445739, 1526322274.4787562, 1526322274.5134175, 1526322274.5729449, 1526322274.609422, 1526322274.6510146, 1526322274.6927683, 1526322274.730713, 1526322274.7702048, 1526322274.8034115, 1526322274.8354628, 1526322274.8762136, 1526322274.9114053, 1526322274.9483325, 1526322274.9896107, 1526322275.0454564, 1526322275.0858977, 1526322275.117219, 1526322275.163319, 1526322275.2033653, 1526322275.2614646, 1526322275.327185, 1526322275.3818214, 1526322275.4221804, 1526322275.4563637, 1526322275.4972532, 1526322275.5568068, 1526322275.615192, 1526322275.678049, 1526322275.7096617, 1526322275.7719908, 1526322275.8056386, 1526322275.8453357, 1526322275.893292, 1526322275.9261951, 1526322275.9661503, 1526322276.0298116, 1526322276.0686145, 1526322276.1081703, 1526322276.148374, 1526322276.2066972, 1526322276.2646682, 1526322276.3054736, 1526322276.3687477, 1526322276.4336529, 1526322276.4923878, 1526322276.5516396, 1526322276.6120212, 1526322276.6541238, 1526322276.7173915, 1526322276.7761405, 1526322276.8353505, 1526322276.875808, 1526322276.9353802, 1526322276.9948974, 1526322277.0271552, 1526322277.0861335, 1526322277.14595, 1526322277.2136993, 1526322277.274022, 1526322277.3079538, 1526322277.3807592, 1526322277.4213629, 1526322277.462638, 1526322277.5024374, 1526322277.535818, 1526322277.5963142, 1526322277.6516972, 1526322277.6939907, 1526322277.7348607, 1526322277.7912097, 1526322277.8371105, 1526322277.8784654, 1526322277.9438584, 1526322277.9765859, 1526322278.0160015, 1526322278.0615373, 1526322278.1196585, 1526322278.184438, 1526322278.21675, 1526322278.2581506, 1526322278.3001153, 1526322278.3527253, 1526322278.395816, 1526322278.4557483, 1526322278.5005684, 1526322278.5611992, 1526322278.602674, 1526322278.6449459, 1526322278.6858735, 1526322278.7257214, 1526322278.7576866], "episode_lengths": [107, 165, 106, 88, 86, 105, 108, 156, 105, 85, 91, 155, 94, 107, 106, 99, 105, 89, 85, 108, 93, 98, 110, 150, 108, 84, 124, 107, 156, 148, 105, 105, 89, 106, 155, 150, 159, 84, 165, 90, 105, 124, 87, 106, 170, 105, 106, 107, 155, 156, 106, 105, 165, 150, 154, 155, 108, 156, 156, 157, 108, 158, 156, 85, 157, 158, 179, 148, 84, 109, 105, 107, 105, 88, 155, 144, 107, 107, 149, 122, 106, 170, 86, 105, 122, 155, 171, 85, 106, 106, 86, 105, 155, 105, 155, 108, 107, 105, 105, 85], "episode_rewards": [-107.0, -165.0, -106.0, -88.0, -86.0, -105.0, -108.0, -156.0, -105.0, -85.0, -91.0, -155.0, -94.0, -107.0, -106.0, -99.0, -105.0, -89.0, -85.0, -108.0, -93.0, -98.0, -110.0, -150.0, -108.0, -84.0, -124.0, -107.0, -156.0, -148.0, -105.0, -105.0, -89.0, -106.0, -155.0, -150.0, -159.0, -84.0, -165.0, -90.0, -105.0, -124.0, -87.0, -106.0, -170.0, -105.0, -106.0, -107.0, -155.0, -156.0, -106.0, -105.0, -165.0, -150.0, -154.0, -155.0, -108.0, -156.0, -156.0, -157.0, -108.0, -158.0, -156.0, -85.0, -157.0, -158.0, -179.0, -148.0, -84.0, -109.0, -105.0, -107.0, -105.0, -88.0, -155.0, -144.0, -107.0, -107.0, -149.0, -122.0, -106.0, -170.0, -86.0, -105.0, -122.0, -155.0, -171.0, -85.0, -106.0, -106.0, -86.0, -105.0, -155.0, -105.0, -155.0, -108.0, -107.0, -105.0, -105.0, -85.0], "episode_types": ["t", "t", "t", "t", "t", "t", "t", "t", "t", "t", "t", "t", "t", "t", "t", "t", "t", "t", "t", "t", "t", "t", "t", "t", "t", "t", "t", "t", "t", "t", "t", "t", "t", "t", "t", "t", "t", "t", "t", "t", "t", "t", "t", "t", "t", "t", "t", "t", "t", "t", "t", "t", "t", "t", "t", "t", "t", "t", "t", "t", "t", "t", "t", "t", "t", "t", "t", "t", "t", "t", "t", "t", "t", "t", "t", "t", "t", "t", "t", "t", "t", "t", "t", "t", "t", "t", "t", "t", "t", "t", "t", "t", "t", "t", "t", "t", "t", "t", "t", "t"], "initial_reset_timestamp": 1526322270.712475}