{"timestamps": [1526284686.3363447, 1526284686.433929, 1526284686.4472291, 1526284686.4690833, 1526284686.4847958, 1526284686.5080035, 1526284686.5199172, 1526284686.54073, 1526284686.5559814, 1526284686.5709825, 1526284686.5887384, 1526284686.600808, 1526284686.6160808, 1526284686.6287818, 1526284686.6414356, 1526284686.6633868, 1526284686.6795125, 1526284686.692454, 1526284686.7042456, 1526284686.7250285, 1526284686.7401311, 1526284686.755358, 1526284686.7765014, 1526284686.79045, 1526284686.8025885, 1526284686.8185472, 1526284686.833829, 1526284686.848425, 1526284686.8633811, 1526284686.8790827, 1526284686.8945472, 1526284686.9101152, 1526284686.9231815, 1526284686.9386885, 1526284686.9615011, 1526284686.9831183, 1526284686.9964569, 1526284687.0115962, 1526284687.0266, 1526284687.0507133, 1526284687.0650852, 1526284687.0804732, 1526284687.0957234, 1526284687.1108744, 1526284687.1259706, 1526284687.1437345, 1526284687.155669, 1526284687.171448, 1526284687.1907096, 1526284687.2058773, 1526284687.2216601, 1526284687.2444634, 1526284687.260165, 1526284687.2742906, 1526284687.2893445, 1526284687.3109095, 1526284687.3277686, 1526284687.3513086, 1526284687.3671653, 1526284687.3829966, 1526284687.4039507, 1526284687.419261, 1526284687.4318717, 1526284687.4469373, 1526284687.469194, 1526284687.4827652, 1526284687.4968386, 1526284687.5094826, 1526284687.5212812, 1526284687.536559, 1526284687.548505, 1526284687.5642116, 1526284687.5825484, 1526284687.6058483, 1526284687.6181104, 1526284687.6324492, 1526284687.6480618, 1526284687.6615348, 1526284687.6738951, 1526284687.689137, 1526284687.7042265, 1526284687.7253244, 1526284687.7406697, 1526284687.756231, 1526284687.7680092, 1526284687.7829616, 1526284687.7983017, 1526284687.813168, 1526284687.8282316, 1526284687.8435507, 1526284687.861923, 1526284687.8738172, 1526284687.8889956, 1526284687.9045227, 1526284687.917562, 1526284687.932913, 1526284687.9479015, 1526284687.960974, 1526284687.9727414, 1526284687.9853232], "episode_lengths": [110, 93, 95, 158, 114, 169, 86, 151, 111, 109, 109, 86, 109, 91, 88, 159, 118, 94, 86, 151, 109, 110, 154, 102, 89, 117, 110, 106, 109, 114, 111, 113, 89, 111, 159, 155, 95, 109, 109, 158, 89, 110, 110, 109, 109, 124, 87, 110, 140, 110, 114, 166, 110, 103, 109, 158, 124, 171, 110, 113, 152, 111, 91, 109, 158, 98, 102, 92, 86, 110, 87, 110, 109, 110, 87, 103, 110, 94, 89, 109, 110, 154, 112, 110, 86, 109, 109, 109, 109, 111, 132, 87, 110, 111, 95, 111, 109, 92, 86, 92], "episode_rewards": [-110.0, -93.0, -95.0, -158.0, -114.0, -169.0, -86.0, -151.0, -111.0, -109.0, -109.0, -86.0, -109.0, -91.0, -88.0, -159.0, -118.0, -94.0, -86.0, -151.0, -109.0, -110.0, -154.0, -102.0, -89.0, -117.0, -110.0, -106.0, -109.0, -114.0, -111.0, -113.0, -89.0, -111.0, -159.0, -155.0, -95.0, -109.0, -109.0, -158.0, -89.0, -110.0, -110.0, -109.0, -109.0, -124.0, -87.0, -110.0, -140.0, -110.0, -114.0, -166.0, -110.0, -103.0, -109.0, -158.0, -124.0, -171.0, -110.0, -113.0, -152.0, -111.0, -91.0, -109.0, -158.0, -98.0, -102.0, -92.0, -86.0, -110.0, -87.0, -110.0, -109.0, -110.0, -87.0, -103.0, -110.0, -94.0, -89.0, -109.0, -110.0, -154.0, -112.0, -110.0, -86.0, -109.0, -109.0, -109.0, -109.0, -111.0, -132.0, -87.0, -110.0, -111.0, -95.0, -111.0, -109.0, -92.0, -86.0, -92.0], "episode_types": ["t", "t", "t", "t", "t", "t", "t", "t", "t", "t", "t", "t", "t", "t", "t", "t", "t", "t", "t", "t", "t", "t", "t", "t", "t", "t", "t", "t", "t", "t", "t", "t", "t", "t", "t", "t", "t", "t", "t", "t", "t", "t", "t", "t", "t", "t", "t", "t", "t", "t", "t", "t", "t", "t", "t", "t", "t", "t", "t", "t", "t", "t", "t", "t", "t", "t", "t", "t", "t", "t", "t", "t", "t", "t", "t", "t", "t", "t", "t", "t", "t", "t", "t", "t", "t", "t", "t", "t", "t", "t", "t", "t", "t", "t", "t", "t", "t", "t", "t", "t"], "initial_reset_timestamp": 1526284684.4937341}