{"timestamps": [1526348228.748969, 1526348229.004148, 1526348229.0373015, 1526348229.1144474, 1526348229.1478658, 1526348229.1805913, 1526348229.2204359, 1526348229.261333, 1526348229.3010187, 1526348229.334681, 1526348229.3746257, 1526348229.4143157, 1526348229.4536653, 1526348229.487759, 1526348229.527502, 1526348229.5677142, 1526348229.5999396, 1526348229.6316602, 1526348229.6763935, 1526348229.7315211, 1526348229.7720673, 1526348229.8134367, 1526348229.852833, 1526348229.893414, 1526348229.9330773, 1526348230.0095417, 1526348230.0504625, 1526348230.0902784, 1526348230.1294925, 1526348230.1615183, 1526348230.2008202, 1526348230.240269, 1526348230.274681, 1526348230.3063204, 1526348230.3384082, 1526348230.3770864, 1526348230.416135, 1526348230.449531, 1526348230.5132775, 1526348230.5521967, 1526348230.5911527, 1526348230.6299222, 1526348230.7084398, 1526348230.751765, 1526348230.791204, 1526348230.8508224, 1526348230.8927076, 1526348230.9381773, 1526348231.0413022, 1526348231.0967, 1526348231.1382592, 1526348231.179857, 1526348231.211934, 1526348231.2511647, 1526348231.2905617, 1526348231.3380384, 1526348231.3723123, 1526348231.4110985, 1526348231.461818, 1526348231.5609324, 1526348231.6025236, 1526348231.6436336, 1526348231.6928205, 1526348231.750393, 1526348231.7996452, 1526348231.8365166, 1526348231.8777938, 1526348231.9135478, 1526348231.9454901, 1526348231.984801, 1526348232.0250556, 1526348232.0915582, 1526348232.1422417, 1526348232.1827104, 1526348232.224603, 1526348232.2905807, 1526348232.3316355, 1526348232.3650486, 1526348232.4238305, 1526348232.4576356, 1526348232.4979365, 1526348232.5383635, 1526348232.6030552, 1526348232.6425333, 1526348232.7097595, 1526348232.7637908, 1526348232.8085167, 1526348232.8421862, 1526348232.8790178, 1526348232.9211347, 1526348232.9545584, 1526348232.988934, 1526348233.0299695, 1526348233.0729175, 1526348233.112501, 1526348233.1450114, 1526348233.1845136, 1526348233.2180154, 1526348233.283747, 1526348233.3234048], "episode_lengths": [105, 105, 86, 159, 88, 86, 106, 107, 105, 90, 105, 105, 105, 91, 105, 105, 87, 86, 104, 106, 106, 110, 104, 105, 104, 200, 105, 105, 105, 84, 104, 104, 92, 85, 84, 104, 105, 90, 172, 105, 105, 104, 105, 108, 104, 157, 105, 105, 153, 105, 105, 106, 85, 104, 105, 128, 93, 105, 105, 163, 105, 107, 86, 84, 88, 97, 106, 91, 84, 98, 105, 172, 133, 105, 106, 174, 105, 89, 155, 90, 106, 105, 172, 88, 88, 106, 107, 87, 94, 106, 84, 91, 105, 115, 105, 86, 105, 89, 176, 105], "episode_rewards": [-105.0, -105.0, -86.0, -159.0, -88.0, -86.0, -106.0, -107.0, -105.0, -90.0, -105.0, -105.0, -105.0, -91.0, -105.0, -105.0, -87.0, -86.0, -104.0, -106.0, -106.0, -110.0, -104.0, -105.0, -104.0, -200.0, -105.0, -105.0, -105.0, -84.0, -104.0, -104.0, -92.0, -85.0, -84.0, -104.0, -105.0, -90.0, -172.0, -105.0, -105.0, -104.0, -105.0, -108.0, -104.0, -157.0, -105.0, -105.0, -153.0, -105.0, -105.0, -106.0, -85.0, -104.0, -105.0, -128.0, -93.0, -105.0, -105.0, -163.0, -105.0, -107.0, -86.0, -84.0, -88.0, -97.0, -106.0, -91.0, -84.0, -98.0, -105.0, -172.0, -133.0, -105.0, -106.0, -174.0, -105.0, -89.0, -155.0, -90.0, -106.0, -105.0, -172.0, -88.0, -88.0, -106.0, -107.0, -87.0, -94.0, -106.0, -84.0, -91.0, -105.0, -115.0, -105.0, -86.0, -105.0, -89.0, -176.0, -105.0], "episode_types": ["t", "t", "t", "t", "t", "t", "t", "t", "t", "t", "t", "t", "t", "t", "t", "t", "t", "t", "t", "t", "t", "t", "t", "t", "t", "t", "t", "t", "t", "t", "t", "t", "t", "t", "t", "t", "t", "t", "t", "t", "t", "t", "t", "t", "t", "t", "t", "t", "t", "t", "t", "t", "t", "t", "t", "t", "t", "t", "t", "t", "t", "t", "t", "t", "t", "t", "t", "t", "t", "t", "t", "t", "t", "t", "t", "t", "t", "t", "t", "t", "t", "t", "t", "t", "t", "t", "t", "t", "t", "t", "t", "t", "t", "t", "t", "t", "t", "t", "t", "t"], "initial_reset_timestamp": 1526348225.5165756}