{"timestamps": [1526290626.067591, 1526290626.4084, 1526290626.4826493, 1526290626.54288, 1526290626.587008, 1526290626.6507895, 1526290626.690923, 1526290626.7264655, 1526290626.7684863, 1526290626.804331, 1526290626.844066, 1526290626.8842723, 1526290626.9187853, 1526290626.9529574, 1526290626.9961073, 1526290627.0355096, 1526290627.1018903, 1526290627.14238, 1526290627.182173, 1526290627.248638, 1526290627.2874107, 1526290627.327296, 1526290627.3666613, 1526290627.4106555, 1526290627.470597, 1526290627.5292957, 1526290627.5962462, 1526290627.6297057, 1526290627.6692648, 1526290627.7281713, 1526290627.771324, 1526290627.8119485, 1526290627.849967, 1526290627.8893514, 1526290627.9285579, 1526290627.9683316, 1526290628.007379, 1526290628.0492215, 1526290628.088129, 1526290628.1193802, 1526290628.1586976, 1526290628.1977718, 1526290628.2492905, 1526290628.3142178, 1526290628.3493662, 1526290628.3882673, 1526290628.4281406, 1526290628.4845686, 1526290628.5196486, 1526290628.5643575, 1526290628.5965908, 1526290628.6454384, 1526290628.6873324, 1526290628.7350705, 1526290628.786837, 1526290628.8413436, 1526290628.8897014, 1526290628.941297, 1526290628.9846146, 1526290629.0664647, 1526290629.1181638, 1526290629.1673234, 1526290629.2137527, 1526290629.2739046, 1526290629.318835, 1526290629.368855, 1526290629.422057, 1526290629.4723408, 1526290629.5158544, 1526290629.5837076, 1526290629.6220696, 1526290629.654638, 1526290629.7157567, 1526290629.7556496, 1526290629.7977002, 1526290629.8668988, 1526290629.9506948, 1526290630.0093076, 1526290630.066053, 1526290630.1501806, 1526290630.2249153, 1526290630.2859652, 1526290630.3248918, 1526290630.3633108, 1526290630.402844, 1526290630.4424803, 1526290630.4818811, 1526290630.521326, 1526290630.5793245, 1526290630.618393, 1526290630.6589851, 1526290630.6994886, 1526290630.7390406, 1526290630.7789316, 1526290630.8187342, 1526290630.862947, 1526290630.9211752, 1526290630.961147, 1526290630.9941273, 1526290631.0349863], "episode_lengths": [105, 104, 105, 88, 105, 158, 105, 95, 104, 91, 105, 107, 90, 91, 115, 104, 151, 105, 106, 151, 97, 105, 104, 105, 156, 104, 160, 87, 105, 158, 117, 103, 91, 105, 105, 107, 105, 103, 104, 84, 104, 105, 105, 156, 94, 104, 105, 151, 88, 103, 86, 105, 104, 104, 107, 119, 105, 104, 92, 156, 104, 105, 95, 102, 91, 105, 107, 107, 91, 151, 91, 85, 160, 105, 106, 116, 107, 91, 104, 156, 156, 107, 90, 88, 105, 105, 105, 105, 155, 105, 104, 107, 106, 107, 107, 118, 156, 106, 88, 105], "episode_rewards": [-105.0, -104.0, -105.0, -88.0, -105.0, -158.0, -105.0, -95.0, -104.0, -91.0, -105.0, -107.0, -90.0, -91.0, -115.0, -104.0, -151.0, -105.0, -106.0, -151.0, -97.0, -105.0, -104.0, -105.0, -156.0, -104.0, -160.0, -87.0, -105.0, -158.0, -117.0, -103.0, -91.0, -105.0, -105.0, -107.0, -105.0, -103.0, -104.0, -84.0, -104.0, -105.0, -105.0, -156.0, -94.0, -104.0, -105.0, -151.0, -88.0, -103.0, -86.0, -105.0, -104.0, -104.0, -107.0, -119.0, -105.0, -104.0, -92.0, -156.0, -104.0, -105.0, -95.0, -102.0, -91.0, -105.0, -107.0, -107.0, -91.0, -151.0, -91.0, -85.0, -160.0, -105.0, -106.0, -116.0, -107.0, -91.0, -104.0, -156.0, -156.0, -107.0, -90.0, -88.0, -105.0, -105.0, -105.0, -105.0, -155.0, -105.0, -104.0, -107.0, -106.0, -107.0, -107.0, -118.0, -156.0, -106.0, -88.0, -105.0], "episode_types": ["t", "t", "t", "t", "t", "t", "t", "t", "t", "t", "t", "t", "t", "t", "t", "t", "t", "t", "t", "t", "t", "t", "t", "t", "t", "t", "t", "t", "t", "t", "t", "t", "t", "t", "t", "t", "t", "t", "t", "t", "t", "t", "t", "t", "t", "t", "t", "t", "t", "t", "t", "t", "t", "t", "t", "t", "t", "t", "t", "t", "t", "t", "t", "t", "t", "t", "t", "t", "t", "t", "t", "t", "t", "t", "t", "t", "t", "t", "t", "t", "t", "t", "t", "t", "t", "t", "t", "t", "t", "t", "t", "t", "t", "t", "t", "t", "t", "t", "t", "t"], "initial_reset_timestamp": 1526290622.9421616}