{"timestamps": [1526314809.086079, 1526314809.3555105, 1526314809.4077864, 1526314809.4472575, 1526314809.4869711, 1526314809.5260801, 1526314809.5650434, 1526314809.6040628, 1526314809.6527011, 1526314809.6922288, 1526314809.732883, 1526314809.802644, 1526314809.8495991, 1526314809.8901734, 1526314809.924545, 1526314809.9666314, 1526314810.0063558, 1526314810.0504775, 1526314810.0900927, 1526314810.1482828, 1526314810.1804228, 1526314810.2404513, 1526314810.281497, 1526314810.3204794, 1526314810.3596485, 1526314810.4002185, 1526314810.4413245, 1526314810.480474, 1526314810.5198264, 1526314810.5614688, 1526314810.623562, 1526314810.6873982, 1526314810.743373, 1526314810.8023582, 1526314810.843149, 1526314810.8765237, 1526314810.9096248, 1526314810.9462202, 1526314811.0031898, 1526314811.0405958, 1526314811.0985646, 1526314811.1394117, 1526314811.1793406, 1526314811.2191527, 1526314811.258827, 1526314811.3118448, 1526314811.3582635, 1526314811.405304, 1526314811.4449708, 1526314811.4767861, 1526314811.5162873, 1526314811.5551538, 1526314811.6257157, 1526314811.6775305, 1526314811.7191262, 1526314811.7596383, 1526314811.7990594, 1526314811.8309498, 1526314811.8715742, 1526314811.9046361, 1526314811.9447162, 1526314811.9846265, 1526314812.0248957, 1526314812.0831513, 1526314812.123556, 1526314812.164085, 1526314812.204598, 1526314812.2418957, 1526314812.278665, 1526314812.3223064, 1526314812.3615658, 1526314812.4019804, 1526314812.44113, 1526314812.48005, 1526314812.5294633, 1526314812.5905147, 1526314812.651876, 1526314812.720434, 1526314812.7820172, 1526314812.8166757, 1526314812.861153, 1526314812.9198053, 1526314812.9604037, 1526314813.0048275, 1526314813.0472074, 1526314813.0863845, 1526314813.122141, 1526314813.1541283, 1526314813.1950407, 1526314813.2354186, 1526314813.2761648, 1526314813.3163881, 1526314813.348239, 1526314813.3872445, 1526314813.4267828, 1526314813.4662788, 1526314813.4987686, 1526314813.5383744, 1526314813.5890498, 1526314813.6935337], "episode_lengths": [86, 92, 113, 104, 105, 104, 105, 98, 86, 86, 105, 107, 104, 104, 84, 107, 104, 115, 105, 151, 86, 154, 108, 104, 106, 107, 107, 105, 104, 112, 87, 86, 121, 153, 107, 86, 87, 96, 149, 98, 154, 107, 106, 105, 106, 105, 106, 108, 107, 86, 106, 105, 105, 98, 106, 108, 105, 84, 107, 88, 105, 105, 104, 152, 105, 106, 107, 93, 97, 117, 105, 106, 105, 105, 105, 86, 107, 106, 86, 90, 105, 154, 107, 107, 105, 105, 95, 84, 109, 106, 105, 106, 86, 105, 105, 105, 88, 106, 104, 154], "episode_rewards": [-86.0, -92.0, -113.0, -104.0, -105.0, -104.0, -105.0, -98.0, -86.0, -86.0, -105.0, -107.0, -104.0, -104.0, -84.0, -107.0, -104.0, -115.0, -105.0, -151.0, -86.0, -154.0, -108.0, -104.0, -106.0, -107.0, -107.0, -105.0, -104.0, -112.0, -87.0, -86.0, -121.0, -153.0, -107.0, -86.0, -87.0, -96.0, -149.0, -98.0, -154.0, -107.0, -106.0, -105.0, -106.0, -105.0, -106.0, -108.0, -107.0, -86.0, -106.0, -105.0, -105.0, -98.0, -106.0, -108.0, -105.0, -84.0, -107.0, -88.0, -105.0, -105.0, -104.0, -152.0, -105.0, -106.0, -107.0, -93.0, -97.0, -117.0, -105.0, -106.0, -105.0, -105.0, -105.0, -86.0, -107.0, -106.0, -86.0, -90.0, -105.0, -154.0, -107.0, -107.0, -105.0, -105.0, -95.0, -84.0, -109.0, -106.0, -105.0, -106.0, -86.0, -105.0, -105.0, -105.0, -88.0, -106.0, -104.0, -154.0], "episode_types": ["t", "t", "t", "t", "t", "t", "t", "t", "t", "t", "t", "t", "t", "t", "t", "t", "t", "t", "t", "t", "t", "t", "t", "t", "t", "t", "t", "t", "t", "t", "t", "t", "t", "t", "t", "t", "t", "t", "t", "t", "t", "t", "t", "t", "t", "t", "t", "t", "t", "t", "t", "t", "t", "t", "t", "t", "t", "t", "t", "t", "t", "t", "t", "t", "t", "t", "t", "t", "t", "t", "t", "t", "t", "t", "t", "t", "t", "t", "t", "t", "t", "t", "t", "t", "t", "t", "t", "t", "t", "t", "t", "t", "t", "t", "t", "t", "t", "t", "t", "t"], "initial_reset_timestamp": 1526314806.5019305}