{"timestamps": [1526304566.9834692, 1526304567.2844772, 1526304567.3252707, 1526304567.3608108, 1526304567.426902, 1526304567.469224, 1526304567.5061965, 1526304567.5644126, 1526304567.6010473, 1526304567.6418157, 1526304567.6813972, 1526304567.721252, 1526304567.753344, 1526304567.7925518, 1526304567.8315382, 1526304567.8723736, 1526304567.9076946, 1526304567.9394639, 1526304567.9953897, 1526304568.0284538, 1526304568.0629616, 1526304568.1334913, 1526304568.1950002, 1526304568.229176, 1526304568.2690742, 1526304568.3094296, 1526304568.3496206, 1526304568.3894947, 1526304568.4302046, 1526304568.4700463, 1526304568.5016649, 1526304568.5414522, 1526304568.6045318, 1526304568.640103, 1526304568.6738806, 1526304568.7145476, 1526304568.7466216, 1526304568.780967, 1526304568.8210697, 1526304568.8562412, 1526304568.8966317, 1526304568.944357, 1526304568.9792163, 1526304569.012, 1526304569.051756, 1526304569.1300256, 1526304569.170775, 1526304569.2118351, 1526304569.2437506, 1526304569.283282, 1526304569.3240268, 1526304569.3571994, 1526304569.3895037, 1526304569.4258602, 1526304569.4588337, 1526304569.498392, 1526304569.530412, 1526304569.5719454, 1526304569.6059785, 1526304569.646561, 1526304569.686351, 1526304569.7272713, 1526304569.7664104, 1526304569.805774, 1526304569.8402874, 1526304569.879848, 1526304569.9148264, 1526304569.9723728, 1526304570.012714, 1526304570.0806487, 1526304570.1254804, 1526304570.1829758, 1526304570.2200685, 1526304570.2602744, 1526304570.2972867, 1526304570.337322, 1526304570.369345, 1526304570.40981, 1526304570.4507642, 1526304570.4904058, 1526304570.530516, 1526304570.570397, 1526304570.6118891, 1526304570.6446505, 1526304570.6810522, 1526304570.7269385, 1526304570.766151, 1526304570.8065054, 1526304570.8469853, 1526304570.8866656, 1526304570.9322886, 1526304570.9643967, 1526304571.006173, 1526304571.103754, 1526304571.1580179, 1526304571.1962097, 1526304571.2294962, 1526304571.2690551, 1526304571.308373, 1526304571.3440795], "episode_lengths": [106, 106, 107, 93, 159, 106, 96, 150, 98, 108, 106, 106, 87, 105, 105, 111, 94, 86, 150, 86, 84, 105, 159, 89, 105, 105, 106, 105, 106, 105, 84, 106, 168, 92, 89, 106, 86, 92, 106, 95, 106, 128, 94, 87, 106, 155, 106, 107, 85, 105, 107, 89, 85, 93, 84, 106, 84, 106, 85, 106, 106, 106, 105, 105, 92, 106, 93, 155, 106, 107, 88, 150, 98, 106, 99, 105, 85, 106, 106, 106, 106, 106, 106, 86, 98, 120, 105, 106, 105, 106, 121, 86, 112, 153, 85, 98, 89, 106, 105, 96], "episode_rewards": [-106.0, -106.0, -107.0, -93.0, -159.0, -106.0, -96.0, -150.0, -98.0, -108.0, -106.0, -106.0, -87.0, -105.0, -105.0, -111.0, -94.0, -86.0, -150.0, -86.0, -84.0, -105.0, -159.0, -89.0, -105.0, -105.0, -106.0, -105.0, -106.0, -105.0, -84.0, -106.0, -168.0, -92.0, -89.0, -106.0, -86.0, -92.0, -106.0, -95.0, -106.0, -128.0, -94.0, -87.0, -106.0, -155.0, -106.0, -107.0, -85.0, -105.0, -107.0, -89.0, -85.0, -93.0, -84.0, -106.0, -84.0, -106.0, -85.0, -106.0, -106.0, -106.0, -105.0, -105.0, -92.0, -106.0, -93.0, -155.0, -106.0, -107.0, -88.0, -150.0, -98.0, -106.0, -99.0, -105.0, -85.0, -106.0, -106.0, -106.0, -106.0, -106.0, -106.0, -86.0, -98.0, -120.0, -105.0, -106.0, -105.0, -106.0, -121.0, -86.0, -112.0, -153.0, -85.0, -98.0, -89.0, -106.0, -105.0, -96.0], "episode_types": ["t", "t", "t", "t", "t", "t", "t", "t", "t", "t", "t", "t", "t", "t", "t", "t", "t", "t", "t", "t", "t", "t", "t", "t", "t", "t", "t", "t", "t", "t", "t", "t", "t", "t", "t", "t", "t", "t", "t", "t", "t", "t", "t", "t", "t", "t", "t", "t", "t", "t", "t", "t", "t", "t", "t", "t", "t", "t", "t", "t", "t", "t", "t", "t", "t", "t", "t", "t", "t", "t", "t", "t", "t", "t", "t", "t", "t", "t", "t", "t", "t", "t", "t", "t", "t", "t", "t", "t", "t", "t", "t", "t", "t", "t", "t", "t", "t", "t", "t", "t"], "initial_reset_timestamp": 1526304564.050339}