{"timestamps": [1526307449.574559, 1526307449.8428757, 1526307449.8934455, 1526307449.9337263, 1526307449.9746523, 1526307450.0070124, 1526307450.0467181, 1526307450.087309, 1526307450.1272733, 1526307450.1684012, 1526307450.211346, 1526307450.243008, 1526307450.2833557, 1526307450.3232832, 1526307450.3642964, 1526307450.405347, 1526307450.4493845, 1526307450.4894547, 1526307450.5344298, 1526307450.5747817, 1526307450.6147482, 1526307450.6549945, 1526307450.6944065, 1526307450.7256305, 1526307450.7797556, 1526307450.858063, 1526307450.9232016, 1526307450.9647126, 1526307451.0045524, 1526307451.0384228, 1526307451.0787287, 1526307451.1191692, 1526307451.1618419, 1526307451.201701, 1526307451.2426646, 1526307451.2826927, 1526307451.315438, 1526307451.3567448, 1526307451.3969395, 1526307451.433925, 1526307451.46941, 1526307451.5097444, 1526307451.5410624, 1526307451.580619, 1526307451.621776, 1526307451.661774, 1526307451.694684, 1526307451.7284606, 1526307451.7689865, 1526307451.8228824, 1526307451.8669477, 1526307451.9094944, 1526307451.9446769, 1526307451.986485, 1526307452.0190802, 1526307452.0594642, 1526307452.0920684, 1526307452.134602, 1526307452.1699922, 1526307452.2097485, 1526307452.2416058, 1526307452.2747889, 1526307452.309011, 1526307452.3500936, 1526307452.3896697, 1526307452.4293315, 1526307452.470111, 1526307452.5092347, 1526307452.544741, 1526307452.584564, 1526307452.62453, 1526307452.668649, 1526307452.707923, 1526307452.7511837, 1526307452.7915168, 1526307452.8547144, 1526307452.8960516, 1526307452.9288955, 1526307452.96916, 1526307453.001273, 1526307453.0407064, 1526307453.0749605, 1526307453.115349, 1526307453.1578321, 1526307453.2009408, 1526307453.2409596, 1526307453.2806082, 1526307453.3125508, 1526307453.3539104, 1526307453.394939, 1526307453.4374506, 1526307453.4776704, 1526307453.5188875, 1526307453.551118, 1526307453.624168, 1526307453.6644306, 1526307453.6967294, 1526307453.7368517, 1526307453.8016973, 1526307453.860413], "episode_lengths": [88, 106, 106, 106, 107, 86, 105, 106, 106, 106, 113, 84, 106, 106, 106, 109, 118, 105, 112, 107, 106, 106, 105, 84, 106, 106, 167, 106, 106, 91, 106, 107, 104, 104, 109, 105, 86, 105, 105, 96, 94, 107, 84, 106, 106, 105, 89, 92, 107, 114, 94, 87, 91, 107, 85, 105, 86, 112, 87, 106, 85, 88, 91, 107, 105, 105, 107, 105, 95, 106, 105, 106, 106, 116, 106, 114, 107, 88, 105, 85, 105, 90, 107, 111, 109, 107, 105, 86, 106, 107, 105, 106, 111, 86, 196, 105, 85, 107, 106, 106], "episode_rewards": [-88.0, -106.0, -106.0, -106.0, -107.0, -86.0, -105.0, -106.0, -106.0, -106.0, -113.0, -84.0, -106.0, -106.0, -106.0, -109.0, -118.0, -105.0, -112.0, -107.0, -106.0, -106.0, -105.0, -84.0, -106.0, -106.0, -167.0, -106.0, -106.0, -91.0, -106.0, -107.0, -104.0, -104.0, -109.0, -105.0, -86.0, -105.0, -105.0, -96.0, -94.0, -107.0, -84.0, -106.0, -106.0, -105.0, -89.0, -92.0, -107.0, -114.0, -94.0, -87.0, -91.0, -107.0, -85.0, -105.0, -86.0, -112.0, -87.0, -106.0, -85.0, -88.0, -91.0, -107.0, -105.0, -105.0, -107.0, -105.0, -95.0, -106.0, -105.0, -106.0, -106.0, -116.0, -106.0, -114.0, -107.0, -88.0, -105.0, -85.0, -105.0, -90.0, -107.0, -111.0, -109.0, -107.0, -105.0, -86.0, -106.0, -107.0, -105.0, -106.0, -111.0, -86.0, -196.0, -105.0, -85.0, -107.0, -106.0, -106.0], "episode_types": ["t", "t", "t", "t", "t", "t", "t", "t", "t", "t", "t", "t", "t", "t", "t", "t", "t", "t", "t", "t", "t", "t", "t", "t", "t", "t", "t", "t", "t", "t", "t", "t", "t", "t", "t", "t", "t", "t", "t", "t", "t", "t", "t", "t", "t", "t", "t", "t", "t", "t", "t", "t", "t", "t", "t", "t", "t", "t", "t", "t", "t", "t", "t", "t", "t", "t", "t", "t", "t", "t", "t", "t", "t", "t", "t", "t", "t", "t", "t", "t", "t", "t", "t", "t", "t", "t", "t", "t", "t", "t", "t", "t", "t", "t", "t", "t", "t", "t", "t", "t"], "initial_reset_timestamp": 1526307447.1577547}