{"timestamps": [1526289300.265795, 1526289300.4624722, 1526289300.507361, 1526289300.549151, 1526289300.6007724, 1526289300.6383011, 1526289300.6783905, 1526289300.7287228, 1526289300.7686071, 1526289300.800248, 1526289300.8400698, 1526289300.880104, 1526289300.9199421, 1526289300.9840984, 1526289301.019551, 1526289301.0544553, 1526289301.0977085, 1526289301.1334255, 1526289301.171388, 1526289301.211352, 1526289301.2515771, 1526289301.2913244, 1526289301.323728, 1526289301.3833437, 1526289301.423267, 1526289301.4554296, 1526289301.5019758, 1526289301.5685284, 1526289301.618033, 1526289301.6821887, 1526289301.7230675, 1526289301.7726943, 1526289301.8043332, 1526289301.844171, 1526289301.8887758, 1526289301.928405, 1526289301.9682727, 1526289302.032423, 1526289302.069362, 1526289302.1182983, 1526289302.1569936, 1526289302.2224538, 1526289302.2626255, 1526289302.2988276, 1526289302.3331573, 1526289302.39485, 1526289302.426817, 1526289302.4581165, 1526289302.5007133, 1526289302.5412226, 1526289302.5727484, 1526289302.62088, 1526289302.6611989, 1526289302.7053754, 1526289302.745734, 1526289302.778243, 1526289302.8383713, 1526289302.8780422, 1526289302.9178889, 1526289302.9827332, 1526289303.02582, 1526289303.0582922, 1526289303.1019912, 1526289303.1412382, 1526289303.172867, 1526289303.2122993, 1526289303.2439935, 1526289303.2750661, 1526289303.3109732, 1526289303.3534262, 1526289303.392756, 1526289303.4264612, 1526289303.4655373, 1526289303.5095305, 1526289303.55056, 1526289303.592859, 1526289303.638423, 1526289303.6737757, 1526289303.7133977, 1526289303.77266, 1526289303.8122044, 1526289303.8519614, 1526289303.8843002, 1526289303.91737, 1526289303.952411, 1526289304.0270605, 1526289304.0859969, 1526289304.1265545, 1526289304.1718464, 1526289304.205367, 1526289304.2465587, 1526289304.2940028, 1526289304.3459466, 1526289304.4073374, 1526289304.4523165, 1526289304.486634, 1526289304.5301974, 1526289304.590788, 1526289304.6249218, 1526289304.669506], "episode_lengths": [86, 84, 105, 105, 106, 89, 105, 124, 106, 84, 105, 106, 105, 168, 84, 93, 106, 88, 84, 105, 106, 105, 85, 157, 105, 86, 105, 168, 105, 168, 106, 132, 84, 105, 106, 101, 106, 161, 86, 106, 86, 156, 106, 85, 88, 165, 85, 84, 106, 106, 84, 105, 106, 106, 106, 87, 161, 106, 106, 173, 106, 87, 103, 103, 85, 105, 85, 84, 95, 115, 105, 90, 105, 104, 106, 106, 105, 95, 106, 159, 106, 106, 84, 84, 84, 177, 156, 106, 106, 88, 106, 105, 106, 162, 118, 84, 106, 161, 89, 95], "episode_rewards": [-86.0, -84.0, -105.0, -105.0, -106.0, -89.0, -105.0, -124.0, -106.0, -84.0, -105.0, -106.0, -105.0, -168.0, -84.0, -93.0, -106.0, -88.0, -84.0, -105.0, -106.0, -105.0, -85.0, -157.0, -105.0, -86.0, -105.0, -168.0, -105.0, -168.0, -106.0, -132.0, -84.0, -105.0, -106.0, -101.0, -106.0, -161.0, -86.0, -106.0, -86.0, -156.0, -106.0, -85.0, -88.0, -165.0, -85.0, -84.0, -106.0, -106.0, -84.0, -105.0, -106.0, -106.0, -106.0, -87.0, -161.0, -106.0, -106.0, -173.0, -106.0, -87.0, -103.0, -103.0, -85.0, -105.0, -85.0, -84.0, -95.0, -115.0, -105.0, -90.0, -105.0, -104.0, -106.0, -106.0, -105.0, -95.0, -106.0, -159.0, -106.0, -106.0, -84.0, -84.0, -84.0, -177.0, -156.0, -106.0, -106.0, -88.0, -106.0, -105.0, -106.0, -162.0, -118.0, -84.0, -106.0, -161.0, -89.0, -95.0], "episode_types": ["t", "t", "t", "t", "t", "t", "t", "t", "t", "t", "t", "t", "t", "t", "t", "t", "t", "t", "t", "t", "t", "t", "t", "t", "t", "t", "t", "t", "t", "t", "t", "t", "t", "t", "t", "t", "t", "t", "t", "t", "t", "t", "t", "t", "t", "t", "t", "t", "t", "t", "t", "t", "t", "t", "t", "t", "t", "t", "t", "t", "t", "t", "t", "t", "t", "t", "t", "t", "t", "t", "t", "t", "t", "t", "t", "t", "t", "t", "t", "t", "t", "t", "t", "t", "t", "t", "t", "t", "t", "t", "t", "t", "t", "t", "t", "t", "t", "t", "t", "t"], "initial_reset_timestamp": 1526289298.0293207}