{"timestamps": [1526287563.3136017, 1526287563.5140758, 1526287563.5548666, 1526287563.5959475, 1526287563.6387937, 1526287563.6717644, 1526287563.7126124, 1526287563.7527423, 1526287563.791497, 1526287563.8620548, 1526287563.915563, 1526287563.9946325, 1526287564.0590906, 1526287564.0909405, 1526287564.1283915, 1526287564.1687157, 1526287564.2045383, 1526287564.2438548, 1526287564.2761042, 1526287564.318055, 1526287564.3638146, 1526287564.404142, 1526287564.4377756, 1526287564.4724362, 1526287564.512704, 1526287564.5513968, 1526287564.5906918, 1526287564.6360445, 1526287564.675612, 1526287564.7157354, 1526287564.7469816, 1526287564.788892, 1526287564.8341641, 1526287564.866276, 1526287564.9103043, 1526287564.9533978, 1526287564.9928684, 1526287565.033474, 1526287565.0738945, 1526287565.129348, 1526287565.1700997, 1526287565.2343173, 1526287565.274622, 1526287565.3437345, 1526287565.3783314, 1526287565.4129722, 1526287565.465447, 1526287565.5080876, 1526287565.549058, 1526287565.588207, 1526287565.628256, 1526287565.6638873, 1526287565.7245882, 1526287565.7644129, 1526287565.8083062, 1526287565.8424926, 1526287565.882615, 1526287565.9503284, 1526287565.9854856, 1526287566.0258863, 1526287566.0868673, 1526287566.1212826, 1526287566.1616964, 1526287566.222766, 1526287566.263356, 1526287566.309756, 1526287566.349663, 1526287566.3888097, 1526287566.4211822, 1526287566.4575043, 1526287566.4898815, 1526287566.5235803, 1526287566.5641484, 1526287566.5958233, 1526287566.6360579, 1526287566.6749113, 1526287566.7173576, 1526287566.7798066, 1526287566.822489, 1526287566.8687685, 1526287566.9117184, 1526287566.9514258, 1526287566.9906108, 1526287567.0313, 1526287567.0701597, 1526287567.1135268, 1526287567.146344, 1526287567.1866705, 1526287567.2204146, 1526287567.2597957, 1526287567.3002598, 1526287567.3411465, 1526287567.3803837, 1526287567.420117, 1526287567.4581137, 1526287567.5070202, 1526287567.547334, 1526287567.5803108, 1526287567.620055, 1526287567.6804385], "episode_lengths": [89, 95, 107, 107, 105, 87, 107, 107, 91, 103, 104, 163, 170, 84, 86, 105, 95, 104, 85, 104, 107, 107, 90, 93, 107, 103, 105, 104, 105, 107, 84, 107, 107, 86, 107, 105, 104, 108, 108, 125, 107, 170, 107, 171, 93, 93, 141, 104, 107, 105, 107, 95, 163, 107, 104, 85, 107, 97, 92, 107, 162, 92, 107, 163, 108, 105, 105, 105, 87, 98, 87, 91, 107, 85, 107, 105, 107, 168, 107, 107, 107, 96, 104, 108, 103, 107, 84, 107, 90, 105, 103, 107, 105, 105, 96, 105, 107, 89, 105, 163], "episode_rewards": [-89.0, -95.0, -107.0, -107.0, -105.0, -87.0, -107.0, -107.0, -91.0, -103.0, -104.0, -163.0, -170.0, -84.0, -86.0, -105.0, -95.0, -104.0, -85.0, -104.0, -107.0, -107.0, -90.0, -93.0, -107.0, -103.0, -105.0, -104.0, -105.0, -107.0, -84.0, -107.0, -107.0, -86.0, -107.0, -105.0, -104.0, -108.0, -108.0, -125.0, -107.0, -170.0, -107.0, -171.0, -93.0, -93.0, -141.0, -104.0, -107.0, -105.0, -107.0, -95.0, -163.0, -107.0, -104.0, -85.0, -107.0, -97.0, -92.0, -107.0, -162.0, -92.0, -107.0, -163.0, -108.0, -105.0, -105.0, -105.0, -87.0, -98.0, -87.0, -91.0, -107.0, -85.0, -107.0, -105.0, -107.0, -168.0, -107.0, -107.0, -107.0, -96.0, -104.0, -108.0, -103.0, -107.0, -84.0, -107.0, -90.0, -105.0, -103.0, -107.0, -105.0, -105.0, -96.0, -105.0, -107.0, -89.0, -105.0, -163.0], "episode_types": ["t", "t", "t", "t", "t", "t", "t", "t", "t", "t", "t", "t", "t", "t", "t", "t", "t", "t", "t", "t", "t", "t", "t", "t", "t", "t", "t", "t", "t", "t", "t", "t", "t", "t", "t", "t", "t", "t", "t", "t", "t", "t", "t", "t", "t", "t", "t", "t", "t", "t", "t", "t", "t", "t", "t", "t", "t", "t", "t", "t", "t", "t", "t", "t", "t", "t", "t", "t", "t", "t", "t", "t", "t", "t", "t", "t", "t", "t", "t", "t", "t", "t", "t", "t", "t", "t", "t", "t", "t", "t", "t", "t", "t", "t", "t", "t", "t", "t", "t", "t"], "initial_reset_timestamp": 1526287560.9134889}