{"timestamps": [1526287409.9499085, 1526287410.255954, 1526287410.3041065, 1526287410.3464472, 1526287410.3859022, 1526287410.425078, 1526287410.4641557, 1526287410.4999511, 1526287410.5421999, 1526287410.5817106, 1526287410.6212375, 1526287410.653235, 1526287410.687837, 1526287410.7287881, 1526287410.7688582, 1526287410.8080728, 1526287410.8622139, 1526287410.9030092, 1526287410.9426067, 1526287410.9853938, 1526287411.0182939, 1526287411.0632625, 1526287411.131935, 1526287411.1773627, 1526287411.2172112, 1526287411.2594554, 1526287411.3044317, 1526287411.3637679, 1526287411.4041197, 1526287411.4570549, 1526287411.5465841, 1526287411.578593, 1526287411.6203032, 1526287411.6537144, 1526287411.686684, 1526287411.7265549, 1526287411.7664347, 1526287411.7987525, 1526287411.8627856, 1526287411.9086142, 1526287411.9480765, 1526287411.9836817, 1526287412.0261822, 1526287412.0659127, 1526287412.1253772, 1526287412.165821, 1526287412.2059531, 1526287412.245661, 1526287412.289702, 1526287412.3217313, 1526287412.3537936, 1526287412.3860366, 1526287412.4238267, 1526287412.4636612, 1526287412.507674, 1526287412.5531442, 1526287412.5852606, 1526287412.6240094, 1526287412.6577652, 1526287412.6961358, 1526287412.7359955, 1526287412.7961988, 1526287412.8364058, 1526287412.8800857, 1526287412.9200652, 1526287412.9593277, 1526287412.9967887, 1526287413.056469, 1526287413.099925, 1526287413.1327293, 1526287413.1725793, 1526287413.2143655, 1526287413.2543352, 1526287413.2873054, 1526287413.3451602, 1526287413.3778598, 1526287413.417517, 1526287413.4540784, 1526287413.5019157, 1526287413.5414248, 1526287413.5813549, 1526287413.6307375, 1526287413.6699233, 1526287413.7091014, 1526287413.7405849, 1526287413.7741952, 1526287413.831662, 1526287413.901304, 1526287413.9403212, 1526287413.9758635, 1526287414.0189414, 1526287414.070322, 1526287414.1099842, 1526287414.1494088, 1526287414.1945865, 1526287414.2344618, 1526287414.2804515, 1526287414.3220828, 1526287414.361603, 1526287414.419573], "episode_lengths": [91, 88, 106, 105, 104, 105, 105, 96, 114, 106, 106, 85, 85, 106, 105, 104, 120, 106, 105, 106, 84, 106, 153, 106, 91, 106, 113, 154, 84, 84, 183, 84, 106, 87, 86, 105, 105, 85, 155, 105, 104, 94, 106, 105, 157, 106, 105, 105, 106, 84, 85, 85, 101, 106, 104, 122, 85, 104, 90, 92, 106, 161, 106, 90, 105, 105, 96, 152, 106, 87, 105, 105, 106, 88, 155, 87, 106, 98, 114, 105, 106, 134, 104, 105, 85, 90, 153, 153, 104, 95, 105, 139, 106, 105, 121, 106, 119, 105, 105, 153], "episode_rewards": [-91.0, -88.0, -106.0, -105.0, -104.0, -105.0, -105.0, -96.0, -114.0, -106.0, -106.0, -85.0, -85.0, -106.0, -105.0, -104.0, -120.0, -106.0, -105.0, -106.0, -84.0, -106.0, -153.0, -106.0, -91.0, -106.0, -113.0, -154.0, -84.0, -84.0, -183.0, -84.0, -106.0, -87.0, -86.0, -105.0, -105.0, -85.0, -155.0, -105.0, -104.0, -94.0, -106.0, -105.0, -157.0, -106.0, -105.0, -105.0, -106.0, -84.0, -85.0, -85.0, -101.0, -106.0, -104.0, -122.0, -85.0, -104.0, -90.0, -92.0, -106.0, -161.0, -106.0, -90.0, -105.0, -105.0, -96.0, -152.0, -106.0, -87.0, -105.0, -105.0, -106.0, -88.0, -155.0, -87.0, -106.0, -98.0, -114.0, -105.0, -106.0, -134.0, -104.0, -105.0, -85.0, -90.0, -153.0, -153.0, -104.0, -95.0, -105.0, -139.0, -106.0, -105.0, -121.0, -106.0, -119.0, -105.0, -105.0, -153.0], "episode_types": ["t", "t", "t", "t", "t", "t", "t", "t", "t", "t", "t", "t", "t", "t", "t", "t", "t", "t", "t", "t", "t", "t", "t", "t", "t", "t", "t", "t", "t", "t", "t", "t", "t", "t", "t", "t", "t", "t", "t", "t", "t", "t", "t", "t", "t", "t", "t", "t", "t", "t", "t", "t", "t", "t", "t", "t", "t", "t", "t", "t", "t", "t", "t", "t", "t", "t", "t", "t", "t", "t", "t", "t", "t", "t", "t", "t", "t", "t", "t", "t", "t", "t", "t", "t", "t", "t", "t", "t", "t", "t", "t", "t", "t", "t", "t", "t", "t", "t", "t", "t"], "initial_reset_timestamp": 1526287407.5255044}