{"timestamps": [1526293169.9744272, 1526293170.0831792, 1526293170.0959885, 1526293170.1101475, 1526293170.1248705, 1526293170.1497288, 1526293170.161767, 1526293170.1775854, 1526293170.1943579, 1526293170.2097967, 1526293170.2321024, 1526293170.2475865, 1526293170.2603033, 1526293170.2748675, 1526293170.289772, 1526293170.3044724, 1526293170.319139, 1526293170.3348246, 1526293170.3558714, 1526293170.3686597, 1526293170.3804252, 1526293170.3936296, 1526293170.408196, 1526293170.4230416, 1526293170.4371035, 1526293170.4517343, 1526293170.4729428, 1526293170.484794, 1526293170.499512, 1526293170.5186028, 1526293170.5304906, 1526293170.555802, 1526293170.5706801, 1526293170.585296, 1526293170.6000066, 1526293170.6208332, 1526293170.6329374, 1526293170.6477516, 1526293170.6626527, 1526293170.6772656, 1526293170.689343, 1526293170.7039008, 1526293170.7175076, 1526293170.7290802, 1526293170.7435179, 1526293170.7580163, 1526293170.7729275, 1526293170.7849264, 1526293170.806012, 1526293170.822803, 1526293170.8374767, 1526293170.8492064, 1526293170.869978, 1526293170.884721, 1526293170.906224, 1526293170.9209566, 1526293170.9416745, 1526293170.9627044, 1526293170.9776077, 1526293170.996481, 1526293171.013231, 1526293171.028365, 1526293171.042935, 1526293171.0577261, 1526293171.0733118, 1526293171.085303, 1526293171.1061473, 1526293171.1206186, 1526293171.1346686, 1526293171.150232, 1526293171.1627011, 1526293171.1759045, 1526293171.1907992, 1526293171.2053103, 1526293171.2197576, 1526293171.233054, 1526293171.2457814, 1526293171.2584786, 1526293171.2749038, 1526293171.2896807, 1526293171.302026, 1526293171.3182976, 1526293171.3304636, 1526293171.3453047, 1526293171.3601258, 1526293171.3751788, 1526293171.3899589, 1526293171.4109752, 1526293171.4255602, 1526293171.4404945, 1526293171.4528525, 1526293171.46787, 1526293171.482288, 1526293171.5031798, 1526293171.5238407, 1526293171.5386217, 1526293171.5551972, 1526293171.5724359, 1526293171.5870907, 1526293171.6088579], "episode_lengths": [107, 116, 92, 103, 106, 177, 84, 107, 115, 105, 152, 105, 85, 105, 107, 106, 106, 114, 152, 90, 84, 95, 105, 107, 102, 106, 150, 86, 106, 138, 85, 183, 105, 105, 106, 150, 88, 106, 106, 105, 87, 105, 99, 84, 105, 105, 107, 86, 152, 123, 106, 85, 148, 106, 153, 106, 150, 151, 107, 105, 103, 106, 105, 106, 112, 86, 150, 105, 101, 106, 84, 90, 106, 105, 105, 97, 93, 92, 119, 106, 88, 107, 86, 106, 106, 107, 105, 151, 105, 106, 89, 106, 104, 149, 146, 105, 119, 123, 105, 137], "episode_rewards": [-107.0, -116.0, -92.0, -103.0, -106.0, -177.0, -84.0, -107.0, -115.0, -105.0, -152.0, -105.0, -85.0, -105.0, -107.0, -106.0, -106.0, -114.0, -152.0, -90.0, -84.0, -95.0, -105.0, -107.0, -102.0, -106.0, -150.0, -86.0, -106.0, -138.0, -85.0, -183.0, -105.0, -105.0, -106.0, -150.0, -88.0, -106.0, -106.0, -105.0, -87.0, -105.0, -99.0, -84.0, -105.0, -105.0, -107.0, -86.0, -152.0, -123.0, -106.0, -85.0, -148.0, -106.0, -153.0, -106.0, -150.0, -151.0, -107.0, -105.0, -103.0, -106.0, -105.0, -106.0, -112.0, -86.0, -150.0, -105.0, -101.0, -106.0, -84.0, -90.0, -106.0, -105.0, -105.0, -97.0, -93.0, -92.0, -119.0, -106.0, -88.0, -107.0, -86.0, -106.0, -106.0, -107.0, -105.0, -151.0, -105.0, -106.0, -89.0, -106.0, -104.0, -149.0, -146.0, -105.0, -119.0, -123.0, -105.0, -137.0], "episode_types": ["t", "t", "t", "t", "t", "t", "t", "t", "t", "t", "t", "t", "t", "t", "t", "t", "t", "t", "t", "t", "t", "t", "t", "t", "t", "t", "t", "t", "t", "t", "t", "t", "t", "t", "t", "t", "t", "t", "t", "t", "t", "t", "t", "t", "t", "t", "t", "t", "t", "t", "t", "t", "t", "t", "t", "t", "t", "t", "t", "t", "t", "t", "t", "t", "t", "t", "t", "t", "t", "t", "t", "t", "t", "t", "t", "t", "t", "t", "t", "t", "t", "t", "t", "t", "t", "t", "t", "t", "t", "t", "t", "t", "t", "t", "t", "t", "t", "t", "t", "t"], "initial_reset_timestamp": 1526293168.180935}