{"timestamps": [1526324180.3640914, 1526324180.6974835, 1526324180.7407455, 1526324180.780525, 1526324180.8149009, 1526324180.8550773, 1526324180.8989737, 1526324180.9472854, 1526324181.0255208, 1526324181.0707378, 1526324181.1412368, 1526324181.1914492, 1526324181.2366252, 1526324181.2768335, 1526324181.3191066, 1526324181.3804946, 1526324181.4392605, 1526324181.4981375, 1526324181.5463862, 1526324181.593376, 1526324181.685571, 1526324181.7626214, 1526324181.8376281, 1526324181.8795247, 1526324181.9304981, 1526324181.9745343, 1526324182.0355608, 1526324182.0709836, 1526324182.1250312, 1526324182.169292, 1526324182.2102559, 1526324182.252329, 1526324182.3119187, 1526324182.3549829, 1526324182.4027638, 1526324182.4472091, 1526324182.4875045, 1526324182.528572, 1526324182.5697782, 1526324182.6589005, 1526324182.7217505, 1526324182.7658324, 1526324182.7999413, 1526324182.845383, 1526324182.910581, 1526324182.964804, 1526324183.014518, 1526324183.065602, 1526324183.1146438, 1526324183.155954, 1526324183.2001417, 1526324183.2389584, 1526324183.2857382, 1526324183.3282495, 1526324183.3632562, 1526324183.4126453, 1526324183.4603589, 1526324183.5036216, 1526324183.576389, 1526324183.6545715, 1526324183.7438092, 1526324183.8029191, 1526324183.8495982, 1526324183.8972647, 1526324183.946527, 1526324184.0289562, 1526324184.0801032, 1526324184.1288733, 1526324184.184632, 1526324184.2361546, 1526324184.3032055, 1526324184.4003844, 1526324184.446522, 1526324184.517205, 1526324184.607391, 1526324184.676113, 1526324184.7499948, 1526324184.8458567, 1526324184.8945825, 1526324184.93287, 1526324184.9694252, 1526324185.0074093, 1526324185.0720742, 1526324185.1222084, 1526324185.1690068, 1526324185.2113376, 1526324185.2709703, 1526324185.3260996, 1526324185.3837848, 1526324185.4266765, 1526324185.4689364, 1526324185.5036457, 1526324185.5406067, 1526324185.6158977, 1526324185.6909451, 1526324185.7417722, 1526324185.8039322, 1526324185.8670819, 1526324185.9328322, 1526324185.9914653], "episode_lengths": [107, 88, 105, 93, 88, 96, 105, 107, 96, 105, 154, 96, 105, 105, 105, 151, 150, 155, 107, 116, 151, 107, 155, 106, 106, 105, 150, 88, 107, 106, 107, 109, 155, 105, 105, 105, 105, 106, 105, 161, 154, 89, 89, 85, 105, 106, 105, 105, 94, 92, 105, 91, 107, 84, 84, 119, 109, 105, 152, 105, 116, 105, 107, 107, 106, 106, 114, 105, 107, 107, 150, 156, 85, 150, 106, 96, 105, 105, 106, 97, 90, 84, 156, 106, 106, 105, 156, 103, 105, 85, 89, 87, 95, 105, 105, 105, 105, 150, 158, 151], "episode_rewards": [-107.0, -88.0, -105.0, -93.0, -88.0, -96.0, -105.0, -107.0, -96.0, -105.0, -154.0, -96.0, -105.0, -105.0, -105.0, -151.0, -150.0, -155.0, -107.0, -116.0, -151.0, -107.0, -155.0, -106.0, -106.0, -105.0, -150.0, -88.0, -107.0, -106.0, -107.0, -109.0, -155.0, -105.0, -105.0, -105.0, -105.0, -106.0, -105.0, -161.0, -154.0, -89.0, -89.0, -85.0, -105.0, -106.0, -105.0, -105.0, -94.0, -92.0, -105.0, -91.0, -107.0, -84.0, -84.0, -119.0, -109.0, -105.0, -152.0, -105.0, -116.0, -105.0, -107.0, -107.0, -106.0, -106.0, -114.0, -105.0, -107.0, -107.0, -150.0, -156.0, -85.0, -150.0, -106.0, -96.0, -105.0, -105.0, -106.0, -97.0, -90.0, -84.0, -156.0, -106.0, -106.0, -105.0, -156.0, -103.0, -105.0, -85.0, -89.0, -87.0, -95.0, -105.0, -105.0, -105.0, -105.0, -150.0, -158.0, -151.0], "episode_types": ["t", "t", "t", "t", "t", "t", "t", "t", "t", "t", "t", "t", "t", "t", "t", "t", "t", "t", "t", "t", "t", "t", "t", "t", "t", "t", "t", "t", "t", "t", "t", "t", "t", "t", "t", "t", "t", "t", "t", "t", "t", "t", "t", "t", "t", "t", "t", "t", "t", "t", "t", "t", "t", "t", "t", "t", "t", "t", "t", "t", "t", "t", "t", "t", "t", "t", "t", "t", "t", "t", "t", "t", "t", "t", "t", "t", "t", "t", "t", "t", "t", "t", "t", "t", "t", "t", "t", "t", "t", "t", "t", "t", "t", "t", "t", "t", "t", "t", "t", "t"], "initial_reset_timestamp": 1526324176.9559302}