{"timestamps": [1526297366.7455847, 1526297367.0407157, 1526297367.0816705, 1526297367.1216252, 1526297367.1623716, 1526297367.201497, 1526297367.2412498, 1526297367.2799814, 1526297367.3288221, 1526297367.3685343, 1526297367.3999214, 1526297367.4315662, 1526297367.4630659, 1526297367.503373, 1526297367.54315, 1526297367.574876, 1526297367.6128612, 1526297367.6448312, 1526297367.6837626, 1526297367.722126, 1526297367.761504, 1526297367.8007314, 1526297367.861834, 1526297367.9167297, 1526297367.9568088, 1526297367.9957857, 1526297368.0348506, 1526297368.070299, 1526297368.1090581, 1526297368.1493556, 1526297368.1907477, 1526297368.2234738, 1526297368.263568, 1526297368.2954166, 1526297368.3346648, 1526297368.36909, 1526297368.4123442, 1526297368.4516766, 1526297368.4917922, 1526297368.5317707, 1526297368.5706944, 1526297368.6035576, 1526297368.6434543, 1526297368.682921, 1526297368.7219603, 1526297368.7609732, 1526297368.7932966, 1526297368.8694463, 1526297368.9130366, 1526297368.948718, 1526297368.9824007, 1526297369.022782, 1526297369.0619545, 1526297369.1042192, 1526297369.1450164, 1526297369.1797302, 1526297369.2183633, 1526297369.2581663, 1526297369.2970479, 1526297369.3318818, 1526297369.363498, 1526297369.403086, 1526297369.4348776, 1526297369.470001, 1526297369.5090063, 1526297369.543899, 1526297369.58304, 1526297369.6221488, 1526297369.664181, 1526297369.7038193, 1526297369.743522, 1526297369.7749064, 1526297369.8155606, 1526297369.8746953, 1526297369.9159744, 1526297369.9549797, 1526297369.9951093, 1526297370.027231, 1526297370.0666504, 1526297370.1057553, 1526297370.1448197, 1526297370.1793087, 1526297370.218698, 1526297370.2582438, 1526297370.2893386, 1526297370.3293893, 1526297370.3689268, 1526297370.4040313, 1526297370.4456694, 1526297370.4888978, 1526297370.520854, 1526297370.5543087, 1526297370.593736, 1526297370.6318314, 1526297370.6769278, 1526297370.715198, 1526297370.7495353, 1526297370.7878706, 1526297370.8654914, 1526297370.9267225], "episode_lengths": [105, 93, 106, 106, 107, 105, 105, 103, 106, 103, 84, 84, 85, 109, 107, 86, 103, 85, 105, 103, 107, 105, 121, 84, 105, 103, 103, 94, 103, 104, 107, 85, 107, 86, 105, 93, 115, 104, 106, 105, 105, 89, 107, 105, 105, 105, 86, 103, 105, 92, 89, 107, 104, 114, 106, 93, 103, 106, 104, 93, 85, 106, 84, 92, 97, 93, 105, 105, 113, 107, 107, 85, 107, 106, 108, 104, 107, 86, 106, 106, 104, 93, 105, 105, 84, 107, 105, 93, 106, 104, 85, 90, 107, 103, 122, 103, 93, 103, 117, 105], "episode_rewards": [-105.0, -93.0, -106.0, -106.0, -107.0, -105.0, -105.0, -103.0, -106.0, -103.0, -84.0, -84.0, -85.0, -109.0, -107.0, -86.0, -103.0, -85.0, -105.0, -103.0, -107.0, -105.0, -121.0, -84.0, -105.0, -103.0, -103.0, -94.0, -103.0, -104.0, -107.0, -85.0, -107.0, -86.0, -105.0, -93.0, -115.0, -104.0, -106.0, -105.0, -105.0, -89.0, -107.0, -105.0, -105.0, -105.0, -86.0, -103.0, -105.0, -92.0, -89.0, -107.0, -104.0, -114.0, -106.0, -93.0, -103.0, -106.0, -104.0, -93.0, -85.0, -106.0, -84.0, -92.0, -97.0, -93.0, -105.0, -105.0, -113.0, -107.0, -107.0, -85.0, -107.0, -106.0, -108.0, -104.0, -107.0, -86.0, -106.0, -106.0, -104.0, -93.0, -105.0, -105.0, -84.0, -107.0, -105.0, -93.0, -106.0, -104.0, -85.0, -90.0, -107.0, -103.0, -122.0, -103.0, -93.0, -103.0, -117.0, -105.0], "episode_types": ["t", "t", "t", "t", "t", "t", "t", "t", "t", "t", "t", "t", "t", "t", "t", "t", "t", "t", "t", "t", "t", "t", "t", "t", "t", "t", "t", "t", "t", "t", "t", "t", "t", "t", "t", "t", "t", "t", "t", "t", "t", "t", "t", "t", "t", "t", "t", "t", "t", "t", "t", "t", "t", "t", "t", "t", "t", "t", "t", "t", "t", "t", "t", "t", "t", "t", "t", "t", "t", "t", "t", "t", "t", "t", "t", "t", "t", "t", "t", "t", "t", "t", "t", "t", "t", "t", "t", "t", "t", "t", "t", "t", "t", "t", "t", "t", "t", "t", "t", "t"], "initial_reset_timestamp": 1526297363.6986442}