{"timestamps": [1526342621.8876262, 1526342622.155809, 1526342622.2035258, 1526342622.2347615, 1526342622.2741563, 1526342622.3086195, 1526342622.3423378, 1526342622.3813941, 1526342622.4165542, 1526342622.4794607, 1526342622.5380046, 1526342622.601252, 1526342622.6587834, 1526342622.7145538, 1526342622.7540622, 1526342622.7866275, 1526342622.826715, 1526342622.8587987, 1526342622.895686, 1526342622.927179, 1526342622.9668033, 1526342623.006579, 1526342623.0455108, 1526342623.0862763, 1526342623.125822, 1526342623.166301, 1526342623.2014775, 1526342623.2415593, 1526342623.2727094, 1526342623.313429, 1526342623.3520868, 1526342623.3914747, 1526342623.4338615, 1526342623.494493, 1526342623.5567784, 1526342623.5978873, 1526342623.6429477, 1526342623.6844609, 1526342623.730997, 1526342623.7914338, 1526342623.8322551, 1526342623.866222, 1526342623.9026957, 1526342623.942751, 1526342623.9822145, 1526342624.0219157, 1526342624.0562847, 1526342624.091868, 1526342624.1272762, 1526342624.1673055, 1526342624.2128875, 1526342624.25233, 1526342624.290652, 1526342624.3306882, 1526342624.3647747, 1526342624.398773, 1526342624.4321811, 1526342624.4642239, 1526342624.5049748, 1526342624.5612714, 1526342624.6040444, 1526342624.637601, 1526342624.6723194, 1526342624.705784, 1526342624.745955, 1526342624.7895033, 1526342624.829875, 1526342624.8698614, 1526342624.9103224, 1526342624.9426517, 1526342624.979227, 1526342625.0185213, 1526342625.0554454, 1526342625.0954106, 1526342625.127168, 1526342625.159709, 1526342625.190928, 1526342625.229993, 1526342625.264198, 1526342625.3031285, 1526342625.3357732, 1526342625.3767028, 1526342625.4098268, 1526342625.4492242, 1526342625.5122955, 1526342625.5809157, 1526342625.621511, 1526342625.6632094, 1526342625.703029, 1526342625.7434373, 1526342625.7825503, 1526342625.822744, 1526342625.862886, 1526342625.9033744, 1526342625.9439442, 1526342625.9854693, 1526342626.0259318, 1526342626.0654018, 1526342626.1059937, 1526342626.1474125], "episode_lengths": [93, 84, 105, 85, 107, 93, 92, 105, 93, 118, 91, 106, 106, 105, 104, 85, 106, 86, 98, 84, 106, 106, 104, 106, 105, 107, 93, 104, 85, 105, 104, 105, 96, 85, 105, 105, 106, 105, 84, 105, 104, 86, 93, 107, 106, 105, 93, 97, 94, 105, 107, 105, 104, 107, 92, 91, 89, 87, 104, 84, 85, 87, 92, 89, 106, 106, 104, 105, 105, 87, 99, 106, 96, 107, 85, 85, 85, 105, 93, 105, 88, 107, 89, 104, 105, 105, 106, 107, 105, 106, 104, 107, 105, 104, 107, 112, 106, 105, 105, 106], "episode_rewards": [-93.0, -84.0, -105.0, -85.0, -107.0, -93.0, -92.0, -105.0, -93.0, -118.0, -91.0, -106.0, -106.0, -105.0, -104.0, -85.0, -106.0, -86.0, -98.0, -84.0, -106.0, -106.0, -104.0, -106.0, -105.0, -107.0, -93.0, -104.0, -85.0, -105.0, -104.0, -105.0, -96.0, -85.0, -105.0, -105.0, -106.0, -105.0, -84.0, -105.0, -104.0, -86.0, -93.0, -107.0, -106.0, -105.0, -93.0, -97.0, -94.0, -105.0, -107.0, -105.0, -104.0, -107.0, -92.0, -91.0, -89.0, -87.0, -104.0, -84.0, -85.0, -87.0, -92.0, -89.0, -106.0, -106.0, -104.0, -105.0, -105.0, -87.0, -99.0, -106.0, -96.0, -107.0, -85.0, -85.0, -85.0, -105.0, -93.0, -105.0, -88.0, -107.0, -89.0, -104.0, -105.0, -105.0, -106.0, -107.0, -105.0, -106.0, -104.0, -107.0, -105.0, -104.0, -107.0, -112.0, -106.0, -105.0, -105.0, -106.0], "episode_types": ["t", "t", "t", "t", "t", "t", "t", "t", "t", "t", "t", "t", "t", "t", "t", "t", "t", "t", "t", "t", "t", "t", "t", "t", "t", "t", "t", "t", "t", "t", "t", "t", "t", "t", "t", "t", "t", "t", "t", "t", "t", "t", "t", "t", "t", "t", "t", "t", "t", "t", "t", "t", "t", "t", "t", "t", "t", "t", "t", "t", "t", "t", "t", "t", "t", "t", "t", "t", "t", "t", "t", "t", "t", "t", "t", "t", "t", "t", "t", "t", "t", "t", "t", "t", "t", "t", "t", "t", "t", "t", "t", "t", "t", "t", "t", "t", "t", "t", "t", "t"], "initial_reset_timestamp": 1526342619.1743119}