{"timestamps": [1526312085.7919986, 1526312086.10432, 1526312086.2051134, 1526312086.2730708, 1526312086.313197, 1526312086.3478212, 1526312086.3812988, 1526312086.421034, 1526312086.4648938, 1526312086.5046124, 1526312086.5461843, 1526312086.585378, 1526312086.6244497, 1526312086.6645355, 1526312086.704028, 1526312086.7429743, 1526312086.8039954, 1526312086.8512328, 1526312086.9174857, 1526312086.9809232, 1526312087.0287585, 1526312087.0690408, 1526312087.1108172, 1526312087.1429472, 1526312087.176386, 1526312087.2167287, 1526312087.25805, 1526312087.2952268, 1526312087.3497128, 1526312087.4119668, 1526312087.4525175, 1526312087.5084078, 1526312087.5667777, 1526312087.6067357, 1526312087.6406949, 1526312087.7009916, 1526312087.7408926, 1526312087.7814343, 1526312087.8315063, 1526312087.9054544, 1526312087.9783113, 1526312088.0210433, 1526312088.060102, 1526312088.1067488, 1526312088.1549082, 1526312088.1871526, 1526312088.2287223, 1526312088.2633789, 1526312088.2967823, 1526312088.3395803, 1526312088.3755467, 1526312088.4432669, 1526312088.4839234, 1526312088.5163655, 1526312088.550353, 1526312088.5832286, 1526312088.6235437, 1526312088.6638598, 1526312088.6964426, 1526312088.7348545, 1526312088.767201, 1526312088.7985978, 1526312088.8322768, 1526312088.9112432, 1526312088.9701214, 1526312089.0525982, 1526312089.1043212, 1526312089.144404, 1526312089.2067277, 1526312089.2465248, 1526312089.2801778, 1526312089.3200462, 1526312089.3597658, 1526312089.398322, 1526312089.4754004, 1526312089.5119143, 1526312089.5707378, 1526312089.6497846, 1526312089.7222078, 1526312089.7553828, 1526312089.795276, 1526312089.8321497, 1526312089.880786, 1526312089.9634032, 1526312090.0362434, 1526312090.1001809, 1526312090.144209, 1526312090.1963432, 1526312090.2640727, 1526312090.3030014, 1526312090.342935, 1526312090.404368, 1526312090.4740276, 1526312090.5404708, 1526312090.6268492, 1526312090.6705701, 1526312090.7125854, 1526312090.753063, 1526312090.8168752, 1526312090.8812854], "episode_lengths": [107, 106, 166, 163, 105, 93, 88, 105, 107, 105, 106, 105, 105, 106, 105, 105, 156, 84, 106, 165, 127, 106, 109, 84, 87, 105, 106, 94, 106, 105, 107, 96, 105, 106, 87, 157, 106, 107, 118, 105, 151, 109, 105, 126, 127, 84, 106, 85, 84, 105, 86, 165, 106, 86, 91, 88, 107, 106, 88, 104, 86, 84, 85, 153, 153, 152, 109, 105, 165, 105, 89, 106, 105, 104, 165, 94, 105, 105, 151, 88, 106, 96, 106, 152, 151, 105, 105, 105, 106, 95, 96, 84, 153, 152, 150, 109, 106, 105, 161, 95], "episode_rewards": [-107.0, -106.0, -166.0, -163.0, -105.0, -93.0, -88.0, -105.0, -107.0, -105.0, -106.0, -105.0, -105.0, -106.0, -105.0, -105.0, -156.0, -84.0, -106.0, -165.0, -127.0, -106.0, -109.0, -84.0, -87.0, -105.0, -106.0, -94.0, -106.0, -105.0, -107.0, -96.0, -105.0, -106.0, -87.0, -157.0, -106.0, -107.0, -118.0, -105.0, -151.0, -109.0, -105.0, -126.0, -127.0, -84.0, -106.0, -85.0, -84.0, -105.0, -86.0, -165.0, -106.0, -86.0, -91.0, -88.0, -107.0, -106.0, -88.0, -104.0, -86.0, -84.0, -85.0, -153.0, -153.0, -152.0, -109.0, -105.0, -165.0, -105.0, -89.0, -106.0, -105.0, -104.0, -165.0, -94.0, -105.0, -105.0, -151.0, -88.0, -106.0, -96.0, -106.0, -152.0, -151.0, -105.0, -105.0, -105.0, -106.0, -95.0, -96.0, -84.0, -153.0, -152.0, -150.0, -109.0, -106.0, -105.0, -161.0, -95.0], "episode_types": ["t", "t", "t", "t", "t", "t", "t", "t", "t", "t", "t", "t", "t", "t", "t", "t", "t", "t", "t", "t", "t", "t", "t", "t", "t", "t", "t", "t", "t", "t", "t", "t", "t", "t", "t", "t", "t", "t", "t", "t", "t", "t", "t", "t", "t", "t", "t", "t", "t", "t", "t", "t", "t", "t", "t", "t", "t", "t", "t", "t", "t", "t", "t", "t", "t", "t", "t", "t", "t", "t", "t", "t", "t", "t", "t", "t", "t", "t", "t", "t", "t", "t", "t", "t", "t", "t", "t", "t", "t", "t", "t", "t", "t", "t", "t", "t", "t", "t", "t", "t"], "initial_reset_timestamp": 1526312082.7821171}