{"timestamps": [1526290845.2446358, 1526290845.4976034, 1526290845.5411515, 1526290845.5785918, 1526290845.6188326, 1526290845.6645153, 1526290845.7174683, 1526290845.7586162, 1526290845.7981086, 1526290845.8412688, 1526290845.8756404, 1526290845.9168448, 1526290845.9580553, 1526290846.0043325, 1526290846.0597, 1526290846.0946665, 1526290846.13415, 1526290846.1716063, 1526290846.217895, 1526290846.2577581, 1526290846.298213, 1526290846.3563278, 1526290846.4036257, 1526290846.448, 1526290846.4882104, 1526290846.5268397, 1526290846.5723488, 1526290846.6127017, 1526290846.647103, 1526290846.6916406, 1526290846.7317476, 1526290846.764686, 1526290846.8043814, 1526290846.8481007, 1526290846.8844693, 1526290846.9331284, 1526290846.9739668, 1526290847.01333, 1526290847.0581365, 1526290847.0967798, 1526290847.1314416, 1526290847.1668408, 1526290847.2179852, 1526290847.2638946, 1526290847.315478, 1526290847.372185, 1526290847.4086258, 1526290847.4530118, 1526290847.5306873, 1526290847.5820594, 1526290847.6225135, 1526290847.6569936, 1526290847.6959987, 1526290847.7505832, 1526290847.788869, 1526290847.827945, 1526290847.8889668, 1526290847.921563, 1526290847.9610126, 1526290847.9924042, 1526290848.0565627, 1526290848.0909467, 1526290848.1295223, 1526290848.167933, 1526290848.2079709, 1526290848.2415526, 1526290848.2723856, 1526290848.3177104, 1526290848.3645616, 1526290848.40741, 1526290848.4394777, 1526290848.477783, 1526290848.5169907, 1526290848.5646234, 1526290848.6042707, 1526290848.6396778, 1526290848.680231, 1526290848.723387, 1526290848.7648556, 1526290848.8085124, 1526290848.8526046, 1526290848.8931007, 1526290848.9267933, 1526290848.9606097, 1526290849.0010138, 1526290849.0391765, 1526290849.0761433, 1526290849.1120696, 1526290849.158566, 1526290849.1955287, 1526290849.2295752, 1526290849.273537, 1526290849.3251967, 1526290849.3750722, 1526290849.4125304, 1526290849.4627266, 1526290849.5062518, 1526290849.5456634, 1526290849.5889742, 1526290849.6285465], "episode_lengths": [107, 85, 84, 87, 109, 106, 115, 105, 106, 90, 91, 107, 106, 120, 105, 93, 105, 96, 106, 105, 106, 90, 90, 105, 107, 90, 114, 106, 91, 106, 105, 87, 106, 104, 95, 106, 106, 106, 123, 105, 95, 95, 106, 106, 110, 105, 95, 118, 199, 118, 91, 91, 105, 106, 92, 106, 106, 86, 106, 86, 174, 95, 105, 98, 106, 92, 84, 105, 106, 107, 86, 105, 107, 125, 107, 95, 105, 105, 106, 118, 106, 105, 90, 87, 86, 95, 86, 85, 105, 88, 88, 104, 107, 107, 89, 104, 105, 105, 105, 105], "episode_rewards": [-107.0, -85.0, -84.0, -87.0, -109.0, -106.0, -115.0, -105.0, -106.0, -90.0, -91.0, -107.0, -106.0, -120.0, -105.0, -93.0, -105.0, -96.0, -106.0, -105.0, -106.0, -90.0, -90.0, -105.0, -107.0, -90.0, -114.0, -106.0, -91.0, -106.0, -105.0, -87.0, -106.0, -104.0, -95.0, -106.0, -106.0, -106.0, -123.0, -105.0, -95.0, -95.0, -106.0, -106.0, -110.0, -105.0, -95.0, -118.0, -199.0, -118.0, -91.0, -91.0, -105.0, -106.0, -92.0, -106.0, -106.0, -86.0, -106.0, -86.0, -174.0, -95.0, -105.0, -98.0, -106.0, -92.0, -84.0, -105.0, -106.0, -107.0, -86.0, -105.0, -107.0, -125.0, -107.0, -95.0, -105.0, -105.0, -106.0, -118.0, -106.0, -105.0, -90.0, -87.0, -86.0, -95.0, -86.0, -85.0, -105.0, -88.0, -88.0, -104.0, -107.0, -107.0, -89.0, -104.0, -105.0, -105.0, -105.0, -105.0], "episode_types": ["t", "t", "t", "t", "t", "t", "t", "t", "t", "t", "t", "t", "t", "t", "t", "t", "t", "t", "t", "t", "t", "t", "t", "t", "t", "t", "t", "t", "t", "t", "t", "t", "t", "t", "t", "t", "t", "t", "t", "t", "t", "t", "t", "t", "t", "t", "t", "t", "t", "t", "t", "t", "t", "t", "t", "t", "t", "t", "t", "t", "t", "t", "t", "t", "t", "t", "t", "t", "t", "t", "t", "t", "t", "t", "t", "t", "t", "t", "t", "t", "t", "t", "t", "t", "t", "t", "t", "t", "t", "t", "t", "t", "t", "t", "t", "t", "t", "t", "t", "t"], "initial_reset_timestamp": 1526290842.1917043}