{"timestamps": [1526311637.810106, 1526311638.0600803, 1526311638.098648, 1526311638.131441, 1526311638.171714, 1526311638.2150764, 1526311638.2558372, 1526311638.299159, 1526311638.3405232, 1526311638.3840232, 1526311638.4412446, 1526311638.4813464, 1526311638.5477679, 1526311638.5797477, 1526311638.6373293, 1526311638.6845348, 1526311638.716842, 1526311638.780137, 1526311638.8215842, 1526311638.8559685, 1526311638.9211857, 1526311638.953912, 1526311639.0132818, 1526311639.0743818, 1526311639.1161246, 1526311639.1499953, 1526311639.2104914, 1526311639.2418838, 1526311639.275071, 1526311639.3067331, 1526311639.346406, 1526311639.3987038, 1526311639.5118701, 1526311639.5530765, 1526311639.5880692, 1526311639.6482801, 1526311639.7138104, 1526311639.775347, 1526311639.8306837, 1526311639.8717515, 1526311639.9430397, 1526311639.9762175, 1526311640.0301116, 1526311640.0778913, 1526311640.1130385, 1526311640.1543064, 1526311640.2134717, 1526311640.2490525, 1526311640.3203487, 1526311640.3947988, 1526311640.430549, 1526311640.4762788, 1526311640.527488, 1526311640.5844276, 1526311640.6257045, 1526311640.6800103, 1526311640.7363846, 1526311640.798837, 1526311640.8621016, 1526311640.9020424, 1526311640.9367468, 1526311640.979012, 1526311641.0162086, 1526311641.05825, 1526311641.0988877, 1526311641.1476579, 1526311641.1889596, 1526311641.2545738, 1526311641.2880938, 1526311641.3276453, 1526311641.3611102, 1526311641.401372, 1526311641.4333873, 1526311641.4740245, 1526311641.5130622, 1526311641.552406, 1526311641.590344, 1526311641.6293516, 1526311641.6935296, 1526311641.7505631, 1526311641.8156016, 1526311641.8520942, 1526311641.917868, 1526311641.9596384, 1526311641.9960067, 1526311642.0411274, 1526311642.0818648, 1526311642.1545014, 1526311642.1946802, 1526311642.2607124, 1526311642.303312, 1526311642.345112, 1526311642.3808393, 1526311642.421663, 1526311642.4592345, 1526311642.4928806, 1526311642.5324116, 1526311642.5733173, 1526311642.604473, 1526311642.6627374], "episode_lengths": [89, 106, 104, 85, 103, 106, 105, 106, 106, 105, 152, 106, 177, 86, 153, 107, 83, 105, 106, 89, 173, 86, 119, 105, 106, 89, 164, 84, 90, 85, 105, 109, 175, 106, 85, 84, 126, 106, 105, 106, 173, 87, 105, 84, 84, 106, 152, 85, 175, 105, 86, 123, 106, 85, 105, 109, 89, 93, 143, 105, 91, 106, 90, 106, 104, 120, 106, 176, 90, 105, 89, 109, 86, 106, 106, 105, 103, 106, 162, 106, 105, 84, 173, 105, 85, 106, 104, 168, 103, 169, 107, 105, 84, 106, 92, 84, 106, 107, 84, 154], "episode_rewards": [-89.0, -106.0, -104.0, -85.0, -103.0, -106.0, -105.0, -106.0, -106.0, -105.0, -152.0, -106.0, -177.0, -86.0, -153.0, -107.0, -83.0, -105.0, -106.0, -89.0, -173.0, -86.0, -119.0, -105.0, -106.0, -89.0, -164.0, -84.0, -90.0, -85.0, -105.0, -109.0, -175.0, -106.0, -85.0, -84.0, -126.0, -106.0, -105.0, -106.0, -173.0, -87.0, -105.0, -84.0, -84.0, -106.0, -152.0, -85.0, -175.0, -105.0, -86.0, -123.0, -106.0, -85.0, -105.0, -109.0, -89.0, -93.0, -143.0, -105.0, -91.0, -106.0, -90.0, -106.0, -104.0, -120.0, -106.0, -176.0, -90.0, -105.0, -89.0, -109.0, -86.0, -106.0, -106.0, -105.0, -103.0, -106.0, -162.0, -106.0, -105.0, -84.0, -173.0, -105.0, -85.0, -106.0, -104.0, -168.0, -103.0, -169.0, -107.0, -105.0, -84.0, -106.0, -92.0, -84.0, -106.0, -107.0, -84.0, -154.0], "episode_types": ["t", "t", "t", "t", "t", "t", "t", "t", "t", "t", "t", "t", "t", "t", "t", "t", "t", "t", "t", "t", "t", "t", "t", "t", "t", "t", "t", "t", "t", "t", "t", "t", "t", "t", "t", "t", "t", "t", "t", "t", "t", "t", "t", "t", "t", "t", "t", "t", "t", "t", "t", "t", "t", "t", "t", "t", "t", "t", "t", "t", "t", "t", "t", "t", "t", "t", "t", "t", "t", "t", "t", "t", "t", "t", "t", "t", "t", "t", "t", "t", "t", "t", "t", "t", "t", "t", "t", "t", "t", "t", "t", "t", "t", "t", "t", "t", "t", "t", "t", "t"], "initial_reset_timestamp": 1526311635.2714221}