{"timestamps": [1526286609.1675656, 1526286609.378636, 1526286609.4189935, 1526286609.459629, 1526286609.5013437, 1526286609.5425577, 1526286609.5832076, 1526286609.623226, 1526286609.6782324, 1526286609.722153, 1526286609.7556078, 1526286609.7926538, 1526286609.8292785, 1526286609.8699813, 1526286609.9315925, 1526286609.9718375, 1526286610.0072503, 1526286610.0477493, 1526286610.087811, 1526286610.1285756, 1526286610.1702094, 1526286610.211563, 1526286610.2442062, 1526286610.290202, 1526286610.349743, 1526286610.3835616, 1526286610.4234126, 1526286610.455177, 1526286610.5172126, 1526286610.5574224, 1526286610.5983732, 1526286610.6440756, 1526286610.6942294, 1526286610.7344732, 1526286610.7752259, 1526286610.8356853, 1526286610.8756268, 1526286610.9089897, 1526286610.9555125, 1526286610.9968088, 1526286611.0366876, 1526286611.0764987, 1526286611.1166358, 1526286611.1568635, 1526286611.190646, 1526286611.224334, 1526286611.257678, 1526286611.2978559, 1526286611.3376439, 1526286611.370401, 1526286611.4105332, 1526286611.4507737, 1526286611.4879577, 1526286611.528091, 1526286611.5771654, 1526286611.6175582, 1526286611.6695707, 1526286611.7151034, 1526286611.7551553, 1526286611.7961764, 1526286611.8285005, 1526286611.860871, 1526286611.9017882, 1526286611.9339225, 1526286611.9935493, 1526286612.0283375, 1526286612.0936832, 1526286612.1403983, 1526286612.1810267, 1526286612.2223616, 1526286612.2829041, 1526286612.3175063, 1526286612.350292, 1526286612.3899767, 1526286612.4294598, 1526286612.4690666, 1526286612.508968, 1526286612.5716562, 1526286612.6120346, 1526286612.6623883, 1526286612.7297342, 1526286612.7634575, 1526286612.8233843, 1526286612.8631551, 1526286612.9024704, 1526286612.941139, 1526286612.9801018, 1526286613.0188656, 1526286613.0553727, 1526286613.0886467, 1526286613.1286445, 1526286613.192557, 1526286613.2339966, 1526286613.2742558, 1526286613.3061411, 1526286613.3647287, 1526286613.396529, 1526286613.435905, 1526286613.4751968, 1526286613.5086708], "episode_lengths": [159, 105, 104, 104, 106, 106, 105, 105, 107, 105, 88, 96, 96, 105, 161, 104, 93, 107, 104, 106, 107, 106, 84, 105, 156, 88, 105, 84, 161, 105, 106, 119, 106, 105, 106, 161, 105, 84, 104, 108, 104, 104, 105, 104, 88, 88, 88, 105, 106, 86, 106, 106, 98, 105, 116, 104, 106, 105, 105, 106, 84, 85, 107, 85, 156, 91, 171, 123, 105, 106, 159, 90, 87, 105, 104, 105, 106, 165, 105, 106, 156, 89, 159, 106, 105, 104, 104, 104, 96, 86, 105, 166, 105, 105, 85, 157, 85, 105, 105, 90], "episode_rewards": [-159.0, -105.0, -104.0, -104.0, -106.0, -106.0, -105.0, -105.0, -107.0, -105.0, -88.0, -96.0, -96.0, -105.0, -161.0, -104.0, -93.0, -107.0, -104.0, -106.0, -107.0, -106.0, -84.0, -105.0, -156.0, -88.0, -105.0, -84.0, -161.0, -105.0, -106.0, -119.0, -106.0, -105.0, -106.0, -161.0, -105.0, -84.0, -104.0, -108.0, -104.0, -104.0, -105.0, -104.0, -88.0, -88.0, -88.0, -105.0, -106.0, -86.0, -106.0, -106.0, -98.0, -105.0, -116.0, -104.0, -106.0, -105.0, -105.0, -106.0, -84.0, -85.0, -107.0, -85.0, -156.0, -91.0, -171.0, -123.0, -105.0, -106.0, -159.0, -90.0, -87.0, -105.0, -104.0, -105.0, -106.0, -165.0, -105.0, -106.0, -156.0, -89.0, -159.0, -106.0, -105.0, -104.0, -104.0, -104.0, -96.0, -86.0, -105.0, -166.0, -105.0, -105.0, -85.0, -157.0, -85.0, -105.0, -105.0, -90.0], "episode_types": ["t", "t", "t", "t", "t", "t", "t", "t", "t", "t", "t", "t", "t", "t", "t", "t", "t", "t", "t", "t", "t", "t", "t", "t", "t", "t", "t", "t", "t", "t", "t", "t", "t", "t", "t", "t", "t", "t", "t", "t", "t", "t", "t", "t", "t", "t", "t", "t", "t", "t", "t", "t", "t", "t", "t", "t", "t", "t", "t", "t", "t", "t", "t", "t", "t", "t", "t", "t", "t", "t", "t", "t", "t", "t", "t", "t", "t", "t", "t", "t", "t", "t", "t", "t", "t", "t", "t", "t", "t", "t", "t", "t", "t", "t", "t", "t", "t", "t", "t", "t"], "initial_reset_timestamp": 1526286605.1064253}