{"timestamps": [1526312958.4164896, 1526312958.694381, 1526312958.7403288, 1526312958.772777, 1526312958.8128989, 1526312958.853534, 1526312958.8937495, 1526312958.934775, 1526312958.974541, 1526312959.020978, 1526312959.0796597, 1526312959.132288, 1526312959.1653519, 1526312959.2054, 1526312959.2474804, 1526312959.2893817, 1526312959.3300655, 1526312959.3696053, 1526312959.4028218, 1526312959.44298, 1526312959.4829452, 1526312959.5225961, 1526312959.5638793, 1526312959.6012197, 1526312959.643915, 1526312959.7459993, 1526312959.794944, 1526312959.8404675, 1526312959.8810194, 1526312959.9378383, 1526312959.9957166, 1526312960.0439157, 1526312960.1338794, 1526312960.1838896, 1526312960.2568872, 1526312960.3206475, 1526312960.3853223, 1526312960.4541, 1526312960.4888608, 1526312960.5214086, 1526312960.5621102, 1526312960.5988264, 1526312960.6463315, 1526312960.7102308, 1526312960.774087, 1526312960.8105438, 1526312960.843583, 1526312960.903295, 1526312960.9403405, 1526312960.9817731, 1526312961.0350616, 1526312961.0916634, 1526312961.1252003, 1526312961.166972, 1526312961.2264578, 1526312961.259473, 1526312961.2999783, 1526312961.3398747, 1526312961.3810062, 1526312961.4286544, 1526312961.487148, 1526312961.5275474, 1526312961.5692482, 1526312961.6094794, 1526312961.6498878, 1526312961.7090755, 1526312961.7696636, 1526312961.81028, 1526312961.8447194, 1526312961.886016, 1526312961.9222002, 1526312961.9603221, 1526312962.0356045, 1526312962.0931616, 1526312962.127267, 1526312962.1885095, 1526312962.226519, 1526312962.268202, 1526312962.303222, 1526312962.3613293, 1526312962.4345229, 1526312962.4752555, 1526312962.5174086, 1526312962.560812, 1526312962.594206, 1526312962.651682, 1526312962.7262018, 1526312962.7762554, 1526312962.8177006, 1526312962.8778641, 1526312962.9385874, 1526312962.9800167, 1526312963.0222757, 1526312963.0577476, 1526312963.103999, 1526312963.166804, 1526312963.237438, 1526312963.279894, 1526312963.319434, 1526312963.353092], "episode_lengths": [87, 158, 106, 85, 105, 106, 105, 105, 104, 123, 105, 89, 86, 105, 107, 105, 106, 105, 87, 106, 106, 106, 104, 85, 85, 149, 105, 113, 105, 150, 125, 89, 156, 107, 107, 156, 151, 105, 88, 87, 105, 96, 85, 84, 105, 84, 84, 155, 97, 105, 86, 105, 84, 104, 149, 86, 107, 107, 105, 128, 155, 106, 107, 108, 104, 105, 158, 107, 88, 104, 88, 96, 156, 93, 86, 149, 98, 106, 84, 147, 107, 105, 112, 106, 88, 105, 107, 105, 106, 154, 155, 105, 105, 90, 104, 85, 106, 89, 105, 86], "episode_rewards": [-87.0, -158.0, -106.0, -85.0, -105.0, -106.0, -105.0, -105.0, -104.0, -123.0, -105.0, -89.0, -86.0, -105.0, -107.0, -105.0, -106.0, -105.0, -87.0, -106.0, -106.0, -106.0, -104.0, -85.0, -85.0, -149.0, -105.0, -113.0, -105.0, -150.0, -125.0, -89.0, -156.0, -107.0, -107.0, -156.0, -151.0, -105.0, -88.0, -87.0, -105.0, -96.0, -85.0, -84.0, -105.0, -84.0, -84.0, -155.0, -97.0, -105.0, -86.0, -105.0, -84.0, -104.0, -149.0, -86.0, -107.0, -107.0, -105.0, -128.0, -155.0, -106.0, -107.0, -108.0, -104.0, -105.0, -158.0, -107.0, -88.0, -104.0, -88.0, -96.0, -156.0, -93.0, -86.0, -149.0, -98.0, -106.0, -84.0, -147.0, -107.0, -105.0, -112.0, -106.0, -88.0, -105.0, -107.0, -105.0, -106.0, -154.0, -155.0, -105.0, -105.0, -90.0, -104.0, -85.0, -106.0, -89.0, -105.0, -86.0], "episode_types": ["t", "t", "t", "t", "t", "t", "t", "t", "t", "t", "t", "t", "t", "t", "t", "t", "t", "t", "t", "t", "t", "t", "t", "t", "t", "t", "t", "t", "t", "t", "t", "t", "t", "t", "t", "t", "t", "t", "t", "t", "t", "t", "t", "t", "t", "t", "t", "t", "t", "t", "t", "t", "t", "t", "t", "t", "t", "t", "t", "t", "t", "t", "t", "t", "t", "t", "t", "t", "t", "t", "t", "t", "t", "t", "t", "t", "t", "t", "t", "t", "t", "t", "t", "t", "t", "t", "t", "t", "t", "t", "t", "t", "t", "t", "t", "t", "t", "t", "t", "t"], "initial_reset_timestamp": 1526312955.9534132}