{"timestamps": [1526302467.522494, 1526302467.7691224, 1526302467.8099842, 1526302467.8412044, 1526302467.8803334, 1526302467.9196107, 1526302467.9602938, 1526302468.0183764, 1526302468.055502, 1526302468.0982707, 1526302468.1382525, 1526302468.1931703, 1526302468.2270393, 1526302468.260224, 1526302468.3002934, 1526302468.340004, 1526302468.3795912, 1526302468.4204822, 1526302468.4527125, 1526302468.492628, 1526302468.5256238, 1526302468.5704486, 1526302468.6073182, 1526302468.6507335, 1526302468.6920226, 1526302468.726331, 1526302468.758497, 1526302468.794864, 1526302468.834224, 1526302468.8733697, 1526302468.907368, 1526302468.947563, 1526302469.0143101, 1526302469.0561516, 1526302469.0964603, 1526302469.129296, 1526302469.1752098, 1526302469.20787, 1526302469.2469685, 1526302469.2868466, 1526302469.3268173, 1526302469.3727908, 1526302469.4091465, 1526302469.4480088, 1526302469.4821236, 1526302469.5261755, 1526302469.5674539, 1526302469.607258, 1526302469.651113, 1526302469.6936595, 1526302469.732694, 1526302469.7793086, 1526302469.8203328, 1526302469.8603494, 1526302469.892988, 1526302469.932805, 1526302470.0028217, 1526302470.0509758, 1526302470.090569, 1526302470.129766, 1526302470.179725, 1526302470.219579, 1526302470.2586622, 1526302470.2988071, 1526302470.3344908, 1526302470.373851, 1526302470.4136937, 1526302470.445471, 1526302470.4841409, 1526302470.5282304, 1526302470.5729606, 1526302470.6131198, 1526302470.6520162, 1526302470.6926332, 1526302470.7320535, 1526302470.7649539, 1526302470.8048751, 1526302470.8446186, 1526302470.8758357, 1526302470.9156446, 1526302470.9693086, 1526302471.0284545, 1526302471.0608294, 1526302471.0956993, 1526302471.1360276, 1526302471.180259, 1526302471.2192926, 1526302471.2582915, 1526302471.2981603, 1526302471.330211, 1526302471.3666592, 1526302471.4006197, 1526302471.431936, 1526302471.4717047, 1526302471.5104954, 1526302471.5428686, 1526302471.574411, 1526302471.6152096, 1526302471.6608682, 1526302471.7009337], "episode_lengths": [106, 93, 106, 84, 105, 106, 107, 88, 85, 106, 106, 112, 90, 90, 105, 105, 105, 110, 85, 106, 89, 105, 92, 105, 105, 92, 87, 95, 105, 105, 91, 106, 106, 106, 106, 87, 107, 87, 105, 106, 106, 106, 96, 104, 92, 118, 110, 104, 104, 106, 105, 106, 105, 106, 87, 106, 93, 88, 106, 105, 106, 105, 105, 106, 95, 105, 106, 86, 104, 116, 105, 106, 91, 105, 106, 89, 106, 105, 84, 106, 94, 105, 86, 93, 106, 106, 105, 105, 106, 86, 85, 86, 84, 106, 104, 86, 84, 106, 105, 105], "episode_rewards": [-106.0, -93.0, -106.0, -84.0, -105.0, -106.0, -107.0, -88.0, -85.0, -106.0, -106.0, -112.0, -90.0, -90.0, -105.0, -105.0, -105.0, -110.0, -85.0, -106.0, -89.0, -105.0, -92.0, -105.0, -105.0, -92.0, -87.0, -95.0, -105.0, -105.0, -91.0, -106.0, -106.0, -106.0, -106.0, -87.0, -107.0, -87.0, -105.0, -106.0, -106.0, -106.0, -96.0, -104.0, -92.0, -118.0, -110.0, -104.0, -104.0, -106.0, -105.0, -106.0, -105.0, -106.0, -87.0, -106.0, -93.0, -88.0, -106.0, -105.0, -106.0, -105.0, -105.0, -106.0, -95.0, -105.0, -106.0, -86.0, -104.0, -116.0, -105.0, -106.0, -91.0, -105.0, -106.0, -89.0, -106.0, -105.0, -84.0, -106.0, -94.0, -105.0, -86.0, -93.0, -106.0, -106.0, -105.0, -105.0, -106.0, -86.0, -85.0, -86.0, -84.0, -106.0, -104.0, -86.0, -84.0, -106.0, -105.0, -105.0], "episode_types": ["t", "t", "t", "t", "t", "t", "t", "t", "t", "t", "t", "t", "t", "t", "t", "t", "t", "t", "t", "t", "t", "t", "t", "t", "t", "t", "t", "t", "t", "t", "t", "t", "t", "t", "t", "t", "t", "t", "t", "t", "t", "t", "t", "t", "t", "t", "t", "t", "t", "t", "t", "t", "t", "t", "t", "t", "t", "t", "t", "t", "t", "t", "t", "t", "t", "t", "t", "t", "t", "t", "t", "t", "t", "t", "t", "t", "t", "t", "t", "t", "t", "t", "t", "t", "t", "t", "t", "t", "t", "t", "t", "t", "t", "t", "t", "t", "t", "t", "t", "t"], "initial_reset_timestamp": 1526302464.5325515}