{"timestamps": [1526289125.9485087, 1526289126.182429, 1526289126.2211254, 1526289126.2771657, 1526289126.3234034, 1526289126.362406, 1526289126.393509, 1526289126.43203, 1526289126.4697347, 1526289126.546275, 1526289126.5942876, 1526289126.6336474, 1526289126.6686003, 1526289126.7041469, 1526289126.7363136, 1526289126.7913764, 1526289126.8304272, 1526289126.8689976, 1526289126.9075668, 1526289126.9384809, 1526289126.9770195, 1526289127.0133343, 1526289127.046592, 1526289127.0891314, 1526289127.1215942, 1526289127.159146, 1526289127.197721, 1526289127.2318895, 1526289127.2648535, 1526289127.3034785, 1526289127.335015, 1526289127.3722115, 1526289127.40715, 1526289127.445801, 1526289127.479931, 1526289127.5310702, 1526289127.5798008, 1526289127.621321, 1526289127.6602056, 1526289127.7274504, 1526289127.7664456, 1526289127.8006945, 1526289127.8394654, 1526289127.8730583, 1526289127.9147348, 1526289127.9532828, 1526289128.0121653, 1526289128.0516202, 1526289128.0904386, 1526289128.129525, 1526289128.1730773, 1526289128.204962, 1526289128.2375343, 1526289128.2689848, 1526289128.3047204, 1526289128.343739, 1526289128.3882484, 1526289128.4459996, 1526289128.5192, 1526289128.5672162, 1526289128.6076658, 1526289128.6391282, 1526289128.6778038, 1526289128.7510993, 1526289128.7897887, 1526289128.8574996, 1526289128.888108, 1526289128.926382, 1526289128.9648418, 1526289129.015848, 1526289129.0512931, 1526289129.083864, 1526289129.1250234, 1526289129.1641402, 1526289129.1953585, 1526289129.2342029, 1526289129.3066225, 1526289129.34511, 1526289129.3838022, 1526289129.4174848, 1526289129.4561071, 1526289129.5079498, 1526289129.5821986, 1526289129.6212087, 1526289129.660306, 1526289129.698835, 1526289129.737509, 1526289129.76866, 1526289129.8071573, 1526289129.8557239, 1526289129.8973675, 1526289129.9376268, 1526289129.9758904, 1526289130.0166276, 1526289130.0521116, 1526289130.0906293, 1526289130.129396, 1526289130.1674552, 1526289130.2064178, 1526289130.2454257], "episode_lengths": [89, 181, 105, 154, 118, 106, 86, 105, 104, 154, 104, 105, 94, 92, 86, 150, 106, 105, 105, 84, 105, 87, 91, 106, 84, 103, 105, 93, 91, 106, 87, 103, 96, 105, 93, 105, 105, 106, 105, 182, 106, 93, 105, 92, 105, 105, 150, 106, 106, 105, 119, 86, 89, 86, 85, 106, 123, 158, 157, 105, 106, 84, 106, 183, 106, 188, 84, 105, 106, 125, 96, 86, 106, 106, 86, 105, 200, 105, 106, 92, 105, 123, 182, 106, 106, 106, 106, 86, 106, 134, 106, 105, 105, 105, 97, 106, 106, 104, 107, 106], "episode_rewards": [-89.0, -181.0, -105.0, -154.0, -118.0, -106.0, -86.0, -105.0, -104.0, -154.0, -104.0, -105.0, -94.0, -92.0, -86.0, -150.0, -106.0, -105.0, -105.0, -84.0, -105.0, -87.0, -91.0, -106.0, -84.0, -103.0, -105.0, -93.0, -91.0, -106.0, -87.0, -103.0, -96.0, -105.0, -93.0, -105.0, -105.0, -106.0, -105.0, -182.0, -106.0, -93.0, -105.0, -92.0, -105.0, -105.0, -150.0, -106.0, -106.0, -105.0, -119.0, -86.0, -89.0, -86.0, -85.0, -106.0, -123.0, -158.0, -157.0, -105.0, -106.0, -84.0, -106.0, -183.0, -106.0, -188.0, -84.0, -105.0, -106.0, -125.0, -96.0, -86.0, -106.0, -106.0, -86.0, -105.0, -200.0, -105.0, -106.0, -92.0, -105.0, -123.0, -182.0, -106.0, -106.0, -106.0, -106.0, -86.0, -106.0, -134.0, -106.0, -105.0, -105.0, -105.0, -97.0, -106.0, -106.0, -104.0, -107.0, -106.0], "episode_types": ["t", "t", "t", "t", "t", "t", "t", "t", "t", "t", "t", "t", "t", "t", "t", "t", "t", "t", "t", "t", "t", "t", "t", "t", "t", "t", "t", "t", "t", "t", "t", "t", "t", "t", "t", "t", "t", "t", "t", "t", "t", "t", "t", "t", "t", "t", "t", "t", "t", "t", "t", "t", "t", "t", "t", "t", "t", "t", "t", "t", "t", "t", "t", "t", "t", "t", "t", "t", "t", "t", "t", "t", "t", "t", "t", "t", "t", "t", "t", "t", "t", "t", "t", "t", "t", "t", "t", "t", "t", "t", "t", "t", "t", "t", "t", "t", "t", "t", "t", "t"], "initial_reset_timestamp": 1526289123.7068229}