{"timestamps": [1526288225.54207, 1526288225.8370974, 1526288225.8844287, 1526288225.9435258, 1526288225.990522, 1526288226.038754, 1526288226.075743, 1526288226.1172893, 1526288226.1655395, 1526288226.2091658, 1526288226.2508197, 1526288226.2921305, 1526288226.3364947, 1526288226.4171543, 1526288226.4981232, 1526288226.5954218, 1526288226.639312, 1526288226.7032838, 1526288226.7819128, 1526288226.822435, 1526288226.86405, 1526288226.9051707, 1526288226.9468114, 1526288226.9828575, 1526288227.0186734, 1526288227.0593626, 1526288227.095803, 1526288227.1444418, 1526288227.1780963, 1526288227.217933, 1526288227.2760575, 1526288227.3170233, 1526288227.3581643, 1526288227.4169827, 1526288227.4635453, 1526288227.5111363, 1526288227.5514808, 1526288227.5915756, 1526288227.630648, 1526288227.6769445, 1526288227.731667, 1526288227.773513, 1526288227.8160825, 1526288227.849516, 1526288227.8819203, 1526288227.924672, 1526288227.9597447, 1526288227.991921, 1526288228.0321777, 1526288228.0724957, 1526288228.1060708, 1526288228.139159, 1526288228.17964, 1526288228.2121005, 1526288228.249508, 1526288228.2912226, 1526288228.3312366, 1526288228.3719602, 1526288228.4115415, 1526288228.4525292, 1526288228.4935045, 1526288228.5342379, 1526288228.5787654, 1526288228.6295722, 1526288228.6630123, 1526288228.7202091, 1526288228.773876, 1526288228.814396, 1526288228.8579443, 1526288228.9038277, 1526288228.9503586, 1526288228.9920628, 1526288229.0325756, 1526288229.072837, 1526288229.1135757, 1526288229.1643353, 1526288229.2255015, 1526288229.2766387, 1526288229.3166409, 1526288229.3580813, 1526288229.3987513, 1526288229.4393218, 1526288229.4839056, 1526288229.529537, 1526288229.5695868, 1526288229.6098971, 1526288229.6520462, 1526288229.7202451, 1526288229.775103, 1526288229.8166814, 1526288229.8524551, 1526288229.89302, 1526288229.9333627, 1526288229.9684892, 1526288230.0093532, 1526288230.046234, 1526288230.0871398, 1526288230.12708, 1526288230.1834176, 1526288230.2300828], "episode_lengths": [105, 174, 106, 106, 106, 106, 84, 106, 106, 105, 106, 106, 86, 106, 106, 115, 86, 116, 106, 105, 107, 105, 106, 92, 91, 106, 94, 107, 86, 104, 107, 106, 105, 106, 84, 106, 106, 105, 92, 96, 106, 106, 106, 87, 84, 106, 87, 84, 105, 105, 88, 86, 86, 84, 95, 106, 104, 106, 104, 106, 105, 105, 97, 105, 86, 105, 106, 106, 106, 86, 106, 106, 105, 105, 106, 105, 106, 106, 105, 105, 106, 106, 105, 106, 105, 105, 105, 107, 106, 105, 93, 106, 106, 93, 107, 97, 106, 105, 106, 106], "episode_rewards": [-105.0, -174.0, -106.0, -106.0, -106.0, -106.0, -84.0, -106.0, -106.0, -105.0, -106.0, -106.0, -86.0, -106.0, -106.0, -115.0, -86.0, -116.0, -106.0, -105.0, -107.0, -105.0, -106.0, -92.0, -91.0, -106.0, -94.0, -107.0, -86.0, -104.0, -107.0, -106.0, -105.0, -106.0, -84.0, -106.0, -106.0, -105.0, -92.0, -96.0, -106.0, -106.0, -106.0, -87.0, -84.0, -106.0, -87.0, -84.0, -105.0, -105.0, -88.0, -86.0, -86.0, -84.0, -95.0, -106.0, -104.0, -106.0, -104.0, -106.0, -105.0, -105.0, -97.0, -105.0, -86.0, -105.0, -106.0, -106.0, -106.0, -86.0, -106.0, -106.0, -105.0, -105.0, -106.0, -105.0, -106.0, -106.0, -105.0, -105.0, -106.0, -106.0, -105.0, -106.0, -105.0, -105.0, -105.0, -107.0, -106.0, -105.0, -93.0, -106.0, -106.0, -93.0, -107.0, -97.0, -106.0, -105.0, -106.0, -106.0], "episode_types": ["t", "t", "t", "t", "t", "t", "t", "t", "t", "t", "t", "t", "t", "t", "t", "t", "t", "t", "t", "t", "t", "t", "t", "t", "t", "t", "t", "t", "t", "t", "t", "t", "t", "t", "t", "t", "t", "t", "t", "t", "t", "t", "t", "t", "t", "t", "t", "t", "t", "t", "t", "t", "t", "t", "t", "t", "t", "t", "t", "t", "t", "t", "t", "t", "t", "t", "t", "t", "t", "t", "t", "t", "t", "t", "t", "t", "t", "t", "t", "t", "t", "t", "t", "t", "t", "t", "t", "t", "t", "t", "t", "t", "t", "t", "t", "t", "t", "t", "t", "t"], "initial_reset_timestamp": 1526288222.5227704}