{"timestamps": [1526352660.857697, 1526352661.1560304, 1526352661.1955447, 1526352661.2355914, 1526352661.2752635, 1526352661.3333135, 1526352661.3732574, 1526352661.406632, 1526352661.4730904, 1526352661.5061133, 1526352661.5379326, 1526352661.5773723, 1526352661.610312, 1526352661.6509225, 1526352661.709672, 1526352661.7495508, 1526352661.7845023, 1526352661.8245604, 1526352661.8637986, 1526352661.9073317, 1526352661.9653344, 1526352662.0055368, 1526352662.0655122, 1526352662.131634, 1526352662.165281, 1526352662.2498095, 1526352662.2913857, 1526352662.3342063, 1526352662.3747277, 1526352662.4156168, 1526352662.4525108, 1526352662.540759, 1526352662.57798, 1526352662.6130779, 1526352662.6860359, 1526352662.7242684, 1526352662.7827187, 1526352662.8158383, 1526352662.8566496, 1526352662.896908, 1526352662.9373846, 1526352663.002525, 1526352663.036172, 1526352663.0976183, 1526352663.139437, 1526352663.1789124, 1526352663.2181766, 1526352663.2498147, 1526352663.2893267, 1526352663.3233624, 1526352663.3579226, 1526352663.418103, 1526352663.4637241, 1526352663.4981833, 1526352663.5299726, 1526352663.5688667, 1526352663.608311, 1526352663.6407526, 1526352663.6980948, 1526352663.754739, 1526352663.7901495, 1526352663.846229, 1526352663.8785849, 1526352663.9185307, 1526352663.9762866, 1526352664.0224247, 1526352664.0997798, 1526352664.1626172, 1526352664.2033763, 1526352664.2627294, 1526352664.3246882, 1526352664.365498, 1526352664.4056895, 1526352664.4474328, 1526352664.4872818, 1526352664.5279617, 1526352664.5843163, 1526352664.642063, 1526352664.6772108, 1526352664.7139964, 1526352664.754457, 1526352664.7961743, 1526352664.8289626, 1526352664.8683512, 1526352664.9084377, 1526352664.9640548, 1526352665.0012681, 1526352665.0649173, 1526352665.144324, 1526352665.1846755, 1526352665.2255852, 1526352665.2590091, 1526352665.3162572, 1526352665.3762598, 1526352665.4264846, 1526352665.4603922, 1526352665.5019894, 1526352665.560393, 1526352665.600033, 1526352665.6413136], "episode_lengths": [156, 149, 105, 106, 105, 155, 105, 89, 165, 89, 85, 105, 84, 106, 154, 105, 91, 107, 105, 117, 155, 95, 89, 111, 86, 155, 85, 107, 107, 107, 95, 155, 89, 91, 105, 99, 150, 86, 106, 86, 106, 151, 85, 106, 106, 105, 105, 84, 105, 90, 91, 156, 123, 93, 85, 105, 105, 85, 150, 149, 94, 149, 87, 106, 155, 87, 105, 107, 105, 158, 158, 106, 105, 107, 105, 107, 149, 142, 88, 88, 107, 107, 88, 106, 107, 149, 97, 129, 150, 107, 106, 88, 149, 156, 123, 87, 107, 155, 106, 105], "episode_rewards": [-156.0, -149.0, -105.0, -106.0, -105.0, -155.0, -105.0, -89.0, -165.0, -89.0, -85.0, -105.0, -84.0, -106.0, -154.0, -105.0, -91.0, -107.0, -105.0, -117.0, -155.0, -95.0, -89.0, -111.0, -86.0, -155.0, -85.0, -107.0, -107.0, -107.0, -95.0, -155.0, -89.0, -91.0, -105.0, -99.0, -150.0, -86.0, -106.0, -86.0, -106.0, -151.0, -85.0, -106.0, -106.0, -105.0, -105.0, -84.0, -105.0, -90.0, -91.0, -156.0, -123.0, -93.0, -85.0, -105.0, -105.0, -85.0, -150.0, -149.0, -94.0, -149.0, -87.0, -106.0, -155.0, -87.0, -105.0, -107.0, -105.0, -158.0, -158.0, -106.0, -105.0, -107.0, -105.0, -107.0, -149.0, -142.0, -88.0, -88.0, -107.0, -107.0, -88.0, -106.0, -107.0, -149.0, -97.0, -129.0, -150.0, -107.0, -106.0, -88.0, -149.0, -156.0, -123.0, -87.0, -107.0, -155.0, -106.0, -105.0], "episode_types": ["t", "t", "t", "t", "t", "t", "t", "t", "t", "t", "t", "t", "t", "t", "t", "t", "t", "t", "t", "t", "t", "t", "t", "t", "t", "t", "t", "t", "t", "t", "t", "t", "t", "t", "t", "t", "t", "t", "t", "t", "t", "t", "t", "t", "t", "t", "t", "t", "t", "t", "t", "t", "t", "t", "t", "t", "t", "t", "t", "t", "t", "t", "t", "t", "t", "t", "t", "t", "t", "t", "t", "t", "t", "t", "t", "t", "t", "t", "t", "t", "t", "t", "t", "t", "t", "t", "t", "t", "t", "t", "t", "t", "t", "t", "t", "t", "t", "t", "t", "t"], "initial_reset_timestamp": 1526352656.4664407}