{"timestamps": [1526309920.620336, 1526309920.8590808, 1526309920.8985903, 1526309920.93898, 1526309921.0000124, 1526309921.0461082, 1526309921.108385, 1526309921.1430113, 1526309921.184797, 1526309921.2273443, 1526309921.3087804, 1526309921.3777108, 1526309921.4111762, 1526309921.4604847, 1526309921.502613, 1526309921.5360396, 1526309921.5699372, 1526309921.61746, 1526309921.6605961, 1526309921.6966012, 1526309921.7387373, 1526309921.7839296, 1526309921.823436, 1526309921.8700075, 1526309921.9295635, 1526309921.9695299, 1526309922.0088372, 1526309922.0532672, 1526309922.092166, 1526309922.133433, 1526309922.1667073, 1526309922.2059498, 1526309922.2681456, 1526309922.3311822, 1526309922.3760393, 1526309922.4359095, 1526309922.4682755, 1526309922.5086198, 1526309922.5423179, 1526309922.6001613, 1526309922.6763163, 1526309922.7095592, 1526309922.7435606, 1526309922.7841594, 1526309922.8489769, 1526309922.8855383, 1526309922.9262373, 1526309923.0031233, 1526309923.0617292, 1526309923.0963905, 1526309923.1367633, 1526309923.1764367, 1526309923.2169843, 1526309923.315411, 1526309923.3679376, 1526309923.407844, 1526309923.4486794, 1526309923.5113604, 1526309923.5442028, 1526309923.582219, 1526309923.6443343, 1526309923.688136, 1526309923.728377, 1526309923.7679136, 1526309923.8067205, 1526309923.847525, 1526309923.8834965, 1526309923.9157112, 1526309923.9560127, 1526309923.9957592, 1526309924.0353231, 1526309924.074504, 1526309924.1062195, 1526309924.1379664, 1526309924.1769025, 1526309924.2088506, 1526309924.25987, 1526309924.3224022, 1526309924.3677888, 1526309924.407776, 1526309924.4664912, 1526309924.5060215, 1526309924.5415952, 1526309924.5818808, 1526309924.615758, 1526309924.6770692, 1526309924.7161856, 1526309924.7553928, 1526309924.7954338, 1526309924.8328838, 1526309924.8642757, 1526309924.9036996, 1526309924.9442112, 1526309924.9843361, 1526309925.023533, 1526309925.0581427, 1526309925.0974803, 1526309925.137471, 1526309925.1773303, 1526309925.2172713], "episode_lengths": [89, 105, 105, 105, 159, 91, 107, 92, 114, 105, 107, 106, 87, 104, 105, 86, 89, 125, 106, 94, 105, 123, 105, 105, 155, 105, 104, 118, 104, 107, 88, 105, 104, 91, 105, 159, 86, 107, 87, 154, 107, 88, 91, 107, 87, 87, 105, 155, 107, 93, 106, 104, 107, 142, 106, 105, 106, 165, 87, 100, 155, 100, 105, 106, 105, 105, 95, 86, 106, 107, 106, 105, 86, 84, 104, 86, 86, 87, 105, 105, 153, 105, 95, 105, 89, 159, 104, 105, 107, 100, 84, 104, 105, 106, 104, 93, 106, 105, 106, 106], "episode_rewards": [-89.0, -105.0, -105.0, -105.0, -159.0, -91.0, -107.0, -92.0, -114.0, -105.0, -107.0, -106.0, -87.0, -104.0, -105.0, -86.0, -89.0, -125.0, -106.0, -94.0, -105.0, -123.0, -105.0, -105.0, -155.0, -105.0, -104.0, -118.0, -104.0, -107.0, -88.0, -105.0, -104.0, -91.0, -105.0, -159.0, -86.0, -107.0, -87.0, -154.0, -107.0, -88.0, -91.0, -107.0, -87.0, -87.0, -105.0, -155.0, -107.0, -93.0, -106.0, -104.0, -107.0, -142.0, -106.0, -105.0, -106.0, -165.0, -87.0, -100.0, -155.0, -100.0, -105.0, -106.0, -105.0, -105.0, -95.0, -86.0, -106.0, -107.0, -106.0, -105.0, -86.0, -84.0, -104.0, -86.0, -86.0, -87.0, -105.0, -105.0, -153.0, -105.0, -95.0, -105.0, -89.0, -159.0, -104.0, -105.0, -107.0, -100.0, -84.0, -104.0, -105.0, -106.0, -104.0, -93.0, -106.0, -105.0, -106.0, -106.0], "episode_types": ["t", "t", "t", "t", "t", "t", "t", "t", "t", "t", "t", "t", "t", "t", "t", "t", "t", "t", "t", "t", "t", "t", "t", "t", "t", "t", "t", "t", "t", "t", "t", "t", "t", "t", "t", "t", "t", "t", "t", "t", "t", "t", "t", "t", "t", "t", "t", "t", "t", "t", "t", "t", "t", "t", "t", "t", "t", "t", "t", "t", "t", "t", "t", "t", "t", "t", "t", "t", "t", "t", "t", "t", "t", "t", "t", "t", "t", "t", "t", "t", "t", "t", "t", "t", "t", "t", "t", "t", "t", "t", "t", "t", "t", "t", "t", "t", "t", "t", "t", "t"], "initial_reset_timestamp": 1526309918.060784}