{"timestamps": [1526303286.009961, 1526303286.297152, 1526303286.3383925, 1526303286.4052866, 1526303286.4682279, 1526303286.5104876, 1526303286.5857313, 1526303286.618177, 1526303286.6514027, 1526303286.6909993, 1526303286.7266893, 1526303286.7945688, 1526303286.8388972, 1526303286.8790967, 1526303286.9191833, 1526303286.959536, 1526303286.999874, 1526303287.0399919, 1526303287.1000495, 1526303287.1506689, 1526303287.2011456, 1526303287.2408473, 1526303287.2723572, 1526303287.3158443, 1526303287.3557422, 1526303287.4205036, 1526303287.478942, 1526303287.5269036, 1526303287.5733886, 1526303287.6161447, 1526303287.6696863, 1526303287.709732, 1526303287.7588284, 1526303287.8122833, 1526303287.8731074, 1526303287.9305465, 1526303287.975257, 1526303288.0153437, 1526303288.0607173, 1526303288.1096168, 1526303288.158654, 1526303288.2197611, 1526303288.2695174, 1526303288.3178165, 1526303288.3689592, 1526303288.4377599, 1526303288.513594, 1526303288.5992064, 1526303288.6739628, 1526303288.741942, 1526303288.7861383, 1526303288.824441, 1526303288.872901, 1526303288.932967, 1526303288.9657044, 1526303289.0027676, 1526303289.0426576, 1526303289.085482, 1526303289.121191, 1526303289.1625676, 1526303289.2261822, 1526303289.2657695, 1526303289.3133872, 1526303289.351031, 1526303289.41378, 1526303289.499693, 1526303289.5699365, 1526303289.620944, 1526303289.6753166, 1526303289.7452192, 1526303289.8048825, 1526303289.8753614, 1526303289.9455953, 1526303289.9914308, 1526303290.063392, 1526303290.1238918, 1526303290.1886795, 1526303290.2474139, 1526303290.326477, 1526303290.4052296, 1526303290.502295, 1526303290.673473, 1526303290.764461, 1526303290.8256478, 1526303290.8834724, 1526303290.9251096, 1526303290.9677393, 1526303291.0083385, 1526303291.0479717, 1526303291.086969, 1526303291.1484406, 1526303291.2059708, 1526303291.2755618, 1526303291.3499827, 1526303291.450233, 1526303291.524903, 1526303291.5952244, 1526303291.6605554, 1526303291.743773, 1526303291.8247535], "episode_lengths": [106, 106, 105, 105, 85, 104, 105, 85, 87, 104, 86, 93, 107, 106, 107, 107, 106, 105, 105, 86, 104, 106, 84, 118, 106, 105, 113, 105, 115, 105, 107, 85, 105, 104, 105, 105, 90, 86, 97, 105, 107, 104, 104, 105, 107, 105, 105, 105, 105, 105, 106, 93, 105, 105, 86, 96, 106, 105, 94, 107, 95, 88, 105, 85, 84, 115, 105, 105, 93, 104, 104, 106, 105, 85, 106, 93, 105, 86, 106, 105, 105, 106, 113, 106, 105, 99, 88, 105, 107, 105, 105, 88, 99, 106, 85, 92, 89, 84, 105, 105], "episode_rewards": [-106.0, -106.0, -105.0, -105.0, -85.0, -104.0, -105.0, -85.0, -87.0, -104.0, -86.0, -93.0, -107.0, -106.0, -107.0, -107.0, -106.0, -105.0, -105.0, -86.0, -104.0, -106.0, -84.0, -118.0, -106.0, -105.0, -113.0, -105.0, -115.0, -105.0, -107.0, -85.0, -105.0, -104.0, -105.0, -105.0, -90.0, -86.0, -97.0, -105.0, -107.0, -104.0, -104.0, -105.0, -107.0, -105.0, -105.0, -105.0, -105.0, -105.0, -106.0, -93.0, -105.0, -105.0, -86.0, -96.0, -106.0, -105.0, -94.0, -107.0, -95.0, -88.0, -105.0, -85.0, -84.0, -115.0, -105.0, -105.0, -93.0, -104.0, -104.0, -106.0, -105.0, -85.0, -106.0, -93.0, -105.0, -86.0, -106.0, -105.0, -105.0, -106.0, -113.0, -106.0, -105.0, -99.0, -88.0, -105.0, -107.0, -105.0, -105.0, -88.0, -99.0, -106.0, -85.0, -92.0, -89.0, -84.0, -105.0, -105.0], "episode_types": ["t", "t", "t", "t", "t", "t", "t", "t", "t", "t", "t", "t", "t", "t", "t", "t", "t", "t", "t", "t", "t", "t", "t", "t", "t", "t", "t", "t", "t", "t", "t", "t", "t", "t", "t", "t", "t", "t", "t", "t", "t", "t", "t", "t", "t", "t", "t", "t", "t", "t", "t", "t", "t", "t", "t", "t", "t", "t", "t", "t", "t", "t", "t", "t", "t", "t", "t", "t", "t", "t", "t", "t", "t", "t", "t", "t", "t", "t", "t", "t", "t", "t", "t", "t", "t", "t", "t", "t", "t", "t", "t", "t", "t", "t", "t", "t", "t", "t", "t", "t"], "initial_reset_timestamp": 1526303282.9687269}