{"timestamps": [1526333471.927756, 1526333472.0409453, 1526333472.0533373, 1526333472.068945, 1526333472.0848165, 1526333472.0979183, 1526333472.1118374, 1526333472.1276782, 1526333472.142341, 1526333472.1553223, 1526333472.1709893, 1526333472.1941745, 1526333472.214706, 1526333472.2286556, 1526333472.2661846, 1526333472.2835472, 1526333472.30093, 1526333472.314499, 1526333472.336554, 1526333472.352244, 1526333472.3679252, 1526333472.3807538, 1526333472.3938067, 1526333472.4092646, 1526333472.4249449, 1526333472.4403803, 1526333472.4558856, 1526333472.4686048, 1526333472.4840558, 1526333472.4967625, 1526333472.5128527, 1526333472.5258555, 1526333472.5488377, 1526333472.5615144, 1526333472.57727, 1526333472.601508, 1526333472.617379, 1526333472.6303778, 1526333472.6428704, 1526333472.6582267, 1526333472.6734376, 1526333472.686698, 1526333472.7022762, 1526333472.7268157, 1526333472.740436, 1526333472.7560394, 1526333472.771482, 1526333472.7839131, 1526333472.8068404, 1526333472.830551, 1526333472.8532403, 1526333472.8686097, 1526333472.8840737, 1526333472.8967953, 1526333472.909781, 1526333472.9329998, 1526333472.9471211, 1526333472.9624054, 1526333472.97778, 1526333472.9930475, 1526333473.0153933, 1526333473.030857, 1526333473.043549, 1526333473.0560546, 1526333473.0715125, 1526333473.0965784, 1526333473.124136, 1526333473.1408257, 1526333473.156261, 1526333473.1698132, 1526333473.19868, 1526333473.2293303, 1526333473.252472, 1526333473.2684946, 1526333473.2912571, 1526333473.3047917, 1526333473.3178554, 1526333473.3321025, 1526333473.3546293, 1526333473.3701184, 1526333473.3838532, 1526333473.3969572, 1526333473.4127862, 1526333473.4253469, 1526333473.439208, 1526333473.4549015, 1526333473.470347, 1526333473.4869692, 1526333473.500192, 1526333473.5159187, 1526333473.531584, 1526333473.547198, 1526333473.5725472, 1526333473.5963297, 1526333473.6193898, 1526333473.6426733, 1526333473.6681395, 1526333473.6836774, 1526333473.6991057, 1526333473.7129042], "episode_lengths": [105, 94, 84, 106, 106, 85, 87, 105, 98, 89, 107, 84, 90, 88, 154, 105, 118, 91, 149, 106, 107, 84, 88, 105, 105, 105, 106, 85, 105, 86, 109, 88, 156, 86, 107, 164, 107, 88, 84, 105, 104, 91, 106, 162, 92, 106, 105, 85, 156, 158, 155, 105, 106, 87, 89, 158, 97, 105, 105, 105, 151, 105, 87, 86, 106, 155, 165, 106, 105, 89, 106, 105, 114, 106, 154, 90, 89, 97, 154, 106, 91, 87, 106, 85, 94, 106, 105, 114, 86, 106, 105, 105, 171, 154, 154, 155, 170, 105, 105, 88], "episode_rewards": [-105.0, -94.0, -84.0, -106.0, -106.0, -85.0, -87.0, -105.0, -98.0, -89.0, -107.0, -84.0, -90.0, -88.0, -154.0, -105.0, -118.0, -91.0, -149.0, -106.0, -107.0, -84.0, -88.0, -105.0, -105.0, -105.0, -106.0, -85.0, -105.0, -86.0, -109.0, -88.0, -156.0, -86.0, -107.0, -164.0, -107.0, -88.0, -84.0, -105.0, -104.0, -91.0, -106.0, -162.0, -92.0, -106.0, -105.0, -85.0, -156.0, -158.0, -155.0, -105.0, -106.0, -87.0, -89.0, -158.0, -97.0, -105.0, -105.0, -105.0, -151.0, -105.0, -87.0, -86.0, -106.0, -155.0, -165.0, -106.0, -105.0, -89.0, -106.0, -105.0, -114.0, -106.0, -154.0, -90.0, -89.0, -97.0, -154.0, -106.0, -91.0, -87.0, -106.0, -85.0, -94.0, -106.0, -105.0, -114.0, -86.0, -106.0, -105.0, -105.0, -171.0, -154.0, -154.0, -155.0, -170.0, -105.0, -105.0, -88.0], "episode_types": ["t", "t", "t", "t", "t", "t", "t", "t", "t", "t", "t", "t", "t", "t", "t", "t", "t", "t", "t", "t", "t", "t", "t", "t", "t", "t", "t", "t", "t", "t", "t", "t", "t", "t", "t", "t", "t", "t", "t", "t", "t", "t", "t", "t", "t", "t", "t", "t", "t", "t", "t", "t", "t", "t", "t", "t", "t", "t", "t", "t", "t", "t", "t", "t", "t", "t", "t", "t", "t", "t", "t", "t", "t", "t", "t", "t", "t", "t", "t", "t", "t", "t", "t", "t", "t", "t", "t", "t", "t", "t", "t", "t", "t", "t", "t", "t", "t", "t", "t", "t"], "initial_reset_timestamp": 1526333470.1485415}