{"timestamps": [1526288580.5919802, 1526288580.8555272, 1526288580.891192, 1526288580.9506269, 1526288580.983944, 1526288581.0517492, 1526288581.0837839, 1526288581.1231005, 1526288581.183705, 1526288581.215374, 1526288581.26261, 1526288581.3413296, 1526288581.3898466, 1526288581.4619918, 1526288581.4946015, 1526288581.5534592, 1526288581.6124337, 1526288581.644006, 1526288581.683041, 1526288581.740865, 1526288581.7719722, 1526288581.8444803, 1526288581.9150233, 1526288581.9763205, 1526288582.01107, 1526288582.052812, 1526288582.0936816, 1526288582.1396534, 1526288582.1851244, 1526288582.2508771, 1526288582.3007765, 1526288582.3476114, 1526288582.3906987, 1526288582.4268854, 1526288582.46303, 1526288582.4969819, 1526288582.5377295, 1526288582.5706186, 1526288582.602102, 1526288582.6379373, 1526288582.6809027, 1526288582.720988, 1526288582.7797086, 1526288582.8258815, 1526288582.8721375, 1526288582.9046361, 1526288582.964289, 1526288583.0051403, 1526288583.0450175, 1526288583.080455, 1526288583.125953, 1526288583.168752, 1526288583.2033896, 1526288583.2392914, 1526288583.2815356, 1526288583.3282087, 1526288583.3627372, 1526288583.41279, 1526288583.4609823, 1526288583.520907, 1526288583.5827339, 1526288583.6413887, 1526288583.7000794, 1526288583.7338035, 1526288583.7662055, 1526288583.8307288, 1526288583.897249, 1526288583.9294255, 1526288583.9693937, 1526288584.0288749, 1526288584.086071, 1526288584.119618, 1526288584.1598444, 1526288584.2000635, 1526288584.2358632, 1526288584.2993348, 1526288584.361669, 1526288584.4210715, 1526288584.4539678, 1526288584.5124886, 1526288584.5440001, 1526288584.5834942, 1526288584.6467466, 1526288584.6864626, 1526288584.72092, 1526288584.7770033, 1526288584.824701, 1526288584.8635423, 1526288584.9128313, 1526288584.9717386, 1526288585.0293193, 1526288585.091692, 1526288585.1510146, 1526288585.1871228, 1526288585.2449696, 1526288585.278416, 1526288585.3441715, 1526288585.386236, 1526288585.43003, 1526288585.4742146], "episode_lengths": [93, 151, 86, 156, 86, 156, 85, 105, 155, 84, 116, 106, 92, 156, 85, 156, 156, 84, 105, 155, 84, 157, 105, 156, 87, 105, 106, 107, 105, 157, 105, 106, 105, 86, 93, 89, 109, 88, 84, 88, 113, 106, 156, 115, 105, 84, 156, 106, 94, 92, 106, 105, 84, 89, 106, 105, 88, 122, 106, 150, 157, 154, 156, 90, 86, 155, 150, 84, 105, 156, 151, 87, 106, 105, 89, 155, 155, 156, 88, 157, 84, 106, 158, 105, 92, 150, 119, 84, 106, 158, 150, 158, 157, 97, 154, 89, 155, 106, 106, 106], "episode_rewards": [-93.0, -151.0, -86.0, -156.0, -86.0, -156.0, -85.0, -105.0, -155.0, -84.0, -116.0, -106.0, -92.0, -156.0, -85.0, -156.0, -156.0, -84.0, -105.0, -155.0, -84.0, -157.0, -105.0, -156.0, -87.0, -105.0, -106.0, -107.0, -105.0, -157.0, -105.0, -106.0, -105.0, -86.0, -93.0, -89.0, -109.0, -88.0, -84.0, -88.0, -113.0, -106.0, -156.0, -115.0, -105.0, -84.0, -156.0, -106.0, -94.0, -92.0, -106.0, -105.0, -84.0, -89.0, -106.0, -105.0, -88.0, -122.0, -106.0, -150.0, -157.0, -154.0, -156.0, -90.0, -86.0, -155.0, -150.0, -84.0, -105.0, -156.0, -151.0, -87.0, -106.0, -105.0, -89.0, -155.0, -155.0, -156.0, -88.0, -157.0, -84.0, -106.0, -158.0, -105.0, -92.0, -150.0, -119.0, -84.0, -106.0, -158.0, -150.0, -158.0, -157.0, -97.0, -154.0, -89.0, -155.0, -106.0, -106.0, -106.0], "episode_types": ["t", "t", "t", "t", "t", "t", "t", "t", "t", "t", "t", "t", "t", "t", "t", "t", "t", "t", "t", "t", "t", "t", "t", "t", "t", "t", "t", "t", "t", "t", "t", "t", "t", "t", "t", "t", "t", "t", "t", "t", "t", "t", "t", "t", "t", "t", "t", "t", "t", "t", "t", "t", "t", "t", "t", "t", "t", "t", "t", "t", "t", "t", "t", "t", "t", "t", "t", "t", "t", "t", "t", "t", "t", "t", "t", "t", "t", "t", "t", "t", "t", "t", "t", "t", "t", "t", "t", "t", "t", "t", "t", "t", "t", "t", "t", "t", "t", "t", "t", "t"], "initial_reset_timestamp": 1526288577.9724915}