{"timestamps": [1526347589.310343, 1526347589.5905485, 1526347589.6268272, 1526347589.6596196, 1526347589.7004817, 1526347589.7391143, 1526347589.770203, 1526347589.8097749, 1526347589.8492305, 1526347589.8889954, 1526347589.9316025, 1526347589.9825118, 1526347590.0363364, 1526347590.0760906, 1526347590.108373, 1526347590.1552575, 1526347590.1941912, 1526347590.2253683, 1526347590.261004, 1526347590.3190758, 1526347590.359229, 1526347590.3986385, 1526347590.4313118, 1526347590.4711914, 1526347590.5049605, 1526347590.5448382, 1526347590.576205, 1526347590.6152678, 1526347590.6555715, 1526347590.7153764, 1526347590.7553442, 1526347590.8164585, 1526347590.856424, 1526347590.8955793, 1526347590.9447272, 1526347590.9994318, 1526347591.0334563, 1526347591.0730767, 1526347591.1120877, 1526347591.1491714, 1526347591.1896923, 1526347591.22927, 1526347591.2625296, 1526347591.3025198, 1526347591.336866, 1526347591.3780785, 1526347591.4149997, 1526347591.4545462, 1526347591.4883964, 1526347591.5261803, 1526347591.5658145, 1526347591.629656, 1526347591.6702008, 1526347591.7066267, 1526347591.7431223, 1526347591.7834651, 1526347591.8234792, 1526347591.8627615, 1526347591.9027364, 1526347591.9671574, 1526347592.003896, 1526347592.0731177, 1526347592.1095235, 1526347592.1543725, 1526347592.1875367, 1526347592.2214005, 1526347592.2522426, 1526347592.306897, 1526347592.3620064, 1526347592.4079826, 1526347592.4798625, 1526347592.544263, 1526347592.5840614, 1526347592.6239922, 1526347592.6618607, 1526347592.700778, 1526347592.7401803, 1526347592.7794816, 1526347592.8191135, 1526347592.8579412, 1526347592.8946078, 1526347592.9559348, 1526347593.0068393, 1526347593.0708182, 1526347593.1102505, 1526347593.1500475, 1526347593.1954956, 1526347593.2346518, 1526347593.266431, 1526347593.3036933, 1526347593.342693, 1526347593.4050307, 1526347593.4377885, 1526347593.470963, 1526347593.5108933, 1526347593.55463, 1526347593.5878398, 1526347593.6199014, 1526347593.651758, 1526347593.6913197], "episode_lengths": [104, 105, 95, 87, 107, 104, 84, 105, 106, 105, 105, 106, 95, 106, 86, 122, 104, 84, 97, 153, 106, 105, 87, 106, 87, 106, 84, 104, 107, 153, 105, 162, 106, 105, 105, 86, 88, 105, 104, 97, 106, 105, 89, 106, 91, 106, 96, 105, 90, 101, 105, 163, 106, 96, 96, 106, 104, 105, 84, 90, 91, 173, 96, 119, 89, 91, 84, 107, 91, 116, 105, 167, 105, 105, 102, 104, 104, 105, 104, 105, 87, 84, 105, 172, 105, 105, 106, 105, 85, 96, 105, 166, 88, 90, 105, 105, 88, 85, 85, 105], "episode_rewards": [-104.0, -105.0, -95.0, -87.0, -107.0, -104.0, -84.0, -105.0, -106.0, -105.0, -105.0, -106.0, -95.0, -106.0, -86.0, -122.0, -104.0, -84.0, -97.0, -153.0, -106.0, -105.0, -87.0, -106.0, -87.0, -106.0, -84.0, -104.0, -107.0, -153.0, -105.0, -162.0, -106.0, -105.0, -105.0, -86.0, -88.0, -105.0, -104.0, -97.0, -106.0, -105.0, -89.0, -106.0, -91.0, -106.0, -96.0, -105.0, -90.0, -101.0, -105.0, -163.0, -106.0, -96.0, -96.0, -106.0, -104.0, -105.0, -84.0, -90.0, -91.0, -173.0, -96.0, -119.0, -89.0, -91.0, -84.0, -107.0, -91.0, -116.0, -105.0, -167.0, -105.0, -105.0, -102.0, -104.0, -104.0, -105.0, -104.0, -105.0, -87.0, -84.0, -105.0, -172.0, -105.0, -105.0, -106.0, -105.0, -85.0, -96.0, -105.0, -166.0, -88.0, -90.0, -105.0, -105.0, -88.0, -85.0, -85.0, -105.0], "episode_types": ["t", "t", "t", "t", "t", "t", "t", "t", "t", "t", "t", "t", "t", "t", "t", "t", "t", "t", "t", "t", "t", "t", "t", "t", "t", "t", "t", "t", "t", "t", "t", "t", "t", "t", "t", "t", "t", "t", "t", "t", "t", "t", "t", "t", "t", "t", "t", "t", "t", "t", "t", "t", "t", "t", "t", "t", "t", "t", "t", "t", "t", "t", "t", "t", "t", "t", "t", "t", "t", "t", "t", "t", "t", "t", "t", "t", "t", "t", "t", "t", "t", "t", "t", "t", "t", "t", "t", "t", "t", "t", "t", "t", "t", "t", "t", "t", "t", "t", "t", "t"], "initial_reset_timestamp": 1526347586.3649466}