{"timestamps": [1526286284.9105623, 1526286285.1149228, 1526286285.1767373, 1526286285.2176435, 1526286285.2571983, 1526286285.3299804, 1526286285.363852, 1526286285.4055989, 1526286285.4456017, 1526286285.4891162, 1526286285.5324428, 1526286285.5745692, 1526286285.6096647, 1526286285.6458497, 1526286285.712079, 1526286285.7456872, 1526286285.8101063, 1526286285.8527224, 1526286285.9002175, 1526286285.9334147, 1526286285.9749315, 1526286286.0080807, 1526286286.0956423, 1526286286.1399143, 1526286286.1884437, 1526286286.2313247, 1526286286.3105342, 1526286286.3536556, 1526286286.388185, 1526286286.433115, 1526286286.4728847, 1526286286.5206852, 1526286286.5852368, 1526286286.6286387, 1526286286.6713328, 1526286286.7175791, 1526286286.7539651, 1526286286.7902803, 1526286286.8356214, 1526286286.8793643, 1526286286.911066, 1526286286.9772437, 1526286287.0530562, 1526286287.1072829, 1526286287.160627, 1526286287.2117016, 1526286287.27715, 1526286287.31621, 1526286287.3558984, 1526286287.3956754, 1526286287.4528103, 1526286287.4948225, 1526286287.5614977, 1526286287.596731, 1526286287.6302662, 1526286287.6874244, 1526286287.7261636, 1526286287.764704, 1526286287.823885, 1526286287.8632367, 1526286287.8945475, 1526286287.9541807, 1526286287.9939268, 1526286288.0334432, 1526286288.0729349, 1526286288.115509, 1526286288.1549435, 1526286288.193371, 1526286288.232729, 1526286288.2717495, 1526286288.3158255, 1526286288.3727822, 1526286288.4120448, 1526286288.4475076, 1526286288.4795516, 1526286288.5190809, 1526286288.558233, 1526286288.5983696, 1526286288.6413825, 1526286288.698173, 1526286288.7574358, 1526286288.792181, 1526286288.850345, 1526286288.884857, 1526286288.9159768, 1526286288.9471517, 1526286288.9862843, 1526286289.025371, 1526286289.064254, 1526286289.122132, 1526286289.1684422, 1526286289.2005217, 1526286289.2399342, 1526286289.2877443, 1526286289.326711, 1526286289.3657036, 1526286289.3988812, 1526286289.4557962, 1526286289.5140657, 1526286289.5705726], "episode_lengths": [90, 106, 154, 106, 105, 179, 87, 111, 106, 106, 113, 106, 86, 88, 154, 84, 158, 106, 105, 89, 106, 84, 200, 107, 106, 106, 152, 106, 86, 106, 95, 106, 158, 104, 94, 107, 87, 86, 106, 106, 84, 106, 104, 106, 106, 106, 153, 87, 105, 106, 153, 113, 179, 94, 90, 154, 105, 105, 161, 107, 86, 161, 106, 106, 107, 116, 107, 105, 106, 106, 106, 154, 106, 97, 87, 106, 106, 106, 115, 152, 159, 94, 157, 93, 84, 84, 105, 106, 105, 157, 126, 87, 106, 120, 105, 105, 91, 154, 158, 154], "episode_rewards": [-90.0, -106.0, -154.0, -106.0, -105.0, -179.0, -87.0, -111.0, -106.0, -106.0, -113.0, -106.0, -86.0, -88.0, -154.0, -84.0, -158.0, -106.0, -105.0, -89.0, -106.0, -84.0, -200.0, -107.0, -106.0, -106.0, -152.0, -106.0, -86.0, -106.0, -95.0, -106.0, -158.0, -104.0, -94.0, -107.0, -87.0, -86.0, -106.0, -106.0, -84.0, -106.0, -104.0, -106.0, -106.0, -106.0, -153.0, -87.0, -105.0, -106.0, -153.0, -113.0, -179.0, -94.0, -90.0, -154.0, -105.0, -105.0, -161.0, -107.0, -86.0, -161.0, -106.0, -106.0, -107.0, -116.0, -107.0, -105.0, -106.0, -106.0, -106.0, -154.0, -106.0, -97.0, -87.0, -106.0, -106.0, -106.0, -115.0, -152.0, -159.0, -94.0, -157.0, -93.0, -84.0, -84.0, -105.0, -106.0, -105.0, -157.0, -126.0, -87.0, -106.0, -120.0, -105.0, -105.0, -91.0, -154.0, -158.0, -154.0], "episode_types": ["t", "t", "t", "t", "t", "t", "t", "t", "t", "t", "t", "t", "t", "t", "t", "t", "t", "t", "t", "t", "t", "t", "t", "t", "t", "t", "t", "t", "t", "t", "t", "t", "t", "t", "t", "t", "t", "t", "t", "t", "t", "t", "t", "t", "t", "t", "t", "t", "t", "t", "t", "t", "t", "t", "t", "t", "t", "t", "t", "t", "t", "t", "t", "t", "t", "t", "t", "t", "t", "t", "t", "t", "t", "t", "t", "t", "t", "t", "t", "t", "t", "t", "t", "t", "t", "t", "t", "t", "t", "t", "t", "t", "t", "t", "t", "t", "t", "t", "t", "t"], "initial_reset_timestamp": 1526286282.5203521}