{"timestamps": [1526351999.9646924, 1526352000.2085261, 1526352000.2479193, 1526352000.2871573, 1526352000.3266284, 1526352000.36986, 1526352000.4021971, 1526352000.4418366, 1526352000.4817007, 1526352000.5214434, 1526352000.560397, 1526352000.599355, 1526352000.631899, 1526352000.671642, 1526352000.7122092, 1526352000.7439926, 1526352000.8539941, 1526352000.9163487, 1526352000.9543488, 1526352000.9956117, 1526352001.0324304, 1526352001.073113, 1526352001.111889, 1526352001.1451445, 1526352001.1853743, 1526352001.2193553, 1526352001.2589664, 1526352001.2980702, 1526352001.3583753, 1526352001.391181, 1526352001.4302227, 1526352001.4701383, 1526352001.5086703, 1526352001.547899, 1526352001.5824773, 1526352001.621993, 1526352001.6616182, 1526352001.6966896, 1526352001.7287834, 1526352001.7889974, 1526352001.8516185, 1526352001.9097733, 1526352001.9498699, 1526352001.9862516, 1526352002.0278876, 1526352002.0625317, 1526352002.1028106, 1526352002.1366334, 1526352002.1770353, 1526352002.2186346, 1526352002.2864242, 1526352002.347439, 1526352002.3873706, 1526352002.4267118, 1526352002.4758885, 1526352002.538527, 1526352002.5718691, 1526352002.6637068, 1526352002.7033021, 1526352002.7440004, 1526352002.813153, 1526352002.8745623, 1526352002.9365377, 1526352002.9749877, 1526352003.018828, 1526352003.0588036, 1526352003.090566, 1526352003.1318192, 1526352003.1731963, 1526352003.2378163, 1526352003.2819986, 1526352003.322253, 1526352003.361006, 1526352003.401805, 1526352003.4408107, 1526352003.4799297, 1526352003.5214124, 1526352003.5608552, 1526352003.5919313, 1526352003.6360955, 1526352003.6689873, 1526352003.7089505, 1526352003.748097, 1526352003.7908754, 1526352003.851772, 1526352003.8899078, 1526352003.93481, 1526352003.9751236, 1526352004.0122142, 1526352004.0458653, 1526352004.0776794, 1526352004.1187963, 1526352004.1541784, 1526352004.1860013, 1526352004.2255888, 1526352004.2646468, 1526352004.298369, 1526352004.3426206, 1526352004.3803573, 1526352004.423592], "episode_lengths": [85, 105, 105, 106, 105, 117, 87, 106, 106, 107, 105, 106, 87, 106, 106, 85, 152, 153, 89, 110, 97, 106, 104, 87, 107, 92, 106, 106, 162, 85, 105, 105, 105, 106, 93, 96, 106, 95, 87, 105, 93, 105, 97, 96, 110, 92, 107, 87, 105, 107, 171, 162, 107, 105, 105, 104, 88, 156, 106, 107, 96, 84, 104, 98, 96, 105, 84, 105, 106, 172, 107, 106, 105, 106, 105, 105, 107, 107, 84, 118, 88, 105, 105, 107, 107, 99, 119, 107, 95, 88, 85, 106, 92, 84, 104, 105, 90, 119, 102, 116], "episode_rewards": [-85.0, -105.0, -105.0, -106.0, -105.0, -117.0, -87.0, -106.0, -106.0, -107.0, -105.0, -106.0, -87.0, -106.0, -106.0, -85.0, -152.0, -153.0, -89.0, -110.0, -97.0, -106.0, -104.0, -87.0, -107.0, -92.0, -106.0, -106.0, -162.0, -85.0, -105.0, -105.0, -105.0, -106.0, -93.0, -96.0, -106.0, -95.0, -87.0, -105.0, -93.0, -105.0, -97.0, -96.0, -110.0, -92.0, -107.0, -87.0, -105.0, -107.0, -171.0, -162.0, -107.0, -105.0, -105.0, -104.0, -88.0, -156.0, -106.0, -107.0, -96.0, -84.0, -104.0, -98.0, -96.0, -105.0, -84.0, -105.0, -106.0, -172.0, -107.0, -106.0, -105.0, -106.0, -105.0, -105.0, -107.0, -107.0, -84.0, -118.0, -88.0, -105.0, -105.0, -107.0, -107.0, -99.0, -119.0, -107.0, -95.0, -88.0, -85.0, -106.0, -92.0, -84.0, -104.0, -105.0, -90.0, -119.0, -102.0, -116.0], "episode_types": ["t", "t", "t", "t", "t", "t", "t", "t", "t", "t", "t", "t", "t", "t", "t", "t", "t", "t", "t", "t", "t", "t", "t", "t", "t", "t", "t", "t", "t", "t", "t", "t", "t", "t", "t", "t", "t", "t", "t", "t", "t", "t", "t", "t", "t", "t", "t", "t", "t", "t", "t", "t", "t", "t", "t", "t", "t", "t", "t", "t", "t", "t", "t", "t", "t", "t", "t", "t", "t", "t", "t", "t", "t", "t", "t", "t", "t", "t", "t", "t", "t", "t", "t", "t", "t", "t", "t", "t", "t", "t", "t", "t", "t", "t", "t", "t", "t", "t", "t", "t"], "initial_reset_timestamp": 1526351997.433307}