{"timestamps": [1526291790.4013927, 1526291790.6848772, 1526291790.7302241, 1526291790.784356, 1526291790.817953, 1526291790.8837335, 1526291790.9237337, 1526291790.961043, 1526291790.9975626, 1526291791.0380106, 1526291791.0807762, 1526291791.1258917, 1526291791.1701734, 1526291791.2644236, 1526291791.3408432, 1526291791.40187, 1526291791.472509, 1526291791.513876, 1526291791.5581515, 1526291791.5921555, 1526291791.6332383, 1526291791.6737804, 1526291791.7114782, 1526291791.7529333, 1526291791.7948558, 1526291791.8379512, 1526291791.8768528, 1526291791.9221227, 1526291791.966402, 1526291792.012017, 1526291792.0762198, 1526291792.1443565, 1526291792.2171414, 1526291792.319222, 1526291792.3596618, 1526291792.3999238, 1526291792.44127, 1526291792.49194, 1526291792.5571082, 1526291792.6122494, 1526291792.6580334, 1526291792.6946058, 1526291792.7263637, 1526291792.7678702, 1526291792.8091779, 1526291792.8426998, 1526291792.9013832, 1526291792.9393606, 1526291792.9983401, 1526291793.0390592, 1526291793.0809386, 1526291793.1352441, 1526291793.1909575, 1526291793.3065908, 1526291793.3757637, 1526291793.4168122, 1526291793.4688637, 1526291793.5107868, 1526291793.5504863, 1526291793.5961916, 1526291793.6418085, 1526291793.6844563, 1526291793.7259321, 1526291793.758487, 1526291793.8042364, 1526291793.8664048, 1526291793.9499452, 1526291793.9915602, 1526291794.0315564, 1526291794.0714169, 1526291794.1116467, 1526291794.151543, 1526291794.2056375, 1526291794.2502327, 1526291794.292115, 1526291794.336768, 1526291794.3714414, 1526291794.4135802, 1526291794.4502332, 1526291794.4837804, 1526291794.5176737, 1526291794.5602467, 1526291794.6043937, 1526291794.6693547, 1526291794.7130082, 1526291794.7548022, 1526291794.8394694, 1526291794.8928287, 1526291794.9703405, 1526291795.0252573, 1526291795.078806, 1526291795.1133692, 1526291795.1482112, 1526291795.211188, 1526291795.2517831, 1526291795.295383, 1526291795.3467553, 1526291795.3925915, 1526291795.4329352, 1526291795.4659374], "episode_lengths": [106, 94, 94, 106, 86, 172, 105, 98, 96, 106, 113, 106, 105, 131, 105, 106, 107, 87, 105, 84, 106, 105, 95, 105, 105, 106, 91, 106, 105, 107, 150, 105, 89, 100, 84, 95, 105, 85, 105, 119, 87, 94, 84, 106, 107, 88, 149, 100, 149, 105, 106, 107, 91, 149, 106, 86, 91, 105, 95, 106, 105, 105, 105, 86, 105, 115, 160, 104, 106, 105, 106, 105, 105, 95, 106, 110, 88, 106, 91, 86, 86, 106, 107, 160, 105, 105, 149, 106, 154, 105, 105, 84, 91, 149, 87, 115, 138, 105, 107, 88], "episode_rewards": [-106.0, -94.0, -94.0, -106.0, -86.0, -172.0, -105.0, -98.0, -96.0, -106.0, -113.0, -106.0, -105.0, -131.0, -105.0, -106.0, -107.0, -87.0, -105.0, -84.0, -106.0, -105.0, -95.0, -105.0, -105.0, -106.0, -91.0, -106.0, -105.0, -107.0, -150.0, -105.0, -89.0, -100.0, -84.0, -95.0, -105.0, -85.0, -105.0, -119.0, -87.0, -94.0, -84.0, -106.0, -107.0, -88.0, -149.0, -100.0, -149.0, -105.0, -106.0, -107.0, -91.0, -149.0, -106.0, -86.0, -91.0, -105.0, -95.0, -106.0, -105.0, -105.0, -105.0, -86.0, -105.0, -115.0, -160.0, -104.0, -106.0, -105.0, -106.0, -105.0, -105.0, -95.0, -106.0, -110.0, -88.0, -106.0, -91.0, -86.0, -86.0, -106.0, -107.0, -160.0, -105.0, -105.0, -149.0, -106.0, -154.0, -105.0, -105.0, -84.0, -91.0, -149.0, -87.0, -115.0, -138.0, -105.0, -107.0, -88.0], "episode_types": ["t", "t", "t", "t", "t", "t", "t", "t", "t", "t", "t", "t", "t", "t", "t", "t", "t", "t", "t", "t", "t", "t", "t", "t", "t", "t", "t", "t", "t", "t", "t", "t", "t", "t", "t", "t", "t", "t", "t", "t", "t", "t", "t", "t", "t", "t", "t", "t", "t", "t", "t", "t", "t", "t", "t", "t", "t", "t", "t", "t", "t", "t", "t", "t", "t", "t", "t", "t", "t", "t", "t", "t", "t", "t", "t", "t", "t", "t", "t", "t", "t", "t", "t", "t", "t", "t", "t", "t", "t", "t", "t", "t", "t", "t", "t", "t", "t", "t", "t", "t"], "initial_reset_timestamp": 1526291787.4620984}