{"timestamps": [1526295126.8797097, 1526295127.157761, 1526295127.194492, 1526295127.2324502, 1526295127.2716236, 1526295127.3106506, 1526295127.3728006, 1526295127.4093063, 1526295127.4456234, 1526295127.484997, 1526295127.517459, 1526295127.5749195, 1526295127.6090999, 1526295127.6664505, 1526295127.6982474, 1526295127.7375834, 1526295127.793511, 1526295127.852848, 1526295127.8920956, 1526295127.9277103, 1526295127.967983, 1526295128.0363684, 1526295128.0823722, 1526295128.1397648, 1526295128.1706975, 1526295128.2066033, 1526295128.2461417, 1526295128.286369, 1526295128.3447354, 1526295128.3843296, 1526295128.4240403, 1526295128.4633188, 1526295128.53717, 1526295128.5983734, 1526295128.65514, 1526295128.7118313, 1526295128.742996, 1526295128.8057635, 1526295128.8445997, 1526295128.877295, 1526295128.9166799, 1526295128.9737282, 1526295129.0599074, 1526295129.113684, 1526295129.1468418, 1526295129.1878564, 1526295129.244353, 1526295129.303798, 1526295129.3434427, 1526295129.3817642, 1526295129.4209688, 1526295129.4792972, 1526295129.5189228, 1526295129.5595217, 1526295129.6159406, 1526295129.6618176, 1526295129.7013724, 1526295129.7403326, 1526295129.7814279, 1526295129.8131783, 1526295129.8524604, 1526295129.891473, 1526295129.9236798, 1526295129.9630275, 1526295129.9941752, 1526295130.0738735, 1526295130.1063411, 1526295130.145965, 1526295130.18475, 1526295130.2178662, 1526295130.2501047, 1526295130.3071878, 1526295130.3458374, 1526295130.387862, 1526295130.425922, 1526295130.466182, 1526295130.506455, 1526295130.551698, 1526295130.5848994, 1526295130.6416552, 1526295130.6736553, 1526295130.7306376, 1526295130.7691882, 1526295130.8082182, 1526295130.8651834, 1526295130.9242673, 1526295130.9631104, 1526295130.998578, 1526295131.0565057, 1526295131.1094315, 1526295131.1763232, 1526295131.247147, 1526295131.2985837, 1526295131.3555815, 1526295131.395561, 1526295131.4551888, 1526295131.4946568, 1526295131.5340338, 1526295131.5659463, 1526295131.607818], "episode_lengths": [101, 106, 98, 103, 105, 106, 161, 86, 96, 105, 87, 154, 88, 153, 85, 106, 151, 159, 105, 97, 106, 154, 103, 153, 84, 96, 107, 106, 158, 105, 106, 107, 200, 159, 152, 153, 84, 158, 105, 88, 106, 151, 172, 107, 88, 105, 151, 159, 107, 103, 105, 158, 106, 109, 151, 123, 105, 106, 105, 85, 106, 105, 87, 107, 84, 153, 87, 106, 105, 90, 88, 155, 105, 105, 102, 107, 106, 105, 86, 151, 86, 152, 105, 106, 152, 160, 105, 87, 105, 106, 151, 106, 109, 153, 106, 160, 106, 105, 85, 106], "episode_rewards": [-101.0, -106.0, -98.0, -103.0, -105.0, -106.0, -161.0, -86.0, -96.0, -105.0, -87.0, -154.0, -88.0, -153.0, -85.0, -106.0, -151.0, -159.0, -105.0, -97.0, -106.0, -154.0, -103.0, -153.0, -84.0, -96.0, -107.0, -106.0, -158.0, -105.0, -106.0, -107.0, -200.0, -159.0, -152.0, -153.0, -84.0, -158.0, -105.0, -88.0, -106.0, -151.0, -172.0, -107.0, -88.0, -105.0, -151.0, -159.0, -107.0, -103.0, -105.0, -158.0, -106.0, -109.0, -151.0, -123.0, -105.0, -106.0, -105.0, -85.0, -106.0, -105.0, -87.0, -107.0, -84.0, -153.0, -87.0, -106.0, -105.0, -90.0, -88.0, -155.0, -105.0, -105.0, -102.0, -107.0, -106.0, -105.0, -86.0, -151.0, -86.0, -152.0, -105.0, -106.0, -152.0, -160.0, -105.0, -87.0, -105.0, -106.0, -151.0, -106.0, -109.0, -153.0, -106.0, -160.0, -106.0, -105.0, -85.0, -106.0], "episode_types": ["t", "t", "t", "t", "t", "t", "t", "t", "t", "t", "t", "t", "t", "t", "t", "t", "t", "t", "t", "t", "t", "t", "t", "t", "t", "t", "t", "t", "t", "t", "t", "t", "t", "t", "t", "t", "t", "t", "t", "t", "t", "t", "t", "t", "t", "t", "t", "t", "t", "t", "t", "t", "t", "t", "t", "t", "t", "t", "t", "t", "t", "t", "t", "t", "t", "t", "t", "t", "t", "t", "t", "t", "t", "t", "t", "t", "t", "t", "t", "t", "t", "t", "t", "t", "t", "t", "t", "t", "t", "t", "t", "t", "t", "t", "t", "t", "t", "t", "t", "t"], "initial_reset_timestamp": 1526295124.129395}