{"timestamps": [1526297135.9403274, 1526297136.2166827, 1526297136.257159, 1526297136.2882197, 1526297136.3205235, 1526297136.3846548, 1526297136.41676, 1526297136.4561172, 1526297136.4878378, 1526297136.5442908, 1526297136.5765345, 1526297136.6334362, 1526297136.6923683, 1526297136.7490866, 1526297136.78139, 1526297136.8210487, 1526297136.8612125, 1526297136.9199886, 1526297136.9791455, 1526297137.022629, 1526297137.0548584, 1526297137.1135333, 1526297137.1715503, 1526297137.2141714, 1526297137.2592359, 1526297137.3002372, 1526297137.3342738, 1526297137.3932908, 1526297137.4263341, 1526297137.4763353, 1526297137.592929, 1526297137.6673045, 1526297137.73441, 1526297137.7937624, 1526297137.8358505, 1526297137.890545, 1526297137.9445388, 1526297138.0386465, 1526297138.074173, 1526297138.1201642, 1526297138.159661, 1526297138.199401, 1526297138.239911, 1526297138.280424, 1526297138.3387585, 1526297138.371692, 1526297138.4231298, 1526297138.454939, 1526297138.4946492, 1526297138.5528498, 1526297138.6132655, 1526297138.6525939, 1526297138.6919875, 1526297138.7325609, 1526297138.7721465, 1526297138.804052, 1526297138.8432176, 1526297138.910145, 1526297138.954082, 1526297138.9941363, 1526297139.0336494, 1526297139.0667975, 1526297139.1067498, 1526297139.1471403, 1526297139.1817684, 1526297139.2239776, 1526297139.2817895, 1526297139.321066, 1526297139.3802452, 1526297139.4368443, 1526297139.4772437, 1526297139.5192926, 1526297139.5587113, 1526297139.5920084, 1526297139.6518936, 1526297139.6892204, 1526297139.7238834, 1526297139.763429, 1526297139.7966244, 1526297139.8615246, 1526297139.919064, 1526297139.972042, 1526297140.0281837, 1526297140.061856, 1526297140.103697, 1526297140.1364067, 1526297140.1818726, 1526297140.224348, 1526297140.2726429, 1526297140.3131046, 1526297140.3720193, 1526297140.4376147, 1526297140.4970374, 1526297140.536627, 1526297140.576757, 1526297140.6587312, 1526297140.7154555, 1526297140.754914, 1526297140.787435, 1526297140.8197057], "episode_lengths": [88, 105, 107, 84, 87, 170, 87, 106, 85, 153, 86, 155, 152, 153, 86, 107, 85, 113, 153, 106, 86, 157, 151, 106, 106, 107, 92, 157, 85, 87, 160, 105, 106, 158, 106, 105, 85, 155, 94, 124, 105, 106, 107, 105, 155, 87, 140, 86, 106, 157, 162, 106, 105, 105, 106, 87, 105, 105, 106, 105, 105, 88, 106, 106, 89, 111, 153, 106, 160, 152, 107, 114, 107, 90, 162, 100, 95, 107, 90, 159, 84, 106, 86, 87, 105, 85, 119, 106, 126, 105, 155, 170, 155, 105, 106, 152, 150, 106, 87, 86], "episode_rewards": [-88.0, -105.0, -107.0, -84.0, -87.0, -170.0, -87.0, -106.0, -85.0, -153.0, -86.0, -155.0, -152.0, -153.0, -86.0, -107.0, -85.0, -113.0, -153.0, -106.0, -86.0, -157.0, -151.0, -106.0, -106.0, -107.0, -92.0, -157.0, -85.0, -87.0, -160.0, -105.0, -106.0, -158.0, -106.0, -105.0, -85.0, -155.0, -94.0, -124.0, -105.0, -106.0, -107.0, -105.0, -155.0, -87.0, -140.0, -86.0, -106.0, -157.0, -162.0, -106.0, -105.0, -105.0, -106.0, -87.0, -105.0, -105.0, -106.0, -105.0, -105.0, -88.0, -106.0, -106.0, -89.0, -111.0, -153.0, -106.0, -160.0, -152.0, -107.0, -114.0, -107.0, -90.0, -162.0, -100.0, -95.0, -107.0, -90.0, -159.0, -84.0, -106.0, -86.0, -87.0, -105.0, -85.0, -119.0, -106.0, -126.0, -105.0, -155.0, -170.0, -155.0, -105.0, -106.0, -152.0, -150.0, -106.0, -87.0, -86.0], "episode_types": ["t", "t", "t", "t", "t", "t", "t", "t", "t", "t", "t", "t", "t", "t", "t", "t", "t", "t", "t", "t", "t", "t", "t", "t", "t", "t", "t", "t", "t", "t", "t", "t", "t", "t", "t", "t", "t", "t", "t", "t", "t", "t", "t", "t", "t", "t", "t", "t", "t", "t", "t", "t", "t", "t", "t", "t", "t", "t", "t", "t", "t", "t", "t", "t", "t", "t", "t", "t", "t", "t", "t", "t", "t", "t", "t", "t", "t", "t", "t", "t", "t", "t", "t", "t", "t", "t", "t", "t", "t", "t", "t", "t", "t", "t", "t", "t", "t", "t", "t", "t"], "initial_reset_timestamp": 1526297133.3250477}