{"timestamps": [1526286949.0744185, 1526286949.2791986, 1526286949.315683, 1526286949.355378, 1526286949.3948746, 1526286949.4269435, 1526286949.4606762, 1526286949.513204, 1526286949.5610065, 1526286949.595546, 1526286949.629021, 1526286949.6711009, 1526286949.7309952, 1526286949.7949753, 1526286949.8606267, 1526286949.9189808, 1526286949.95858, 1526286949.9984307, 1526286950.0375965, 1526286950.0722175, 1526286950.1339266, 1526286950.175091, 1526286950.2071044, 1526286950.2466316, 1526286950.2787957, 1526286950.3180401, 1526286950.3590715, 1526286950.3917902, 1526286950.4305284, 1526286950.462556, 1526286950.5022175, 1526286950.5394225, 1526286950.5798743, 1526286950.6192687, 1526286950.6521473, 1526286950.6920068, 1526286950.7319462, 1526286950.7725537, 1526286950.8120015, 1526286950.851656, 1526286950.8906553, 1526286950.9334335, 1526286950.9668224, 1526286951.0022676, 1526286951.0418622, 1526286951.081125, 1526286951.115737, 1526286951.1472616, 1526286951.181695, 1526286951.2208142, 1526286951.2595515, 1526286951.2991452, 1526286951.3370357, 1526286951.3764515, 1526286951.416289, 1526286951.4551826, 1526286951.5010076, 1526286951.5413165, 1526286951.6013384, 1526286951.641569, 1526286951.6807342, 1526286951.7160962, 1526286951.7557242, 1526286951.796825, 1526286951.8366456, 1526286951.86832, 1526286951.9270568, 1526286951.9666326, 1526286952.000144, 1526286952.0394397, 1526286952.0731425, 1526286952.1144838, 1526286952.148888, 1526286952.1827545, 1526286952.2289412, 1526286952.2678134, 1526286952.3139284, 1526286952.3541405, 1526286952.3938813, 1526286952.4407818, 1526286952.4889255, 1526286952.5333529, 1526286952.5732286, 1526286952.6136124, 1526286952.6492996, 1526286952.6815622, 1526286952.7250988, 1526286952.7839634, 1526286952.8465528, 1526286952.898086, 1526286952.9356627, 1526286952.9764743, 1526286953.0197983, 1526286953.0604107, 1526286953.1008668, 1526286953.135686, 1526286953.1752799, 1526286953.2088935, 1526286953.2397802, 1526286953.279538], "episode_lengths": [105, 105, 96, 104, 104, 85, 90, 104, 114, 90, 88, 110, 158, 168, 177, 157, 107, 106, 105, 93, 166, 106, 86, 106, 86, 105, 107, 88, 104, 86, 90, 97, 106, 105, 87, 106, 106, 108, 105, 106, 104, 115, 90, 95, 105, 104, 93, 84, 92, 105, 104, 105, 101, 105, 106, 104, 105, 104, 160, 106, 104, 95, 106, 109, 106, 85, 158, 106, 90, 106, 90, 111, 91, 91, 125, 104, 124, 106, 106, 127, 106, 104, 104, 107, 93, 85, 106, 105, 108, 106, 94, 105, 106, 106, 106, 93, 105, 90, 83, 106], "episode_rewards": [-105.0, -105.0, -96.0, -104.0, -104.0, -85.0, -90.0, -104.0, -114.0, -90.0, -88.0, -110.0, -158.0, -168.0, -177.0, -157.0, -107.0, -106.0, -105.0, -93.0, -166.0, -106.0, -86.0, -106.0, -86.0, -105.0, -107.0, -88.0, -104.0, -86.0, -90.0, -97.0, -106.0, -105.0, -87.0, -106.0, -106.0, -108.0, -105.0, -106.0, -104.0, -115.0, -90.0, -95.0, -105.0, -104.0, -93.0, -84.0, -92.0, -105.0, -104.0, -105.0, -101.0, -105.0, -106.0, -104.0, -105.0, -104.0, -160.0, -106.0, -104.0, -95.0, -106.0, -109.0, -106.0, -85.0, -158.0, -106.0, -90.0, -106.0, -90.0, -111.0, -91.0, -91.0, -125.0, -104.0, -124.0, -106.0, -106.0, -127.0, -106.0, -104.0, -104.0, -107.0, -93.0, -85.0, -106.0, -105.0, -108.0, -106.0, -94.0, -105.0, -106.0, -106.0, -106.0, -93.0, -105.0, -90.0, -83.0, -106.0], "episode_types": ["t", "t", "t", "t", "t", "t", "t", "t", "t", "t", "t", "t", "t", "t", "t", "t", "t", "t", "t", "t", "t", "t", "t", "t", "t", "t", "t", "t", "t", "t", "t", "t", "t", "t", "t", "t", "t", "t", "t", "t", "t", "t", "t", "t", "t", "t", "t", "t", "t", "t", "t", "t", "t", "t", "t", "t", "t", "t", "t", "t", "t", "t", "t", "t", "t", "t", "t", "t", "t", "t", "t", "t", "t", "t", "t", "t", "t", "t", "t", "t", "t", "t", "t", "t", "t", "t", "t", "t", "t", "t", "t", "t", "t", "t", "t", "t", "t", "t", "t", "t"], "initial_reset_timestamp": 1526286945.7770894}