{"timestamps": [1526313871.5965698, 1526313871.8555617, 1526313871.894434, 1526313871.933636, 1526313871.9902303, 1526313872.0294375, 1526313872.0711963, 1526313872.1383705, 1526313872.1956718, 1526313872.2360437, 1526313872.2964249, 1526313872.331109, 1526313872.363946, 1526313872.4045484, 1526313872.444481, 1526313872.4845533, 1526313872.524183, 1526313872.5634706, 1526313872.594886, 1526313872.6363928, 1526313872.6961946, 1526313872.7303588, 1526313872.7707686, 1526313872.8287666, 1526313872.861261, 1526313872.8931756, 1526313872.933341, 1526313872.9700036, 1526313873.0101914, 1526313873.0523496, 1526313873.1289883, 1526313873.1685538, 1526313873.2123866, 1526313873.2516904, 1526313873.2916205, 1526313873.3313584, 1526313873.3709438, 1526313873.4101722, 1526313873.4508016, 1526313873.4916334, 1526313873.5473564, 1526313873.5864415, 1526313873.6191056, 1526313873.6592715, 1526313873.6936817, 1526313873.7336125, 1526313873.773345, 1526313873.8136408, 1526313873.8534496, 1526313873.8854828, 1526313873.9245698, 1526313873.963771, 1526313873.997365, 1526313874.0545216, 1526313874.1342044, 1526313874.1744823, 1526313874.2081764, 1526313874.2491028, 1526313874.2882855, 1526313874.3470104, 1526313874.3875995, 1526313874.429471, 1526313874.4705846, 1526313874.5102913, 1526313874.549463, 1526313874.588485, 1526313874.6458943, 1526313874.6858258, 1526313874.7252476, 1526313874.7659276, 1526313874.7976928, 1526313874.8568025, 1526313874.896502, 1526313874.9373913, 1526313874.9767911, 1526313875.0116608, 1526313875.0541182, 1526313875.1425307, 1526313875.1832469, 1526313875.2188027, 1526313875.2820928, 1526313875.3224714, 1526313875.363274, 1526313875.3968294, 1526313875.4372907, 1526313875.4739103, 1526313875.5294263, 1526313875.5694432, 1526313875.6088932, 1526313875.6527815, 1526313875.6973686, 1526313875.7376056, 1526313875.7767696, 1526313875.815756, 1526313875.8549926, 1526313875.9482434, 1526313875.988064, 1526313876.047949, 1526313876.1137216, 1526313876.179618], "episode_lengths": [162, 105, 105, 105, 153, 104, 88, 104, 151, 106, 155, 92, 84, 106, 105, 106, 105, 105, 84, 106, 160, 91, 84, 151, 85, 84, 105, 97, 106, 107, 106, 88, 105, 105, 106, 106, 104, 104, 107, 107, 148, 104, 87, 106, 92, 106, 105, 107, 106, 87, 105, 106, 91, 150, 147, 105, 88, 107, 104, 154, 106, 107, 105, 106, 105, 105, 148, 106, 105, 107, 86, 160, 105, 105, 106, 93, 107, 168, 106, 93, 168, 105, 106, 88, 105, 97, 147, 106, 105, 87, 89, 105, 100, 104, 105, 154, 106, 155, 105, 150], "episode_rewards": [-162.0, -105.0, -105.0, -105.0, -153.0, -104.0, -88.0, -104.0, -151.0, -106.0, -155.0, -92.0, -84.0, -106.0, -105.0, -106.0, -105.0, -105.0, -84.0, -106.0, -160.0, -91.0, -84.0, -151.0, -85.0, -84.0, -105.0, -97.0, -106.0, -107.0, -106.0, -88.0, -105.0, -105.0, -106.0, -106.0, -104.0, -104.0, -107.0, -107.0, -148.0, -104.0, -87.0, -106.0, -92.0, -106.0, -105.0, -107.0, -106.0, -87.0, -105.0, -106.0, -91.0, -150.0, -147.0, -105.0, -88.0, -107.0, -104.0, -154.0, -106.0, -107.0, -105.0, -106.0, -105.0, -105.0, -148.0, -106.0, -105.0, -107.0, -86.0, -160.0, -105.0, -105.0, -106.0, -93.0, -107.0, -168.0, -106.0, -93.0, -168.0, -105.0, -106.0, -88.0, -105.0, -97.0, -147.0, -106.0, -105.0, -87.0, -89.0, -105.0, -100.0, -104.0, -105.0, -154.0, -106.0, -155.0, -105.0, -150.0], "episode_types": ["t", "t", "t", "t", "t", "t", "t", "t", "t", "t", "t", "t", "t", "t", "t", "t", "t", "t", "t", "t", "t", "t", "t", "t", "t", "t", "t", "t", "t", "t", "t", "t", "t", "t", "t", "t", "t", "t", "t", "t", "t", "t", "t", "t", "t", "t", "t", "t", "t", "t", "t", "t", "t", "t", "t", "t", "t", "t", "t", "t", "t", "t", "t", "t", "t", "t", "t", "t", "t", "t", "t", "t", "t", "t", "t", "t", "t", "t", "t", "t", "t", "t", "t", "t", "t", "t", "t", "t", "t", "t", "t", "t", "t", "t", "t", "t", "t", "t", "t", "t"], "initial_reset_timestamp": 1526313867.1712077}