{"timestamps": [1526327349.2187603, 1526327349.6692162, 1526327349.7240815, 1526327349.8132172, 1526327349.877244, 1526327349.9358757, 1526327349.9812942, 1526327350.0293713, 1526327350.0730243, 1526327350.119852, 1526327350.1572003, 1526327350.200838, 1526327350.2536983, 1526327350.332551, 1526327350.4047887, 1526327350.476563, 1526327350.567184, 1526327350.648799, 1526327350.705075, 1526327350.756508, 1526327350.8067975, 1526327350.897373, 1526327351.0224774, 1526327351.0997205, 1526327351.1702495, 1526327351.2625527, 1526327351.3530505, 1526327351.4278958, 1526327351.5027673, 1526327351.58434, 1526327351.6657977, 1526327351.7227545, 1526327351.7666674, 1526327351.8137236, 1526327351.8574405, 1526327351.9284568, 1526327352.0149724, 1526327352.092952, 1526327352.2145026, 1526327352.3258152, 1526327352.3895926, 1526327352.446318, 1526327352.4921398, 1526327352.5365005, 1526327352.6043258, 1526327352.652735, 1526327352.700165, 1526327352.7664366, 1526327352.8140147, 1526327352.8693647, 1526327352.9097865, 1526327353.0093043, 1526327353.082275, 1526327353.1428273, 1526327353.204349, 1526327353.2669327, 1526327353.341524, 1526327353.4252074, 1526327353.50738, 1526327353.5900276, 1526327353.6776133, 1526327353.7421827, 1526327353.818732, 1526327353.86592, 1526327353.9310067, 1526327353.9682322, 1526327354.01793, 1526327354.0644305, 1526327354.1176374, 1526327354.1615756, 1526327354.1987588, 1526327354.2486913, 1526327354.3220665, 1526327354.3862998, 1526327354.4324906, 1526327354.4852207, 1526327354.5478187, 1526327354.5968504, 1526327354.644686, 1526327354.6970031, 1526327354.7700953, 1526327354.8508034, 1526327354.9053783, 1526327354.9799454, 1526327355.0400767, 1526327355.0999458, 1526327355.1772587, 1526327355.2234492, 1526327355.3038185, 1526327355.3737879, 1526327355.416303, 1526327355.4672003, 1526327355.5121093, 1526327355.551884, 1526327355.5986671, 1526327355.673157, 1526327355.711768, 1526327355.7566884, 1526327355.8142776, 1526327355.8495262], "episode_lengths": [89, 105, 105, 172, 105, 106, 95, 106, 105, 107, 87, 97, 96, 105, 97, 97, 107, 155, 107, 88, 94, 97, 106, 87, 89, 107, 110, 85, 95, 106, 106, 106, 96, 107, 107, 155, 158, 106, 165, 158, 88, 107, 106, 105, 162, 106, 102, 154, 106, 106, 87, 171, 106, 106, 92, 89, 97, 106, 106, 106, 115, 84, 104, 105, 85, 85, 106, 105, 118, 106, 85, 86, 105, 106, 106, 107, 106, 105, 107, 116, 155, 155, 84, 126, 96, 107, 166, 106, 107, 106, 84, 117, 107, 93, 106, 171, 84, 105, 105, 84], "episode_rewards": [-89.0, -105.0, -105.0, -172.0, -105.0, -106.0, -95.0, -106.0, -105.0, -107.0, -87.0, -97.0, -96.0, -105.0, -97.0, -97.0, -107.0, -155.0, -107.0, -88.0, -94.0, -97.0, -106.0, -87.0, -89.0, -107.0, -110.0, -85.0, -95.0, -106.0, -106.0, -106.0, -96.0, -107.0, -107.0, -155.0, -158.0, -106.0, -165.0, -158.0, -88.0, -107.0, -106.0, -105.0, -162.0, -106.0, -102.0, -154.0, -106.0, -106.0, -87.0, -171.0, -106.0, -106.0, -92.0, -89.0, -97.0, -106.0, -106.0, -106.0, -115.0, -84.0, -104.0, -105.0, -85.0, -85.0, -106.0, -105.0, -118.0, -106.0, -85.0, -86.0, -105.0, -106.0, -106.0, -107.0, -106.0, -105.0, -107.0, -116.0, -155.0, -155.0, -84.0, -126.0, -96.0, -107.0, -166.0, -106.0, -107.0, -106.0, -84.0, -117.0, -107.0, -93.0, -106.0, -171.0, -84.0, -105.0, -105.0, -84.0], "episode_types": ["t", "t", "t", "t", "t", "t", "t", "t", "t", "t", "t", "t", "t", "t", "t", "t", "t", "t", "t", "t", "t", "t", "t", "t", "t", "t", "t", "t", "t", "t", "t", "t", "t", "t", "t", "t", "t", "t", "t", "t", "t", "t", "t", "t", "t", "t", "t", "t", "t", "t", "t", "t", "t", "t", "t", "t", "t", "t", "t", "t", "t", "t", "t", "t", "t", "t", "t", "t", "t", "t", "t", "t", "t", "t", "t", "t", "t", "t", "t", "t", "t", "t", "t", "t", "t", "t", "t", "t", "t", "t", "t", "t", "t", "t", "t", "t", "t", "t", "t", "t"], "initial_reset_timestamp": 1526327345.932973}