{"timestamps": [1526286054.6338856, 1526286054.835952, 1526286054.8750737, 1526286054.9139357, 1526286054.970505, 1526286055.0257807, 1526286055.0575504, 1526286055.0965407, 1526286055.1355665, 1526286055.178867, 1526286055.2282236, 1526286055.2654393, 1526286055.304661, 1526286055.3437145, 1526286055.3997247, 1526286055.4387233, 1526286055.4777617, 1526286055.5170636, 1526286055.5736241, 1526286055.6136796, 1526286055.6532161, 1526286055.6919966, 1526286055.7235572, 1526286055.7652686, 1526286055.8073735, 1526286055.863281, 1526286055.9020603, 1526286055.9408586, 1526286055.9981914, 1526286056.0372045, 1526286056.0800629, 1526286056.1120791, 1526286056.153112, 1526286056.1954303, 1526286056.253093, 1526286056.2920241, 1526286056.3492818, 1526286056.3801796, 1526286056.4359763, 1526286056.4751167, 1526286056.5144677, 1526286056.5710223, 1526286056.6269202, 1526286056.6843905, 1526286056.7248802, 1526286056.7730699, 1526286056.817475, 1526286056.8599896, 1526286056.9048975, 1526286056.947012, 1526286056.9878352, 1526286057.0234625, 1526286057.0662527, 1526286057.109652, 1526286057.1529589, 1526286057.1855888, 1526286057.222782, 1526286057.2869482, 1526286057.3472254, 1526286057.386091, 1526286057.425693, 1526286057.4645915, 1526286057.5057552, 1526286057.5394433, 1526286057.582653, 1526286057.6446874, 1526286057.6872773, 1526286057.7277982, 1526286057.7676768, 1526286057.8081505, 1526286057.8530514, 1526286057.9033902, 1526286057.9534917, 1526286057.9974878, 1526286058.0673022, 1526286058.1169956, 1526286058.1618364, 1526286058.2308795, 1526286058.2832193, 1526286058.3459728, 1526286058.385596, 1526286058.4256525, 1526286058.4686866, 1526286058.537702, 1526286058.58711, 1526286058.6371458, 1526286058.6876402, 1526286058.7586076, 1526286058.8040032, 1526286058.8742037, 1526286058.9418178, 1526286059.0163827, 1526286059.056209, 1526286059.0940766, 1526286059.1437595, 1526286059.1886342, 1526286059.2398856, 1526286059.3022914, 1526286059.363737, 1526286059.403069], "episode_lengths": [152, 91, 106, 106, 153, 151, 86, 106, 105, 109, 106, 101, 106, 106, 152, 106, 106, 106, 153, 106, 106, 105, 85, 113, 114, 152, 105, 105, 157, 106, 117, 87, 102, 105, 152, 105, 155, 84, 152, 106, 106, 152, 152, 152, 103, 106, 106, 105, 115, 105, 106, 88, 105, 105, 105, 86, 85, 168, 162, 105, 106, 105, 108, 85, 108, 152, 107, 106, 106, 106, 106, 105, 113, 105, 154, 112, 106, 106, 106, 166, 106, 106, 105, 152, 108, 106, 111, 156, 100, 156, 152, 152, 86, 87, 106, 86, 90, 167, 166, 106], "episode_rewards": [-152.0, -91.0, -106.0, -106.0, -153.0, -151.0, -86.0, -106.0, -105.0, -109.0, -106.0, -101.0, -106.0, -106.0, -152.0, -106.0, -106.0, -106.0, -153.0, -106.0, -106.0, -105.0, -85.0, -113.0, -114.0, -152.0, -105.0, -105.0, -157.0, -106.0, -117.0, -87.0, -102.0, -105.0, -152.0, -105.0, -155.0, -84.0, -152.0, -106.0, -106.0, -152.0, -152.0, -152.0, -103.0, -106.0, -106.0, -105.0, -115.0, -105.0, -106.0, -88.0, -105.0, -105.0, -105.0, -86.0, -85.0, -168.0, -162.0, -105.0, -106.0, -105.0, -108.0, -85.0, -108.0, -152.0, -107.0, -106.0, -106.0, -106.0, -106.0, -105.0, -113.0, -105.0, -154.0, -112.0, -106.0, -106.0, -106.0, -166.0, -106.0, -106.0, -105.0, -152.0, -108.0, -106.0, -111.0, -156.0, -100.0, -156.0, -152.0, -152.0, -86.0, -87.0, -106.0, -86.0, -90.0, -167.0, -166.0, -106.0], "episode_types": ["t", "t", "t", "t", "t", "t", "t", "t", "t", "t", "t", "t", "t", "t", "t", "t", "t", "t", "t", "t", "t", "t", "t", "t", "t", "t", "t", "t", "t", "t", "t", "t", "t", "t", "t", "t", "t", "t", "t", "t", "t", "t", "t", "t", "t", "t", "t", "t", "t", "t", "t", "t", "t", "t", "t", "t", "t", "t", "t", "t", "t", "t", "t", "t", "t", "t", "t", "t", "t", "t", "t", "t", "t", "t", "t", "t", "t", "t", "t", "t", "t", "t", "t", "t", "t", "t", "t", "t", "t", "t", "t", "t", "t", "t", "t", "t", "t", "t", "t", "t"], "initial_reset_timestamp": 1526286050.8069875}