{"timestamps": [1526353334.6192966, 1526353334.888122, 1526353334.9277384, 1526353334.9682431, 1526353335.0003002, 1526353335.0668187, 1526353335.1056542, 1526353335.1456296, 1526353335.2072964, 1526353335.2466247, 1526353335.3080108, 1526353335.3521583, 1526353335.4074388, 1526353335.4468007, 1526353335.4824553, 1526353335.522204, 1526353335.5835288, 1526353335.616507, 1526353335.6545458, 1526353335.726075, 1526353335.7691798, 1526353335.8362935, 1526353335.9157178, 1526353336.039898, 1526353336.094414, 1526353336.1264443, 1526353336.1598325, 1526353336.1998868, 1526353336.246813, 1526353336.320786, 1526353336.3937805, 1526353336.4671264, 1526353336.5396984, 1526353336.624734, 1526353336.6991906, 1526353336.7698233, 1526353336.829205, 1526353336.9029624, 1526353336.977404, 1526353337.0526657, 1526353337.1266313, 1526353337.1900997, 1526353337.2643723, 1526353337.3329747, 1526353337.4523664, 1526353337.5715063, 1526353337.6447618, 1526353337.7164686, 1526353337.7897031, 1526353337.8965485, 1526353337.9694526, 1526353338.0317824, 1526353338.095547, 1526353338.1662178, 1526353338.222887, 1526353338.2939627, 1526353338.3552403, 1526353338.424999, 1526353338.4864976, 1526353338.5576842, 1526353338.6689188, 1526353338.7787642, 1526353338.8502543, 1526353338.9140167, 1526353338.9795907, 1526353339.0511076, 1526353339.1145897, 1526353339.1860244, 1526353339.2588694, 1526353339.374096, 1526353339.4338675, 1526353339.5347922, 1526353339.5931304, 1526353339.6541522, 1526353339.7251222, 1526353339.7862573, 1526353339.858904, 1526353339.9301353, 1526353340.0028923, 1526353340.0738142, 1526353340.145775, 1526353340.2034793, 1526353340.2648437, 1526353340.3351755, 1526353340.3920965, 1526353340.449389, 1526353340.5208435, 1526353340.6434233, 1526353340.714245, 1526353340.772684, 1526353340.8437822, 1526353340.9166129, 1526353340.9879084, 1526353341.0447006, 1526353341.1168978, 1526353341.2403052, 1526353341.3020132, 1526353341.3853633, 1526353341.4454947, 1526353341.503329], "episode_lengths": [88, 162, 106, 107, 86, 178, 104, 106, 166, 106, 165, 118, 96, 90, 92, 104, 162, 86, 98, 156, 106, 105, 105, 181, 106, 86, 86, 104, 105, 104, 105, 104, 104, 121, 106, 105, 85, 105, 106, 107, 105, 90, 105, 106, 170, 170, 105, 106, 106, 156, 105, 90, 94, 104, 84, 105, 91, 105, 93, 106, 165, 162, 104, 94, 97, 105, 94, 105, 107, 171, 89, 151, 86, 90, 104, 90, 107, 105, 107, 104, 106, 85, 91, 104, 84, 85, 105, 181, 104, 86, 105, 107, 105, 84, 106, 182, 91, 124, 89, 86], "episode_rewards": [-88.0, -162.0, -106.0, -107.0, -86.0, -178.0, -104.0, -106.0, -166.0, -106.0, -165.0, -118.0, -96.0, -90.0, -92.0, -104.0, -162.0, -86.0, -98.0, -156.0, -106.0, -105.0, -105.0, -181.0, -106.0, -86.0, -86.0, -104.0, -105.0, -104.0, -105.0, -104.0, -104.0, -121.0, -106.0, -105.0, -85.0, -105.0, -106.0, -107.0, -105.0, -90.0, -105.0, -106.0, -170.0, -170.0, -105.0, -106.0, -106.0, -156.0, -105.0, -90.0, -94.0, -104.0, -84.0, -105.0, -91.0, -105.0, -93.0, -106.0, -165.0, -162.0, -104.0, -94.0, -97.0, -105.0, -94.0, -105.0, -107.0, -171.0, -89.0, -151.0, -86.0, -90.0, -104.0, -90.0, -107.0, -105.0, -107.0, -104.0, -106.0, -85.0, -91.0, -104.0, -84.0, -85.0, -105.0, -181.0, -104.0, -86.0, -105.0, -107.0, -105.0, -84.0, -106.0, -182.0, -91.0, -124.0, -89.0, -86.0], "episode_types": ["t", "t", "t", "t", "t", "t", "t", "t", "t", "t", "t", "t", "t", "t", "t", "t", "t", "t", "t", "t", "t", "t", "t", "t", "t", "t", "t", "t", "t", "t", "t", "t", "t", "t", "t", "t", "t", "t", "t", "t", "t", "t", "t", "t", "t", "t", "t", "t", "t", "t", "t", "t", "t", "t", "t", "t", "t", "t", "t", "t", "t", "t", "t", "t", "t", "t", "t", "t", "t", "t", "t", "t", "t", "t", "t", "t", "t", "t", "t", "t", "t", "t", "t", "t", "t", "t", "t", "t", "t", "t", "t", "t", "t", "t", "t", "t", "t", "t", "t", "t"], "initial_reset_timestamp": 1526353332.0388877}