{"timestamps": [1526301762.9508176, 1526301763.219744, 1526301763.2731452, 1526301763.3348985, 1526301763.3954868, 1526301763.4365327, 1526301763.482099, 1526301763.5228448, 1526301763.59549, 1526301763.6647637, 1526301763.734923, 1526301763.8021748, 1526301763.851796, 1526301763.9120286, 1526301763.9850936, 1526301764.05164, 1526301764.0911734, 1526301764.1383326, 1526301764.1918013, 1526301764.2742536, 1526301764.3315103, 1526301764.3677561, 1526301764.410563, 1526301764.450729, 1526301764.5078456, 1526301764.562665, 1526301764.6238475, 1526301764.6829653, 1526301764.7237575, 1526301764.764907, 1526301764.8200889, 1526301764.8876157, 1526301764.9382832, 1526301764.981294, 1526301765.0262175, 1526301765.131726, 1526301765.2004383, 1526301765.26894, 1526301765.308838, 1526301765.348595, 1526301765.3885112, 1526301765.4658096, 1526301765.5064769, 1526301765.5867176, 1526301765.630878, 1526301765.6911838, 1526301765.729796, 1526301765.772425, 1526301765.8209393, 1526301765.8519053, 1526301765.8908277, 1526301765.9466398, 1526301765.9856968, 1526301766.0244296, 1526301766.0651789, 1526301766.097913, 1526301766.1371932, 1526301766.203088, 1526301766.2354026, 1526301766.274792, 1526301766.3058467, 1526301766.3689706, 1526301766.4245799, 1526301766.4652338, 1526301766.5231543, 1526301766.5866356, 1526301766.6247458, 1526301766.6678224, 1526301766.7339673, 1526301766.774906, 1526301766.8071449, 1526301766.866509, 1526301766.9384024, 1526301766.9715154, 1526301767.0283778, 1526301767.068577, 1526301767.107084, 1526301767.1399565, 1526301767.1970987, 1526301767.2356484, 1526301767.2669327, 1526301767.3073533, 1526301767.3419456, 1526301767.382367, 1526301767.4585438, 1526301767.5227568, 1526301767.5765128, 1526301767.62666, 1526301767.685158, 1526301767.7250948, 1526301767.7648332, 1526301767.79953, 1526301767.8381407, 1526301767.896226, 1526301767.9560044, 1526301767.996112, 1526301768.0521848, 1526301768.0939395, 1526301768.1520414, 1526301768.1915336], "episode_lengths": [105, 87, 105, 107, 95, 107, 105, 85, 127, 107, 105, 106, 104, 105, 105, 108, 104, 87, 86, 160, 153, 94, 106, 85, 94, 87, 104, 153, 106, 105, 107, 107, 105, 106, 87, 166, 106, 107, 105, 106, 104, 153, 84, 106, 85, 152, 104, 88, 105, 84, 105, 152, 105, 105, 106, 88, 104, 177, 88, 105, 84, 168, 150, 104, 150, 120, 86, 105, 170, 107, 87, 150, 104, 87, 153, 107, 104, 87, 154, 104, 84, 107, 93, 107, 130, 153, 104, 106, 153, 106, 104, 92, 104, 155, 161, 105, 152, 104, 154, 106], "episode_rewards": [-105.0, -87.0, -105.0, -107.0, -95.0, -107.0, -105.0, -85.0, -127.0, -107.0, -105.0, -106.0, -104.0, -105.0, -105.0, -108.0, -104.0, -87.0, -86.0, -160.0, -153.0, -94.0, -106.0, -85.0, -94.0, -87.0, -104.0, -153.0, -106.0, -105.0, -107.0, -107.0, -105.0, -106.0, -87.0, -166.0, -106.0, -107.0, -105.0, -106.0, -104.0, -153.0, -84.0, -106.0, -85.0, -152.0, -104.0, -88.0, -105.0, -84.0, -105.0, -152.0, -105.0, -105.0, -106.0, -88.0, -104.0, -177.0, -88.0, -105.0, -84.0, -168.0, -150.0, -104.0, -150.0, -120.0, -86.0, -105.0, -170.0, -107.0, -87.0, -150.0, -104.0, -87.0, -153.0, -107.0, -104.0, -87.0, -154.0, -104.0, -84.0, -107.0, -93.0, -107.0, -130.0, -153.0, -104.0, -106.0, -153.0, -106.0, -104.0, -92.0, -104.0, -155.0, -161.0, -105.0, -152.0, -104.0, -154.0, -106.0], "episode_types": ["t", "t", "t", "t", "t", "t", "t", "t", "t", "t", "t", "t", "t", "t", "t", "t", "t", "t", "t", "t", "t", "t", "t", "t", "t", "t", "t", "t", "t", "t", "t", "t", "t", "t", "t", "t", "t", "t", "t", "t", "t", "t", "t", "t", "t", "t", "t", "t", "t", "t", "t", "t", "t", "t", "t", "t", "t", "t", "t", "t", "t", "t", "t", "t", "t", "t", "t", "t", "t", "t", "t", "t", "t", "t", "t", "t", "t", "t", "t", "t", "t", "t", "t", "t", "t", "t", "t", "t", "t", "t", "t", "t", "t", "t", "t", "t", "t", "t", "t", "t"], "initial_reset_timestamp": 1526301759.89144}