{"timestamps": [1526331462.1163163, 1526331462.466169, 1526331462.5000048, 1526331462.5415447, 1526331462.5826263, 1526331462.6341176, 1526331462.6970239, 1526331462.7298903, 1526331462.7689152, 1526331462.8355212, 1526331462.8760142, 1526331462.9132738, 1526331462.9612935, 1526331463.0043278, 1526331463.0452132, 1526331463.080333, 1526331463.1463726, 1526331463.2127976, 1526331463.289505, 1526331463.3730698, 1526331463.4144087, 1526331463.5039327, 1526331463.5473275, 1526331463.5982375, 1526331463.670804, 1526331463.7641246, 1526331463.802338, 1526331463.8368316, 1526331463.8729534, 1526331463.9156744, 1526331463.984534, 1526331464.0662606, 1526331464.1381607, 1526331464.2185714, 1526331464.2695665, 1526331464.4029605, 1526331464.480743, 1526331464.5444486, 1526331464.6523929, 1526331464.7044797, 1526331464.757697, 1526331464.8135128, 1526331464.865272, 1526331464.9248457, 1526331465.0012836, 1526331465.041723, 1526331465.0816555, 1526331465.1282675, 1526331465.1788194, 1526331465.2122204, 1526331465.2577028, 1526331465.3125157, 1526331465.3450966, 1526331465.3903039, 1526331465.4393053, 1526331465.50455, 1526331465.5568874, 1526331465.597633, 1526331465.6317277, 1526331465.6840363, 1526331465.725269, 1526331465.771116, 1526331465.8298876, 1526331465.8764765, 1526331465.940584, 1526331466.0010095, 1526331466.0603268, 1526331466.1214259, 1526331466.1594322, 1526331466.1923172, 1526331466.2334454, 1526331466.304592, 1526331466.3541481, 1526331466.4120789, 1526331466.4470882, 1526331466.488942, 1526331466.553198, 1526331466.6328325, 1526331466.751797, 1526331466.8125224, 1526331466.8752677, 1526331466.9174168, 1526331466.9614024, 1526331467.0257049, 1526331467.0659878, 1526331467.1115847, 1526331467.1536748, 1526331467.19555, 1526331467.2746096, 1526331467.3296597, 1526331467.3698924, 1526331467.4313955, 1526331467.4647706, 1526331467.5048423, 1526331467.5392978, 1526331467.579645, 1526331467.6186714, 1526331467.6598184, 1526331467.699569, 1526331467.7319329], "episode_lengths": [116, 107, 87, 107, 106, 127, 152, 85, 104, 156, 106, 93, 105, 105, 97, 90, 157, 106, 106, 107, 84, 156, 88, 105, 109, 129, 86, 87, 84, 107, 92, 106, 89, 87, 86, 160, 107, 88, 152, 116, 106, 105, 107, 107, 157, 105, 105, 106, 106, 84, 92, 98, 85, 107, 106, 85, 107, 105, 85, 128, 106, 107, 157, 107, 105, 107, 156, 158, 96, 84, 107, 106, 106, 151, 92, 106, 102, 105, 156, 105, 160, 104, 107, 158, 105, 116, 107, 106, 105, 87, 105, 157, 89, 106, 92, 106, 104, 106, 106, 86], "episode_rewards": [-116.0, -107.0, -87.0, -107.0, -106.0, -127.0, -152.0, -85.0, -104.0, -156.0, -106.0, -93.0, -105.0, -105.0, -97.0, -90.0, -157.0, -106.0, -106.0, -107.0, -84.0, -156.0, -88.0, -105.0, -109.0, -129.0, -86.0, -87.0, -84.0, -107.0, -92.0, -106.0, -89.0, -87.0, -86.0, -160.0, -107.0, -88.0, -152.0, -116.0, -106.0, -105.0, -107.0, -107.0, -157.0, -105.0, -105.0, -106.0, -106.0, -84.0, -92.0, -98.0, -85.0, -107.0, -106.0, -85.0, -107.0, -105.0, -85.0, -128.0, -106.0, -107.0, -157.0, -107.0, -105.0, -107.0, -156.0, -158.0, -96.0, -84.0, -107.0, -106.0, -106.0, -151.0, -92.0, -106.0, -102.0, -105.0, -156.0, -105.0, -160.0, -104.0, -107.0, -158.0, -105.0, -116.0, -107.0, -106.0, -105.0, -87.0, -105.0, -157.0, -89.0, -106.0, -92.0, -106.0, -104.0, -106.0, -106.0, -86.0], "episode_types": ["t", "t", "t", "t", "t", "t", "t", "t", "t", "t", "t", "t", "t", "t", "t", "t", "t", "t", "t", "t", "t", "t", "t", "t", "t", "t", "t", "t", "t", "t", "t", "t", "t", "t", "t", "t", "t", "t", "t", "t", "t", "t", "t", "t", "t", "t", "t", "t", "t", "t", "t", "t", "t", "t", "t", "t", "t", "t", "t", "t", "t", "t", "t", "t", "t", "t", "t", "t", "t", "t", "t", "t", "t", "t", "t", "t", "t", "t", "t", "t", "t", "t", "t", "t", "t", "t", "t", "t", "t", "t", "t", "t", "t", "t", "t", "t", "t", "t", "t", "t"], "initial_reset_timestamp": 1526331458.048119}