{"timestamps": [1526307862.6690166, 1526307862.9907346, 1526307863.0607994, 1526307863.1134312, 1526307863.166546, 1526307863.200985, 1526307863.2454786, 1526307863.2864354, 1526307863.3282406, 1526307863.361453, 1526307863.3959162, 1526307863.4343152, 1526307863.475078, 1526307863.5148394, 1526307863.5548823, 1526307863.5953338, 1526307863.6348562, 1526307863.696434, 1526307863.7283518, 1526307863.7707477, 1526307863.8418381, 1526307863.8803134, 1526307863.927175, 1526307863.9979913, 1526307864.0778697, 1526307864.1318789, 1526307864.1716065, 1526307864.2112513, 1526307864.2585652, 1526307864.2982624, 1526307864.3306725, 1526307864.3643444, 1526307864.414555, 1526307864.4479232, 1526307864.4815166, 1526307864.5401876, 1526307864.5725935, 1526307864.614135, 1526307864.6559339, 1526307864.6961951, 1526307864.731291, 1526307864.7701979, 1526307864.8027987, 1526307864.8349087, 1526307864.8689778, 1526307864.9009576, 1526307864.9350111, 1526307864.969627, 1526307865.0382743, 1526307865.084711, 1526307865.1224813, 1526307865.1899126, 1526307865.243924, 1526307865.278707, 1526307865.3171823, 1526307865.3585205, 1526307865.4007747, 1526307865.4578288, 1526307865.4970787, 1526307865.5404027, 1526307865.6003234, 1526307865.6389616, 1526307865.6869493, 1526307865.7204888, 1526307865.7546208, 1526307865.7967355, 1526307865.887034, 1526307865.9495995, 1526307866.004016, 1526307866.0802948, 1526307866.131811, 1526307866.1740463, 1526307866.214494, 1526307866.2467313, 1526307866.2876203, 1526307866.3303037, 1526307866.3704774, 1526307866.406838, 1526307866.4687812, 1526307866.5082977, 1526307866.5476308, 1526307866.597643, 1526307866.639128, 1526307866.6802297, 1526307866.720789, 1526307866.7600043, 1526307866.7918694, 1526307866.826156, 1526307866.8587017, 1526307866.8982308, 1526307866.93517, 1526307866.9961395, 1526307867.0458946, 1526307867.087123, 1526307867.1271985, 1526307867.2017272, 1526307867.241845, 1526307867.2738736, 1526307867.3051422, 1526307867.345216], "episode_lengths": [106, 104, 92, 106, 106, 85, 106, 106, 106, 86, 87, 92, 106, 106, 107, 105, 105, 162, 85, 105, 105, 86, 106, 96, 106, 118, 104, 104, 127, 105, 85, 88, 104, 85, 86, 153, 85, 106, 106, 106, 93, 104, 85, 86, 91, 86, 91, 87, 104, 105, 101, 131, 99, 92, 99, 106, 104, 150, 104, 115, 153, 101, 120, 86, 92, 106, 153, 107, 84, 106, 103, 112, 107, 85, 107, 106, 105, 96, 163, 105, 105, 131, 104, 105, 105, 105, 85, 86, 85, 105, 99, 88, 95, 105, 106, 173, 106, 85, 84, 107], "episode_rewards": [-106.0, -104.0, -92.0, -106.0, -106.0, -85.0, -106.0, -106.0, -106.0, -86.0, -87.0, -92.0, -106.0, -106.0, -107.0, -105.0, -105.0, -162.0, -85.0, -105.0, -105.0, -86.0, -106.0, -96.0, -106.0, -118.0, -104.0, -104.0, -127.0, -105.0, -85.0, -88.0, -104.0, -85.0, -86.0, -153.0, -85.0, -106.0, -106.0, -106.0, -93.0, -104.0, -85.0, -86.0, -91.0, -86.0, -91.0, -87.0, -104.0, -105.0, -101.0, -131.0, -99.0, -92.0, -99.0, -106.0, -104.0, -150.0, -104.0, -115.0, -153.0, -101.0, -120.0, -86.0, -92.0, -106.0, -153.0, -107.0, -84.0, -106.0, -103.0, -112.0, -107.0, -85.0, -107.0, -106.0, -105.0, -96.0, -163.0, -105.0, -105.0, -131.0, -104.0, -105.0, -105.0, -105.0, -85.0, -86.0, -85.0, -105.0, -99.0, -88.0, -95.0, -105.0, -106.0, -173.0, -106.0, -85.0, -84.0, -107.0], "episode_types": ["t", "t", "t", "t", "t", "t", "t", "t", "t", "t", "t", "t", "t", "t", "t", "t", "t", "t", "t", "t", "t", "t", "t", "t", "t", "t", "t", "t", "t", "t", "t", "t", "t", "t", "t", "t", "t", "t", "t", "t", "t", "t", "t", "t", "t", "t", "t", "t", "t", "t", "t", "t", "t", "t", "t", "t", "t", "t", "t", "t", "t", "t", "t", "t", "t", "t", "t", "t", "t", "t", "t", "t", "t", "t", "t", "t", "t", "t", "t", "t", "t", "t", "t", "t", "t", "t", "t", "t", "t", "t", "t", "t", "t", "t", "t", "t", "t", "t", "t", "t"], "initial_reset_timestamp": 1526307859.50697}