{"timestamps": [1526351412.6725154, 1526351412.9932384, 1526351413.0600572, 1526351413.0931306, 1526351413.1330726, 1526351413.1745305, 1526351413.2145896, 1526351413.257859, 1526351413.2981477, 1526351413.3373463, 1526351413.369891, 1526351413.4097612, 1526351413.4414623, 1526351413.4731095, 1526351413.5170126, 1526351413.559114, 1526351413.6058047, 1526351413.6472683, 1526351413.6803653, 1526351413.7247307, 1526351413.7583828, 1526351413.8003173, 1526351413.8410861, 1526351413.8739674, 1526351413.9159122, 1526351413.9569836, 1526351413.9977338, 1526351414.0343633, 1526351414.076092, 1526351414.1194022, 1526351414.1680124, 1526351414.2262747, 1526351414.267365, 1526351414.3346624, 1526351414.376328, 1526351414.4168766, 1526351414.4565177, 1526351414.4964347, 1526351414.5369663, 1526351414.5794446, 1526351414.654598, 1526351414.6961665, 1526351414.7352655, 1526351414.7745955, 1526351414.8134997, 1526351414.8523345, 1526351414.891473, 1526351414.92268, 1526351414.9616187, 1526351415.001755, 1526351415.0369647, 1526351415.07632, 1526351415.1172152, 1526351415.1546726, 1526351415.1943624, 1526351415.2426276, 1526351415.286344, 1526351415.3261855, 1526351415.36528, 1526351415.4049387, 1526351415.4453673, 1526351415.485816, 1526351415.5255423, 1526351415.5660367, 1526351415.6369555, 1526351415.6785452, 1526351415.7188282, 1526351415.7607725, 1526351415.800713, 1526351415.8402104, 1526351415.8798862, 1526351415.919486, 1526351415.9593394, 1526351415.9999163, 1526351416.0327718, 1526351416.066955, 1526351416.11064, 1526351416.146587, 1526351416.1859944, 1526351416.2262487, 1526351416.2664697, 1526351416.305391, 1526351416.3474677, 1526351416.3794718, 1526351416.4131844, 1526351416.4531498, 1526351416.4922059, 1526351416.531112, 1526351416.5738678, 1526351416.6464813, 1526351416.6867645, 1526351416.7272975, 1526351416.7674778, 1526351416.8069012, 1526351416.8471396, 1526351416.886813, 1526351416.9270015, 1526351416.9593835, 1526351416.9947324, 1526351417.0271528], "episode_lengths": [106, 87, 105, 85, 105, 104, 105, 114, 104, 104, 86, 105, 84, 85, 118, 107, 85, 89, 88, 116, 84, 105, 98, 86, 107, 107, 104, 88, 106, 112, 105, 86, 106, 94, 106, 107, 105, 106, 107, 105, 107, 107, 105, 105, 104, 104, 105, 84, 104, 107, 95, 105, 105, 96, 105, 97, 105, 105, 104, 104, 107, 105, 105, 105, 107, 106, 105, 107, 106, 106, 105, 105, 105, 107, 89, 93, 118, 96, 106, 107, 104, 104, 114, 87, 89, 104, 104, 105, 107, 113, 105, 107, 106, 105, 107, 105, 104, 86, 95, 87], "episode_rewards": [-106.0, -87.0, -105.0, -85.0, -105.0, -104.0, -105.0, -114.0, -104.0, -104.0, -86.0, -105.0, -84.0, -85.0, -118.0, -107.0, -85.0, -89.0, -88.0, -116.0, -84.0, -105.0, -98.0, -86.0, -107.0, -107.0, -104.0, -88.0, -106.0, -112.0, -105.0, -86.0, -106.0, -94.0, -106.0, -107.0, -105.0, -106.0, -107.0, -105.0, -107.0, -107.0, -105.0, -105.0, -104.0, -104.0, -105.0, -84.0, -104.0, -107.0, -95.0, -105.0, -105.0, -96.0, -105.0, -97.0, -105.0, -105.0, -104.0, -104.0, -107.0, -105.0, -105.0, -105.0, -107.0, -106.0, -105.0, -107.0, -106.0, -106.0, -105.0, -105.0, -105.0, -107.0, -89.0, -93.0, -118.0, -96.0, -106.0, -107.0, -104.0, -104.0, -114.0, -87.0, -89.0, -104.0, -104.0, -105.0, -107.0, -113.0, -105.0, -107.0, -106.0, -105.0, -107.0, -105.0, -104.0, -86.0, -95.0, -87.0], "episode_types": ["t", "t", "t", "t", "t", "t", "t", "t", "t", "t", "t", "t", "t", "t", "t", "t", "t", "t", "t", "t", "t", "t", "t", "t", "t", "t", "t", "t", "t", "t", "t", "t", "t", "t", "t", "t", "t", "t", "t", "t", "t", "t", "t", "t", "t", "t", "t", "t", "t", "t", "t", "t", "t", "t", "t", "t", "t", "t", "t", "t", "t", "t", "t", "t", "t", "t", "t", "t", "t", "t", "t", "t", "t", "t", "t", "t", "t", "t", "t", "t", "t", "t", "t", "t", "t", "t", "t", "t", "t", "t", "t", "t", "t", "t", "t", "t", "t", "t", "t", "t"], "initial_reset_timestamp": 1526351409.419816}