{"timestamps": [1526285777.4311056, 1526285777.529856, 1526285777.5450952, 1526285777.563552, 1526285777.5769007, 1526285777.589668, 1526285777.6044147, 1526285777.6286123, 1526285777.6434987, 1526285777.6585538, 1526285777.6795626, 1526285777.6946526, 1526285777.7074184, 1526285777.7193334, 1526285777.731241, 1526285777.7464972, 1526285777.7615848, 1526285777.7731447, 1526285777.7878706, 1526285777.8056514, 1526285777.8213136, 1526285777.8333452, 1526285777.848116, 1526285777.8627582, 1526285777.8774934, 1526285777.8894444, 1526285777.9043736, 1526285777.9192128, 1526285777.9308271, 1526285777.9455318, 1526285777.9659808, 1526285777.981752, 1526285777.9940395, 1526285778.0090706, 1526285778.0259407, 1526285778.0411913, 1526285778.0562913, 1526285778.0714784, 1526285778.0861332, 1526285778.0981135, 1526285778.112677, 1526285778.1242146, 1526285778.1391134, 1526285778.1518614, 1526285778.1666448, 1526285778.181414, 1526285778.1957643, 1526285778.2083237, 1526285778.2259781, 1526285778.2379909, 1526285778.266008, 1526285778.2806096, 1526285778.2926888, 1526285778.307302, 1526285778.3208184, 1526285778.3355715, 1526285778.3472972, 1526285778.362402, 1526285778.3741217, 1526285778.3867514, 1526285778.4121442, 1526285778.426949, 1526285778.4413671, 1526285778.4559329, 1526285778.4707332, 1526285778.4836109, 1526285778.500129, 1526285778.5166442, 1526285778.5298753, 1526285778.5425606, 1526285778.5543268, 1526285778.5686297, 1526285778.5834525, 1526285778.5952249, 1526285778.607283, 1526285778.6222613, 1526285778.6370366, 1526285778.6495926, 1526285778.6673164, 1526285778.6805453, 1526285778.7065682, 1526285778.7229192, 1526285778.7376301, 1526285778.7529361, 1526285778.7679887, 1526285778.7801123, 1526285778.7951112, 1526285778.8070002, 1526285778.821325, 1526285778.8358524, 1526285778.8504725, 1526285778.8653462, 1526285778.878012, 1526285778.8924873, 1526285778.909233, 1526285778.9237084, 1526285778.935776, 1526285778.950104, 1526285778.967059, 1526285778.9824133], "episode_lengths": [106, 104, 107, 131, 97, 92, 106, 175, 106, 106, 107, 105, 91, 86, 87, 105, 106, 84, 106, 92, 105, 84, 106, 105, 107, 84, 107, 106, 84, 106, 105, 107, 87, 106, 105, 105, 105, 107, 105, 87, 106, 84, 105, 87, 104, 107, 104, 84, 109, 85, 200, 105, 87, 106, 92, 104, 84, 107, 84, 92, 184, 107, 104, 105, 106, 94, 105, 106, 92, 91, 85, 98, 104, 85, 86, 106, 105, 84, 107, 93, 188, 120, 107, 107, 106, 87, 105, 87, 104, 105, 106, 107, 92, 105, 123, 105, 88, 104, 106, 106], "episode_rewards": [-106.0, -104.0, -107.0, -131.0, -97.0, -92.0, -106.0, -175.0, -106.0, -106.0, -107.0, -105.0, -91.0, -86.0, -87.0, -105.0, -106.0, -84.0, -106.0, -92.0, -105.0, -84.0, -106.0, -105.0, -107.0, -84.0, -107.0, -106.0, -84.0, -106.0, -105.0, -107.0, -87.0, -106.0, -105.0, -105.0, -105.0, -107.0, -105.0, -87.0, -106.0, -84.0, -105.0, -87.0, -104.0, -107.0, -104.0, -84.0, -109.0, -85.0, -200.0, -105.0, -87.0, -106.0, -92.0, -104.0, -84.0, -107.0, -84.0, -92.0, -184.0, -107.0, -104.0, -105.0, -106.0, -94.0, -105.0, -106.0, -92.0, -91.0, -85.0, -98.0, -104.0, -85.0, -86.0, -106.0, -105.0, -84.0, -107.0, -93.0, -188.0, -120.0, -107.0, -107.0, -106.0, -87.0, -105.0, -87.0, -104.0, -105.0, -106.0, -107.0, -92.0, -105.0, -123.0, -105.0, -88.0, -104.0, -106.0, -106.0], "episode_types": ["t", "t", "t", "t", "t", "t", "t", "t", "t", "t", "t", "t", "t", "t", "t", "t", "t", "t", "t", "t", "t", "t", "t", "t", "t", "t", "t", "t", "t", "t", "t", "t", "t", "t", "t", "t", "t", "t", "t", "t", "t", "t", "t", "t", "t", "t", "t", "t", "t", "t", "t", "t", "t", "t", "t", "t", "t", "t", "t", "t", "t", "t", "t", "t", "t", "t", "t", "t", "t", "t", "t", "t", "t", "t", "t", "t", "t", "t", "t", "t", "t", "t", "t", "t", "t", "t", "t", "t", "t", "t", "t", "t", "t", "t", "t", "t", "t", "t", "t", "t"], "initial_reset_timestamp": 1526285775.6576693}