{"timestamps": [1526337844.9687068, 1526337845.2171476, 1526337845.2573905, 1526337845.2971523, 1526337845.337217, 1526337845.3793616, 1526337845.4151285, 1526337845.4469173, 1526337845.487297, 1526337845.5300531, 1526337845.5944898, 1526337845.6542134, 1526337845.6953642, 1526337845.7348495, 1526337845.7665708, 1526337845.8077734, 1526337845.871678, 1526337845.914194, 1526337845.9471843, 1526337845.9871635, 1526337846.0298145, 1526337846.0696678, 1526337846.1109421, 1526337846.1518817, 1526337846.1939533, 1526337846.2269578, 1526337846.2660463, 1526337846.305473, 1526337846.3384273, 1526337846.3778367, 1526337846.4177003, 1526337846.4567041, 1526337846.496727, 1526337846.5358317, 1526337846.5748272, 1526337846.6656556, 1526337846.7107275, 1526337846.744753, 1526337846.8169794, 1526337846.8974993, 1526337846.9586873, 1526337847.016056, 1526337847.0516193, 1526337847.091816, 1526337847.1280375, 1526337847.1878736, 1526337847.2278953, 1526337847.2603452, 1526337847.3011634, 1526337847.334061, 1526337847.392574, 1526337847.4257522, 1526337847.458296, 1526337847.5092208, 1526337847.5746653, 1526337847.6417305, 1526337847.6925988, 1526337847.754611, 1526337847.8065016, 1526337847.8634295, 1526337847.9339476, 1526337847.967849, 1526337848.0017307, 1526337848.041477, 1526337848.0751405, 1526337848.1160953, 1526337848.156815, 1526337848.1971598, 1526337848.230687, 1526337848.271226, 1526337848.305403, 1526337848.3393178, 1526337848.3721805, 1526337848.4121954, 1526337848.45163, 1526337848.4908123, 1526337848.5306938, 1526337848.5625813, 1526337848.6022449, 1526337848.6390955, 1526337848.6984282, 1526337848.7301605, 1526337848.762388, 1526337848.8344793, 1526337848.8882957, 1526337848.9214633, 1526337848.954629, 1526337848.991043, 1526337849.025015, 1526337849.0612183, 1526337849.093283, 1526337849.1337786, 1526337849.1748335, 1526337849.214501, 1526337849.2498887, 1526337849.281139, 1526337849.3254426, 1526337849.364999, 1526337849.3976796, 1526337849.437437], "episode_lengths": [86, 88, 106, 105, 105, 105, 89, 84, 105, 115, 170, 157, 107, 105, 86, 105, 89, 107, 87, 104, 113, 105, 107, 106, 107, 87, 105, 104, 89, 105, 104, 105, 106, 105, 105, 153, 107, 91, 129, 107, 105, 107, 94, 105, 94, 155, 105, 87, 107, 86, 153, 86, 85, 105, 106, 104, 105, 106, 93, 86, 105, 87, 88, 105, 89, 106, 105, 106, 88, 107, 90, 89, 88, 105, 105, 105, 107, 86, 106, 98, 158, 85, 87, 105, 106, 85, 87, 96, 89, 96, 84, 105, 106, 94, 95, 85, 119, 105, 87, 105], "episode_rewards": [-86.0, -88.0, -106.0, -105.0, -105.0, -105.0, -89.0, -84.0, -105.0, -115.0, -170.0, -157.0, -107.0, -105.0, -86.0, -105.0, -89.0, -107.0, -87.0, -104.0, -113.0, -105.0, -107.0, -106.0, -107.0, -87.0, -105.0, -104.0, -89.0, -105.0, -104.0, -105.0, -106.0, -105.0, -105.0, -153.0, -107.0, -91.0, -129.0, -107.0, -105.0, -107.0, -94.0, -105.0, -94.0, -155.0, -105.0, -87.0, -107.0, -86.0, -153.0, -86.0, -85.0, -105.0, -106.0, -104.0, -105.0, -106.0, -93.0, -86.0, -105.0, -87.0, -88.0, -105.0, -89.0, -106.0, -105.0, -106.0, -88.0, -107.0, -90.0, -89.0, -88.0, -105.0, -105.0, -105.0, -107.0, -86.0, -106.0, -98.0, -158.0, -85.0, -87.0, -105.0, -106.0, -85.0, -87.0, -96.0, -89.0, -96.0, -84.0, -105.0, -106.0, -94.0, -95.0, -85.0, -119.0, -105.0, -87.0, -105.0], "episode_types": ["t", "t", "t", "t", "t", "t", "t", "t", "t", "t", "t", "t", "t", "t", "t", "t", "t", "t", "t", "t", "t", "t", "t", "t", "t", "t", "t", "t", "t", "t", "t", "t", "t", "t", "t", "t", "t", "t", "t", "t", "t", "t", "t", "t", "t", "t", "t", "t", "t", "t", "t", "t", "t", "t", "t", "t", "t", "t", "t", "t", "t", "t", "t", "t", "t", "t", "t", "t", "t", "t", "t", "t", "t", "t", "t", "t", "t", "t", "t", "t", "t", "t", "t", "t", "t", "t", "t", "t", "t", "t", "t", "t", "t", "t", "t", "t", "t", "t", "t", "t"], "initial_reset_timestamp": 1526337842.3484445}