{"timestamps": [1526339012.1788063, 1526339012.452526, 1526339012.4863808, 1526339012.5268915, 1526339012.6011882, 1526339012.6421251, 1526339012.6743798, 1526339012.7414024, 1526339012.7820983, 1526339012.8252602, 1526339012.8647454, 1526339012.936398, 1526339012.9785488, 1526339013.0193386, 1526339013.0605414, 1526339013.1047482, 1526339013.1463153, 1526339013.212774, 1526339013.2558281, 1526339013.2982697, 1526339013.380321, 1526339013.4334824, 1526339013.4775183, 1526339013.5398867, 1526339013.6189296, 1526339013.6842954, 1526339013.7264955, 1526339013.7662685, 1526339013.7989151, 1526339013.8389788, 1526339013.874066, 1526339013.910496, 1526339013.9461813, 1526339013.9863696, 1526339014.0264933, 1526339014.0990157, 1526339014.1358747, 1526339014.1748252, 1526339014.214286, 1526339014.247419, 1526339014.280659, 1526339014.3200333, 1526339014.369126, 1526339014.431645, 1526339014.472283, 1526339014.5122657, 1526339014.5525198, 1526339014.591795, 1526339014.623651, 1526339014.665, 1526339014.6999981, 1526339014.7407868, 1526339014.779378, 1526339014.818398, 1526339014.860855, 1526339014.9002326, 1526339014.935104, 1526339014.9782317, 1526339015.0108325, 1526339015.044453, 1526339015.0841494, 1526339015.1162145, 1526339015.1501892, 1526339015.182899, 1526339015.2214925, 1526339015.2573645, 1526339015.2994993, 1526339015.347538, 1526339015.403749, 1526339015.444992, 1526339015.4776416, 1526339015.516774, 1526339015.5567527, 1526339015.5938923, 1526339015.633968, 1526339015.6780078, 1526339015.711821, 1526339015.7528207, 1526339015.7922103, 1526339015.8317091, 1526339015.8711634, 1526339015.9123545, 1526339015.9529276, 1526339015.9886835, 1526339016.0213094, 1526339016.052841, 1526339016.092604, 1526339016.132188, 1526339016.172036, 1526339016.2044384, 1526339016.2356904, 1526339016.2761037, 1526339016.3169432, 1526339016.3777347, 1526339016.4195967, 1526339016.4634473, 1526339016.50342, 1526339016.5429413, 1526339016.5849516, 1526339016.6239753], "episode_lengths": [104, 94, 89, 104, 105, 104, 86, 168, 107, 107, 105, 181, 106, 104, 105, 107, 105, 104, 85, 105, 106, 105, 106, 87, 105, 88, 106, 106, 88, 107, 92, 96, 87, 104, 105, 168, 95, 104, 106, 88, 89, 104, 90, 123, 105, 106, 105, 104, 85, 105, 92, 106, 104, 105, 115, 106, 85, 104, 85, 89, 107, 87, 91, 89, 104, 84, 105, 105, 84, 107, 86, 105, 105, 97, 105, 116, 89, 108, 105, 105, 105, 107, 105, 91, 86, 84, 107, 106, 105, 87, 84, 107, 107, 107, 106, 115, 106, 104, 113, 104], "episode_rewards": [-104.0, -94.0, -89.0, -104.0, -105.0, -104.0, -86.0, -168.0, -107.0, -107.0, -105.0, -181.0, -106.0, -104.0, -105.0, -107.0, -105.0, -104.0, -85.0, -105.0, -106.0, -105.0, -106.0, -87.0, -105.0, -88.0, -106.0, -106.0, -88.0, -107.0, -92.0, -96.0, -87.0, -104.0, -105.0, -168.0, -95.0, -104.0, -106.0, -88.0, -89.0, -104.0, -90.0, -123.0, -105.0, -106.0, -105.0, -104.0, -85.0, -105.0, -92.0, -106.0, -104.0, -105.0, -115.0, -106.0, -85.0, -104.0, -85.0, -89.0, -107.0, -87.0, -91.0, -89.0, -104.0, -84.0, -105.0, -105.0, -84.0, -107.0, -86.0, -105.0, -105.0, -97.0, -105.0, -116.0, -89.0, -108.0, -105.0, -105.0, -105.0, -107.0, -105.0, -91.0, -86.0, -84.0, -107.0, -106.0, -105.0, -87.0, -84.0, -107.0, -107.0, -107.0, -106.0, -115.0, -106.0, -104.0, -113.0, -104.0], "episode_types": ["t", "t", "t", "t", "t", "t", "t", "t", "t", "t", "t", "t", "t", "t", "t", "t", "t", "t", "t", "t", "t", "t", "t", "t", "t", "t", "t", "t", "t", "t", "t", "t", "t", "t", "t", "t", "t", "t", "t", "t", "t", "t", "t", "t", "t", "t", "t", "t", "t", "t", "t", "t", "t", "t", "t", "t", "t", "t", "t", "t", "t", "t", "t", "t", "t", "t", "t", "t", "t", "t", "t", "t", "t", "t", "t", "t", "t", "t", "t", "t", "t", "t", "t", "t", "t", "t", "t", "t", "t", "t", "t", "t", "t", "t", "t", "t", "t", "t", "t", "t"], "initial_reset_timestamp": 1526339009.0892556}