{"timestamps": [1526284883.907316, 1526284884.11196, 1526284884.1473572, 1526284884.186467, 1526284884.2264185, 1526284884.2578108, 1526284884.292425, 1526284884.3550677, 1526284884.415761, 1526284884.4552863, 1526284884.4952266, 1526284884.5388775, 1526284884.5799015, 1526284884.6119845, 1526284884.6499624, 1526284884.6999412, 1526284884.7426722, 1526284884.779387, 1526284884.8198767, 1526284884.8737535, 1526284884.9048004, 1526284884.9385965, 1526284884.9994612, 1526284885.038704, 1526284885.0773451, 1526284885.1164415, 1526284885.1492004, 1526284885.188656, 1526284885.2276351, 1526284885.2686973, 1526284885.3071785, 1526284885.3470259, 1526284885.387423, 1526284885.4269676, 1526284885.4656446, 1526284885.5072265, 1526284885.546515, 1526284885.588483, 1526284885.631805, 1526284885.674495, 1526284885.7099469, 1526284885.7509782, 1526284885.7916527, 1526284885.8319354, 1526284885.873855, 1526284885.9153283, 1526284885.9553628, 1526284885.9873676, 1526284886.0221198, 1526284886.0675943, 1526284886.108125, 1526284886.1432614, 1526284886.182986, 1526284886.2149794, 1526284886.2464445, 1526284886.2885892, 1526284886.3273063, 1526284886.3678212, 1526284886.4003863, 1526284886.4327161, 1526284886.4738717, 1526284886.5140476, 1526284886.5463417, 1526284886.587769, 1526284886.6279325, 1526284886.6606486, 1526284886.705395, 1526284886.7684274, 1526284886.8077543, 1526284886.846383, 1526284886.8631473, 1526284886.8776088, 1526284886.892559, 1526284886.908005, 1526284886.9230871, 1526284886.9378889, 1526284886.9527807, 1526284886.9673688, 1526284886.9820824, 1526284886.9959776, 1526284887.0080056, 1526284887.0201244, 1526284887.0344994, 1526284887.0499732, 1526284887.072816, 1526284887.0880976, 1526284887.1030667, 1526284887.1184587, 1526284887.1333404, 1526284887.149033, 1526284887.162626, 1526284887.1776843, 1526284887.1894627, 1526284887.2043157, 1526284887.2194324, 1526284887.2354708, 1526284887.2504928, 1526284887.2620797, 1526284887.2848656, 1526284887.299573], "episode_lengths": [104, 108, 93, 106, 108, 84, 94, 169, 166, 107, 108, 119, 111, 88, 103, 117, 115, 101, 111, 148, 85, 92, 165, 105, 103, 105, 87, 104, 104, 108, 103, 107, 108, 106, 103, 111, 105, 112, 112, 105, 88, 104, 108, 108, 111, 111, 106, 86, 93, 122, 108, 93, 106, 85, 84, 112, 103, 108, 88, 87, 110, 108, 87, 111, 108, 87, 106, 168, 106, 103, 103, 104, 108, 112, 110, 106, 108, 105, 106, 100, 87, 88, 104, 111, 166, 111, 108, 112, 108, 106, 94, 108, 86, 107, 108, 117, 110, 84, 165, 105], "episode_rewards": [-104.0, -108.0, -93.0, -106.0, -108.0, -84.0, -94.0, -169.0, -166.0, -107.0, -108.0, -119.0, -111.0, -88.0, -103.0, -117.0, -115.0, -101.0, -111.0, -148.0, -85.0, -92.0, -165.0, -105.0, -103.0, -105.0, -87.0, -104.0, -104.0, -108.0, -103.0, -107.0, -108.0, -106.0, -103.0, -111.0, -105.0, -112.0, -112.0, -105.0, -88.0, -104.0, -108.0, -108.0, -111.0, -111.0, -106.0, -86.0, -93.0, -122.0, -108.0, -93.0, -106.0, -85.0, -84.0, -112.0, -103.0, -108.0, -88.0, -87.0, -110.0, -108.0, -87.0, -111.0, -108.0, -87.0, -106.0, -168.0, -106.0, -103.0, -103.0, -104.0, -108.0, -112.0, -110.0, -106.0, -108.0, -105.0, -106.0, -100.0, -87.0, -88.0, -104.0, -111.0, -166.0, -111.0, -108.0, -112.0, -108.0, -106.0, -94.0, -108.0, -86.0, -107.0, -108.0, -117.0, -110.0, -84.0, -165.0, -105.0], "episode_types": ["t", "t", "t", "t", "t", "t", "t", "t", "t", "t", "t", "t", "t", "t", "t", "t", "t", "t", "t", "t", "t", "t", "t", "t", "t", "t", "t", "t", "t", "t", "t", "t", "t", "t", "t", "t", "t", "t", "t", "t", "t", "t", "t", "t", "t", "t", "t", "t", "t", "t", "t", "t", "t", "t", "t", "t", "t", "t", "t", "t", "t", "t", "t", "t", "t", "t", "t", "t", "t", "t", "t", "t", "t", "t", "t", "t", "t", "t", "t", "t", "t", "t", "t", "t", "t", "t", "t", "t", "t", "t", "t", "t", "t", "t", "t", "t", "t", "t", "t", "t"], "initial_reset_timestamp": 1526284881.186467}