{"timestamps": [1526299497.485003, 1526299497.600911, 1526299497.6166608, 1526299497.6323805, 1526299497.6480324, 1526299497.6623433, 1526299497.6777425, 1526299497.693017, 1526299497.7058015, 1526299497.719218, 1526299497.734373, 1526299497.7496698, 1526299497.7622776, 1526299497.7775943, 1526299497.7907631, 1526299497.8064356, 1526299497.8218887, 1526299497.8341594, 1526299497.8493364, 1526299497.8645675, 1526299497.880163, 1526299497.9052076, 1526299497.923093, 1526299497.9359317, 1526299497.9487936, 1526299497.9642417, 1526299497.9802744, 1526299497.9956915, 1526299498.0097287, 1526299498.025062, 1526299498.0405488, 1526299498.056042, 1526299498.0718675, 1526299498.0874045, 1526299498.102762, 1526299498.115232, 1526299498.1305814, 1526299498.143142, 1526299498.1572583, 1526299498.173194, 1526299498.1886182, 1526299498.2040622, 1526299498.2195315, 1526299498.2351096, 1526299498.2506616, 1526299498.2646263, 1526299498.28023, 1526299498.2955556, 1526299498.3111813, 1526299498.3241293, 1526299498.3395774, 1526299498.3551197, 1526299498.367649, 1526299498.3830967, 1526299498.398403, 1526299498.4138365, 1526299498.4271982, 1526299498.4426527, 1526299498.459831, 1526299498.475516, 1526299498.4909515, 1526299498.5067198, 1526299498.5219803, 1526299498.53915, 1526299498.5519042, 1526299498.5643094, 1526299498.5765634, 1526299498.5918982, 1526299498.6072793, 1526299498.6224856, 1526299498.6371822, 1526299498.6525874, 1526299498.667883, 1526299498.6834126, 1526299498.6990325, 1526299498.7114692, 1526299498.7268202, 1526299498.742341, 1526299498.7555802, 1526299498.768081, 1526299498.7803297, 1526299498.7936575, 1526299498.8065114, 1526299498.8190598, 1526299498.8344917, 1526299498.8488228, 1526299498.8611336, 1526299498.877072, 1526299498.9010618, 1526299498.9202936, 1526299498.935932, 1526299498.9499612, 1526299498.9654214, 1526299498.9810548, 1526299498.9965296, 1526299499.0132887, 1526299499.025859, 1526299499.0414312, 1526299499.0567584, 1526299499.0721755], "episode_lengths": [107, 106, 106, 107, 105, 98, 105, 105, 87, 92, 104, 105, 86, 104, 91, 106, 105, 84, 104, 105, 105, 98, 106, 87, 88, 105, 109, 105, 96, 104, 105, 106, 107, 106, 105, 84, 104, 85, 96, 107, 105, 104, 105, 105, 105, 96, 106, 105, 105, 88, 105, 106, 86, 105, 105, 105, 90, 105, 118, 106, 106, 107, 104, 118, 88, 85, 84, 105, 105, 104, 100, 105, 105, 106, 107, 84, 105, 106, 91, 86, 84, 92, 88, 86, 105, 98, 84, 106, 105, 106, 105, 95, 105, 106, 105, 115, 86, 106, 104, 105], "episode_rewards": [-107.0, -106.0, -106.0, -107.0, -105.0, -98.0, -105.0, -105.0, -87.0, -92.0, -104.0, -105.0, -86.0, -104.0, -91.0, -106.0, -105.0, -84.0, -104.0, -105.0, -105.0, -98.0, -106.0, -87.0, -88.0, -105.0, -109.0, -105.0, -96.0, -104.0, -105.0, -106.0, -107.0, -106.0, -105.0, -84.0, -104.0, -85.0, -96.0, -107.0, -105.0, -104.0, -105.0, -105.0, -105.0, -96.0, -106.0, -105.0, -105.0, -88.0, -105.0, -106.0, -86.0, -105.0, -105.0, -105.0, -90.0, -105.0, -118.0, -106.0, -106.0, -107.0, -104.0, -118.0, -88.0, -85.0, -84.0, -105.0, -105.0, -104.0, -100.0, -105.0, -105.0, -106.0, -107.0, -84.0, -105.0, -106.0, -91.0, -86.0, -84.0, -92.0, -88.0, -86.0, -105.0, -98.0, -84.0, -106.0, -105.0, -106.0, -105.0, -95.0, -105.0, -106.0, -105.0, -115.0, -86.0, -106.0, -104.0, -105.0], "episode_types": ["t", "t", "t", "t", "t", "t", "t", "t", "t", "t", "t", "t", "t", "t", "t", "t", "t", "t", "t", "t", "t", "t", "t", "t", "t", "t", "t", "t", "t", "t", "t", "t", "t", "t", "t", "t", "t", "t", "t", "t", "t", "t", "t", "t", "t", "t", "t", "t", "t", "t", "t", "t", "t", "t", "t", "t", "t", "t", "t", "t", "t", "t", "t", "t", "t", "t", "t", "t", "t", "t", "t", "t", "t", "t", "t", "t", "t", "t", "t", "t", "t", "t", "t", "t", "t", "t", "t", "t", "t", "t", "t", "t", "t", "t", "t", "t", "t", "t", "t", "t"], "initial_reset_timestamp": 1526299495.671804}