{"timestamps": [1526311205.5885987, 1526311205.8542895, 1526311205.8942475, 1526311205.9334745, 1526311205.9732602, 1526311206.0068226, 1526311206.0398848, 1526311206.0792928, 1526311206.111979, 1526311206.1746109, 1526311206.2153413, 1526311206.2557173, 1526311206.2958863, 1526311206.33695, 1526311206.381556, 1526311206.4215457, 1526311206.4621763, 1526311206.502758, 1526311206.5438712, 1526311206.5855033, 1526311206.626029, 1526311206.6663034, 1526311206.7093282, 1526311206.7500546, 1526311206.7912161, 1526311206.8279088, 1526311206.868457, 1526311206.9188633, 1526311206.9774272, 1526311207.017623, 1526311207.057779, 1526311207.097505, 1526311207.1466744, 1526311207.2057452, 1526311207.2463217, 1526311207.2792215, 1526311207.3189023, 1526311207.3521929, 1526311207.3921132, 1526311207.4282396, 1526311207.4690788, 1526311207.509243, 1526311207.5502603, 1526311207.5912724, 1526311207.6313047, 1526311207.6745584, 1526311207.7088575, 1526311207.7506354, 1526311207.7902627, 1526311207.82657, 1526311207.8606207, 1526311207.8998442, 1526311207.933947, 1526311207.974483, 1526311208.0087252, 1526311208.0487118, 1526311208.0889044, 1526311208.1672754, 1526311208.2155654, 1526311208.2595372, 1526311208.300373, 1526311208.3404307, 1526311208.3805282, 1526311208.4204645, 1526311208.4604096, 1526311208.5002475, 1526311208.5327318, 1526311208.5682316, 1526311208.608096, 1526311208.6491363, 1526311208.6893146, 1526311208.7293687, 1526311208.7695768, 1526311208.810136, 1526311208.8413444, 1526311208.8812134, 1526311208.9207993, 1526311208.960544, 1526311208.9919481, 1526311209.0319123, 1526311209.0678205, 1526311209.12064, 1526311209.1959224, 1526311209.2384105, 1526311209.2788148, 1526311209.3440247, 1526311209.3862245, 1526311209.4265032, 1526311209.4668415, 1526311209.506427, 1526311209.5469992, 1526311209.5883281, 1526311209.6279743, 1526311209.66667, 1526311209.7089465, 1526311209.7484243, 1526311209.7881489, 1526311209.8293676, 1526311209.8617144, 1526311209.9017456], "episode_lengths": [105, 87, 106, 105, 105, 90, 88, 106, 86, 106, 105, 105, 106, 106, 118, 105, 105, 106, 106, 106, 107, 104, 107, 106, 107, 96, 107, 85, 106, 106, 106, 106, 106, 89, 104, 87, 105, 87, 106, 96, 106, 106, 105, 107, 106, 106, 91, 112, 106, 96, 92, 106, 93, 108, 92, 107, 106, 106, 85, 115, 106, 107, 106, 107, 106, 106, 87, 94, 107, 108, 106, 105, 106, 106, 84, 106, 106, 106, 84, 107, 97, 95, 105, 106, 106, 96, 92, 106, 106, 104, 107, 107, 106, 90, 111, 105, 106, 107, 87, 108], "episode_rewards": [-105.0, -87.0, -106.0, -105.0, -105.0, -90.0, -88.0, -106.0, -86.0, -106.0, -105.0, -105.0, -106.0, -106.0, -118.0, -105.0, -105.0, -106.0, -106.0, -106.0, -107.0, -104.0, -107.0, -106.0, -107.0, -96.0, -107.0, -85.0, -106.0, -106.0, -106.0, -106.0, -106.0, -89.0, -104.0, -87.0, -105.0, -87.0, -106.0, -96.0, -106.0, -106.0, -105.0, -107.0, -106.0, -106.0, -91.0, -112.0, -106.0, -96.0, -92.0, -106.0, -93.0, -108.0, -92.0, -107.0, -106.0, -106.0, -85.0, -115.0, -106.0, -107.0, -106.0, -107.0, -106.0, -106.0, -87.0, -94.0, -107.0, -108.0, -106.0, -105.0, -106.0, -106.0, -84.0, -106.0, -106.0, -106.0, -84.0, -107.0, -97.0, -95.0, -105.0, -106.0, -106.0, -96.0, -92.0, -106.0, -106.0, -104.0, -107.0, -107.0, -106.0, -90.0, -111.0, -105.0, -106.0, -107.0, -87.0, -108.0], "episode_types": ["t", "t", "t", "t", "t", "t", "t", "t", "t", "t", "t", "t", "t", "t", "t", "t", "t", "t", "t", "t", "t", "t", "t", "t", "t", "t", "t", "t", "t", "t", "t", "t", "t", "t", "t", "t", "t", "t", "t", "t", "t", "t", "t", "t", "t", "t", "t", "t", "t", "t", "t", "t", "t", "t", "t", "t", "t", "t", "t", "t", "t", "t", "t", "t", "t", "t", "t", "t", "t", "t", "t", "t", "t", "t", "t", "t", "t", "t", "t", "t", "t", "t", "t", "t", "t", "t", "t", "t", "t", "t", "t", "t", "t", "t", "t", "t", "t", "t", "t", "t"], "initial_reset_timestamp": 1526311202.7360816}