{"timestamps": [1526348888.7827086, 1526348889.0704932, 1526348889.1037452, 1526348889.1608803, 1526348889.2003202, 1526348889.239041, 1526348889.2787502, 1526348889.3194396, 1526348889.356915, 1526348889.3972878, 1526348889.4377463, 1526348889.477904, 1526348889.5173082, 1526348889.5491548, 1526348889.588713, 1526348889.6285403, 1526348889.6690214, 1526348889.7089305, 1526348889.7428572, 1526348889.7830641, 1526348889.8226564, 1526348889.8615646, 1526348889.9147782, 1526348889.9818861, 1526348890.0204248, 1526348890.0550117, 1526348890.0961483, 1526348890.1313372, 1526348890.1721654, 1526348890.2128394, 1526348890.2531788, 1526348890.2938867, 1526348890.3353105, 1526348890.3749454, 1526348890.41534, 1526348890.450777, 1526348890.490625, 1526348890.5238805, 1526348890.5578506, 1526348890.597578, 1526348890.6412385, 1526348890.6806839, 1526348890.7207003, 1526348890.7601526, 1526348890.7993226, 1526348890.838965, 1526348890.8735387, 1526348890.9389865, 1526348890.9972868, 1526348891.038855, 1526348891.0798593, 1526348891.1169488, 1526348891.1572378, 1526348891.1939151, 1526348891.2287593, 1526348891.2683961, 1526348891.308502, 1526348891.349744, 1526348891.3898325, 1526348891.4307816, 1526348891.465035, 1526348891.5054977, 1526348891.5386484, 1526348891.5750773, 1526348891.60709, 1526348891.6397057, 1526348891.677713, 1526348891.7162943, 1526348891.7571898, 1526348891.7972357, 1526348891.832146, 1526348891.872919, 1526348891.914141, 1526348891.9669306, 1526348892.0089529, 1526348892.049591, 1526348892.0896711, 1526348892.1300058, 1526348892.1627026, 1526348892.2028737, 1526348892.24013, 1526348892.2801762, 1526348892.321627, 1526348892.354244, 1526348892.3947005, 1526348892.4406729, 1526348892.4769435, 1526348892.516724, 1526348892.5567296, 1526348892.5905776, 1526348892.6298294, 1526348892.670446, 1526348892.7281709, 1526348892.7764907, 1526348892.8155322, 1526348892.8557315, 1526348892.927496, 1526348893.002471, 1526348893.035419, 1526348893.0760314], "episode_lengths": [105, 106, 87, 106, 105, 102, 105, 106, 98, 106, 106, 107, 105, 84, 106, 105, 107, 107, 91, 107, 105, 104, 106, 88, 86, 91, 106, 93, 106, 104, 106, 106, 105, 104, 105, 92, 105, 84, 89, 106, 115, 106, 107, 106, 105, 105, 93, 106, 107, 107, 106, 97, 90, 91, 92, 105, 105, 106, 106, 107, 90, 106, 84, 98, 86, 85, 103, 104, 107, 105, 91, 91, 105, 91, 106, 105, 106, 106, 84, 106, 98, 105, 107, 86, 105, 119, 97, 105, 105, 90, 105, 107, 106, 85, 105, 106, 106, 105, 84, 106], "episode_rewards": [-105.0, -106.0, -87.0, -106.0, -105.0, -102.0, -105.0, -106.0, -98.0, -106.0, -106.0, -107.0, -105.0, -84.0, -106.0, -105.0, -107.0, -107.0, -91.0, -107.0, -105.0, -104.0, -106.0, -88.0, -86.0, -91.0, -106.0, -93.0, -106.0, -104.0, -106.0, -106.0, -105.0, -104.0, -105.0, -92.0, -105.0, -84.0, -89.0, -106.0, -115.0, -106.0, -107.0, -106.0, -105.0, -105.0, -93.0, -106.0, -107.0, -107.0, -106.0, -97.0, -90.0, -91.0, -92.0, -105.0, -105.0, -106.0, -106.0, -107.0, -90.0, -106.0, -84.0, -98.0, -86.0, -85.0, -103.0, -104.0, -107.0, -105.0, -91.0, -91.0, -105.0, -91.0, -106.0, -105.0, -106.0, -106.0, -84.0, -106.0, -98.0, -105.0, -107.0, -86.0, -105.0, -119.0, -97.0, -105.0, -105.0, -90.0, -105.0, -107.0, -106.0, -85.0, -105.0, -106.0, -106.0, -105.0, -84.0, -106.0], "episode_types": ["t", "t", "t", "t", "t", "t", "t", "t", "t", "t", "t", "t", "t", "t", "t", "t", "t", "t", "t", "t", "t", "t", "t", "t", "t", "t", "t", "t", "t", "t", "t", "t", "t", "t", "t", "t", "t", "t", "t", "t", "t", "t", "t", "t", "t", "t", "t", "t", "t", "t", "t", "t", "t", "t", "t", "t", "t", "t", "t", "t", "t", "t", "t", "t", "t", "t", "t", "t", "t", "t", "t", "t", "t", "t", "t", "t", "t", "t", "t", "t", "t", "t", "t", "t", "t", "t", "t", "t", "t", "t", "t", "t", "t", "t", "t", "t", "t", "t", "t", "t"], "initial_reset_timestamp": 1526348885.6140385}