{"timestamps": [1526307052.865354, 1526307053.1386743, 1526307053.1859176, 1526307053.2187357, 1526307053.259438, 1526307053.3023126, 1526307053.3441827, 1526307053.3887057, 1526307053.429303, 1526307053.4620912, 1526307053.4959521, 1526307053.5281754, 1526307053.568837, 1526307053.6096718, 1526307053.658635, 1526307053.7061024, 1526307053.7693408, 1526307053.8331447, 1526307053.900654, 1526307053.9427774, 1526307053.9833677, 1526307054.0240355, 1526307054.063394, 1526307054.096513, 1526307054.1399515, 1526307054.1799974, 1526307054.2199776, 1526307054.2527344, 1526307054.2928884, 1526307054.3252323, 1526307054.3653936, 1526307054.4048417, 1526307054.444901, 1526307054.4775953, 1526307054.5113435, 1526307054.544828, 1526307054.5861514, 1526307054.6564295, 1526307054.7137039, 1526307054.7560337, 1526307054.7982523, 1526307054.8382263, 1526307054.8779325, 1526307054.9177947, 1526307054.9620247, 1526307055.0052083, 1526307055.0372982, 1526307055.0765498, 1526307055.1154099, 1526307055.1577597, 1526307055.204988, 1526307055.2463312, 1526307055.283753, 1526307055.3536103, 1526307055.386502, 1526307055.4189365, 1526307055.46008, 1526307055.4996264, 1526307055.5394292, 1526307055.5945282, 1526307055.6741245, 1526307055.7293668, 1526307055.7631452, 1526307055.7958717, 1526307055.8402593, 1526307055.8823824, 1526307055.9277022, 1526307056.0031402, 1526307056.0455809, 1526307056.0779228, 1526307056.1189477, 1526307056.1598532, 1526307056.20465, 1526307056.2408276, 1526307056.2823126, 1526307056.3247268, 1526307056.360303, 1526307056.4004068, 1526307056.4328334, 1526307056.475761, 1526307056.5100014, 1526307056.550133, 1526307056.5839672, 1526307056.6180859, 1526307056.6694696, 1526307056.7181497, 1526307056.7585948, 1526307056.7980318, 1526307056.8413506, 1526307056.881094, 1526307056.9207022, 1526307056.954169, 1526307056.9864345, 1526307057.0253954, 1526307057.0649474, 1526307057.104359, 1526307057.138216, 1526307057.1801128, 1526307057.2190628, 1526307057.2509065], "episode_lengths": [105, 95, 108, 86, 104, 113, 107, 107, 107, 87, 85, 86, 107, 106, 104, 87, 118, 103, 106, 85, 106, 103, 103, 85, 107, 105, 106, 84, 106, 86, 106, 105, 107, 85, 87, 89, 107, 106, 103, 104, 112, 106, 105, 106, 118, 113, 85, 104, 103, 106, 107, 107, 84, 104, 86, 86, 107, 104, 103, 86, 104, 106, 85, 84, 103, 107, 113, 107, 103, 86, 107, 106, 119, 97, 106, 106, 88, 105, 86, 103, 89, 104, 89, 89, 103, 103, 105, 103, 115, 104, 106, 86, 87, 103, 104, 105, 89, 112, 103, 84], "episode_rewards": [-105.0, -95.0, -108.0, -86.0, -104.0, -113.0, -107.0, -107.0, -107.0, -87.0, -85.0, -86.0, -107.0, -106.0, -104.0, -87.0, -118.0, -103.0, -106.0, -85.0, -106.0, -103.0, -103.0, -85.0, -107.0, -105.0, -106.0, -84.0, -106.0, -86.0, -106.0, -105.0, -107.0, -85.0, -87.0, -89.0, -107.0, -106.0, -103.0, -104.0, -112.0, -106.0, -105.0, -106.0, -118.0, -113.0, -85.0, -104.0, -103.0, -106.0, -107.0, -107.0, -84.0, -104.0, -86.0, -86.0, -107.0, -104.0, -103.0, -86.0, -104.0, -106.0, -85.0, -84.0, -103.0, -107.0, -113.0, -107.0, -103.0, -86.0, -107.0, -106.0, -119.0, -97.0, -106.0, -106.0, -88.0, -105.0, -86.0, -103.0, -89.0, -104.0, -89.0, -89.0, -103.0, -103.0, -105.0, -103.0, -115.0, -104.0, -106.0, -86.0, -87.0, -103.0, -104.0, -105.0, -89.0, -112.0, -103.0, -84.0], "episode_types": ["t", "t", "t", "t", "t", "t", "t", "t", "t", "t", "t", "t", "t", "t", "t", "t", "t", "t", "t", "t", "t", "t", "t", "t", "t", "t", "t", "t", "t", "t", "t", "t", "t", "t", "t", "t", "t", "t", "t", "t", "t", "t", "t", "t", "t", "t", "t", "t", "t", "t", "t", "t", "t", "t", "t", "t", "t", "t", "t", "t", "t", "t", "t", "t", "t", "t", "t", "t", "t", "t", "t", "t", "t", "t", "t", "t", "t", "t", "t", "t", "t", "t", "t", "t", "t", "t", "t", "t", "t", "t", "t", "t", "t", "t", "t", "t", "t", "t", "t", "t"], "initial_reset_timestamp": 1526307049.7106225}