{"timestamps": [1526336105.8923874, 1526336106.232709, 1526336106.2735791, 1526336106.3152075, 1526336106.3469775, 1526336106.412899, 1526336106.4566681, 1526336106.4884307, 1526336106.5316772, 1526336106.5643423, 1526336106.6078904, 1526336106.648747, 1526336106.6885574, 1526336106.7480056, 1526336106.7897763, 1526336106.831875, 1526336106.88409, 1526336106.9566486, 1526336107.012779, 1526336107.0534408, 1526336107.089397, 1526336107.1308212, 1526336107.1906977, 1526336107.2311966, 1526336107.2636185, 1526336107.3048248, 1526336107.3439798, 1526336107.3836272, 1526336107.4241755, 1526336107.4647958, 1526336107.4983006, 1526336107.5396683, 1526336107.5803194, 1526336107.6176035, 1526336107.6823056, 1526336107.7212012, 1526336107.764764, 1526336107.8048997, 1526336107.8445356, 1526336107.908635, 1526336107.987954, 1526336108.0344942, 1526336108.0760791, 1526336108.1082525, 1526336108.1482859, 1526336108.1813219, 1526336108.2212033, 1526336108.2625463, 1526336108.3036268, 1526336108.344157, 1526336108.3842132, 1526336108.4246788, 1526336108.4641914, 1526336108.5033221, 1526336108.543347, 1526336108.584433, 1526336108.626648, 1526336108.6598525, 1526336108.6968095, 1526336108.736264, 1526336108.7767677, 1526336108.8162785, 1526336108.856147, 1526336108.9286115, 1526336108.9902115, 1526336109.0656624, 1526336109.0986612, 1526336109.1602745, 1526336109.193475, 1526336109.2353027, 1526336109.2837489, 1526336109.3556902, 1526336109.4007683, 1526336109.4484658, 1526336109.488415, 1526336109.5238857, 1526336109.5640676, 1526336109.6122975, 1526336109.6599557, 1526336109.7085812, 1526336109.7554982, 1526336109.8080547, 1526336109.8570652, 1526336109.9134436, 1526336109.9861267, 1526336110.038785, 1526336110.0936518, 1526336110.1418006, 1526336110.192058, 1526336110.2309778, 1526336110.2963183, 1526336110.3373122, 1526336110.3788943, 1526336110.418906, 1526336110.4521635, 1526336110.4924593, 1526336110.5250397, 1526336110.5685143, 1526336110.5998623, 1526336110.638774], "episode_lengths": [109, 87, 105, 107, 85, 174, 115, 84, 116, 84, 108, 107, 104, 156, 107, 104, 105, 104, 105, 107, 95, 109, 151, 107, 85, 107, 104, 105, 107, 106, 88, 107, 105, 99, 173, 104, 117, 107, 107, 107, 105, 105, 107, 85, 105, 87, 105, 107, 105, 105, 106, 107, 105, 104, 107, 106, 109, 87, 99, 105, 108, 105, 107, 105, 116, 195, 87, 158, 86, 107, 95, 152, 97, 105, 86, 85, 86, 105, 105, 104, 104, 115, 107, 116, 107, 87, 105, 90, 107, 86, 156, 107, 106, 105, 89, 105, 88, 117, 85, 104], "episode_rewards": [-109.0, -87.0, -105.0, -107.0, -85.0, -174.0, -115.0, -84.0, -116.0, -84.0, -108.0, -107.0, -104.0, -156.0, -107.0, -104.0, -105.0, -104.0, -105.0, -107.0, -95.0, -109.0, -151.0, -107.0, -85.0, -107.0, -104.0, -105.0, -107.0, -106.0, -88.0, -107.0, -105.0, -99.0, -173.0, -104.0, -117.0, -107.0, -107.0, -107.0, -105.0, -105.0, -107.0, -85.0, -105.0, -87.0, -105.0, -107.0, -105.0, -105.0, -106.0, -107.0, -105.0, -104.0, -107.0, -106.0, -109.0, -87.0, -99.0, -105.0, -108.0, -105.0, -107.0, -105.0, -116.0, -195.0, -87.0, -158.0, -86.0, -107.0, -95.0, -152.0, -97.0, -105.0, -86.0, -85.0, -86.0, -105.0, -105.0, -104.0, -104.0, -115.0, -107.0, -116.0, -107.0, -87.0, -105.0, -90.0, -107.0, -86.0, -156.0, -107.0, -106.0, -105.0, -89.0, -105.0, -88.0, -117.0, -85.0, -104.0], "episode_types": ["t", "t", "t", "t", "t", "t", "t", "t", "t", "t", "t", "t", "t", "t", "t", "t", "t", "t", "t", "t", "t", "t", "t", "t", "t", "t", "t", "t", "t", "t", "t", "t", "t", "t", "t", "t", "t", "t", "t", "t", "t", "t", "t", "t", "t", "t", "t", "t", "t", "t", "t", "t", "t", "t", "t", "t", "t", "t", "t", "t", "t", "t", "t", "t", "t", "t", "t", "t", "t", "t", "t", "t", "t", "t", "t", "t", "t", "t", "t", "t", "t", "t", "t", "t", "t", "t", "t", "t", "t", "t", "t", "t", "t", "t", "t", "t", "t", "t", "t", "t"], "initial_reset_timestamp": 1526336102.6116323}