{"timestamps": [1526285292.0587885, 1526285292.2650964, 1526285292.322228, 1526285292.3613522, 1526285292.3938456, 1526285292.4338648, 1526285292.4908223, 1526285292.5485594, 1526285292.6056125, 1526285292.6372597, 1526285292.670124, 1526285292.70933, 1526285292.7483299, 1526285292.7880805, 1526285292.8513117, 1526285292.8909967, 1526285292.9232235, 1526285292.9545307, 1526285292.994309, 1526285293.0298808, 1526285293.0687304, 1526285293.1080194, 1526285293.1471546, 1526285293.1800735, 1526285293.2370074, 1526285293.26861, 1526285293.325865, 1526285293.364945, 1526285293.4235148, 1526285293.4888322, 1526285293.5474646, 1526285293.5866969, 1526285293.6278343, 1526285293.6597161, 1526285293.6937754, 1526285293.7328236, 1526285293.7720146, 1526285293.806894, 1526285293.8425674, 1526285293.8821466, 1526285293.9177625, 1526285293.9570448, 1526285293.9899044, 1526285294.0469625, 1526285294.0812404, 1526285294.1196175, 1526285294.1773696, 1526285294.2351558, 1526285294.27467, 1526285294.332441, 1526285294.3667495, 1526285294.4062285, 1526285294.4458594, 1526285294.4849408, 1526285294.5241718, 1526285294.5813682, 1526285294.6122212, 1526285294.6440907, 1526285294.6832144, 1526285294.7221644, 1526285294.7613518, 1526285294.8006964, 1526285294.8424063, 1526285294.8831332, 1526285294.956168, 1526285294.9949958, 1526285295.0341332, 1526285295.0729272, 1526285295.1123004, 1526285295.1561248, 1526285295.2144804, 1526285295.2538404, 1526285295.285158, 1526285295.3248222, 1526285295.3638546, 1526285295.4214745, 1526285295.4616206, 1526285295.5014596, 1526285295.533308, 1526285295.5649235, 1526285295.621791, 1526285295.6561246, 1526285295.6951227, 1526285295.7528987, 1526285295.7845821, 1526285295.8163428, 1526285295.8607028, 1526285295.8997996, 1526285295.931682, 1526285295.9700565, 1526285296.017284, 1526285296.0770125, 1526285296.1166131, 1526285296.1572473, 1526285296.1920295, 1526285296.2543824, 1526285296.28776, 1526285296.349383, 1526285296.3895853, 1526285296.422951], "episode_lengths": [155, 107, 155, 106, 89, 108, 155, 157, 155, 86, 90, 106, 106, 108, 158, 107, 87, 85, 108, 97, 106, 106, 106, 89, 154, 86, 154, 106, 157, 177, 159, 107, 107, 86, 93, 106, 107, 95, 84, 106, 97, 107, 90, 155, 94, 105, 156, 156, 107, 156, 93, 107, 106, 106, 106, 155, 84, 85, 106, 106, 106, 106, 88, 106, 200, 106, 106, 106, 107, 103, 158, 106, 85, 107, 106, 157, 108, 108, 87, 86, 155, 93, 106, 157, 87, 87, 107, 106, 87, 105, 130, 155, 90, 106, 93, 156, 88, 156, 107, 90], "episode_rewards": [-155.0, -107.0, -155.0, -106.0, -89.0, -108.0, -155.0, -157.0, -155.0, -86.0, -90.0, -106.0, -106.0, -108.0, -158.0, -107.0, -87.0, -85.0, -108.0, -97.0, -106.0, -106.0, -106.0, -89.0, -154.0, -86.0, -154.0, -106.0, -157.0, -177.0, -159.0, -107.0, -107.0, -86.0, -93.0, -106.0, -107.0, -95.0, -84.0, -106.0, -97.0, -107.0, -90.0, -155.0, -94.0, -105.0, -156.0, -156.0, -107.0, -156.0, -93.0, -107.0, -106.0, -106.0, -106.0, -155.0, -84.0, -85.0, -106.0, -106.0, -106.0, -106.0, -88.0, -106.0, -200.0, -106.0, -106.0, -106.0, -107.0, -103.0, -158.0, -106.0, -85.0, -107.0, -106.0, -157.0, -108.0, -108.0, -87.0, -86.0, -155.0, -93.0, -106.0, -157.0, -87.0, -87.0, -107.0, -106.0, -87.0, -105.0, -130.0, -155.0, -90.0, -106.0, -93.0, -156.0, -88.0, -156.0, -107.0, -90.0], "episode_types": ["t", "t", "t", "t", "t", "t", "t", "t", "t", "t", "t", "t", "t", "t", "t", "t", "t", "t", "t", "t", "t", "t", "t", "t", "t", "t", "t", "t", "t", "t", "t", "t", "t", "t", "t", "t", "t", "t", "t", "t", "t", "t", "t", "t", "t", "t", "t", "t", "t", "t", "t", "t", "t", "t", "t", "t", "t", "t", "t", "t", "t", "t", "t", "t", "t", "t", "t", "t", "t", "t", "t", "t", "t", "t", "t", "t", "t", "t", "t", "t", "t", "t", "t", "t", "t", "t", "t", "t", "t", "t", "t", "t", "t", "t", "t", "t", "t", "t", "t", "t"], "initial_reset_timestamp": 1526285288.002073}