{"timestamps": [1526297621.2200534, 1526297621.4739213, 1526297621.5130963, 1526297621.5683436, 1526297621.6122928, 1526297621.6572707, 1526297621.6918235, 1526297621.7346272, 1526297621.7742507, 1526297621.8125694, 1526297621.8514078, 1526297621.8830812, 1526297621.9236312, 1526297621.9624326, 1526297622.0020118, 1526297622.0695205, 1526297622.1702726, 1526297622.2030175, 1526297622.2432036, 1526297622.2846525, 1526297622.324282, 1526297622.3571708, 1526297622.3968503, 1526297622.4368212, 1526297622.4700792, 1526297622.5024898, 1526297622.5417323, 1526297622.5740156, 1526297622.6136582, 1526297622.6788814, 1526297622.7372055, 1526297622.7712042, 1526297622.8098266, 1526297622.8648498, 1526297622.903321, 1526297622.9419541, 1526297622.9759102, 1526297623.0350144, 1526297623.1259613, 1526297623.166378, 1526297623.2001727, 1526297623.2456934, 1526297623.2854254, 1526297623.3285437, 1526297623.3601398, 1526297623.399561, 1526297623.4443302, 1526297623.4827237, 1526297623.5147188, 1526297623.5509458, 1526297623.5901666, 1526297623.6477537, 1526297623.7074065, 1526297623.73866, 1526297623.7790384, 1526297623.812205, 1526297623.8475792, 1526297623.8864725, 1526297623.9254072, 1526297623.9565408, 1526297623.9965413, 1526297624.0360684, 1526297624.083535, 1526297624.1562765, 1526297624.2148914, 1526297624.2466292, 1526297624.2871232, 1526297624.3277645, 1526297624.3716967, 1526297624.4036047, 1526297624.4428585, 1526297624.4849865, 1526297624.5303812, 1526297624.5834486, 1526297624.6183298, 1526297624.661215, 1526297624.7014225, 1526297624.7403727, 1526297624.773276, 1526297624.813066, 1526297624.8520343, 1526297624.8914387, 1526297624.9302905, 1526297624.9700677, 1526297625.0307581, 1526297625.0796454, 1526297625.1355348, 1526297625.1702392, 1526297625.2040904, 1526297625.2431207, 1526297625.2829485, 1526297625.34181, 1526297625.3807244, 1526297625.4196725, 1526297625.4592166, 1526297625.4991817, 1526297625.5383847, 1526297625.577182, 1526297625.632432, 1526297625.6671956], "episode_lengths": [106, 106, 105, 149, 120, 119, 94, 117, 106, 105, 106, 87, 112, 106, 105, 166, 176, 85, 105, 106, 105, 87, 105, 106, 87, 85, 106, 85, 106, 169, 158, 89, 105, 150, 105, 106, 91, 157, 149, 91, 90, 123, 105, 116, 85, 106, 120, 99, 84, 99, 105, 150, 159, 85, 106, 90, 97, 105, 105, 85, 105, 106, 89, 105, 105, 85, 105, 105, 110, 86, 106, 107, 123, 90, 85, 114, 106, 105, 88, 106, 106, 105, 105, 106, 94, 106, 105, 86, 91, 105, 106, 159, 105, 105, 105, 107, 106, 105, 150, 86], "episode_rewards": [-106.0, -106.0, -105.0, -149.0, -120.0, -119.0, -94.0, -117.0, -106.0, -105.0, -106.0, -87.0, -112.0, -106.0, -105.0, -166.0, -176.0, -85.0, -105.0, -106.0, -105.0, -87.0, -105.0, -106.0, -87.0, -85.0, -106.0, -85.0, -106.0, -169.0, -158.0, -89.0, -105.0, -150.0, -105.0, -106.0, -91.0, -157.0, -149.0, -91.0, -90.0, -123.0, -105.0, -116.0, -85.0, -106.0, -120.0, -99.0, -84.0, -99.0, -105.0, -150.0, -159.0, -85.0, -106.0, -90.0, -97.0, -105.0, -105.0, -85.0, -105.0, -106.0, -89.0, -105.0, -105.0, -85.0, -105.0, -105.0, -110.0, -86.0, -106.0, -107.0, -123.0, -90.0, -85.0, -114.0, -106.0, -105.0, -88.0, -106.0, -106.0, -105.0, -105.0, -106.0, -94.0, -106.0, -105.0, -86.0, -91.0, -105.0, -106.0, -159.0, -105.0, -105.0, -105.0, -107.0, -106.0, -105.0, -150.0, -86.0], "episode_types": ["t", "t", "t", "t", "t", "t", "t", "t", "t", "t", "t", "t", "t", "t", "t", "t", "t", "t", "t", "t", "t", "t", "t", "t", "t", "t", "t", "t", "t", "t", "t", "t", "t", "t", "t", "t", "t", "t", "t", "t", "t", "t", "t", "t", "t", "t", "t", "t", "t", "t", "t", "t", "t", "t", "t", "t", "t", "t", "t", "t", "t", "t", "t", "t", "t", "t", "t", "t", "t", "t", "t", "t", "t", "t", "t", "t", "t", "t", "t", "t", "t", "t", "t", "t", "t", "t", "t", "t", "t", "t", "t", "t", "t", "t", "t", "t", "t", "t", "t", "t"], "initial_reset_timestamp": 1526297618.1576657}