{"timestamps": [1526291545.704359, 1526291545.9063873, 1526291545.9418066, 1526291545.978322, 1526291546.0208945, 1526291546.0633864, 1526291546.1131022, 1526291546.1788719, 1526291546.227123, 1526291546.286397, 1526291546.3422055, 1526291546.384922, 1526291546.4202142, 1526291546.4619803, 1526291546.507071, 1526291546.5595417, 1526291546.6199193, 1526291546.6699922, 1526291546.715092, 1526291546.768321, 1526291546.8201244, 1526291546.8730102, 1526291546.920427, 1526291546.97053, 1526291547.0208106, 1526291547.077829, 1526291547.1408336, 1526291547.1989217, 1526291547.2423284, 1526291547.2835102, 1526291547.3426468, 1526291547.394831, 1526291547.436216, 1526291547.4766846, 1526291547.51902, 1526291547.5640216, 1526291547.596948, 1526291547.638993, 1526291547.6807399, 1526291547.7153113, 1526291547.7572198, 1526291547.801813, 1526291547.8588068, 1526291547.8992982, 1526291547.9394524, 1526291547.9830723, 1526291548.018131, 1526291548.0640225, 1526291548.1119168, 1526291548.1528652, 1526291548.1910167, 1526291548.2312539, 1526291548.2728088, 1526291548.3130038, 1526291548.3455412, 1526291548.3859165, 1526291548.428582, 1526291548.472207, 1526291548.5113745, 1526291548.5596216, 1526291548.5996244, 1526291548.643257, 1526291548.681878, 1526291548.7414773, 1526291548.8050566, 1526291548.8643465, 1526291548.9363387, 1526291548.9859195, 1526291549.0199955, 1526291549.055988, 1526291549.100806, 1526291549.1479464, 1526291549.1893606, 1526291549.2308576, 1526291549.2652633, 1526291549.3018937, 1526291549.3535752, 1526291549.4110208, 1526291549.4551156, 1526291549.4956775, 1526291549.527641, 1526291549.5681686, 1526291549.6083534, 1526291549.6409583, 1526291549.6765172, 1526291549.72877, 1526291549.7764244, 1526291549.8173182, 1526291549.859156, 1526291549.8936186, 1526291549.9354587, 1526291549.9771147, 1526291550.0171475, 1526291550.0608015, 1526291550.108344, 1526291550.1624317, 1526291550.2092383, 1526291550.2525065, 1526291550.303666, 1526291550.3513932], "episode_lengths": [106, 85, 92, 96, 106, 88, 93, 105, 84, 104, 104, 84, 84, 105, 105, 91, 106, 87, 104, 105, 105, 91, 105, 105, 104, 106, 84, 84, 106, 104, 105, 105, 104, 105, 106, 98, 85, 105, 104, 87, 95, 106, 104, 105, 105, 116, 91, 104, 106, 86, 94, 106, 106, 105, 85, 104, 106, 105, 94, 106, 105, 107, 89, 107, 99, 106, 105, 96, 87, 95, 106, 106, 88, 106, 85, 93, 107, 106, 104, 105, 84, 105, 106, 85, 93, 104, 105, 84, 84, 86, 106, 104, 105, 106, 105, 104, 84, 88, 95, 99], "episode_rewards": [-106.0, -85.0, -92.0, -96.0, -106.0, -88.0, -93.0, -105.0, -84.0, -104.0, -104.0, -84.0, -84.0, -105.0, -105.0, -91.0, -106.0, -87.0, -104.0, -105.0, -105.0, -91.0, -105.0, -105.0, -104.0, -106.0, -84.0, -84.0, -106.0, -104.0, -105.0, -105.0, -104.0, -105.0, -106.0, -98.0, -85.0, -105.0, -104.0, -87.0, -95.0, -106.0, -104.0, -105.0, -105.0, -116.0, -91.0, -104.0, -106.0, -86.0, -94.0, -106.0, -106.0, -105.0, -85.0, -104.0, -106.0, -105.0, -94.0, -106.0, -105.0, -107.0, -89.0, -107.0, -99.0, -106.0, -105.0, -96.0, -87.0, -95.0, -106.0, -106.0, -88.0, -106.0, -85.0, -93.0, -107.0, -106.0, -104.0, -105.0, -84.0, -105.0, -106.0, -85.0, -93.0, -104.0, -105.0, -84.0, -84.0, -86.0, -106.0, -104.0, -105.0, -106.0, -105.0, -104.0, -84.0, -88.0, -95.0, -99.0], "episode_types": ["t", "t", "t", "t", "t", "t", "t", "t", "t", "t", "t", "t", "t", "t", "t", "t", "t", "t", "t", "t", "t", "t", "t", "t", "t", "t", "t", "t", "t", "t", "t", "t", "t", "t", "t", "t", "t", "t", "t", "t", "t", "t", "t", "t", "t", "t", "t", "t", "t", "t", "t", "t", "t", "t", "t", "t", "t", "t", "t", "t", "t", "t", "t", "t", "t", "t", "t", "t", "t", "t", "t", "t", "t", "t", "t", "t", "t", "t", "t", "t", "t", "t", "t", "t", "t", "t", "t", "t", "t", "t", "t", "t", "t", "t", "t", "t", "t", "t", "t", "t"], "initial_reset_timestamp": 1526291542.7729204}