{"timestamps": [1526292035.5503194, 1526292035.7694871, 1526292035.811869, 1526292035.8525376, 1526292035.8937669, 1526292035.9356666, 1526292035.979197, 1526292036.0155156, 1526292036.0607233, 1526292036.1019056, 1526292036.1366928, 1526292036.1782317, 1526292036.2109778, 1526292036.2427466, 1526292036.2828321, 1526292036.3225534, 1526292036.3693326, 1526292036.4133494, 1526292036.4449563, 1526292036.4851565, 1526292036.516848, 1526292036.5563393, 1526292036.5965106, 1526292036.630014, 1526292036.670196, 1526292036.7020798, 1526292036.7418048, 1526292036.7736456, 1526292036.8127723, 1526292036.8460011, 1526292036.8853092, 1526292036.9182377, 1526292036.9508681, 1526292036.985454, 1526292037.024561, 1526292037.0639825, 1526292037.1054485, 1526292037.1448724, 1526292037.184436, 1526292037.2233367, 1526292037.2544656, 1526292037.293295, 1526292037.3331358, 1526292037.3868363, 1526292037.4305196, 1526292037.477336, 1526292037.5197165, 1526292037.576804, 1526292037.6279635, 1526292037.6703022, 1526292037.7200296, 1526292037.7685199, 1526292037.8195608, 1526292037.8621151, 1526292037.9044132, 1526292037.947532, 1526292037.9844775, 1526292038.0240183, 1526292038.0633223, 1526292038.1057453, 1526292038.1467319, 1526292038.1888945, 1526292038.2307336, 1526292038.2743385, 1526292038.31671, 1526292038.3801973, 1526292038.425835, 1526292038.4638991, 1526292038.5061095, 1526292038.5486581, 1526292038.5929606, 1526292038.6308231, 1526292038.6787608, 1526292038.7198565, 1526292038.7811139, 1526292038.8394115, 1526292038.9016476, 1526292038.952037, 1526292038.9851942, 1526292039.0259936, 1526292039.065871, 1526292039.09722, 1526292039.1368296, 1526292039.168121, 1526292039.2071688, 1526292039.2383373, 1526292039.277977, 1526292039.3191829, 1526292039.3658407, 1526292039.4114165, 1526292039.4469938, 1526292039.4894295, 1526292039.5301805, 1526292039.5724323, 1526292039.6147635, 1526292039.6562822, 1526292039.6984975, 1526292039.7343302, 1526292039.7716537, 1526292039.8130057], "episode_lengths": [107, 100, 107, 105, 104, 100, 104, 89, 106, 104, 89, 105, 87, 85, 105, 105, 105, 116, 84, 106, 84, 105, 106, 89, 105, 84, 106, 85, 104, 89, 104, 88, 87, 93, 105, 106, 112, 105, 105, 105, 84, 104, 107, 105, 107, 107, 105, 106, 103, 88, 104, 105, 104, 105, 105, 106, 92, 105, 104, 113, 107, 105, 104, 105, 106, 105, 104, 93, 104, 106, 105, 96, 115, 100, 105, 86, 105, 96, 88, 106, 107, 85, 104, 84, 105, 85, 105, 106, 105, 104, 91, 105, 105, 105, 105, 105, 105, 87, 91, 106], "episode_rewards": [-107.0, -100.0, -107.0, -105.0, -104.0, -100.0, -104.0, -89.0, -106.0, -104.0, -89.0, -105.0, -87.0, -85.0, -105.0, -105.0, -105.0, -116.0, -84.0, -106.0, -84.0, -105.0, -106.0, -89.0, -105.0, -84.0, -106.0, -85.0, -104.0, -89.0, -104.0, -88.0, -87.0, -93.0, -105.0, -106.0, -112.0, -105.0, -105.0, -105.0, -84.0, -104.0, -107.0, -105.0, -107.0, -107.0, -105.0, -106.0, -103.0, -88.0, -104.0, -105.0, -104.0, -105.0, -105.0, -106.0, -92.0, -105.0, -104.0, -113.0, -107.0, -105.0, -104.0, -105.0, -106.0, -105.0, -104.0, -93.0, -104.0, -106.0, -105.0, -96.0, -115.0, -100.0, -105.0, -86.0, -105.0, -96.0, -88.0, -106.0, -107.0, -85.0, -104.0, -84.0, -105.0, -85.0, -105.0, -106.0, -105.0, -104.0, -91.0, -105.0, -105.0, -105.0, -105.0, -105.0, -105.0, -87.0, -91.0, -106.0], "episode_types": ["t", "t", "t", "t", "t", "t", "t", "t", "t", "t", "t", "t", "t", "t", "t", "t", "t", "t", "t", "t", "t", "t", "t", "t", "t", "t", "t", "t", "t", "t", "t", "t", "t", "t", "t", "t", "t", "t", "t", "t", "t", "t", "t", "t", "t", "t", "t", "t", "t", "t", "t", "t", "t", "t", "t", "t", "t", "t", "t", "t", "t", "t", "t", "t", "t", "t", "t", "t", "t", "t", "t", "t", "t", "t", "t", "t", "t", "t", "t", "t", "t", "t", "t", "t", "t", "t", "t", "t", "t", "t", "t", "t", "t", "t", "t", "t", "t", "t", "t", "t"], "initial_reset_timestamp": 1526292032.4854524}