{"timestamps": [1526303723.731469, 1526303724.0143483, 1526303724.0559597, 1526303724.0987885, 1526303724.1506283, 1526303724.1946964, 1526303724.228757, 1526303724.264538, 1526303724.304936, 1526303724.3503492, 1526303724.434052, 1526303724.4981763, 1526303724.583783, 1526303724.6737328, 1526303724.7472742, 1526303724.7897549, 1526303724.8244424, 1526303724.8640952, 1526303724.9044054, 1526303724.944212, 1526303724.9833324, 1526303725.023539, 1526303725.0574348, 1526303725.097075, 1526303725.1369512, 1526303725.1797235, 1526303725.2200668, 1526303725.2598233, 1526303725.299261, 1526303725.3321457, 1526303725.393575, 1526303725.4481227, 1526303725.490375, 1526303725.5433137, 1526303725.5794616, 1526303725.6179757, 1526303725.6627507, 1526303725.7146344, 1526303725.7494137, 1526303725.7918613, 1526303725.8321948, 1526303725.8754935, 1526303725.9090621, 1526303725.948861, 1526303725.9910665, 1526303726.0307224, 1526303726.0709543, 1526303726.1069121, 1526303726.139, 1526303726.178146, 1526303726.2177045, 1526303726.2573252, 1526303726.3011405, 1526303726.3417017, 1526303726.3853047, 1526303726.42717, 1526303726.461456, 1526303726.5018313, 1526303726.5430381, 1526303726.5751743, 1526303726.608001, 1526303726.6589391, 1526303726.7023861, 1526303726.735491, 1526303726.7703662, 1526303726.8054001, 1526303726.845789, 1526303726.8872824, 1526303726.9282558, 1526303726.9614785, 1526303727.0015852, 1526303727.041156, 1526303727.0802495, 1526303727.1199327, 1526303727.1595476, 1526303727.1972747, 1526303727.2316582, 1526303727.2631936, 1526303727.303727, 1526303727.3429184, 1526303727.384013, 1526303727.4201813, 1526303727.4599218, 1526303727.50125, 1526303727.5403545, 1526303727.5814965, 1526303727.6153436, 1526303727.6599433, 1526303727.7136376, 1526303727.7509992, 1526303727.791968, 1526303727.8323586, 1526303727.8728275, 1526303727.913395, 1526303727.9536216, 1526303727.9951515, 1526303728.0360315, 1526303728.075316, 1526303728.1144145, 1526303728.151949], "episode_lengths": [107, 105, 106, 105, 119, 106, 86, 93, 104, 105, 105, 89, 104, 106, 106, 107, 91, 105, 106, 106, 104, 105, 87, 105, 105, 105, 105, 104, 105, 87, 104, 106, 92, 104, 91, 93, 86, 105, 91, 110, 105, 106, 87, 105, 105, 104, 107, 96, 85, 104, 105, 106, 118, 108, 105, 106, 92, 104, 106, 84, 86, 105, 89, 87, 90, 91, 106, 104, 105, 89, 105, 105, 105, 105, 104, 89, 91, 84, 107, 105, 105, 92, 105, 106, 104, 105, 88, 92, 85, 98, 105, 106, 105, 105, 105, 106, 105, 105, 104, 99], "episode_rewards": [-107.0, -105.0, -106.0, -105.0, -119.0, -106.0, -86.0, -93.0, -104.0, -105.0, -105.0, -89.0, -104.0, -106.0, -106.0, -107.0, -91.0, -105.0, -106.0, -106.0, -104.0, -105.0, -87.0, -105.0, -105.0, -105.0, -105.0, -104.0, -105.0, -87.0, -104.0, -106.0, -92.0, -104.0, -91.0, -93.0, -86.0, -105.0, -91.0, -110.0, -105.0, -106.0, -87.0, -105.0, -105.0, -104.0, -107.0, -96.0, -85.0, -104.0, -105.0, -106.0, -118.0, -108.0, -105.0, -106.0, -92.0, -104.0, -106.0, -84.0, -86.0, -105.0, -89.0, -87.0, -90.0, -91.0, -106.0, -104.0, -105.0, -89.0, -105.0, -105.0, -105.0, -105.0, -104.0, -89.0, -91.0, -84.0, -107.0, -105.0, -105.0, -92.0, -105.0, -106.0, -104.0, -105.0, -88.0, -92.0, -85.0, -98.0, -105.0, -106.0, -105.0, -105.0, -105.0, -106.0, -105.0, -105.0, -104.0, -99.0], "episode_types": ["t", "t", "t", "t", "t", "t", "t", "t", "t", "t", "t", "t", "t", "t", "t", "t", "t", "t", "t", "t", "t", "t", "t", "t", "t", "t", "t", "t", "t", "t", "t", "t", "t", "t", "t", "t", "t", "t", "t", "t", "t", "t", "t", "t", "t", "t", "t", "t", "t", "t", "t", "t", "t", "t", "t", "t", "t", "t", "t", "t", "t", "t", "t", "t", "t", "t", "t", "t", "t", "t", "t", "t", "t", "t", "t", "t", "t", "t", "t", "t", "t", "t", "t", "t", "t", "t", "t", "t", "t", "t", "t", "t", "t", "t", "t", "t", "t", "t", "t", "t"], "initial_reset_timestamp": 1526303720.209031}