{"timestamps": [1526324771.5961196, 1526324771.894756, 1526324771.9406037, 1526324771.9796193, 1526324772.0541227, 1526324772.117239, 1526324772.1954124, 1526324772.2540178, 1526324772.3086443, 1526324772.356258, 1526324772.3995922, 1526324772.4454198, 1526324772.4824247, 1526324772.527033, 1526324772.5728028, 1526324772.6160147, 1526324772.6600406, 1526324772.7038624, 1526324772.7481496, 1526324772.7928727, 1526324772.8381038, 1526324772.8819854, 1526324772.9266973, 1526324772.9699745, 1526324773.023958, 1526324773.0993443, 1526324773.14701, 1526324773.1973348, 1526324773.2423787, 1526324773.2869952, 1526324773.3360493, 1526324773.3826246, 1526324773.4272776, 1526324773.4743373, 1526324773.5108125, 1526324773.547423, 1526324773.5835283, 1526324773.632518, 1526324773.677636, 1526324773.7205555, 1526324773.7643714, 1526324773.8078136, 1526324773.855959, 1526324773.899451, 1526324773.946805, 1526324773.9907598, 1526324774.0474653, 1526324774.1379893, 1526324774.18451, 1526324774.2323499, 1526324774.2703967, 1526324774.315672, 1526324774.3604155, 1526324774.4055495, 1526324774.4464467, 1526324774.4906983, 1526324774.5355864, 1526324774.5810063, 1526324774.625601, 1526324774.67186, 1526324774.7161994, 1526324774.7634072, 1526324774.800949, 1526324774.8454995, 1526324774.8926802, 1526324774.93195, 1526324774.9781728, 1526324775.0459166, 1526324775.1216402, 1526324775.1707969, 1526324775.2145696, 1526324775.2628086, 1526324775.3080451, 1526324775.3445704, 1526324775.380775, 1526324775.4250622, 1526324775.4721, 1526324775.516797, 1526324775.551649, 1526324775.5973823, 1526324775.6431782, 1526324775.686525, 1526324775.743899, 1526324775.7903814, 1526324775.8404508, 1526324775.886397, 1526324775.9333148, 1526324775.9795158, 1526324776.0300393, 1526324776.084507, 1526324776.1521351, 1526324776.1929119, 1526324776.2320719, 1526324776.2790742, 1526324776.3261852, 1526324776.3730667, 1526324776.4172428, 1526324776.464852, 1526324776.5016801, 1526324776.5392017], "episode_lengths": [88, 107, 105, 96, 106, 86, 106, 111, 126, 107, 105, 107, 88, 104, 106, 106, 102, 105, 105, 105, 106, 107, 105, 106, 96, 101, 88, 106, 106, 107, 112, 106, 105, 104, 88, 86, 87, 116, 107, 105, 106, 104, 107, 105, 117, 106, 106, 105, 103, 107, 85, 104, 105, 104, 98, 104, 104, 105, 106, 105, 107, 107, 88, 97, 107, 90, 106, 105, 117, 107, 102, 113, 107, 84, 86, 105, 106, 106, 84, 107, 105, 103, 115, 105, 105, 105, 105, 105, 106, 91, 118, 88, 88, 107, 105, 105, 104, 105, 84, 84], "episode_rewards": [-88.0, -107.0, -105.0, -96.0, -106.0, -86.0, -106.0, -111.0, -126.0, -107.0, -105.0, -107.0, -88.0, -104.0, -106.0, -106.0, -102.0, -105.0, -105.0, -105.0, -106.0, -107.0, -105.0, -106.0, -96.0, -101.0, -88.0, -106.0, -106.0, -107.0, -112.0, -106.0, -105.0, -104.0, -88.0, -86.0, -87.0, -116.0, -107.0, -105.0, -106.0, -104.0, -107.0, -105.0, -117.0, -106.0, -106.0, -105.0, -103.0, -107.0, -85.0, -104.0, -105.0, -104.0, -98.0, -104.0, -104.0, -105.0, -106.0, -105.0, -107.0, -107.0, -88.0, -97.0, -107.0, -90.0, -106.0, -105.0, -117.0, -107.0, -102.0, -113.0, -107.0, -84.0, -86.0, -105.0, -106.0, -106.0, -84.0, -107.0, -105.0, -103.0, -115.0, -105.0, -105.0, -105.0, -105.0, -105.0, -106.0, -91.0, -118.0, -88.0, -88.0, -107.0, -105.0, -105.0, -104.0, -105.0, -84.0, -84.0], "episode_types": ["t", "t", "t", "t", "t", "t", "t", "t", "t", "t", "t", "t", "t", "t", "t", "t", "t", "t", "t", "t", "t", "t", "t", "t", "t", "t", "t", "t", "t", "t", "t", "t", "t", "t", "t", "t", "t", "t", "t", "t", "t", "t", "t", "t", "t", "t", "t", "t", "t", "t", "t", "t", "t", "t", "t", "t", "t", "t", "t", "t", "t", "t", "t", "t", "t", "t", "t", "t", "t", "t", "t", "t", "t", "t", "t", "t", "t", "t", "t", "t", "t", "t", "t", "t", "t", "t", "t", "t", "t", "t", "t", "t", "t", "t", "t", "t", "t", "t", "t", "t"], "initial_reset_timestamp": 1526324768.7254324}