{"timestamps": [1526298673.9059403, 1526298674.180408, 1526298674.2212543, 1526298674.2631116, 1526298674.3025277, 1526298674.3399076, 1526298674.4093437, 1526298674.44896, 1526298674.4848735, 1526298674.534337, 1526298674.5762546, 1526298674.6161509, 1526298674.6509874, 1526298674.694116, 1526298674.7338886, 1526298674.7731156, 1526298674.8132563, 1526298674.853404, 1526298674.8927038, 1526298674.9322188, 1526298674.9717886, 1526298675.0121083, 1526298675.0527635, 1526298675.105265, 1526298675.1449778, 1526298675.1845875, 1526298675.2182384, 1526298675.2532234, 1526298675.2921867, 1526298675.3271601, 1526298675.3603776, 1526298675.3995094, 1526298675.4391932, 1526298675.4794748, 1526298675.522374, 1526298675.5772982, 1526298675.6093059, 1526298675.642916, 1526298675.682496, 1526298675.7241218, 1526298675.764416, 1526298675.8040664, 1526298675.8437564, 1526298675.883967, 1526298675.9235988, 1526298675.9625547, 1526298676.001876, 1526298676.072597, 1526298676.115078, 1526298676.14803, 1526298676.1869123, 1526298676.2561061, 1526298676.295519, 1526298676.3279102, 1526298676.3685133, 1526298676.4001231, 1526298676.4389658, 1526298676.4708357, 1526298676.5105474, 1526298676.5797136, 1526298676.6198316, 1526298676.6604953, 1526298676.699788, 1526298676.7316117, 1526298676.7655163, 1526298676.8051133, 1526298676.8371108, 1526298676.8767812, 1526298676.9178438, 1526298676.9570987, 1526298676.9960034, 1526298677.035201, 1526298677.109437, 1526298677.1500332, 1526298677.1916215, 1526298677.2448125, 1526298677.308066, 1526298677.339535, 1526298677.374738, 1526298677.4176266, 1526298677.4571865, 1526298677.4968424, 1526298677.5441318, 1526298677.5995255, 1526298677.639298, 1526298677.6747577, 1526298677.7077732, 1526298677.7472255, 1526298677.7881439, 1526298677.8273664, 1526298677.8722425, 1526298677.9125516, 1526298677.9437602, 1526298677.9834678, 1526298678.023338, 1526298678.066789, 1526298678.1125562, 1526298678.1541984, 1526298678.1949914, 1526298678.2272112], "episode_lengths": [88, 107, 105, 106, 105, 88, 104, 105, 96, 105, 89, 105, 91, 111, 105, 104, 107, 107, 105, 106, 105, 107, 106, 105, 105, 106, 91, 95, 105, 95, 88, 105, 107, 106, 105, 106, 84, 88, 105, 106, 106, 105, 106, 106, 105, 105, 105, 105, 106, 87, 87, 105, 106, 85, 107, 85, 105, 85, 105, 113, 106, 106, 105, 86, 90, 107, 86, 105, 107, 105, 105, 106, 106, 105, 106, 105, 106, 85, 95, 116, 106, 106, 91, 107, 104, 94, 87, 105, 107, 105, 118, 106, 84, 106, 105, 113, 115, 106, 105, 84], "episode_rewards": [-88.0, -107.0, -105.0, -106.0, -105.0, -88.0, -104.0, -105.0, -96.0, -105.0, -89.0, -105.0, -91.0, -111.0, -105.0, -104.0, -107.0, -107.0, -105.0, -106.0, -105.0, -107.0, -106.0, -105.0, -105.0, -106.0, -91.0, -95.0, -105.0, -95.0, -88.0, -105.0, -107.0, -106.0, -105.0, -106.0, -84.0, -88.0, -105.0, -106.0, -106.0, -105.0, -106.0, -106.0, -105.0, -105.0, -105.0, -105.0, -106.0, -87.0, -87.0, -105.0, -106.0, -85.0, -107.0, -85.0, -105.0, -85.0, -105.0, -113.0, -106.0, -106.0, -105.0, -86.0, -90.0, -107.0, -86.0, -105.0, -107.0, -105.0, -105.0, -106.0, -106.0, -105.0, -106.0, -105.0, -106.0, -85.0, -95.0, -116.0, -106.0, -106.0, -91.0, -107.0, -104.0, -94.0, -87.0, -105.0, -107.0, -105.0, -118.0, -106.0, -84.0, -106.0, -105.0, -113.0, -115.0, -106.0, -105.0, -84.0], "episode_types": ["t", "t", "t", "t", "t", "t", "t", "t", "t", "t", "t", "t", "t", "t", "t", "t", "t", "t", "t", "t", "t", "t", "t", "t", "t", "t", "t", "t", "t", "t", "t", "t", "t", "t", "t", "t", "t", "t", "t", "t", "t", "t", "t", "t", "t", "t", "t", "t", "t", "t", "t", "t", "t", "t", "t", "t", "t", "t", "t", "t", "t", "t", "t", "t", "t", "t", "t", "t", "t", "t", "t", "t", "t", "t", "t", "t", "t", "t", "t", "t", "t", "t", "t", "t", "t", "t", "t", "t", "t", "t", "t", "t", "t", "t", "t", "t", "t", "t", "t", "t"], "initial_reset_timestamp": 1526298671.4039266}