{"timestamps": [1526285580.436226, 1526285580.6686592, 1526285580.7055547, 1526285580.7408123, 1526285580.77537, 1526285580.8177185, 1526285580.8568854, 1526285580.8887544, 1526285580.927862, 1526285580.966646, 1526285581.0056076, 1526285581.043861, 1526285581.0767548, 1526285581.1077924, 1526285581.1397307, 1526285581.1793725, 1526285581.2178688, 1526285581.2595074, 1526285581.2923071, 1526285581.3312452, 1526285581.369768, 1526285581.4082797, 1526285581.4479558, 1526285581.4865136, 1526285581.5225003, 1526285581.562211, 1526285581.6016388, 1526285581.6447308, 1526285581.676282, 1526285581.7075577, 1526285581.746693, 1526285581.7857847, 1526285581.8238766, 1526285581.8628695, 1526285581.9268794, 1526285581.987859, 1526285582.0325649, 1526285582.0714815, 1526285582.1117256, 1526285582.1615248, 1526285582.1952403, 1526285582.2271545, 1526285582.2667496, 1526285582.309511, 1526285582.342588, 1526285582.375017, 1526285582.415435, 1526285582.456535, 1526285582.498544, 1526285582.5307436, 1526285582.5635107, 1526285582.6030955, 1526285582.643031, 1526285582.683914, 1526285582.7173996, 1526285582.7579887, 1526285582.790478, 1526285582.8298914, 1526285582.8695471, 1526285582.9085166, 1526285582.9498546, 1526285582.9918232, 1526285583.0313103, 1526285583.0700908, 1526285583.109621, 1526285583.1417668, 1526285583.1840637, 1526285583.2226415, 1526285583.2626727, 1526285583.293972, 1526285583.3339326, 1526285583.3736286, 1526285583.4087715, 1526285583.4485765, 1526285583.4878116, 1526285583.5264997, 1526285583.5659869, 1526285583.6053054, 1526285583.6382961, 1526285583.6780772, 1526285583.7169695, 1526285583.7559812, 1526285583.7881498, 1526285583.8266003, 1526285583.8577285, 1526285583.8941922, 1526285583.9272332, 1526285583.9714782, 1526285584.010685, 1526285584.0498612, 1526285584.0889566, 1526285584.1274588, 1526285584.1713178, 1526285584.21094, 1526285584.2505312, 1526285584.2911391, 1526285584.3334134, 1526285584.379818, 1526285584.4251225, 1526285584.461624], "episode_lengths": [105, 91, 89, 85, 86, 106, 103, 86, 106, 89, 105, 104, 89, 85, 86, 106, 105, 114, 89, 106, 104, 104, 106, 104, 99, 106, 105, 117, 85, 85, 106, 106, 104, 106, 175, 107, 105, 104, 98, 116, 91, 86, 105, 106, 86, 84, 106, 107, 107, 85, 86, 105, 106, 106, 89, 107, 86, 106, 105, 105, 105, 105, 106, 104, 106, 86, 114, 104, 108, 84, 107, 106, 95, 107, 105, 104, 106, 106, 89, 107, 106, 106, 88, 105, 85, 100, 90, 106, 106, 106, 106, 105, 117, 106, 106, 105, 104, 107, 106, 84], "episode_rewards": [-105.0, -91.0, -89.0, -85.0, -86.0, -106.0, -103.0, -86.0, -106.0, -89.0, -105.0, -104.0, -89.0, -85.0, -86.0, -106.0, -105.0, -114.0, -89.0, -106.0, -104.0, -104.0, -106.0, -104.0, -99.0, -106.0, -105.0, -117.0, -85.0, -85.0, -106.0, -106.0, -104.0, -106.0, -175.0, -107.0, -105.0, -104.0, -98.0, -116.0, -91.0, -86.0, -105.0, -106.0, -86.0, -84.0, -106.0, -107.0, -107.0, -85.0, -86.0, -105.0, -106.0, -106.0, -89.0, -107.0, -86.0, -106.0, -105.0, -105.0, -105.0, -105.0, -106.0, -104.0, -106.0, -86.0, -114.0, -104.0, -108.0, -84.0, -107.0, -106.0, -95.0, -107.0, -105.0, -104.0, -106.0, -106.0, -89.0, -107.0, -106.0, -106.0, -88.0, -105.0, -85.0, -100.0, -90.0, -106.0, -106.0, -106.0, -106.0, -105.0, -117.0, -106.0, -106.0, -105.0, -104.0, -107.0, -106.0, -84.0], "episode_types": ["t", "t", "t", "t", "t", "t", "t", "t", "t", "t", "t", "t", "t", "t", "t", "t", "t", "t", "t", "t", "t", "t", "t", "t", "t", "t", "t", "t", "t", "t", "t", "t", "t", "t", "t", "t", "t", "t", "t", "t", "t", "t", "t", "t", "t", "t", "t", "t", "t", "t", "t", "t", "t", "t", "t", "t", "t", "t", "t", "t", "t", "t", "t", "t", "t", "t", "t", "t", "t", "t", "t", "t", "t", "t", "t", "t", "t", "t", "t", "t", "t", "t", "t", "t", "t", "t", "t", "t", "t", "t", "t", "t", "t", "t", "t", "t", "t", "t", "t", "t"], "initial_reset_timestamp": 1526285577.7313602}