{"timestamps": [1526310338.822695, 1526310339.0764036, 1526310339.1217356, 1526310339.165309, 1526310339.2060773, 1526310339.2393374, 1526310339.2741852, 1526310339.3202178, 1526310339.3544939, 1526310339.386258, 1526310339.426606, 1526310339.4676723, 1526310339.5077422, 1526310339.546829, 1526310339.5863678, 1526310339.6197076, 1526310339.6535447, 1526310339.692267, 1526310339.7319844, 1526310339.7700212, 1526310339.825718, 1526310339.866473, 1526310339.8990803, 1526310339.9315717, 1526310339.9732344, 1526310340.0132368, 1526310340.0542016, 1526310340.0900934, 1526310340.132273, 1526310340.1732001, 1526310340.2124267, 1526310340.2524185, 1526310340.2915695, 1526310340.3316076, 1526310340.372498, 1526310340.4075234, 1526310340.4478781, 1526310340.481792, 1526310340.5209386, 1526310340.552333, 1526310340.5920122, 1526310340.624864, 1526310340.6644664, 1526310340.7037146, 1526310340.757393, 1526310340.820715, 1526310340.8616974, 1526310340.8969405, 1526310340.943169, 1526310340.9827416, 1526310341.0256615, 1526310341.0956757, 1526310341.142444, 1526310341.1818972, 1526310341.2212477, 1526310341.261717, 1526310341.3006103, 1526310341.332095, 1526310341.3646863, 1526310341.4053714, 1526310341.4461184, 1526310341.4779587, 1526310341.5180604, 1526310341.5801973, 1526310341.6200843, 1526310341.6730623, 1526310341.73868, 1526310341.810377, 1526310341.8521085, 1526310341.892805, 1526310341.9325554, 1526310341.9729514, 1526310342.0134897, 1526310342.0534463, 1526310342.0930843, 1526310342.1329625, 1526310342.1664853, 1526310342.2052648, 1526310342.2498403, 1526310342.2899888, 1526310342.326043, 1526310342.3664804, 1526310342.4075577, 1526310342.4485705, 1526310342.4809096, 1526310342.5130663, 1526310342.5464633, 1526310342.5854924, 1526310342.617619, 1526310342.693161, 1526310342.7485938, 1526310342.8148148, 1526310342.8621879, 1526310342.903819, 1526310342.9438324, 1526310342.9845884, 1526310343.0256422, 1526310343.0698473, 1526310343.1103508, 1526310343.1543448], "episode_lengths": [105, 92, 108, 107, 108, 87, 89, 105, 88, 84, 105, 105, 106, 104, 104, 89, 89, 104, 105, 86, 105, 105, 86, 85, 107, 104, 105, 93, 105, 105, 105, 106, 105, 105, 107, 93, 105, 92, 105, 84, 106, 88, 104, 105, 90, 104, 105, 94, 122, 105, 114, 105, 104, 104, 105, 107, 104, 84, 86, 106, 106, 85, 105, 106, 104, 105, 89, 106, 105, 106, 105, 106, 107, 105, 105, 105, 86, 104, 118, 106, 92, 105, 105, 105, 86, 86, 89, 104, 84, 106, 105, 86, 105, 104, 105, 105, 103, 107, 106, 108], "episode_rewards": [-105.0, -92.0, -108.0, -107.0, -108.0, -87.0, -89.0, -105.0, -88.0, -84.0, -105.0, -105.0, -106.0, -104.0, -104.0, -89.0, -89.0, -104.0, -105.0, -86.0, -105.0, -105.0, -86.0, -85.0, -107.0, -104.0, -105.0, -93.0, -105.0, -105.0, -105.0, -106.0, -105.0, -105.0, -107.0, -93.0, -105.0, -92.0, -105.0, -84.0, -106.0, -88.0, -104.0, -105.0, -90.0, -104.0, -105.0, -94.0, -122.0, -105.0, -114.0, -105.0, -104.0, -104.0, -105.0, -107.0, -104.0, -84.0, -86.0, -106.0, -106.0, -85.0, -105.0, -106.0, -104.0, -105.0, -89.0, -106.0, -105.0, -106.0, -105.0, -106.0, -107.0, -105.0, -105.0, -105.0, -86.0, -104.0, -118.0, -106.0, -92.0, -105.0, -105.0, -105.0, -86.0, -86.0, -89.0, -104.0, -84.0, -106.0, -105.0, -86.0, -105.0, -104.0, -105.0, -105.0, -103.0, -107.0, -106.0, -108.0], "episode_types": ["t", "t", "t", "t", "t", "t", "t", "t", "t", "t", "t", "t", "t", "t", "t", "t", "t", "t", "t", "t", "t", "t", "t", "t", "t", "t", "t", "t", "t", "t", "t", "t", "t", "t", "t", "t", "t", "t", "t", "t", "t", "t", "t", "t", "t", "t", "t", "t", "t", "t", "t", "t", "t", "t", "t", "t", "t", "t", "t", "t", "t", "t", "t", "t", "t", "t", "t", "t", "t", "t", "t", "t", "t", "t", "t", "t", "t", "t", "t", "t", "t", "t", "t", "t", "t", "t", "t", "t", "t", "t", "t", "t", "t", "t", "t", "t", "t", "t", "t", "t"], "initial_reset_timestamp": 1526310335.926012}