{"timestamps": [1526332217.7262447, 1526332217.9950006, 1526332218.0514228, 1526332218.0914013, 1526332218.1451313, 1526332218.1899393, 1526332218.225238, 1526332218.2743082, 1526332218.3142486, 1526332218.368503, 1526332218.4211175, 1526332218.461187, 1526332218.5012524, 1526332218.5357666, 1526332218.5882983, 1526332218.6687794, 1526332218.7320309, 1526332218.7652009, 1526332218.804992, 1526332218.8456876, 1526332218.8863566, 1526332218.928518, 1526332218.969666, 1526332219.0102897, 1526332219.0537078, 1526332219.0946245, 1526332219.1534142, 1526332219.2165992, 1526332219.2609591, 1526332219.2930431, 1526332219.3410032, 1526332219.3884363, 1526332219.430307, 1526332219.464791, 1526332219.5052223, 1526332219.5463452, 1526332219.5942228, 1526332219.657495, 1526332219.724406, 1526332219.775529, 1526332219.817464, 1526332219.8587265, 1526332219.9001, 1526332219.9401712, 1526332219.9831347, 1526332220.03959, 1526332220.0772429, 1526332220.1098218, 1526332220.1551125, 1526332220.1958516, 1526332220.236437, 1526332220.2772064, 1526332220.346634, 1526332220.3914952, 1526332220.4445097, 1526332220.4860868, 1526332220.5272746, 1526332220.566768, 1526332220.6122258, 1526332220.6878211, 1526332220.7308664, 1526332220.7648485, 1526332220.8554058, 1526332220.9016027, 1526332220.9444065, 1526332221.0050118, 1526332221.0584052, 1526332221.098402, 1526332221.1423485, 1526332221.2019517, 1526332221.2551503, 1526332221.3195412, 1526332221.367412, 1526332221.4107332, 1526332221.4549463, 1526332221.507177, 1526332221.568198, 1526332221.6337514, 1526332221.710051, 1526332221.7742815, 1526332221.8452156, 1526332221.8886743, 1526332221.9239213, 1526332221.964258, 1526332222.0086067, 1526332222.0508058, 1526332222.0850298, 1526332222.1273165, 1526332222.1666033, 1526332222.2074754, 1526332222.247281, 1526332222.297817, 1526332222.3402228, 1526332222.3806942, 1526332222.425172, 1526332222.4968307, 1526332222.544493, 1526332222.5821235, 1526332222.631134, 1526332222.7100961], "episode_lengths": [84, 84, 94, 104, 135, 108, 88, 106, 104, 104, 93, 106, 105, 92, 106, 107, 106, 88, 104, 106, 107, 104, 107, 104, 108, 107, 105, 105, 106, 84, 118, 107, 104, 90, 105, 106, 86, 86, 89, 103, 106, 107, 106, 104, 107, 109, 97, 85, 107, 104, 105, 106, 166, 104, 106, 107, 105, 105, 118, 106, 99, 90, 166, 104, 107, 105, 105, 105, 106, 106, 105, 97, 106, 105, 104, 105, 106, 86, 104, 107, 105, 106, 84, 105, 104, 106, 90, 105, 94, 105, 106, 126, 106, 104, 105, 153, 105, 96, 105, 106], "episode_rewards": [-84.0, -84.0, -94.0, -104.0, -135.0, -108.0, -88.0, -106.0, -104.0, -104.0, -93.0, -106.0, -105.0, -92.0, -106.0, -107.0, -106.0, -88.0, -104.0, -106.0, -107.0, -104.0, -107.0, -104.0, -108.0, -107.0, -105.0, -105.0, -106.0, -84.0, -118.0, -107.0, -104.0, -90.0, -105.0, -106.0, -86.0, -86.0, -89.0, -103.0, -106.0, -107.0, -106.0, -104.0, -107.0, -109.0, -97.0, -85.0, -107.0, -104.0, -105.0, -106.0, -166.0, -104.0, -106.0, -107.0, -105.0, -105.0, -118.0, -106.0, -99.0, -90.0, -166.0, -104.0, -107.0, -105.0, -105.0, -105.0, -106.0, -106.0, -105.0, -97.0, -106.0, -105.0, -104.0, -105.0, -106.0, -86.0, -104.0, -107.0, -105.0, -106.0, -84.0, -105.0, -104.0, -106.0, -90.0, -105.0, -94.0, -105.0, -106.0, -126.0, -106.0, -104.0, -105.0, -153.0, -105.0, -96.0, -105.0, -106.0], "episode_types": ["t", "t", "t", "t", "t", "t", "t", "t", "t", "t", "t", "t", "t", "t", "t", "t", "t", "t", "t", "t", "t", "t", "t", "t", "t", "t", "t", "t", "t", "t", "t", "t", "t", "t", "t", "t", "t", "t", "t", "t", "t", "t", "t", "t", "t", "t", "t", "t", "t", "t", "t", "t", "t", "t", "t", "t", "t", "t", "t", "t", "t", "t", "t", "t", "t", "t", "t", "t", "t", "t", "t", "t", "t", "t", "t", "t", "t", "t", "t", "t", "t", "t", "t", "t", "t", "t", "t", "t", "t", "t", "t", "t", "t", "t", "t", "t", "t", "t", "t", "t"], "initial_reset_timestamp": 1526332215.0914986}