{"timestamps": [1526300803.4643054, 1526300803.717244, 1526300803.7680166, 1526300803.8029566, 1526300803.8513696, 1526300803.925074, 1526300803.9662952, 1526300804.0087981, 1526300804.0451062, 1526300804.084789, 1526300804.1237917, 1526300804.1944718, 1526300804.234819, 1526300804.2738497, 1526300804.3131998, 1526300804.3475614, 1526300804.3795304, 1526300804.4188707, 1526300804.4539294, 1526300804.4935746, 1526300804.5319726, 1526300804.5705035, 1526300804.6088386, 1526300804.6513667, 1526300804.6895096, 1526300804.7282715, 1526300804.767612, 1526300804.8056045, 1526300804.8442488, 1526300804.8838773, 1526300804.92216, 1526300804.9584897, 1526300804.9925513, 1526300805.0317776, 1526300805.0673444, 1526300805.1070175, 1526300805.156757, 1526300805.215354, 1526300805.2478528, 1526300805.2872925, 1526300805.3446083, 1526300805.3911061, 1526300805.4298835, 1526300805.4709468, 1526300805.510329, 1526300805.5499682, 1526300805.5887585, 1526300805.628736, 1526300805.6682663, 1526300805.709192, 1526300805.7412918, 1526300805.7729676, 1526300805.804441, 1526300805.8371937, 1526300805.8684654, 1526300805.9105108, 1526300805.9426887, 1526300805.9821181, 1526300806.0211258, 1526300806.0603602, 1526300806.1013327, 1526300806.1406746, 1526300806.1877654, 1526300806.2282217, 1526300806.2674053, 1526300806.3065104, 1526300806.3460922, 1526300806.4178958, 1526300806.460105, 1526300806.500579, 1526300806.536498, 1526300806.5756876, 1526300806.6112974, 1526300806.6499407, 1526300806.6887434, 1526300806.7273638, 1526300806.7660334, 1526300806.8044584, 1526300806.8435185, 1526300806.8759716, 1526300806.9224758, 1526300806.9615989, 1526300806.9999871, 1526300807.0391376, 1526300807.0795412, 1526300807.121877, 1526300807.187025, 1526300807.229224, 1526300807.269325, 1526300807.3087058, 1526300807.3483374, 1526300807.4130373, 1526300807.4603438, 1526300807.4989796, 1526300807.5384967, 1526300807.57766, 1526300807.609289, 1526300807.6426585, 1526300807.678181, 1526300807.7177076], "episode_lengths": [105, 106, 106, 92, 89, 106, 104, 107, 96, 107, 104, 105, 106, 104, 105, 91, 86, 106, 93, 105, 104, 104, 105, 105, 104, 105, 105, 104, 105, 107, 105, 99, 93, 105, 95, 105, 92, 105, 86, 105, 85, 105, 105, 105, 106, 105, 105, 106, 105, 107, 88, 86, 86, 89, 84, 115, 87, 107, 106, 105, 104, 88, 84, 105, 104, 104, 104, 191, 106, 106, 86, 105, 97, 104, 104, 105, 105, 104, 104, 86, 92, 105, 104, 105, 106, 106, 104, 89, 106, 105, 105, 104, 105, 104, 106, 104, 86, 86, 95, 105], "episode_rewards": [-105.0, -106.0, -106.0, -92.0, -89.0, -106.0, -104.0, -107.0, -96.0, -107.0, -104.0, -105.0, -106.0, -104.0, -105.0, -91.0, -86.0, -106.0, -93.0, -105.0, -104.0, -104.0, -105.0, -105.0, -104.0, -105.0, -105.0, -104.0, -105.0, -107.0, -105.0, -99.0, -93.0, -105.0, -95.0, -105.0, -92.0, -105.0, -86.0, -105.0, -85.0, -105.0, -105.0, -105.0, -106.0, -105.0, -105.0, -106.0, -105.0, -107.0, -88.0, -86.0, -86.0, -89.0, -84.0, -115.0, -87.0, -107.0, -106.0, -105.0, -104.0, -88.0, -84.0, -105.0, -104.0, -104.0, -104.0, -191.0, -106.0, -106.0, -86.0, -105.0, -97.0, -104.0, -104.0, -105.0, -105.0, -104.0, -104.0, -86.0, -92.0, -105.0, -104.0, -105.0, -106.0, -106.0, -104.0, -89.0, -106.0, -105.0, -105.0, -104.0, -105.0, -104.0, -106.0, -104.0, -86.0, -86.0, -95.0, -105.0], "episode_types": ["t", "t", "t", "t", "t", "t", "t", "t", "t", "t", "t", "t", "t", "t", "t", "t", "t", "t", "t", "t", "t", "t", "t", "t", "t", "t", "t", "t", "t", "t", "t", "t", "t", "t", "t", "t", "t", "t", "t", "t", "t", "t", "t", "t", "t", "t", "t", "t", "t", "t", "t", "t", "t", "t", "t", "t", "t", "t", "t", "t", "t", "t", "t", "t", "t", "t", "t", "t", "t", "t", "t", "t", "t", "t", "t", "t", "t", "t", "t", "t", "t", "t", "t", "t", "t", "t", "t", "t", "t", "t", "t", "t", "t", "t", "t", "t", "t", "t", "t", "t"], "initial_reset_timestamp": 1526300800.3796895}