{"timestamps": [1526340180.8563254, 1526340181.119625, 1526340181.1594157, 1526340181.225692, 1526340181.2791324, 1526340181.3125002, 1526340181.3521667, 1526340181.3912005, 1526340181.4305568, 1526340181.463468, 1526340181.5023053, 1526340181.541653, 1526340181.577596, 1526340181.6182714, 1526340181.6579914, 1526340181.7260575, 1526340181.766128, 1526340181.800274, 1526340181.8398914, 1526340181.87956, 1526340181.9222326, 1526340181.962574, 1526340182.002963, 1526340182.046166, 1526340182.0781732, 1526340182.1162822, 1526340182.1957405, 1526340182.2632127, 1526340182.3117206, 1526340182.3521636, 1526340182.3922446, 1526340182.431695, 1526340182.4725106, 1526340182.512979, 1526340182.545551, 1526340182.584807, 1526340182.6185615, 1526340182.6678386, 1526340182.737538, 1526340182.7864783, 1526340182.8623228, 1526340182.8945694, 1526340182.9387746, 1526340182.9992948, 1526340183.0394166, 1526340183.0745816, 1526340183.1187382, 1526340183.194891, 1526340183.2747371, 1526340183.30787, 1526340183.3423257, 1526340183.3772814, 1526340183.4179432, 1526340183.473226, 1526340183.5361412, 1526340183.5998101, 1526340183.642047, 1526340183.6842887, 1526340183.7442267, 1526340183.815387, 1526340183.882924, 1526340183.9360287, 1526340183.9690797, 1526340184.0026903, 1526340184.0420609, 1526340184.0818937, 1526340184.1241193, 1526340184.1585565, 1526340184.2273529, 1526340184.2724977, 1526340184.3123684, 1526340184.3585207, 1526340184.3992176, 1526340184.4394774, 1526340184.4790063, 1526340184.5249019, 1526340184.565179, 1526340184.6040132, 1526340184.6442974, 1526340184.6843956, 1526340184.7238164, 1526340184.7647376, 1526340184.8044457, 1526340184.843707, 1526340184.8829415, 1526340184.914196, 1526340184.9449322, 1526340184.9768784, 1526340185.0168643, 1526340185.0564682, 1526340185.0956833, 1526340185.128196, 1526340185.1676745, 1526340185.230989, 1526340185.3020976, 1526340185.3422897, 1526340185.3756962, 1526340185.409201, 1526340185.4481616, 1526340185.4825642], "episode_lengths": [105, 104, 105, 104, 106, 88, 106, 105, 106, 87, 105, 106, 95, 105, 105, 178, 105, 85, 105, 105, 107, 105, 105, 107, 84, 85, 107, 105, 106, 107, 105, 104, 106, 108, 88, 104, 87, 92, 105, 107, 105, 85, 105, 84, 105, 93, 111, 118, 105, 84, 87, 86, 105, 106, 105, 88, 105, 105, 90, 96, 105, 96, 87, 88, 106, 106, 115, 92, 105, 92, 104, 96, 105, 106, 105, 124, 106, 104, 105, 105, 105, 105, 105, 105, 104, 84, 84, 86, 105, 107, 105, 88, 105, 88, 105, 106, 85, 84, 104, 90], "episode_rewards": [-105.0, -104.0, -105.0, -104.0, -106.0, -88.0, -106.0, -105.0, -106.0, -87.0, -105.0, -106.0, -95.0, -105.0, -105.0, -178.0, -105.0, -85.0, -105.0, -105.0, -107.0, -105.0, -105.0, -107.0, -84.0, -85.0, -107.0, -105.0, -106.0, -107.0, -105.0, -104.0, -106.0, -108.0, -88.0, -104.0, -87.0, -92.0, -105.0, -107.0, -105.0, -85.0, -105.0, -84.0, -105.0, -93.0, -111.0, -118.0, -105.0, -84.0, -87.0, -86.0, -105.0, -106.0, -105.0, -88.0, -105.0, -105.0, -90.0, -96.0, -105.0, -96.0, -87.0, -88.0, -106.0, -106.0, -115.0, -92.0, -105.0, -92.0, -104.0, -96.0, -105.0, -106.0, -105.0, -124.0, -106.0, -104.0, -105.0, -105.0, -105.0, -105.0, -105.0, -105.0, -104.0, -84.0, -84.0, -86.0, -105.0, -107.0, -105.0, -88.0, -105.0, -88.0, -105.0, -106.0, -85.0, -84.0, -104.0, -90.0], "episode_types": ["t", "t", "t", "t", "t", "t", "t", "t", "t", "t", "t", "t", "t", "t", "t", "t", "t", "t", "t", "t", "t", "t", "t", "t", "t", "t", "t", "t", "t", "t", "t", "t", "t", "t", "t", "t", "t", "t", "t", "t", "t", "t", "t", "t", "t", "t", "t", "t", "t", "t", "t", "t", "t", "t", "t", "t", "t", "t", "t", "t", "t", "t", "t", "t", "t", "t", "t", "t", "t", "t", "t", "t", "t", "t", "t", "t", "t", "t", "t", "t", "t", "t", "t", "t", "t", "t", "t", "t", "t", "t", "t", "t", "t", "t", "t", "t", "t", "t", "t", "t"], "initial_reset_timestamp": 1526340177.786654}