{"timestamps": [1526308675.0026295, 1526308675.2918324, 1526308675.356895, 1526308675.4136708, 1526308675.470888, 1526308675.5288177, 1526308675.597967, 1526308675.6586914, 1526308675.7186656, 1526308675.7802608, 1526308675.8329709, 1526308675.9182718, 1526308675.988165, 1526308676.0262084, 1526308676.0605516, 1526308676.120882, 1526308676.1638114, 1526308676.1965637, 1526308676.233847, 1526308676.2739336, 1526308676.3121817, 1526308676.346331, 1526308676.3883932, 1526308676.4234595, 1526308676.4660134, 1526308676.5143313, 1526308676.577722, 1526308676.6697073, 1526308676.7470567, 1526308676.7885547, 1526308676.8283365, 1526308676.8618736, 1526308676.9030008, 1526308676.9606645, 1526308676.9929812, 1526308677.0252118, 1526308677.0657856, 1526308677.099893, 1526308677.1605163, 1526308677.1938925, 1526308677.252198, 1526308677.3145072, 1526308677.3462424, 1526308677.3814476, 1526308677.4213626, 1526308677.4820507, 1526308677.52185, 1526308677.5688846, 1526308677.6292112, 1526308677.6629508, 1526308677.6986833, 1526308677.7333384, 1526308677.7953432, 1526308677.8289676, 1526308677.8886442, 1526308677.9298275, 1526308677.9928465, 1526308678.0540316, 1526308678.1121032, 1526308678.1736248, 1526308678.2171988, 1526308678.273974, 1526308678.3106027, 1526308678.36844, 1526308678.4076262, 1526308678.464181, 1526308678.545554, 1526308678.6072063, 1526308678.6690636, 1526308678.7100985, 1526308678.7679121, 1526308678.8296053, 1526308678.8665304, 1526308678.9077435, 1526308678.949828, 1526308679.009384, 1526308679.0688393, 1526308679.1271687, 1526308679.1672554, 1526308679.23217, 1526308679.2659597, 1526308679.2986028, 1526308679.3358157, 1526308679.368347, 1526308679.4081905, 1526308679.440128, 1526308679.4797978, 1526308679.5215955, 1526308679.5775895, 1526308679.6345255, 1526308679.669725, 1526308679.710444, 1526308679.7512138, 1526308679.8100286, 1526308679.8711722, 1526308679.912698, 1526308679.955278, 1526308679.9893787, 1526308680.0231762, 1526308680.062385], "episode_lengths": [155, 109, 86, 106, 152, 152, 107, 106, 153, 153, 106, 155, 105, 87, 91, 153, 106, 86, 100, 107, 100, 88, 107, 94, 114, 111, 84, 112, 154, 106, 105, 87, 106, 152, 85, 86, 107, 89, 159, 88, 153, 162, 85, 94, 106, 161, 105, 88, 98, 85, 95, 93, 165, 89, 154, 107, 165, 162, 152, 160, 114, 152, 97, 156, 105, 152, 157, 106, 161, 108, 153, 162, 99, 107, 111, 157, 159, 154, 106, 172, 91, 86, 97, 88, 105, 86, 106, 107, 107, 102, 91, 106, 108, 153, 162, 105, 112, 91, 90, 105], "episode_rewards": [-155.0, -109.0, -86.0, -106.0, -152.0, -152.0, -107.0, -106.0, -153.0, -153.0, -106.0, -155.0, -105.0, -87.0, -91.0, -153.0, -106.0, -86.0, -100.0, -107.0, -100.0, -88.0, -107.0, -94.0, -114.0, -111.0, -84.0, -112.0, -154.0, -106.0, -105.0, -87.0, -106.0, -152.0, -85.0, -86.0, -107.0, -89.0, -159.0, -88.0, -153.0, -162.0, -85.0, -94.0, -106.0, -161.0, -105.0, -88.0, -98.0, -85.0, -95.0, -93.0, -165.0, -89.0, -154.0, -107.0, -165.0, -162.0, -152.0, -160.0, -114.0, -152.0, -97.0, -156.0, -105.0, -152.0, -157.0, -106.0, -161.0, -108.0, -153.0, -162.0, -99.0, -107.0, -111.0, -157.0, -159.0, -154.0, -106.0, -172.0, -91.0, -86.0, -97.0, -88.0, -105.0, -86.0, -106.0, -107.0, -107.0, -102.0, -91.0, -106.0, -108.0, -153.0, -162.0, -105.0, -112.0, -91.0, -90.0, -105.0], "episode_types": ["t", "t", "t", "t", "t", "t", "t", "t", "t", "t", "t", "t", "t", "t", "t", "t", "t", "t", "t", "t", "t", "t", "t", "t", "t", "t", "t", "t", "t", "t", "t", "t", "t", "t", "t", "t", "t", "t", "t", "t", "t", "t", "t", "t", "t", "t", "t", "t", "t", "t", "t", "t", "t", "t", "t", "t", "t", "t", "t", "t", "t", "t", "t", "t", "t", "t", "t", "t", "t", "t", "t", "t", "t", "t", "t", "t", "t", "t", "t", "t", "t", "t", "t", "t", "t", "t", "t", "t", "t", "t", "t", "t", "t", "t", "t", "t", "t", "t", "t", "t"], "initial_reset_timestamp": 1526308670.39531}