{"timestamps": [1526354011.1469064, 1526354011.416663, 1526354011.4578876, 1526354011.4897044, 1526354011.5276325, 1526354011.5724573, 1526354011.6196709, 1526354011.663575, 1526354011.7174978, 1526354011.7839072, 1526354011.8401754, 1526354011.8820577, 1526354011.9262023, 1526354011.9797373, 1526354012.0301254, 1526354012.0848186, 1526354012.1288514, 1526354012.1792395, 1526354012.2359867, 1526354012.2984412, 1526354012.3556342, 1526354012.4047244, 1526354012.4398742, 1526354012.4896448, 1526354012.5318334, 1526354012.5783064, 1526354012.62867, 1526354012.6822622, 1526354012.761966, 1526354012.8304257, 1526354012.884087, 1526354012.9275658, 1526354012.976343, 1526354013.0259466, 1526354013.0723495, 1526354013.1233888, 1526354013.1658885, 1526354013.217729, 1526354013.2590928, 1526354013.3043413, 1526354013.3522513, 1526354013.3887193, 1526354013.4368992, 1526354013.4877963, 1526354013.5336566, 1526354013.5784488, 1526354013.6144183, 1526354013.6619022, 1526354013.7158425, 1526354013.7700062, 1526354013.8146214, 1526354013.8600485, 1526354013.911574, 1526354013.9539165, 1526354014.002785, 1526354014.0521154, 1526354014.0988648, 1526354014.1409304, 1526354014.1855989, 1526354014.2295449, 1526354014.2727706, 1526354014.3204193, 1526354014.3610482, 1526354014.4018478, 1526354014.4529402, 1526354014.490004, 1526354014.540326, 1526354014.5839148, 1526354014.631709, 1526354014.6886697, 1526354014.7445457, 1526354014.8011487, 1526354014.8385177, 1526354014.8824925, 1526354014.9187875, 1526354014.9606364, 1526354015.0049522, 1526354015.0502949, 1526354015.0924923, 1526354015.1376495, 1526354015.1833854, 1526354015.234239, 1526354015.2785003, 1526354015.3150177, 1526354015.3575706, 1526354015.4023826, 1526354015.4456847, 1526354015.4926903, 1526354015.5445666, 1526354015.5867195, 1526354015.6280625, 1526354015.6837845, 1526354015.7538078, 1526354015.8013499, 1526354015.8464592, 1526354015.892423, 1526354015.9369028, 1526354015.977369, 1526354016.0377553, 1526354016.0895689], "episode_lengths": [106, 106, 89, 84, 97, 105, 107, 90, 106, 105, 107, 87, 107, 108, 91, 107, 105, 105, 108, 105, 105, 106, 90, 105, 106, 111, 98, 106, 105, 104, 107, 85, 106, 107, 105, 107, 86, 104, 86, 105, 106, 86, 105, 107, 88, 111, 84, 89, 107, 89, 106, 111, 105, 85, 105, 105, 91, 85, 106, 96, 106, 106, 104, 106, 118, 86, 107, 106, 105, 105, 85, 86, 87, 106, 84, 86, 104, 106, 106, 107, 89, 105, 105, 87, 85, 105, 105, 107, 105, 91, 104, 107, 106, 84, 90, 111, 106, 97, 111, 106], "episode_rewards": [-106.0, -106.0, -89.0, -84.0, -97.0, -105.0, -107.0, -90.0, -106.0, -105.0, -107.0, -87.0, -107.0, -108.0, -91.0, -107.0, -105.0, -105.0, -108.0, -105.0, -105.0, -106.0, -90.0, -105.0, -106.0, -111.0, -98.0, -106.0, -105.0, -104.0, -107.0, -85.0, -106.0, -107.0, -105.0, -107.0, -86.0, -104.0, -86.0, -105.0, -106.0, -86.0, -105.0, -107.0, -88.0, -111.0, -84.0, -89.0, -107.0, -89.0, -106.0, -111.0, -105.0, -85.0, -105.0, -105.0, -91.0, -85.0, -106.0, -96.0, -106.0, -106.0, -104.0, -106.0, -118.0, -86.0, -107.0, -106.0, -105.0, -105.0, -85.0, -86.0, -87.0, -106.0, -84.0, -86.0, -104.0, -106.0, -106.0, -107.0, -89.0, -105.0, -105.0, -87.0, -85.0, -105.0, -105.0, -107.0, -105.0, -91.0, -104.0, -107.0, -106.0, -84.0, -90.0, -111.0, -106.0, -97.0, -111.0, -106.0], "episode_types": ["t", "t", "t", "t", "t", "t", "t", "t", "t", "t", "t", "t", "t", "t", "t", "t", "t", "t", "t", "t", "t", "t", "t", "t", "t", "t", "t", "t", "t", "t", "t", "t", "t", "t", "t", "t", "t", "t", "t", "t", "t", "t", "t", "t", "t", "t", "t", "t", "t", "t", "t", "t", "t", "t", "t", "t", "t", "t", "t", "t", "t", "t", "t", "t", "t", "t", "t", "t", "t", "t", "t", "t", "t", "t", "t", "t", "t", "t", "t", "t", "t", "t", "t", "t", "t", "t", "t", "t", "t", "t", "t", "t", "t", "t", "t", "t", "t", "t", "t", "t"], "initial_reset_timestamp": 1526354007.8247888}