{"timestamps": [1526346316.2533815, 1526346316.5417528, 1526346316.5817106, 1526346316.6212509, 1526346316.6621504, 1526346316.698738, 1526346316.7350318, 1526346316.7699625, 1526346316.80207, 1526346316.840614, 1526346316.873734, 1526346316.9119177, 1526346316.9452357, 1526346316.9793587, 1526346317.0203054, 1526346317.0601969, 1526346317.094514, 1526346317.1267083, 1526346317.166801, 1526346317.2248998, 1526346317.2648172, 1526346317.298071, 1526346317.3380148, 1526346317.4113185, 1526346317.4908526, 1526346317.5347595, 1526346317.5792325, 1526346317.649272, 1526346317.6829348, 1526346317.7432446, 1526346317.7837183, 1526346317.8230767, 1526346317.8581614, 1526346317.8982334, 1526346317.9320164, 1526346317.9682102, 1526346318.0089014, 1526346318.0521798, 1526346318.1097631, 1526346318.1491063, 1526346318.2050984, 1526346318.2369113, 1526346318.2685072, 1526346318.3137197, 1526346318.4181905, 1526346318.4775026, 1526346318.5396523, 1526346318.5800958, 1526346318.613821, 1526346318.6544044, 1526346318.6865919, 1526346318.7282503, 1526346318.7621455, 1526346318.801264, 1526346318.8424418, 1526346318.8859508, 1526346318.9256473, 1526346318.9662411, 1526346319.02713, 1526346319.067169, 1526346319.1073623, 1526346319.140306, 1526346319.175551, 1526346319.216112, 1526346319.2557187, 1526346319.3136256, 1526346319.373421, 1526346319.422498, 1526346319.4632618, 1526346319.4955118, 1526346319.536839, 1526346319.5697858, 1526346319.6236634, 1526346319.6566968, 1526346319.6981242, 1526346319.7387972, 1526346319.7718863, 1526346319.8035376, 1526346319.843698, 1526346319.9004195, 1526346319.956915, 1526346320.016931, 1526346320.073844, 1526346320.1068356, 1526346320.1467617, 1526346320.1865098, 1526346320.2442868, 1526346320.2835946, 1526346320.3413284, 1526346320.3974187, 1526346320.4475956, 1526346320.4829805, 1526346320.5187135, 1526346320.5768924, 1526346320.6361156, 1526346320.6767538, 1526346320.7183938, 1526346320.7596025, 1526346320.7992215, 1526346320.8397946], "episode_lengths": [107, 84, 105, 105, 107, 95, 96, 93, 84, 93, 87, 89, 88, 91, 107, 107, 91, 85, 107, 85, 88, 89, 105, 107, 105, 84, 107, 105, 87, 150, 107, 105, 94, 107, 87, 97, 107, 117, 155, 105, 151, 86, 86, 106, 150, 155, 162, 107, 89, 105, 85, 107, 91, 105, 107, 107, 105, 108, 162, 107, 107, 87, 95, 107, 106, 150, 125, 106, 106, 85, 109, 88, 105, 86, 107, 107, 89, 84, 107, 151, 150, 156, 153, 89, 106, 107, 155, 106, 153, 84, 105, 93, 93, 150, 155, 107, 107, 107, 105, 107], "episode_rewards": [-107.0, -84.0, -105.0, -105.0, -107.0, -95.0, -96.0, -93.0, -84.0, -93.0, -87.0, -89.0, -88.0, -91.0, -107.0, -107.0, -91.0, -85.0, -107.0, -85.0, -88.0, -89.0, -105.0, -107.0, -105.0, -84.0, -107.0, -105.0, -87.0, -150.0, -107.0, -105.0, -94.0, -107.0, -87.0, -97.0, -107.0, -117.0, -155.0, -105.0, -151.0, -86.0, -86.0, -106.0, -150.0, -155.0, -162.0, -107.0, -89.0, -105.0, -85.0, -107.0, -91.0, -105.0, -107.0, -107.0, -105.0, -108.0, -162.0, -107.0, -107.0, -87.0, -95.0, -107.0, -106.0, -150.0, -125.0, -106.0, -106.0, -85.0, -109.0, -88.0, -105.0, -86.0, -107.0, -107.0, -89.0, -84.0, -107.0, -151.0, -150.0, -156.0, -153.0, -89.0, -106.0, -107.0, -155.0, -106.0, -153.0, -84.0, -105.0, -93.0, -93.0, -150.0, -155.0, -107.0, -107.0, -107.0, -105.0, -107.0], "episode_types": ["t", "t", "t", "t", "t", "t", "t", "t", "t", "t", "t", "t", "t", "t", "t", "t", "t", "t", "t", "t", "t", "t", "t", "t", "t", "t", "t", "t", "t", "t", "t", "t", "t", "t", "t", "t", "t", "t", "t", "t", "t", "t", "t", "t", "t", "t", "t", "t", "t", "t", "t", "t", "t", "t", "t", "t", "t", "t", "t", "t", "t", "t", "t", "t", "t", "t", "t", "t", "t", "t", "t", "t", "t", "t", "t", "t", "t", "t", "t", "t", "t", "t", "t", "t", "t", "t", "t", "t", "t", "t", "t", "t", "t", "t", "t", "t", "t", "t", "t", "t"], "initial_reset_timestamp": 1526346313.0912633}