{"timestamps": [1526316352.3731365, 1526316352.7003, 1526316352.736361, 1526316352.7813172, 1526316352.829624, 1526316352.8722792, 1526316352.9183931, 1526316352.9615934, 1526316352.9979959, 1526316353.0339153, 1526316353.1027744, 1526316353.1460383, 1526316353.2005985, 1526316353.2694361, 1526316353.313989, 1526316353.3572478, 1526316353.3972912, 1526316353.4364343, 1526316353.4799695, 1526316353.5198731, 1526316353.5619147, 1526316353.6040175, 1526316353.6589968, 1526316353.7014744, 1526316353.7362032, 1526316353.79061, 1526316353.8296187, 1526316353.8652444, 1526316353.9122765, 1526316353.9613943, 1526316354.0311024, 1526316354.0662956, 1526316354.1154993, 1526316354.1623645, 1526316354.2089572, 1526316354.265387, 1526316354.3017995, 1526316354.3599079, 1526316354.4234934, 1526316354.4601817, 1526316354.4942994, 1526316354.5362468, 1526316354.5984142, 1526316354.6742632, 1526316354.7171106, 1526316354.760857, 1526316354.8235474, 1526316354.9053054, 1526316354.9431167, 1526316354.9802516, 1526316355.0274775, 1526316355.0622668, 1526316355.1060767, 1526316355.1496577, 1526316355.1947708, 1526316355.2376184, 1526316355.280873, 1526316355.323216, 1526316355.3594406, 1526316355.4332478, 1526316355.5098116, 1526316355.5530171, 1526316355.6348474, 1526316355.737564, 1526316355.785242, 1526316355.8357465, 1526316355.9105527, 1526316355.9538054, 1526316355.9955978, 1526316356.0653746, 1526316356.1109066, 1526316356.1592941, 1526316356.2038312, 1526316356.2390807, 1526316356.276313, 1526316356.3173988, 1526316356.3626947, 1526316356.407988, 1526316356.4728749, 1526316356.5586998, 1526316356.639294, 1526316356.6939576, 1526316356.750786, 1526316356.8080015, 1526316356.875227, 1526316356.9196591, 1526316356.9646142, 1526316357.0306525, 1526316357.0944123, 1526316357.1425824, 1526316357.1895037, 1526316357.255725, 1526316357.2995715, 1526316357.3335571, 1526316357.4017718, 1526316357.4503815, 1526316357.4931722, 1526316357.5372531, 1526316357.5818393, 1526316357.6452703], "episode_lengths": [104, 105, 88, 104, 119, 105, 85, 87, 89, 86, 158, 104, 106, 160, 107, 109, 99, 95, 91, 90, 106, 89, 89, 105, 85, 105, 98, 86, 117, 105, 98, 86, 115, 85, 84, 85, 91, 107, 92, 86, 84, 99, 104, 104, 106, 105, 150, 177, 93, 88, 110, 84, 105, 84, 104, 105, 106, 104, 91, 158, 105, 107, 104, 160, 105, 121, 107, 104, 94, 106, 105, 115, 106, 84, 86, 88, 106, 107, 116, 150, 92, 90, 90, 105, 158, 105, 107, 161, 154, 98, 107, 159, 106, 85, 169, 93, 105, 106, 107, 105], "episode_rewards": [-104.0, -105.0, -88.0, -104.0, -119.0, -105.0, -85.0, -87.0, -89.0, -86.0, -158.0, -104.0, -106.0, -160.0, -107.0, -109.0, -99.0, -95.0, -91.0, -90.0, -106.0, -89.0, -89.0, -105.0, -85.0, -105.0, -98.0, -86.0, -117.0, -105.0, -98.0, -86.0, -115.0, -85.0, -84.0, -85.0, -91.0, -107.0, -92.0, -86.0, -84.0, -99.0, -104.0, -104.0, -106.0, -105.0, -150.0, -177.0, -93.0, -88.0, -110.0, -84.0, -105.0, -84.0, -104.0, -105.0, -106.0, -104.0, -91.0, -158.0, -105.0, -107.0, -104.0, -160.0, -105.0, -121.0, -107.0, -104.0, -94.0, -106.0, -105.0, -115.0, -106.0, -84.0, -86.0, -88.0, -106.0, -107.0, -116.0, -150.0, -92.0, -90.0, -90.0, -105.0, -158.0, -105.0, -107.0, -161.0, -154.0, -98.0, -107.0, -159.0, -106.0, -85.0, -169.0, -93.0, -105.0, -106.0, -107.0, -105.0], "episode_types": ["t", "t", "t", "t", "t", "t", "t", "t", "t", "t", "t", "t", "t", "t", "t", "t", "t", "t", "t", "t", "t", "t", "t", "t", "t", "t", "t", "t", "t", "t", "t", "t", "t", "t", "t", "t", "t", "t", "t", "t", "t", "t", "t", "t", "t", "t", "t", "t", "t", "t", "t", "t", "t", "t", "t", "t", "t", "t", "t", "t", "t", "t", "t", "t", "t", "t", "t", "t", "t", "t", "t", "t", "t", "t", "t", "t", "t", "t", "t", "t", "t", "t", "t", "t", "t", "t", "t", "t", "t", "t", "t", "t", "t", "t", "t", "t", "t", "t", "t", "t"], "initial_reset_timestamp": 1526316348.8542862}