{"timestamps": [1526318424.237863, 1526318424.5110102, 1526318424.5511296, 1526318424.6247847, 1526318424.6855004, 1526318424.724772, 1526318424.7647722, 1526318424.804822, 1526318424.8459232, 1526318424.886196, 1526318424.9263363, 1526318424.9689581, 1526318425.0089371, 1526318425.0491865, 1526318425.0848954, 1526318425.1169202, 1526318425.1570206, 1526318425.197752, 1526318425.2373455, 1526318425.2691903, 1526318425.303646, 1526318425.3427098, 1526318425.3823352, 1526318425.4151886, 1526318425.4549775, 1526318425.4897435, 1526318425.5222816, 1526318425.5655804, 1526318425.6334581, 1526318425.7023232, 1526318425.7380462, 1526318425.7699707, 1526318425.8103113, 1526318425.8461697, 1526318425.8856432, 1526318425.918044, 1526318425.958224, 1526318425.9924924, 1526318426.032035, 1526318426.0712485, 1526318426.1035714, 1526318426.1445384, 1526318426.1839302, 1526318426.2253826, 1526318426.2587764, 1526318426.2992313, 1526318426.3386617, 1526318426.3789766, 1526318426.410914, 1526318426.4655368, 1526318426.5179791, 1526318426.5589955, 1526318426.601692, 1526318426.6682496, 1526318426.718216, 1526318426.7511272, 1526318426.7865644, 1526318426.8224115, 1526318426.8558164, 1526318426.8986764, 1526318426.9306862, 1526318426.9636045, 1526318427.0044262, 1526318427.0450702, 1526318427.0774877, 1526318427.116907, 1526318427.1498203, 1526318427.1887982, 1526318427.2204356, 1526318427.259953, 1526318427.29896, 1526318427.338484, 1526318427.3737867, 1526318427.4146023, 1526318427.4785888, 1526318427.5292637, 1526318427.5789587, 1526318427.6580837, 1526318427.7350254, 1526318427.8140988, 1526318427.8629127, 1526318427.8959463, 1526318427.9362285, 1526318427.9762726, 1526318428.0169387, 1526318428.0577235, 1526318428.0966954, 1526318428.1304805, 1526318428.1624632, 1526318428.2034006, 1526318428.2431195, 1526318428.282305, 1526318428.3212292, 1526318428.360824, 1526318428.393753, 1526318428.42753, 1526318428.4687755, 1526318428.508581, 1526318428.5498474, 1526318428.5951407], "episode_lengths": [104, 92, 104, 106, 84, 100, 105, 105, 106, 106, 105, 107, 104, 107, 96, 86, 106, 105, 105, 85, 89, 105, 105, 87, 105, 92, 86, 106, 116, 105, 84, 84, 105, 94, 105, 85, 104, 88, 105, 105, 87, 109, 104, 107, 89, 107, 105, 104, 84, 107, 84, 106, 90, 90, 105, 86, 94, 85, 87, 114, 84, 86, 107, 107, 86, 105, 86, 105, 84, 105, 104, 105, 91, 107, 107, 106, 106, 105, 105, 106, 108, 86, 105, 104, 106, 107, 105, 91, 84, 105, 105, 104, 104, 105, 88, 90, 106, 106, 108, 106], "episode_rewards": [-104.0, -92.0, -104.0, -106.0, -84.0, -100.0, -105.0, -105.0, -106.0, -106.0, -105.0, -107.0, -104.0, -107.0, -96.0, -86.0, -106.0, -105.0, -105.0, -85.0, -89.0, -105.0, -105.0, -87.0, -105.0, -92.0, -86.0, -106.0, -116.0, -105.0, -84.0, -84.0, -105.0, -94.0, -105.0, -85.0, -104.0, -88.0, -105.0, -105.0, -87.0, -109.0, -104.0, -107.0, -89.0, -107.0, -105.0, -104.0, -84.0, -107.0, -84.0, -106.0, -90.0, -90.0, -105.0, -86.0, -94.0, -85.0, -87.0, -114.0, -84.0, -86.0, -107.0, -107.0, -86.0, -105.0, -86.0, -105.0, -84.0, -105.0, -104.0, -105.0, -91.0, -107.0, -107.0, -106.0, -106.0, -105.0, -105.0, -106.0, -108.0, -86.0, -105.0, -104.0, -106.0, -107.0, -105.0, -91.0, -84.0, -105.0, -105.0, -104.0, -104.0, -105.0, -88.0, -90.0, -106.0, -106.0, -108.0, -106.0], "episode_types": ["t", "t", "t", "t", "t", "t", "t", "t", "t", "t", "t", "t", "t", "t", "t", "t", "t", "t", "t", "t", "t", "t", "t", "t", "t", "t", "t", "t", "t", "t", "t", "t", "t", "t", "t", "t", "t", "t", "t", "t", "t", "t", "t", "t", "t", "t", "t", "t", "t", "t", "t", "t", "t", "t", "t", "t", "t", "t", "t", "t", "t", "t", "t", "t", "t", "t", "t", "t", "t", "t", "t", "t", "t", "t", "t", "t", "t", "t", "t", "t", "t", "t", "t", "t", "t", "t", "t", "t", "t", "t", "t", "t", "t", "t", "t", "t", "t", "t", "t", "t"], "initial_reset_timestamp": 1526318421.159748}