{"timestamps": [1526319365.0671992, 1526319365.3114138, 1526319365.3754742, 1526319365.4066892, 1526319365.4386694, 1526319365.4797077, 1526319365.5147822, 1526319365.5501962, 1526319365.5914054, 1526319365.6540308, 1526319365.6951325, 1526319365.7302995, 1526319365.7641726, 1526319365.8005884, 1526319365.8412232, 1526319365.8823745, 1526319365.9163055, 1526319365.9780233, 1526319366.0097299, 1526319366.0432823, 1526319366.0773141, 1526319366.109478, 1526319366.1451712, 1526319366.1808665, 1526319366.2211716, 1526319366.2620049, 1526319366.2962961, 1526319366.3362784, 1526319366.3698578, 1526319366.4089503, 1526319366.4487975, 1526319366.4893675, 1526319366.528937, 1526319366.5847495, 1526319366.653182, 1526319366.691345, 1526319366.727139, 1526319366.7702355, 1526319366.8108325, 1526319366.8518128, 1526319366.892346, 1526319366.9336069, 1526319366.9757771, 1526319367.0157034, 1526319367.0474718, 1526319367.087926, 1526319367.122367, 1526319367.1553075, 1526319367.19586, 1526319367.2375731, 1526319367.277822, 1526319367.3144476, 1526319367.3544137, 1526319367.3942137, 1526319367.4290037, 1526319367.4692495, 1526319367.5086715, 1526319367.5661483, 1526319367.6073341, 1526319367.6648636, 1526319367.7140954, 1526319367.7772524, 1526319367.8184638, 1526319367.8611069, 1526319367.8933349, 1526319367.935179, 1526319367.9997795, 1526319368.03195, 1526319368.0714443, 1526319368.112948, 1526319368.1580365, 1526319368.1989017, 1526319368.240093, 1526319368.2823987, 1526319368.3196692, 1526319368.3575215, 1526319368.39829, 1526319368.438605, 1526319368.479615, 1526319368.521681, 1526319368.5620968, 1526319368.6416807, 1526319368.6878552, 1526319368.7287498, 1526319368.769892, 1526319368.803082, 1526319368.8369899, 1526319368.9016871, 1526319368.9442625, 1526319368.9894118, 1526319369.0291305, 1526319369.069486, 1526319369.110402, 1526319369.1515017, 1526319369.1915593, 1526319369.2277896, 1526319369.2612188, 1526319369.3004258, 1526319369.3412263, 1526319369.382109], "episode_lengths": [105, 92, 166, 84, 84, 106, 90, 93, 105, 106, 106, 90, 89, 96, 105, 106, 89, 161, 84, 89, 91, 86, 93, 94, 107, 106, 92, 105, 90, 105, 106, 107, 105, 106, 105, 98, 92, 113, 105, 105, 106, 106, 106, 105, 84, 107, 90, 85, 106, 106, 106, 97, 105, 106, 92, 105, 105, 151, 87, 105, 123, 165, 106, 106, 84, 107, 165, 84, 105, 105, 114, 106, 107, 107, 98, 98, 107, 105, 106, 112, 98, 106, 86, 105, 106, 86, 87, 167, 106, 111, 105, 106, 107, 107, 106, 96, 87, 105, 107, 106], "episode_rewards": [-105.0, -92.0, -166.0, -84.0, -84.0, -106.0, -90.0, -93.0, -105.0, -106.0, -106.0, -90.0, -89.0, -96.0, -105.0, -106.0, -89.0, -161.0, -84.0, -89.0, -91.0, -86.0, -93.0, -94.0, -107.0, -106.0, -92.0, -105.0, -90.0, -105.0, -106.0, -107.0, -105.0, -106.0, -105.0, -98.0, -92.0, -113.0, -105.0, -105.0, -106.0, -106.0, -106.0, -105.0, -84.0, -107.0, -90.0, -85.0, -106.0, -106.0, -106.0, -97.0, -105.0, -106.0, -92.0, -105.0, -105.0, -151.0, -87.0, -105.0, -123.0, -165.0, -106.0, -106.0, -84.0, -107.0, -165.0, -84.0, -105.0, -105.0, -114.0, -106.0, -107.0, -107.0, -98.0, -98.0, -107.0, -105.0, -106.0, -112.0, -98.0, -106.0, -86.0, -105.0, -106.0, -86.0, -87.0, -167.0, -106.0, -111.0, -105.0, -106.0, -107.0, -107.0, -106.0, -96.0, -87.0, -105.0, -107.0, -106.0], "episode_types": ["t", "t", "t", "t", "t", "t", "t", "t", "t", "t", "t", "t", "t", "t", "t", "t", "t", "t", "t", "t", "t", "t", "t", "t", "t", "t", "t", "t", "t", "t", "t", "t", "t", "t", "t", "t", "t", "t", "t", "t", "t", "t", "t", "t", "t", "t", "t", "t", "t", "t", "t", "t", "t", "t", "t", "t", "t", "t", "t", "t", "t", "t", "t", "t", "t", "t", "t", "t", "t", "t", "t", "t", "t", "t", "t", "t", "t", "t", "t", "t", "t", "t", "t", "t", "t", "t", "t", "t", "t", "t", "t", "t", "t", "t", "t", "t", "t", "t", "t", "t"], "initial_reset_timestamp": 1526319362.0429044}