{"timestamps": [1526327962.8680723, 1526327963.1288567, 1526327963.1922448, 1526327963.232319, 1526327963.271493, 1526327963.3131573, 1526327963.3546088, 1526327963.3954158, 1526327963.441411, 1526327963.5155969, 1526327963.565817, 1526327963.6010993, 1526327963.6386576, 1526327963.6805553, 1526327963.712593, 1526327963.7526505, 1526327963.7927756, 1526327963.8305197, 1526327963.8718412, 1526327963.912346, 1526327963.9445302, 1526327963.9895103, 1526327964.0285285, 1526327964.0702147, 1526327964.1141407, 1526327964.1550655, 1526327964.2169917, 1526327964.2919211, 1526327964.3309636, 1526327964.3908179, 1526327964.4344893, 1526327964.5097444, 1526327964.5495808, 1526327964.6150324, 1526327964.657105, 1526327964.698349, 1526327964.7392864, 1526327964.7772462, 1526327964.8164265, 1526327964.8570666, 1526327964.8971114, 1526327964.9562154, 1526327964.9972503, 1526327965.036581, 1526327965.0764508, 1526327965.1162295, 1526327965.153011, 1526327965.1937106, 1526327965.233122, 1526327965.2737527, 1526327965.3141868, 1526327965.364055, 1526327965.4129598, 1526327965.4702165, 1526327965.5788333, 1526327965.6225924, 1526327965.6633143, 1526327965.7218704, 1526327965.7810378, 1526327965.8130956, 1526327965.8548794, 1526327965.897204, 1526327965.9378, 1526327965.9788766, 1526327966.0191264, 1526327966.060717, 1526327966.1253147, 1526327966.1704478, 1526327966.2079284, 1526327966.247152, 1526327966.2873833, 1526327966.3439674, 1526327966.3811839, 1526327966.4200556, 1526327966.4614081, 1526327966.523112, 1526327966.5714111, 1526327966.6120372, 1526327966.6556196, 1526327966.7245483, 1526327966.762085, 1526327966.8217266, 1526327966.854435, 1526327966.8885617, 1526327966.9452958, 1526327966.9788506, 1526327967.0117066, 1526327967.0511138, 1526327967.0888677, 1526327967.1483517, 1526327967.1880324, 1526327967.2271514, 1526327967.27009, 1526327967.329673, 1526327967.3695474, 1526327967.4031425, 1526327967.4426522, 1526327967.5578914, 1526327967.6003468, 1526327967.658368], "episode_lengths": [106, 98, 152, 106, 103, 105, 109, 105, 105, 105, 84, 85, 96, 107, 85, 106, 106, 100, 106, 108, 86, 119, 104, 107, 116, 106, 158, 198, 100, 157, 105, 107, 85, 157, 107, 105, 106, 98, 101, 105, 105, 156, 109, 105, 105, 105, 95, 107, 105, 105, 105, 131, 105, 88, 174, 112, 105, 152, 152, 85, 105, 106, 105, 107, 105, 106, 159, 117, 98, 106, 106, 151, 99, 105, 86, 105, 84, 105, 106, 181, 98, 153, 86, 90, 151, 87, 87, 105, 100, 153, 105, 105, 115, 155, 105, 88, 90, 158, 107, 153], "episode_rewards": [-106.0, -98.0, -152.0, -106.0, -103.0, -105.0, -109.0, -105.0, -105.0, -105.0, -84.0, -85.0, -96.0, -107.0, -85.0, -106.0, -106.0, -100.0, -106.0, -108.0, -86.0, -119.0, -104.0, -107.0, -116.0, -106.0, -158.0, -198.0, -100.0, -157.0, -105.0, -107.0, -85.0, -157.0, -107.0, -105.0, -106.0, -98.0, -101.0, -105.0, -105.0, -156.0, -109.0, -105.0, -105.0, -105.0, -95.0, -107.0, -105.0, -105.0, -105.0, -131.0, -105.0, -88.0, -174.0, -112.0, -105.0, -152.0, -152.0, -85.0, -105.0, -106.0, -105.0, -107.0, -105.0, -106.0, -159.0, -117.0, -98.0, -106.0, -106.0, -151.0, -99.0, -105.0, -86.0, -105.0, -84.0, -105.0, -106.0, -181.0, -98.0, -153.0, -86.0, -90.0, -151.0, -87.0, -87.0, -105.0, -100.0, -153.0, -105.0, -105.0, -115.0, -155.0, -105.0, -88.0, -90.0, -158.0, -107.0, -153.0], "episode_types": ["t", "t", "t", "t", "t", "t", "t", "t", "t", "t", "t", "t", "t", "t", "t", "t", "t", "t", "t", "t", "t", "t", "t", "t", "t", "t", "t", "t", "t", "t", "t", "t", "t", "t", "t", "t", "t", "t", "t", "t", "t", "t", "t", "t", "t", "t", "t", "t", "t", "t", "t", "t", "t", "t", "t", "t", "t", "t", "t", "t", "t", "t", "t", "t", "t", "t", "t", "t", "t", "t", "t", "t", "t", "t", "t", "t", "t", "t", "t", "t", "t", "t", "t", "t", "t", "t", "t", "t", "t", "t", "t", "t", "t", "t", "t", "t", "t", "t", "t", "t"], "initial_reset_timestamp": 1526327959.7737768}