{"timestamps": [1526350756.3867233, 1526350756.6455126, 1526350756.6860187, 1526350756.7270803, 1526350756.771432, 1526350756.8112848, 1526350756.8512902, 1526350756.8860872, 1526350756.9266112, 1526350756.986189, 1526350757.0463862, 1526350757.0866306, 1526350757.126575, 1526350757.16044, 1526350757.1998172, 1526350757.2322896, 1526350757.2722626, 1526350757.3051105, 1526350757.3389263, 1526350757.405471, 1526350757.4380205, 1526350757.4706368, 1526350757.51248, 1526350757.5536673, 1526350757.5953872, 1526350757.6574855, 1526350757.710984, 1526350757.752391, 1526350757.7851336, 1526350757.8269866, 1526350757.867807, 1526350757.9015737, 1526350757.9720724, 1526350758.0379348, 1526350758.0784433, 1526350758.1194665, 1526350758.152637, 1526350758.1929338, 1526350758.2374413, 1526350758.2773316, 1526350758.3179297, 1526350758.3585494, 1526350758.3985987, 1526350758.4345467, 1526350758.4684415, 1526350758.5107355, 1526350758.5500405, 1526350758.5901325, 1526350758.633555, 1526350758.6743612, 1526350758.7138643, 1526350758.746008, 1526350758.7850375, 1526350758.8246076, 1526350758.8646424, 1526350758.904321, 1526350758.9768608, 1526350759.0491414, 1526350759.0953207, 1526350759.1358907, 1526350759.1765606, 1526350759.2163098, 1526350759.2719183, 1526350759.3293092, 1526350759.364264, 1526350759.4043655, 1526350759.449475, 1526350759.5007627, 1526350759.5591743, 1526350759.6260266, 1526350759.7019155, 1526350759.777716, 1526350759.824531, 1526350759.874598, 1526350759.9166882, 1526350759.97841, 1526350760.0339959, 1526350760.0743625, 1526350760.1156247, 1526350760.1563442, 1526350760.1963923, 1526350760.2308714, 1526350760.2658336, 1526350760.2977383, 1526350760.338135, 1526350760.382233, 1526350760.4207783, 1526350760.4598157, 1526350760.4989681, 1526350760.5384266, 1526350760.5782304, 1526350760.617811, 1526350760.6499343, 1526350760.6843815, 1526350760.7228239, 1526350760.7545238, 1526350760.7939296, 1526350760.8257577, 1526350760.8598125, 1526350760.9005804], "episode_lengths": [107, 105, 105, 109, 119, 106, 105, 91, 105, 106, 107, 105, 105, 88, 104, 86, 105, 86, 86, 90, 85, 85, 106, 106, 104, 106, 105, 106, 84, 106, 107, 88, 105, 105, 104, 106, 85, 105, 116, 105, 107, 104, 106, 97, 88, 106, 106, 107, 114, 106, 105, 86, 104, 105, 106, 104, 106, 105, 106, 104, 105, 104, 88, 105, 85, 105, 106, 104, 106, 107, 106, 106, 86, 108, 106, 88, 107, 106, 110, 107, 105, 92, 93, 84, 107, 116, 104, 104, 104, 106, 106, 106, 84, 92, 104, 86, 106, 86, 90, 105], "episode_rewards": [-107.0, -105.0, -105.0, -109.0, -119.0, -106.0, -105.0, -91.0, -105.0, -106.0, -107.0, -105.0, -105.0, -88.0, -104.0, -86.0, -105.0, -86.0, -86.0, -90.0, -85.0, -85.0, -106.0, -106.0, -104.0, -106.0, -105.0, -106.0, -84.0, -106.0, -107.0, -88.0, -105.0, -105.0, -104.0, -106.0, -85.0, -105.0, -116.0, -105.0, -107.0, -104.0, -106.0, -97.0, -88.0, -106.0, -106.0, -107.0, -114.0, -106.0, -105.0, -86.0, -104.0, -105.0, -106.0, -104.0, -106.0, -105.0, -106.0, -104.0, -105.0, -104.0, -88.0, -105.0, -85.0, -105.0, -106.0, -104.0, -106.0, -107.0, -106.0, -106.0, -86.0, -108.0, -106.0, -88.0, -107.0, -106.0, -110.0, -107.0, -105.0, -92.0, -93.0, -84.0, -107.0, -116.0, -104.0, -104.0, -104.0, -106.0, -106.0, -106.0, -84.0, -92.0, -104.0, -86.0, -106.0, -86.0, -90.0, -105.0], "episode_types": ["t", "t", "t", "t", "t", "t", "t", "t", "t", "t", "t", "t", "t", "t", "t", "t", "t", "t", "t", "t", "t", "t", "t", "t", "t", "t", "t", "t", "t", "t", "t", "t", "t", "t", "t", "t", "t", "t", "t", "t", "t", "t", "t", "t", "t", "t", "t", "t", "t", "t", "t", "t", "t", "t", "t", "t", "t", "t", "t", "t", "t", "t", "t", "t", "t", "t", "t", "t", "t", "t", "t", "t", "t", "t", "t", "t", "t", "t", "t", "t", "t", "t", "t", "t", "t", "t", "t", "t", "t", "t", "t", "t", "t", "t", "t", "t", "t", "t", "t", "t"], "initial_reset_timestamp": 1526350753.305853}