{"timestamps": [1526286505.7654748, 1526286505.8573759, 1526286505.8694978, 1526286505.892876, 1526286505.9063182, 1526286505.938121, 1526286505.9609249, 1526286505.9778352, 1526286505.9951718, 1526286506.0212283, 1526286506.0341265, 1526286506.0500062, 1526286506.0663946, 1526286506.082689, 1526286506.1046402, 1526286506.127294, 1526286506.1502967, 1526286506.1650977, 1526286506.1773775, 1526286506.1890497, 1526286506.2010674, 1526286506.2222812, 1526286506.2368734, 1526286506.2517638, 1526286506.2649386, 1526286506.279639, 1526286506.301149, 1526286506.3231146, 1526286506.3379068, 1526286506.3525567, 1526286506.3736818, 1526286506.3884876, 1526286506.403392, 1526286506.4180956, 1526286506.4390664, 1526286506.4530659, 1526286506.4678934, 1526286506.481337, 1526286506.496174, 1526286506.517114, 1526286506.5381663, 1526286506.5530684, 1526286506.5749211, 1526286506.5976624, 1526286506.623908, 1526286506.6466558, 1526286506.668268, 1526286506.6889706, 1526286506.7105877, 1526286506.7222743, 1526286506.7431667, 1526286506.7579575, 1526286506.772976, 1526286506.7946904, 1526286506.816741, 1526286506.8385406, 1526286506.8534276, 1526286506.8743978, 1526286506.8894153, 1526286506.9044275, 1526286506.925001, 1526286506.946534, 1526286506.9686823, 1526286506.983718, 1526286507.0056813, 1526286507.0216715, 1526286507.0379846, 1526286507.0531855, 1526286507.0700886, 1526286507.08194, 1526286507.0972533, 1526286507.1188097, 1526286507.1337612, 1526286507.146357, 1526286507.1613512, 1526286507.1765826, 1526286507.1914685, 1526286507.2130742, 1526286507.2343967, 1526286507.2493305, 1526286507.262723, 1526286507.277679, 1526286507.2895117, 1526286507.3019705, 1526286507.3172107, 1526286507.3329084, 1526286507.3479543, 1526286507.3637862, 1526286507.3756297, 1526286507.3904724, 1526286507.4113612, 1526286507.4261508, 1526286507.4481094, 1526286507.4598145, 1526286507.472175, 1526286507.4870665, 1526286507.5024755, 1526286507.5151148, 1526286507.526579, 1526286507.539781], "episode_lengths": [127, 106, 85, 157, 85, 152, 123, 103, 102, 151, 92, 107, 106, 112, 151, 152, 160, 105, 88, 84, 87, 153, 105, 107, 89, 106, 154, 157, 107, 105, 151, 106, 107, 106, 151, 101, 106, 97, 106, 151, 151, 106, 156, 159, 158, 158, 153, 148, 155, 84, 149, 106, 106, 156, 158, 156, 106, 149, 106, 106, 148, 153, 156, 107, 155, 106, 118, 106, 121, 84, 106, 153, 107, 84, 107, 107, 106, 149, 152, 105, 91, 106, 84, 87, 85, 107, 106, 83, 85, 107, 148, 106, 158, 84, 88, 107, 111, 91, 83, 96], "episode_rewards": [-127.0, -106.0, -85.0, -157.0, -85.0, -152.0, -123.0, -103.0, -102.0, -151.0, -92.0, -107.0, -106.0, -112.0, -151.0, -152.0, -160.0, -105.0, -88.0, -84.0, -87.0, -153.0, -105.0, -107.0, -89.0, -106.0, -154.0, -157.0, -107.0, -105.0, -151.0, -106.0, -107.0, -106.0, -151.0, -101.0, -106.0, -97.0, -106.0, -151.0, -151.0, -106.0, -156.0, -159.0, -158.0, -158.0, -153.0, -148.0, -155.0, -84.0, -149.0, -106.0, -106.0, -156.0, -158.0, -156.0, -106.0, -149.0, -106.0, -106.0, -148.0, -153.0, -156.0, -107.0, -155.0, -106.0, -118.0, -106.0, -121.0, -84.0, -106.0, -153.0, -107.0, -84.0, -107.0, -107.0, -106.0, -149.0, -152.0, -105.0, -91.0, -106.0, -84.0, -87.0, -85.0, -107.0, -106.0, -83.0, -85.0, -107.0, -148.0, -106.0, -158.0, -84.0, -88.0, -107.0, -111.0, -91.0, -83.0, -96.0], "episode_types": ["t", "t", "t", "t", "t", "t", "t", "t", "t", "t", "t", "t", "t", "t", "t", "t", "t", "t", "t", "t", "t", "t", "t", "t", "t", "t", "t", "t", "t", "t", "t", "t", "t", "t", "t", "t", "t", "t", "t", "t", "t", "t", "t", "t", "t", "t", "t", "t", "t", "t", "t", "t", "t", "t", "t", "t", "t", "t", "t", "t", "t", "t", "t", "t", "t", "t", "t", "t", "t", "t", "t", "t", "t", "t", "t", "t", "t", "t", "t", "t", "t", "t", "t", "t", "t", "t", "t", "t", "t", "t", "t", "t", "t", "t", "t", "t", "t", "t", "t", "t"], "initial_reset_timestamp": 1526286503.624119}