{"timestamps": [1526298123.6718998, 1526298123.9411054, 1526298123.9809105, 1526298124.0441468, 1526298124.127541, 1526298124.1857512, 1526298124.2248497, 1526298124.2654753, 1526298124.3309314, 1526298124.3751302, 1526298124.4318292, 1526298124.4722822, 1526298124.5288298, 1526298124.5857089, 1526298124.6437218, 1526298124.70065, 1526298124.7579615, 1526298124.8157878, 1526298124.858362, 1526298124.9141948, 1526298124.957263, 1526298125.001119, 1526298125.0633922, 1526298125.1197705, 1526298125.1514313, 1526298125.1822116, 1526298125.2396157, 1526298125.3416247, 1526298125.4089193, 1526298125.44334, 1526298125.5005631, 1526298125.5397034, 1526298125.5957854, 1526298125.6358328, 1526298125.6789598, 1526298125.7180333, 1526298125.7492614, 1526298125.808494, 1526298125.8481529, 1526298125.8827422, 1526298125.9396234, 1526298125.9800189, 1526298126.0116236, 1526298126.0504346, 1526298126.0894673, 1526298126.1287045, 1526298126.1728418, 1526298126.204056, 1526298126.2741942, 1526298126.3398247, 1526298126.380295, 1526298126.4378345, 1526298126.4769428, 1526298126.539701, 1526298126.5792742, 1526298126.6132042, 1526298126.6531384, 1526298126.6938493, 1526298126.7330766, 1526298126.7905517, 1526298126.8299766, 1526298126.8723574, 1526298126.9296517, 1526298126.9619727, 1526298127.0182927, 1526298127.0604374, 1526298127.0934958, 1526298127.1322718, 1526298127.194564, 1526298127.251411, 1526298127.3118548, 1526298127.362634, 1526298127.4214578, 1526298127.4609818, 1526298127.5017548, 1526298127.5416272, 1526298127.574675, 1526298127.6090329, 1526298127.671939, 1526298127.7306886, 1526298127.7892652, 1526298127.8230822, 1526298127.88188, 1526298127.9379215, 1526298127.9742508, 1526298128.0691574, 1526298128.1085086, 1526298128.149215, 1526298128.1843243, 1526298128.2237763, 1526298128.271905, 1526298128.3288867, 1526298128.394598, 1526298128.4258714, 1526298128.4574795, 1526298128.4915638, 1526298128.531308, 1526298128.5737062, 1526298128.6299143, 1526298128.6702871], "episode_lengths": [155, 152, 106, 108, 155, 105, 106, 92, 89, 97, 150, 106, 151, 150, 154, 152, 155, 156, 115, 151, 116, 106, 84, 153, 84, 84, 157, 156, 154, 93, 153, 106, 150, 108, 106, 106, 84, 161, 105, 93, 153, 106, 86, 105, 106, 107, 119, 85, 162, 105, 106, 155, 105, 171, 106, 92, 106, 110, 106, 155, 107, 106, 154, 85, 150, 106, 89, 105, 166, 154, 106, 85, 156, 96, 107, 106, 88, 87, 162, 157, 156, 89, 155, 151, 96, 162, 107, 110, 94, 106, 106, 84, 172, 85, 84, 91, 107, 114, 151, 106], "episode_rewards": [-155.0, -152.0, -106.0, -108.0, -155.0, -105.0, -106.0, -92.0, -89.0, -97.0, -150.0, -106.0, -151.0, -150.0, -154.0, -152.0, -155.0, -156.0, -115.0, -151.0, -116.0, -106.0, -84.0, -153.0, -84.0, -84.0, -157.0, -156.0, -154.0, -93.0, -153.0, -106.0, -150.0, -108.0, -106.0, -106.0, -84.0, -161.0, -105.0, -93.0, -153.0, -106.0, -86.0, -105.0, -106.0, -107.0, -119.0, -85.0, -162.0, -105.0, -106.0, -155.0, -105.0, -171.0, -106.0, -92.0, -106.0, -110.0, -106.0, -155.0, -107.0, -106.0, -154.0, -85.0, -150.0, -106.0, -89.0, -105.0, -166.0, -154.0, -106.0, -85.0, -156.0, -96.0, -107.0, -106.0, -88.0, -87.0, -162.0, -157.0, -156.0, -89.0, -155.0, -151.0, -96.0, -162.0, -107.0, -110.0, -94.0, -106.0, -106.0, -84.0, -172.0, -85.0, -84.0, -91.0, -107.0, -114.0, -151.0, -106.0], "episode_types": ["t", "t", "t", "t", "t", "t", "t", "t", "t", "t", "t", "t", "t", "t", "t", "t", "t", "t", "t", "t", "t", "t", "t", "t", "t", "t", "t", "t", "t", "t", "t", "t", "t", "t", "t", "t", "t", "t", "t", "t", "t", "t", "t", "t", "t", "t", "t", "t", "t", "t", "t", "t", "t", "t", "t", "t", "t", "t", "t", "t", "t", "t", "t", "t", "t", "t", "t", "t", "t", "t", "t", "t", "t", "t", "t", "t", "t", "t", "t", "t", "t", "t", "t", "t", "t", "t", "t", "t", "t", "t", "t", "t", "t", "t", "t", "t", "t", "t", "t", "t"], "initial_reset_timestamp": 1526298119.3174677}