{"timestamps": [1526294546.264706, 1526294546.489296, 1526294546.5236373, 1526294546.5599263, 1526294546.6283166, 1526294546.6677256, 1526294546.734257, 1526294546.8154442, 1526294546.8733308, 1526294546.915129, 1526294546.9516363, 1526294546.991079, 1526294547.0228527, 1526294547.0551655, 1526294547.0884514, 1526294547.1458366, 1526294547.1848023, 1526294547.22181, 1526294547.2612228, 1526294547.3006978, 1526294547.3408842, 1526294547.3853116, 1526294547.438238, 1526294547.4892876, 1526294547.5241356, 1526294547.5749683, 1526294547.628521, 1526294547.6726506, 1526294547.7040522, 1526294547.7430785, 1526294547.7750332, 1526294547.8137314, 1526294547.846699, 1526294547.885997, 1526294547.9494946, 1526294547.9818003, 1526294548.018289, 1526294548.0602758, 1526294548.0990963, 1526294548.138733, 1526294548.1696272, 1526294548.2294865, 1526294548.262081, 1526294548.3240144, 1526294548.3572705, 1526294548.3966079, 1526294548.436437, 1526294548.4774632, 1526294548.517006, 1526294548.557178, 1526294548.6068842, 1526294548.6737375, 1526294548.7131898, 1526294548.752416, 1526294548.7839575, 1526294548.822801, 1526294548.8834538, 1526294548.943195, 1526294548.9821236, 1526294549.0398664, 1526294549.0781095, 1526294549.1417668, 1526294549.1827, 1526294549.2231889, 1526294549.2725182, 1526294549.3202558, 1526294549.3593552, 1526294549.3910778, 1526294549.4300125, 1526294549.4628525, 1526294549.5207894, 1526294549.5600827, 1526294549.6119347, 1526294549.6447303, 1526294549.68409, 1526294549.7178874, 1526294549.7505038, 1526294549.808374, 1526294549.8678265, 1526294549.9075613, 1526294549.971639, 1526294550.0114737, 1526294550.0500116, 1526294550.0886052, 1526294550.120331, 1526294550.159649, 1526294550.2173398, 1526294550.2493036, 1526294550.2831187, 1526294550.3223546, 1526294550.3535647, 1526294550.4113538, 1526294550.444646, 1526294550.4768414, 1526294550.547497, 1526294550.6716855, 1526294550.7219632, 1526294550.7792568, 1526294550.8195577, 1526294550.8827913], "episode_lengths": [90, 107, 93, 98, 154, 105, 155, 155, 110, 105, 96, 106, 86, 87, 86, 154, 106, 101, 107, 108, 106, 92, 116, 107, 93, 106, 121, 119, 86, 106, 87, 105, 90, 105, 167, 85, 99, 115, 105, 105, 84, 162, 89, 166, 91, 107, 107, 107, 107, 107, 106, 154, 105, 107, 86, 106, 163, 154, 106, 158, 105, 172, 106, 105, 106, 108, 105, 86, 106, 86, 154, 86, 106, 88, 107, 93, 90, 158, 162, 106, 172, 107, 105, 105, 85, 106, 155, 88, 89, 105, 86, 154, 86, 87, 152, 154, 97, 152, 105, 171], "episode_rewards": [-90.0, -107.0, -93.0, -98.0, -154.0, -105.0, -155.0, -155.0, -110.0, -105.0, -96.0, -106.0, -86.0, -87.0, -86.0, -154.0, -106.0, -101.0, -107.0, -108.0, -106.0, -92.0, -116.0, -107.0, -93.0, -106.0, -121.0, -119.0, -86.0, -106.0, -87.0, -105.0, -90.0, -105.0, -167.0, -85.0, -99.0, -115.0, -105.0, -105.0, -84.0, -162.0, -89.0, -166.0, -91.0, -107.0, -107.0, -107.0, -107.0, -107.0, -106.0, -154.0, -105.0, -107.0, -86.0, -106.0, -163.0, -154.0, -106.0, -158.0, -105.0, -172.0, -106.0, -105.0, -106.0, -108.0, -105.0, -86.0, -106.0, -86.0, -154.0, -86.0, -106.0, -88.0, -107.0, -93.0, -90.0, -158.0, -162.0, -106.0, -172.0, -107.0, -105.0, -105.0, -85.0, -106.0, -155.0, -88.0, -89.0, -105.0, -86.0, -154.0, -86.0, -87.0, -152.0, -154.0, -97.0, -152.0, -105.0, -171.0], "episode_types": ["t", "t", "t", "t", "t", "t", "t", "t", "t", "t", "t", "t", "t", "t", "t", "t", "t", "t", "t", "t", "t", "t", "t", "t", "t", "t", "t", "t", "t", "t", "t", "t", "t", "t", "t", "t", "t", "t", "t", "t", "t", "t", "t", "t", "t", "t", "t", "t", "t", "t", "t", "t", "t", "t", "t", "t", "t", "t", "t", "t", "t", "t", "t", "t", "t", "t", "t", "t", "t", "t", "t", "t", "t", "t", "t", "t", "t", "t", "t", "t", "t", "t", "t", "t", "t", "t", "t", "t", "t", "t", "t", "t", "t", "t", "t", "t", "t", "t", "t", "t"], "initial_reset_timestamp": 1526294543.8561769}