{"timestamps": [1526289876.0039299, 1526289876.0999448, 1526289876.111819, 1526289876.1268096, 1526289876.1511216, 1526289876.1662843, 1526289876.1809578, 1526289876.193219, 1526289876.2072167, 1526289876.2200923, 1526289876.2351105, 1526289876.2498815, 1526289876.2646651, 1526289876.2783265, 1526289876.3049748, 1526289876.3196068, 1526289876.3342736, 1526289876.3477893, 1526289876.3593984, 1526289876.371734, 1526289876.386367, 1526289876.39908, 1526289876.4154053, 1526289876.4279053, 1526289876.4397984, 1526289876.4564934, 1526289876.4694166, 1526289876.4812417, 1526289876.4987497, 1526289876.5111609, 1526289876.5252893, 1526289876.537449, 1526289876.5523689, 1526289876.5649936, 1526289876.5797374, 1526289876.5970783, 1526289876.6102796, 1526289876.632689, 1526289876.6453788, 1526289876.659958, 1526289876.6748943, 1526289876.689644, 1526289876.7140563, 1526289876.726647, 1526289876.7383816, 1526289876.752872, 1526289876.76525, 1526289876.7772133, 1526289876.791898, 1526289876.8063095, 1526289876.8181024, 1526289876.8328896, 1526289876.8473544, 1526289876.8619545, 1526289876.8756065, 1526289876.8874457, 1526289876.9021957, 1526289876.916251, 1526289876.9282854, 1526289876.943274, 1526289876.9579277, 1526289876.9699197, 1526289876.984858, 1526289877.002285, 1526289877.016286, 1526289877.0309157, 1526289877.0428655, 1526289877.0574605, 1526289877.0729825, 1526289877.08838, 1526289877.1117225, 1526289877.1241958, 1526289877.1397555, 1526289877.1524968, 1526289877.1680357, 1526289877.182771, 1526289877.195799, 1526289877.2082512, 1526289877.223101, 1526289877.2359564, 1526289877.257779, 1526289877.2747347, 1526289877.2874813, 1526289877.301091, 1526289877.3165054, 1526289877.3291047, 1526289877.3438182, 1526289877.3583546, 1526289877.373545, 1526289877.3882864, 1526289877.403627, 1526289877.4211273, 1526289877.4365513, 1526289877.4517748, 1526289877.474793, 1526289877.4894874, 1526289877.5017803, 1526289877.5162716, 1526289877.528363, 1526289877.5402992], "episode_lengths": [106, 105, 84, 107, 165, 105, 105, 83, 87, 91, 106, 106, 106, 99, 193, 106, 105, 98, 84, 89, 106, 84, 106, 88, 84, 121, 93, 86, 129, 90, 104, 86, 106, 91, 106, 106, 87, 158, 86, 105, 107, 106, 174, 90, 85, 105, 89, 86, 106, 105, 86, 106, 105, 85, 84, 85, 96, 90, 85, 106, 106, 87, 105, 105, 97, 106, 84, 106, 106, 105, 159, 85, 105, 89, 106, 106, 95, 90, 107, 91, 158, 106, 86, 97, 106, 91, 106, 106, 106, 106, 89, 118, 106, 106, 164, 106, 89, 106, 87, 85], "episode_rewards": [-106.0, -105.0, -84.0, -107.0, -165.0, -105.0, -105.0, -83.0, -87.0, -91.0, -106.0, -106.0, -106.0, -99.0, -193.0, -106.0, -105.0, -98.0, -84.0, -89.0, -106.0, -84.0, -106.0, -88.0, -84.0, -121.0, -93.0, -86.0, -129.0, -90.0, -104.0, -86.0, -106.0, -91.0, -106.0, -106.0, -87.0, -158.0, -86.0, -105.0, -107.0, -106.0, -174.0, -90.0, -85.0, -105.0, -89.0, -86.0, -106.0, -105.0, -86.0, -106.0, -105.0, -85.0, -84.0, -85.0, -96.0, -90.0, -85.0, -106.0, -106.0, -87.0, -105.0, -105.0, -97.0, -106.0, -84.0, -106.0, -106.0, -105.0, -159.0, -85.0, -105.0, -89.0, -106.0, -106.0, -95.0, -90.0, -107.0, -91.0, -158.0, -106.0, -86.0, -97.0, -106.0, -91.0, -106.0, -106.0, -106.0, -106.0, -89.0, -118.0, -106.0, -106.0, -164.0, -106.0, -89.0, -106.0, -87.0, -85.0], "episode_types": ["t", "t", "t", "t", "t", "t", "t", "t", "t", "t", "t", "t", "t", "t", "t", "t", "t", "t", "t", "t", "t", "t", "t", "t", "t", "t", "t", "t", "t", "t", "t", "t", "t", "t", "t", "t", "t", "t", "t", "t", "t", "t", "t", "t", "t", "t", "t", "t", "t", "t", "t", "t", "t", "t", "t", "t", "t", "t", "t", "t", "t", "t", "t", "t", "t", "t", "t", "t", "t", "t", "t", "t", "t", "t", "t", "t", "t", "t", "t", "t", "t", "t", "t", "t", "t", "t", "t", "t", "t", "t", "t", "t", "t", "t", "t", "t", "t", "t", "t", "t"], "initial_reset_timestamp": 1526289874.2197647}