{"timestamps": [1526289480.4994292, 1526289480.7209466, 1526289480.7742774, 1526289480.8133826, 1526289480.85207, 1526289480.8913689, 1526289480.9475281, 1526289480.9821055, 1526289481.0257595, 1526289481.0656545, 1526289481.10886, 1526289481.1519022, 1526289481.2174304, 1526289481.2741566, 1526289481.3055408, 1526289481.3449018, 1526289481.400994, 1526289481.4328375, 1526289481.4650943, 1526289481.503762, 1526289481.5439694, 1526289481.6021261, 1526289481.6418893, 1526289481.6888332, 1526289481.7198992, 1526289481.7760615, 1526289481.8102505, 1526289481.8494227, 1526289481.8913813, 1526289481.923107, 1526289481.9620461, 1526289482.021343, 1526289482.0598595, 1526289482.093128, 1526289482.1374254, 1526289482.1771188, 1526289482.2156165, 1526289482.2545714, 1526289482.3223004, 1526289482.3605943, 1526289482.3995337, 1526289482.431768, 1526289482.4745789, 1526289482.5093498, 1526289482.5481894, 1526289482.5806844, 1526289482.637091, 1526289482.6763608, 1526289482.7141154, 1526289482.7451208, 1526289482.8001676, 1526289482.831115, 1526289482.8691967, 1526289482.904625, 1526289482.9622035, 1526289483.018121, 1526289483.0757608, 1526289483.1179554, 1526289483.1566184, 1526289483.1883285, 1526289483.244655, 1526289483.3005064, 1526289483.3336246, 1526289483.3725069, 1526289483.4169807, 1526289483.455987, 1526289483.4899583, 1526289483.5517135, 1526289483.5903022, 1526289483.624368, 1526289483.671461, 1526289483.7189996, 1526289483.7514293, 1526289483.7913146, 1526289483.8296006, 1526289483.8686957, 1526289483.9025803, 1526289483.9615002, 1526289483.9972167, 1526289484.038098, 1526289484.076438, 1526289484.1156356, 1526289484.1510725, 1526289484.189847, 1526289484.228747, 1526289484.2676942, 1526289484.303093, 1526289484.3342967, 1526289484.3728228, 1526289484.4120927, 1526289484.4441936, 1526289484.4843686, 1526289484.5277221, 1526289484.5658717, 1526289484.5965455, 1526289484.6435134, 1526289484.6885297, 1526289484.730064, 1526289484.7610104, 1526289484.8201036], "episode_lengths": [144, 98, 144, 105, 105, 106, 151, 93, 106, 109, 104, 104, 166, 153, 83, 106, 151, 86, 88, 90, 105, 155, 105, 107, 83, 152, 93, 106, 105, 84, 106, 152, 105, 86, 104, 105, 89, 105, 166, 104, 106, 87, 118, 86, 105, 89, 151, 87, 84, 84, 150, 84, 104, 97, 157, 144, 157, 105, 104, 86, 151, 150, 90, 106, 121, 106, 88, 154, 105, 93, 105, 106, 88, 104, 104, 106, 85, 159, 87, 105, 104, 105, 94, 105, 104, 105, 84, 84, 104, 106, 87, 106, 106, 104, 84, 127, 93, 105, 84, 159], "episode_rewards": [-144.0, -98.0, -144.0, -105.0, -105.0, -106.0, -151.0, -93.0, -106.0, -109.0, -104.0, -104.0, -166.0, -153.0, -83.0, -106.0, -151.0, -86.0, -88.0, -90.0, -105.0, -155.0, -105.0, -107.0, -83.0, -152.0, -93.0, -106.0, -105.0, -84.0, -106.0, -152.0, -105.0, -86.0, -104.0, -105.0, -89.0, -105.0, -166.0, -104.0, -106.0, -87.0, -118.0, -86.0, -105.0, -89.0, -151.0, -87.0, -84.0, -84.0, -150.0, -84.0, -104.0, -97.0, -157.0, -144.0, -157.0, -105.0, -104.0, -86.0, -151.0, -150.0, -90.0, -106.0, -121.0, -106.0, -88.0, -154.0, -105.0, -93.0, -105.0, -106.0, -88.0, -104.0, -104.0, -106.0, -85.0, -159.0, -87.0, -105.0, -104.0, -105.0, -94.0, -105.0, -104.0, -105.0, -84.0, -84.0, -104.0, -106.0, -87.0, -106.0, -106.0, -104.0, -84.0, -127.0, -93.0, -105.0, -84.0, -159.0], "episode_types": ["t", "t", "t", "t", "t", "t", "t", "t", "t", "t", "t", "t", "t", "t", "t", "t", "t", "t", "t", "t", "t", "t", "t", "t", "t", "t", "t", "t", "t", "t", "t", "t", "t", "t", "t", "t", "t", "t", "t", "t", "t", "t", "t", "t", "t", "t", "t", "t", "t", "t", "t", "t", "t", "t", "t", "t", "t", "t", "t", "t", "t", "t", "t", "t", "t", "t", "t", "t", "t", "t", "t", "t", "t", "t", "t", "t", "t", "t", "t", "t", "t", "t", "t", "t", "t", "t", "t", "t", "t", "t", "t", "t", "t", "t", "t", "t", "t", "t", "t", "t"], "initial_reset_timestamp": 1526289476.8315425}