{"timestamps": [1526286426.7362344, 1526286427.0501776, 1526286427.1281242, 1526286427.204899, 1526286427.258168, 1526286427.3123329, 1526286427.380729, 1526286427.456685, 1526286427.4986231, 1526286427.554797, 1526286427.618544, 1526286427.665813, 1526286427.7138166, 1526286427.791719, 1526286427.8597596, 1526286427.903636, 1526286427.9523993, 1526286427.9931424, 1526286428.0545979, 1526286428.125386, 1526286428.1746655, 1526286428.2355995, 1526286428.2805986, 1526286428.3237262, 1526286428.3898857, 1526286428.439387, 1526286428.4798703, 1526286428.5348542, 1526286428.5817618, 1526286428.63444, 1526286428.682381, 1526286428.7349014, 1526286428.7839434, 1526286428.829867, 1526286428.8754308, 1526286428.9208944, 1526286428.954508, 1526286429.0020125, 1526286429.0392532, 1526286429.081933, 1526286429.1232028, 1526286429.1735106, 1526286429.2065766, 1526286429.2495718, 1526286429.294426, 1526286429.337584, 1526286429.380997, 1526286429.427462, 1526286429.4655046, 1526286429.5148442, 1526286429.566954, 1526286429.6182675, 1526286429.6637135, 1526286429.70242, 1526286429.7397003, 1526286429.7852132, 1526286429.8279593, 1526286429.8694205, 1526286429.9056735, 1526286429.9472532, 1526286429.9868648, 1526286430.026069, 1526286430.0589483, 1526286430.0910285, 1526286430.1302855, 1526286430.1692655, 1526286430.209326, 1526286430.2493138, 1526286430.2828522, 1526286430.3151758, 1526286430.3627982, 1526286430.4152439, 1526286430.4541748, 1526286430.4941711, 1526286430.525394, 1526286430.5651007, 1526286430.6019104, 1526286430.6418948, 1526286430.6814, 1526286430.722319, 1526286430.756811, 1526286430.792028, 1526286430.838079, 1526286430.8844576, 1526286430.934035, 1526286430.978235, 1526286431.0220845, 1526286431.0535665, 1526286431.0850642, 1526286431.1239018, 1526286431.1623545, 1526286431.1962614, 1526286431.234113, 1526286431.2735581, 1526286431.3124938, 1526286431.3540137, 1526286431.401631, 1526286431.4407642, 1526286431.4719968, 1526286431.504491], "episode_lengths": [95, 105, 105, 84, 105, 105, 105, 105, 88, 107, 107, 104, 107, 109, 105, 105, 104, 87, 106, 105, 106, 106, 104, 105, 105, 97, 96, 115, 106, 105, 105, 104, 105, 106, 106, 105, 88, 105, 92, 105, 105, 104, 86, 105, 105, 100, 84, 106, 91, 107, 105, 105, 106, 86, 87, 105, 105, 107, 95, 106, 105, 105, 88, 86, 105, 104, 105, 105, 85, 86, 105, 105, 105, 106, 84, 106, 98, 106, 105, 105, 85, 86, 107, 107, 104, 87, 106, 84, 84, 104, 103, 91, 102, 106, 105, 89, 106, 105, 84, 88], "episode_rewards": [-95.0, -105.0, -105.0, -84.0, -105.0, -105.0, -105.0, -105.0, -88.0, -107.0, -107.0, -104.0, -107.0, -109.0, -105.0, -105.0, -104.0, -87.0, -106.0, -105.0, -106.0, -106.0, -104.0, -105.0, -105.0, -97.0, -96.0, -115.0, -106.0, -105.0, -105.0, -104.0, -105.0, -106.0, -106.0, -105.0, -88.0, -105.0, -92.0, -105.0, -105.0, -104.0, -86.0, -105.0, -105.0, -100.0, -84.0, -106.0, -91.0, -107.0, -105.0, -105.0, -106.0, -86.0, -87.0, -105.0, -105.0, -107.0, -95.0, -106.0, -105.0, -105.0, -88.0, -86.0, -105.0, -104.0, -105.0, -105.0, -85.0, -86.0, -105.0, -105.0, -105.0, -106.0, -84.0, -106.0, -98.0, -106.0, -105.0, -105.0, -85.0, -86.0, -107.0, -107.0, -104.0, -87.0, -106.0, -84.0, -84.0, -104.0, -103.0, -91.0, -102.0, -106.0, -105.0, -89.0, -106.0, -105.0, -84.0, -88.0], "episode_types": ["t", "t", "t", "t", "t", "t", "t", "t", "t", "t", "t", "t", "t", "t", "t", "t", "t", "t", "t", "t", "t", "t", "t", "t", "t", "t", "t", "t", "t", "t", "t", "t", "t", "t", "t", "t", "t", "t", "t", "t", "t", "t", "t", "t", "t", "t", "t", "t", "t", "t", "t", "t", "t", "t", "t", "t", "t", "t", "t", "t", "t", "t", "t", "t", "t", "t", "t", "t", "t", "t", "t", "t", "t", "t", "t", "t", "t", "t", "t", "t", "t", "t", "t", "t", "t", "t", "t", "t", "t", "t", "t", "t", "t", "t", "t", "t", "t", "t", "t", "t"], "initial_reset_timestamp": 1526286423.635031}