{"timestamps": [1526293479.5703373, 1526293479.7741778, 1526293479.8127048, 1526293479.873672, 1526293479.9124293, 1526293479.9511096, 1526293479.9901545, 1526293480.0497704, 1526293480.0834227, 1526293480.1335297, 1526293480.1744752, 1526293480.2142277, 1526293480.2493465, 1526293480.2884638, 1526293480.3273015, 1526293480.3655171, 1526293480.4254665, 1526293480.4642594, 1526293480.502742, 1526293480.5420797, 1526293480.5807455, 1526293480.6119463, 1526293480.6445932, 1526293480.683852, 1526293480.7232301, 1526293480.7628129, 1526293480.8019516, 1526293480.8399584, 1526293480.8719478, 1526293480.9054706, 1526293480.9400315, 1526293480.97842, 1526293481.0170853, 1526293481.0560522, 1526293481.0952933, 1526293481.1452272, 1526293481.1880705, 1526293481.2191846, 1526293481.249999, 1526293481.281276, 1526293481.342143, 1526293481.4039562, 1526293481.436447, 1526293481.4754233, 1526293481.5137267, 1526293481.5777142, 1526293481.61684, 1526293481.6790397, 1526293481.7381642, 1526293481.7774541, 1526293481.8092177, 1526293481.8471324, 1526293481.8851717, 1526293481.916843, 1526293481.9553456, 1526293481.993498, 1526293482.0320039, 1526293482.0698888, 1526293482.1096747, 1526293482.1778982, 1526293482.2360022, 1526293482.2672637, 1526293482.3072128, 1526293482.3388805, 1526293482.4027665, 1526293482.460272, 1526293482.5033453, 1526293482.542608, 1526293482.5806606, 1526293482.6198778, 1526293482.6800065, 1526293482.718894, 1526293482.7585208, 1526293482.797109, 1526293482.8354857, 1526293482.8733835, 1526293482.9121222, 1526293482.9715395, 1526293483.0105836, 1526293483.0714233, 1526293483.1104681, 1526293483.1593883, 1526293483.2203255, 1526293483.2582784, 1526293483.2973456, 1526293483.3402143, 1526293483.3747036, 1526293483.417209, 1526293483.4559896, 1526293483.489524, 1526293483.5287979, 1526293483.5671508, 1526293483.6082866, 1526293483.6424408, 1526293483.68172, 1526293483.7209163, 1526293483.7823188, 1526293483.8210752, 1526293483.8536985, 1526293483.9149897], "episode_lengths": [90, 104, 105, 167, 106, 106, 107, 164, 92, 105, 107, 105, 90, 106, 106, 105, 164, 105, 105, 107, 105, 85, 88, 105, 107, 104, 106, 104, 87, 92, 95, 104, 106, 107, 106, 105, 111, 85, 85, 85, 167, 168, 89, 105, 104, 174, 106, 168, 161, 106, 87, 104, 104, 87, 106, 104, 105, 104, 108, 164, 157, 86, 107, 87, 175, 157, 107, 107, 104, 106, 164, 105, 109, 105, 105, 104, 105, 163, 105, 167, 104, 106, 164, 104, 106, 118, 95, 116, 105, 91, 105, 105, 107, 89, 105, 106, 167, 106, 90, 168], "episode_rewards": [-90.0, -104.0, -105.0, -167.0, -106.0, -106.0, -107.0, -164.0, -92.0, -105.0, -107.0, -105.0, -90.0, -106.0, -106.0, -105.0, -164.0, -105.0, -105.0, -107.0, -105.0, -85.0, -88.0, -105.0, -107.0, -104.0, -106.0, -104.0, -87.0, -92.0, -95.0, -104.0, -106.0, -107.0, -106.0, -105.0, -111.0, -85.0, -85.0, -85.0, -167.0, -168.0, -89.0, -105.0, -104.0, -174.0, -106.0, -168.0, -161.0, -106.0, -87.0, -104.0, -104.0, -87.0, -106.0, -104.0, -105.0, -104.0, -108.0, -164.0, -157.0, -86.0, -107.0, -87.0, -175.0, -157.0, -107.0, -107.0, -104.0, -106.0, -164.0, -105.0, -109.0, -105.0, -105.0, -104.0, -105.0, -163.0, -105.0, -167.0, -104.0, -106.0, -164.0, -104.0, -106.0, -118.0, -95.0, -116.0, -105.0, -91.0, -105.0, -105.0, -107.0, -89.0, -105.0, -106.0, -167.0, -106.0, -90.0, -168.0], "episode_types": ["t", "t", "t", "t", "t", "t", "t", "t", "t", "t", "t", "t", "t", "t", "t", "t", "t", "t", "t", "t", "t", "t", "t", "t", "t", "t", "t", "t", "t", "t", "t", "t", "t", "t", "t", "t", "t", "t", "t", "t", "t", "t", "t", "t", "t", "t", "t", "t", "t", "t", "t", "t", "t", "t", "t", "t", "t", "t", "t", "t", "t", "t", "t", "t", "t", "t", "t", "t", "t", "t", "t", "t", "t", "t", "t", "t", "t", "t", "t", "t", "t", "t", "t", "t", "t", "t", "t", "t", "t", "t", "t", "t", "t", "t", "t", "t", "t", "t", "t", "t"], "initial_reset_timestamp": 1526293477.2826643}