{"timestamps": [1526298935.360205, 1526298935.6315641, 1526298935.6788645, 1526298935.736843, 1526298935.7766035, 1526298935.8158064, 1526298935.8552234, 1526298935.8900287, 1526298935.9484851, 1526298936.0065906, 1526298936.046104, 1526298936.07816, 1526298936.1171777, 1526298936.1568599, 1526298936.2140317, 1526298936.2529614, 1526298936.2927382, 1526298936.3244154, 1526298936.3631682, 1526298936.4217596, 1526298936.4606671, 1526298936.523256, 1526298936.555263, 1526298936.5971878, 1526298936.6587348, 1526298936.699148, 1526298936.759515, 1526298936.7919776, 1526298936.830924, 1526298936.8654914, 1526298936.9222138, 1526298936.9613822, 1526298937.0020318, 1526298937.0419788, 1526298937.0849936, 1526298937.1252294, 1526298937.1840959, 1526298937.2241652, 1526298937.2639267, 1526298937.3038988, 1526298937.3364568, 1526298937.3709776, 1526298937.4279132, 1526298937.5075157, 1526298937.6267245, 1526298937.6876144, 1526298937.765918, 1526298937.8030195, 1526298937.8364663, 1526298937.8789406, 1526298937.920087, 1526298937.9571793, 1526298937.9978657, 1526298938.0560277, 1526298938.0994716, 1526298938.1577952, 1526298938.1973186, 1526298938.236875, 1526298938.2941768, 1526298938.3336573, 1526298938.3736818, 1526298938.4365132, 1526298938.4983473, 1526298938.5314345, 1526298938.563059, 1526298938.6020265, 1526298938.6419609, 1526298938.708455, 1526298938.7550912, 1526298938.7880683, 1526298938.8273692, 1526298938.8705893, 1526298938.9021885, 1526298938.9413836, 1526298938.9977417, 1526298939.0291276, 1526298939.0872822, 1526298939.122584, 1526298939.1622918, 1526298939.1993861, 1526298939.2572782, 1526298939.2975073, 1526298939.354666, 1526298939.3867865, 1526298939.4263344, 1526298939.4651752, 1526298939.5044036, 1526298939.5371528, 1526298939.572248, 1526298939.6287203, 1526298939.6737726, 1526298939.738627, 1526298939.7788725, 1526298939.8113117, 1526298939.8510573, 1526298939.890629, 1526298939.9304762, 1526298939.9628315, 1526298940.0035436, 1526298940.0588753], "episode_lengths": [89, 106, 87, 153, 106, 105, 106, 93, 156, 155, 106, 86, 105, 106, 152, 105, 106, 86, 105, 159, 105, 167, 85, 105, 121, 105, 163, 87, 105, 93, 151, 105, 105, 105, 107, 105, 151, 106, 105, 106, 86, 93, 152, 150, 166, 84, 106, 86, 88, 113, 106, 97, 105, 152, 105, 155, 105, 106, 152, 106, 105, 167, 167, 89, 86, 105, 105, 106, 105, 88, 105, 118, 84, 105, 151, 84, 156, 94, 106, 99, 157, 105, 152, 87, 105, 106, 105, 89, 96, 152, 92, 106, 105, 86, 106, 105, 106, 86, 105, 106], "episode_rewards": [-89.0, -106.0, -87.0, -153.0, -106.0, -105.0, -106.0, -93.0, -156.0, -155.0, -106.0, -86.0, -105.0, -106.0, -152.0, -105.0, -106.0, -86.0, -105.0, -159.0, -105.0, -167.0, -85.0, -105.0, -121.0, -105.0, -163.0, -87.0, -105.0, -93.0, -151.0, -105.0, -105.0, -105.0, -107.0, -105.0, -151.0, -106.0, -105.0, -106.0, -86.0, -93.0, -152.0, -150.0, -166.0, -84.0, -106.0, -86.0, -88.0, -113.0, -106.0, -97.0, -105.0, -152.0, -105.0, -155.0, -105.0, -106.0, -152.0, -106.0, -105.0, -167.0, -167.0, -89.0, -86.0, -105.0, -105.0, -106.0, -105.0, -88.0, -105.0, -118.0, -84.0, -105.0, -151.0, -84.0, -156.0, -94.0, -106.0, -99.0, -157.0, -105.0, -152.0, -87.0, -105.0, -106.0, -105.0, -89.0, -96.0, -152.0, -92.0, -106.0, -105.0, -86.0, -106.0, -105.0, -106.0, -86.0, -105.0, -106.0], "episode_types": ["t", "t", "t", "t", "t", "t", "t", "t", "t", "t", "t", "t", "t", "t", "t", "t", "t", "t", "t", "t", "t", "t", "t", "t", "t", "t", "t", "t", "t", "t", "t", "t", "t", "t", "t", "t", "t", "t", "t", "t", "t", "t", "t", "t", "t", "t", "t", "t", "t", "t", "t", "t", "t", "t", "t", "t", "t", "t", "t", "t", "t", "t", "t", "t", "t", "t", "t", "t", "t", "t", "t", "t", "t", "t", "t", "t", "t", "t", "t", "t", "t", "t", "t", "t", "t", "t", "t", "t", "t", "t", "t", "t", "t", "t", "t", "t", "t", "t", "t", "t"], "initial_reset_timestamp": 1526298932.7948995}