{"timestamps": [1526296798.7988262, 1526296799.0355449, 1526296799.0702622, 1526296799.1095176, 1526296799.1498947, 1526296799.1887395, 1526296799.2453167, 1526296799.278854, 1526296799.3176873, 1526296799.356955, 1526296799.4178598, 1526296799.4622052, 1526296799.5029972, 1526296799.5426989, 1526296799.5833511, 1526296799.6291366, 1526296799.669089, 1526296799.70866, 1526296799.741668, 1526296799.7823377, 1526296799.821307, 1526296799.8786232, 1526296799.9360797, 1526296799.9925635, 1526296800.0320165, 1526296800.0676877, 1526296800.129188, 1526296800.18725, 1526296800.228036, 1526296800.2947342, 1526296800.3336186, 1526296800.366713, 1526296800.4249465, 1526296800.4706569, 1526296800.5100925, 1526296800.5493138, 1526296800.5891447, 1526296800.6283176, 1526296800.6604514, 1526296800.7252595, 1526296800.764681, 1526296800.8046536, 1526296800.8471322, 1526296800.887094, 1526296800.9192955, 1526296800.9784963, 1526296801.0180116, 1526296801.0589225, 1526296801.098652, 1526296801.1383555, 1526296801.197022, 1526296801.2368212, 1526296801.2723722, 1526296801.308751, 1526296801.3955626, 1526296801.481522, 1526296801.526172, 1526296801.5669343, 1526296801.6102982, 1526296801.6514585, 1526296801.7142327, 1526296801.7479222, 1526296801.8112836, 1526296801.869588, 1526296801.923116, 1526296801.9659705, 1526296802.068914, 1526296802.1395645, 1526296802.2117252, 1526296802.2698298, 1526296802.3298938, 1526296802.4335885, 1526296802.5082407, 1526296802.5624897, 1526296802.6114109, 1526296802.6628788, 1526296802.712943, 1526296802.7566917, 1526296802.795196, 1526296802.8348572, 1526296802.867487, 1526296802.9001603, 1526296802.945021, 1526296803.0253928, 1526296803.0986314, 1526296803.1343558, 1526296803.1718495, 1526296803.2160416, 1526296803.286559, 1526296803.3681326, 1526296803.4433298, 1526296803.491322, 1526296803.5331593, 1526296803.572659, 1526296803.612555, 1526296803.6499145, 1526296803.6946082, 1526296803.7429736, 1526296803.810592, 1526296803.8575566], "episode_lengths": [89, 88, 93, 105, 107, 105, 153, 90, 104, 104, 104, 89, 107, 105, 107, 123, 104, 106, 88, 107, 105, 154, 153, 150, 105, 96, 166, 153, 105, 174, 105, 87, 89, 105, 105, 105, 105, 104, 84, 171, 104, 105, 107, 105, 85, 154, 105, 106, 106, 97, 153, 106, 94, 96, 158, 138, 105, 106, 94, 106, 153, 87, 107, 104, 105, 106, 166, 105, 107, 86, 89, 153, 105, 105, 105, 88, 107, 107, 104, 105, 87, 88, 107, 173, 157, 84, 86, 104, 158, 166, 105, 104, 104, 105, 85, 87, 106, 106, 105, 107], "episode_rewards": [-89.0, -88.0, -93.0, -105.0, -107.0, -105.0, -153.0, -90.0, -104.0, -104.0, -104.0, -89.0, -107.0, -105.0, -107.0, -123.0, -104.0, -106.0, -88.0, -107.0, -105.0, -154.0, -153.0, -150.0, -105.0, -96.0, -166.0, -153.0, -105.0, -174.0, -105.0, -87.0, -89.0, -105.0, -105.0, -105.0, -105.0, -104.0, -84.0, -171.0, -104.0, -105.0, -107.0, -105.0, -85.0, -154.0, -105.0, -106.0, -106.0, -97.0, -153.0, -106.0, -94.0, -96.0, -158.0, -138.0, -105.0, -106.0, -94.0, -106.0, -153.0, -87.0, -107.0, -104.0, -105.0, -106.0, -166.0, -105.0, -107.0, -86.0, -89.0, -153.0, -105.0, -105.0, -105.0, -88.0, -107.0, -107.0, -104.0, -105.0, -87.0, -88.0, -107.0, -173.0, -157.0, -84.0, -86.0, -104.0, -158.0, -166.0, -105.0, -104.0, -104.0, -105.0, -85.0, -87.0, -106.0, -106.0, -105.0, -107.0], "episode_types": ["t", "t", "t", "t", "t", "t", "t", "t", "t", "t", "t", "t", "t", "t", "t", "t", "t", "t", "t", "t", "t", "t", "t", "t", "t", "t", "t", "t", "t", "t", "t", "t", "t", "t", "t", "t", "t", "t", "t", "t", "t", "t", "t", "t", "t", "t", "t", "t", "t", "t", "t", "t", "t", "t", "t", "t", "t", "t", "t", "t", "t", "t", "t", "t", "t", "t", "t", "t", "t", "t", "t", "t", "t", "t", "t", "t", "t", "t", "t", "t", "t", "t", "t", "t", "t", "t", "t", "t", "t", "t", "t", "t", "t", "t", "t", "t", "t", "t", "t", "t"], "initial_reset_timestamp": 1526296796.1811986}