{"timestamps": [1526292283.9160254, 1526292284.1793587, 1526292284.2280169, 1526292284.2757204, 1526292284.3277888, 1526292284.3764758, 1526292284.4225168, 1526292284.4855306, 1526292284.5403996, 1526292284.5858016, 1526292284.6310363, 1526292284.681838, 1526292284.725106, 1526292284.7765472, 1526292284.8176303, 1526292284.8589158, 1526292284.9048188, 1526292284.9597268, 1526292285.0121686, 1526292285.0686095, 1526292285.109173, 1526292285.15003, 1526292285.188844, 1526292285.231808, 1526292285.2801116, 1526292285.3404799, 1526292285.4040544, 1526292285.4728148, 1526292285.5395658, 1526292285.5840816, 1526292285.6230183, 1526292285.6573918, 1526292285.6972144, 1526292285.7336411, 1526292285.7730033, 1526292285.8063512, 1526292285.8496127, 1526292285.9040897, 1526292285.94975, 1526292286.0028353, 1526292286.0561874, 1526292286.1054363, 1526292286.1580348, 1526292286.2035692, 1526292286.2426581, 1526292286.2816563, 1526292286.3281147, 1526292286.3678267, 1526292286.4001915, 1526292286.4486291, 1526292286.514374, 1526292286.565594, 1526292286.6124282, 1526292286.6611035, 1526292286.706468, 1526292286.7461987, 1526292286.785344, 1526292286.825089, 1526292286.8640637, 1526292286.8996556, 1526292286.9315283, 1526292286.9638157, 1526292287.0024726, 1526292287.0413713, 1526292287.0805376, 1526292287.1130347, 1526292287.1523728, 1526292287.1838195, 1526292287.2223907, 1526292287.268469, 1526292287.3170657, 1526292287.3542147, 1526292287.3902526, 1526292287.4476674, 1526292287.5145447, 1526292287.5626547, 1526292287.6017194, 1526292287.6335113, 1526292287.6665998, 1526292287.7055373, 1526292287.744273, 1526292287.7752407, 1526292287.816349, 1526292287.8634658, 1526292287.9073288, 1526292287.9553506, 1526292288.00139, 1526292288.0490036, 1526292288.0994692, 1526292288.1456404, 1526292288.1879308, 1526292288.2276752, 1526292288.2688754, 1526292288.3214662, 1526292288.3704503, 1526292288.4226828, 1526292288.4867754, 1526292288.542373, 1526292288.5785313, 1526292288.6194413], "episode_lengths": [106, 87, 105, 104, 105, 105, 98, 105, 105, 105, 91, 105, 91, 104, 92, 90, 105, 105, 104, 106, 88, 104, 105, 107, 105, 96, 105, 105, 107, 106, 97, 84, 106, 97, 105, 89, 105, 106, 84, 105, 115, 105, 105, 105, 105, 105, 106, 105, 86, 90, 105, 85, 104, 104, 106, 92, 105, 105, 105, 96, 86, 84, 104, 105, 106, 88, 105, 85, 105, 103, 106, 89, 84, 106, 105, 106, 104, 85, 88, 105, 105, 84, 105, 105, 93, 108, 107, 105, 111, 104, 107, 105, 106, 104, 95, 104, 105, 85, 84, 103], "episode_rewards": [-106.0, -87.0, -105.0, -104.0, -105.0, -105.0, -98.0, -105.0, -105.0, -105.0, -91.0, -105.0, -91.0, -104.0, -92.0, -90.0, -105.0, -105.0, -104.0, -106.0, -88.0, -104.0, -105.0, -107.0, -105.0, -96.0, -105.0, -105.0, -107.0, -106.0, -97.0, -84.0, -106.0, -97.0, -105.0, -89.0, -105.0, -106.0, -84.0, -105.0, -115.0, -105.0, -105.0, -105.0, -105.0, -105.0, -106.0, -105.0, -86.0, -90.0, -105.0, -85.0, -104.0, -104.0, -106.0, -92.0, -105.0, -105.0, -105.0, -96.0, -86.0, -84.0, -104.0, -105.0, -106.0, -88.0, -105.0, -85.0, -105.0, -103.0, -106.0, -89.0, -84.0, -106.0, -105.0, -106.0, -104.0, -85.0, -88.0, -105.0, -105.0, -84.0, -105.0, -105.0, -93.0, -108.0, -107.0, -105.0, -111.0, -104.0, -107.0, -105.0, -106.0, -104.0, -95.0, -104.0, -105.0, -85.0, -84.0, -103.0], "episode_types": ["t", "t", "t", "t", "t", "t", "t", "t", "t", "t", "t", "t", "t", "t", "t", "t", "t", "t", "t", "t", "t", "t", "t", "t", "t", "t", "t", "t", "t", "t", "t", "t", "t", "t", "t", "t", "t", "t", "t", "t", "t", "t", "t", "t", "t", "t", "t", "t", "t", "t", "t", "t", "t", "t", "t", "t", "t", "t", "t", "t", "t", "t", "t", "t", "t", "t", "t", "t", "t", "t", "t", "t", "t", "t", "t", "t", "t", "t", "t", "t", "t", "t", "t", "t", "t", "t", "t", "t", "t", "t", "t", "t", "t", "t", "t", "t", "t", "t", "t", "t"], "initial_reset_timestamp": 1526292280.879538}