{"timestamps": [1526289620.1286824, 1526289620.219363, 1526289620.2344592, 1526289620.246783, 1526289620.2611303, 1526289620.2770894, 1526289620.2947683, 1526289620.3094118, 1526289620.3231828, 1526289620.3401563, 1526289620.3573809, 1526289620.373615, 1526289620.3903666, 1526289620.4129102, 1526289620.4375384, 1526289620.4521418, 1526289620.4666193, 1526289620.4823828, 1526289620.4944792, 1526289620.515428, 1526289620.5300238, 1526289620.551162, 1526289620.5636, 1526289620.5844355, 1526289620.5992281, 1526289620.6136632, 1526289620.6253104, 1526289620.64048, 1526289620.6558256, 1526289620.671443, 1526289620.70314, 1526289620.734918, 1526289620.7616026, 1526289620.7842462, 1526289620.8104892, 1526289620.8297105, 1526289620.8475213, 1526289620.863556, 1526289620.88673, 1526289620.8988516, 1526289620.9111242, 1526289620.9264855, 1526289620.9381092, 1526289620.9500349, 1526289620.9616024, 1526289620.9733138, 1526289620.9944265, 1526289621.0089717, 1526289621.0216682, 1526289621.0348613, 1526289621.0467696, 1526289621.067569, 1526289621.0827284, 1526289621.0976562, 1526289621.1103249, 1526289621.1227906, 1526289621.1378422, 1526289621.1528459, 1526289621.1684446, 1526289621.1856685, 1526289621.2068183, 1526289621.2209826, 1526289621.2347744, 1526289621.263746, 1526289621.2788596, 1526289621.2968242, 1526289621.32231, 1526289621.335432, 1526289621.3570828, 1526289621.3717303, 1526289621.3853428, 1526289621.4064746, 1526289621.4186592, 1526289621.439593, 1526289621.4607368, 1526289621.4758925, 1526289621.4906945, 1526289621.5053568, 1526289621.5260513, 1526289621.5405014, 1526289621.5522676, 1526289621.5642223, 1526289621.5760348, 1526289621.5905573, 1526289621.6058488, 1526289621.6183114, 1526289621.639365, 1526289621.6518686, 1526289621.6660085, 1526289621.6812332, 1526289621.6950295, 1526289621.710375, 1526289621.7231839, 1526289621.7451637, 1526289621.7606719, 1526289621.77581, 1526289621.797975, 1526289621.816603, 1526289621.8397143, 1526289621.8569238], "episode_lengths": [86, 85, 105, 88, 103, 105, 112, 87, 85, 89, 106, 107, 105, 150, 177, 105, 105, 114, 87, 151, 105, 153, 90, 151, 107, 105, 84, 106, 105, 106, 151, 118, 150, 153, 105, 115, 106, 106, 165, 85, 89, 106, 84, 86, 84, 84, 151, 106, 92, 96, 87, 150, 107, 105, 92, 90, 109, 105, 108, 111, 115, 84, 86, 157, 90, 107, 154, 86, 154, 105, 99, 151, 87, 152, 153, 107, 106, 106, 150, 105, 86, 87, 86, 105, 112, 91, 150, 91, 103, 106, 86, 91, 84, 152, 106, 106, 151, 103, 153, 112], "episode_rewards": [-86.0, -85.0, -105.0, -88.0, -103.0, -105.0, -112.0, -87.0, -85.0, -89.0, -106.0, -107.0, -105.0, -150.0, -177.0, -105.0, -105.0, -114.0, -87.0, -151.0, -105.0, -153.0, -90.0, -151.0, -107.0, -105.0, -84.0, -106.0, -105.0, -106.0, -151.0, -118.0, -150.0, -153.0, -105.0, -115.0, -106.0, -106.0, -165.0, -85.0, -89.0, -106.0, -84.0, -86.0, -84.0, -84.0, -151.0, -106.0, -92.0, -96.0, -87.0, -150.0, -107.0, -105.0, -92.0, -90.0, -109.0, -105.0, -108.0, -111.0, -115.0, -84.0, -86.0, -157.0, -90.0, -107.0, -154.0, -86.0, -154.0, -105.0, -99.0, -151.0, -87.0, -152.0, -153.0, -107.0, -106.0, -106.0, -150.0, -105.0, -86.0, -87.0, -86.0, -105.0, -112.0, -91.0, -150.0, -91.0, -103.0, -106.0, -86.0, -91.0, -84.0, -152.0, -106.0, -106.0, -151.0, -103.0, -153.0, -112.0], "episode_types": ["t", "t", "t", "t", "t", "t", "t", "t", "t", "t", "t", "t", "t", "t", "t", "t", "t", "t", "t", "t", "t", "t", "t", "t", "t", "t", "t", "t", "t", "t", "t", "t", "t", "t", "t", "t", "t", "t", "t", "t", "t", "t", "t", "t", "t", "t", "t", "t", "t", "t", "t", "t", "t", "t", "t", "t", "t", "t", "t", "t", "t", "t", "t", "t", "t", "t", "t", "t", "t", "t", "t", "t", "t", "t", "t", "t", "t", "t", "t", "t", "t", "t", "t", "t", "t", "t", "t", "t", "t", "t", "t", "t", "t", "t", "t", "t", "t", "t", "t", "t"], "initial_reset_timestamp": 1526289618.6588006}