{"timestamps": [1526345067.4743173, 1526345067.789265, 1526345067.8697007, 1526345067.909481, 1526345067.9412746, 1526345067.9790149, 1526345068.0190058, 1526345068.059358, 1526345068.094245, 1526345068.1272986, 1526345068.16859, 1526345068.2098126, 1526345068.2486503, 1526345068.281666, 1526345068.3151832, 1526345068.3548324, 1526345068.3944163, 1526345068.4359884, 1526345068.4998837, 1526345068.5398161, 1526345068.579593, 1526345068.6195745, 1526345068.6590953, 1526345068.6955194, 1526345068.7331612, 1526345068.7723198, 1526345068.8344598, 1526345068.8966227, 1526345068.941083, 1526345068.9728198, 1526345069.005916, 1526345069.0458572, 1526345069.0858643, 1526345069.1293566, 1526345069.1690314, 1526345069.2024627, 1526345069.2416058, 1526345069.2812371, 1526345069.320433, 1526345069.361312, 1526345069.400767, 1526345069.4338672, 1526345069.4740558, 1526345069.5080984, 1526345069.5470772, 1526345069.5858312, 1526345069.617309, 1526345069.6563892, 1526345069.689707, 1526345069.7291062, 1526345069.764182, 1526345069.834268, 1526345069.896077, 1526345069.9357545, 1526345069.975288, 1526345070.0163045, 1526345070.0570388, 1526345070.097114, 1526345070.1309268, 1526345070.1719286, 1526345070.2124364, 1526345070.252468, 1526345070.2857323, 1526345070.3200889, 1526345070.3598523, 1526345070.392102, 1526345070.4312673, 1526345070.463073, 1526345070.4962304, 1526345070.535621, 1526345070.5684261, 1526345070.6002698, 1526345070.631984, 1526345070.6709366, 1526345070.7097256, 1526345070.7495708, 1526345070.7919629, 1526345070.863598, 1526345070.9055858, 1526345070.9389324, 1526345070.9790144, 1526345071.013492, 1526345071.0541618, 1526345071.093949, 1526345071.126512, 1526345071.1675627, 1526345071.2109427, 1526345071.2506979, 1526345071.2848325, 1526345071.3247094, 1526345071.362955, 1526345071.4024062, 1526345071.442173, 1526345071.4744403, 1526345071.5073154, 1526345071.5398302, 1526345071.5782294, 1526345071.6194577, 1526345071.6585402, 1526345071.6903062], "episode_lengths": [106, 107, 107, 104, 84, 98, 104, 106, 91, 87, 106, 107, 105, 86, 88, 105, 105, 106, 84, 87, 107, 107, 106, 98, 103, 105, 85, 105, 115, 84, 87, 105, 104, 115, 104, 86, 105, 105, 105, 107, 105, 89, 107, 92, 105, 105, 86, 105, 91, 107, 93, 106, 106, 105, 105, 107, 105, 105, 90, 107, 106, 107, 86, 92, 105, 87, 105, 86, 89, 107, 89, 86, 86, 104, 105, 106, 90, 105, 105, 88, 106, 90, 107, 105, 86, 107, 111, 105, 91, 106, 96, 105, 105, 86, 87, 88, 104, 106, 105, 85], "episode_rewards": [-106.0, -107.0, -107.0, -104.0, -84.0, -98.0, -104.0, -106.0, -91.0, -87.0, -106.0, -107.0, -105.0, -86.0, -88.0, -105.0, -105.0, -106.0, -84.0, -87.0, -107.0, -107.0, -106.0, -98.0, -103.0, -105.0, -85.0, -105.0, -115.0, -84.0, -87.0, -105.0, -104.0, -115.0, -104.0, -86.0, -105.0, -105.0, -105.0, -107.0, -105.0, -89.0, -107.0, -92.0, -105.0, -105.0, -86.0, -105.0, -91.0, -107.0, -93.0, -106.0, -106.0, -105.0, -105.0, -107.0, -105.0, -105.0, -90.0, -107.0, -106.0, -107.0, -86.0, -92.0, -105.0, -87.0, -105.0, -86.0, -89.0, -107.0, -89.0, -86.0, -86.0, -104.0, -105.0, -106.0, -90.0, -105.0, -105.0, -88.0, -106.0, -90.0, -107.0, -105.0, -86.0, -107.0, -111.0, -105.0, -91.0, -106.0, -96.0, -105.0, -105.0, -86.0, -87.0, -88.0, -104.0, -106.0, -105.0, -85.0], "episode_types": ["t", "t", "t", "t", "t", "t", "t", "t", "t", "t", "t", "t", "t", "t", "t", "t", "t", "t", "t", "t", "t", "t", "t", "t", "t", "t", "t", "t", "t", "t", "t", "t", "t", "t", "t", "t", "t", "t", "t", "t", "t", "t", "t", "t", "t", "t", "t", "t", "t", "t", "t", "t", "t", "t", "t", "t", "t", "t", "t", "t", "t", "t", "t", "t", "t", "t", "t", "t", "t", "t", "t", "t", "t", "t", "t", "t", "t", "t", "t", "t", "t", "t", "t", "t", "t", "t", "t", "t", "t", "t", "t", "t", "t", "t", "t", "t", "t", "t", "t", "t"], "initial_reset_timestamp": 1526345064.4289925}