{"timestamps": [1524340811.9320416, 1524340825.5038788, 1524340838.5705082, 1524340852.1669931, 1524340865.9560578, 1524340879.5066469, 1524340893.5706546, 1524340895.6954339, 1524340909.1559834, 1524340922.4756277, 1524340936.3602786, 1524340949.8038352, 1524340962.9480624, 1524340967.4880345, 1524340973.2758977, 1524340987.027683, 1524341000.398137, 1524341001.4838247, 1524341014.8720422, 1524341016.0517182, 1524341029.629855, 1524341044.0791912, 1524341057.7686477, 1524341072.2605996, 1524341087.054824, 1524341102.2765908, 1524341116.6915743, 1524341130.304935, 1524341143.5682297, 1524341157.123532, 1524341171.3457303, 1524341172.5203958, 1524341185.641342, 1524341199.7860696, 1524341213.088136, 1524341216.0872366, 1524341229.441251, 1524341231.5968635, 1524341245.3988416, 1524341258.8848395, 1524341260.0942981, 1524341273.426705, 1524341287.1241407, 1524341300.6336334, 1524341314.1344898, 1524341327.9356153, 1524341340.9656336, 1524341354.2952836, 1524341367.3584342, 1524341380.8109033, 1524341394.4749722, 1524341408.1371841, 1524341421.6086752, 1524341434.613609, 1524341447.9145093, 1524341461.5103276, 1524341462.7194588, 1524341476.7388537, 1524341490.1204453, 1524341503.3047972, 1524341517.7293646, 1524341530.9702923, 1524341544.5015285, 1524341557.473143, 1524341570.770881, 1524341583.1483266, 1524341596.8091218, 1524341610.084965, 1524341623.5550435, 1524341637.4473555, 1524341651.316162, 1524341664.3293774, 1524341677.7027035, 1524341691.3318143, 1524341704.908268, 1524341718.7654116, 1524341732.4682655, 1524341746.038314, 1524341747.3544269, 1524341760.7551005, 1524341774.4971511, 1524341776.0351422, 1524341790.0782, 1524341804.6017852, 1524341819.2098403, 1524341833.007253, 1524341834.2051418, 1524341848.9719846, 1524341850.531376, 1524341851.733439, 1524341869.7185473, 1524341872.942149, 1524341873.5121384, 1524341880.4159372, 1524341881.1160853, 1524341887.4090397, 1524341893.8383522, 1524341903.9650023, 1524341922.8247347, 1524341940.9787905], "episode_lengths": [981, 982, 964, 1002, 984, 988, 1019, 147, 986, 984, 1010, 988, 958, 354, 414, 1020, 983, 78, 980, 85, 987, 1030, 1014, 995, 987, 999, 982, 993, 976, 982, 1043, 81, 994, 1051, 966, 225, 989, 169, 1015, 995, 86, 976, 1010, 1006, 989, 1010, 959, 984, 964, 983, 1005, 994, 1004, 970, 996, 997, 90, 1022, 1004, 979, 1049, 981, 986, 964, 985, 903, 1001, 989, 997, 1011, 1016, 973, 987, 1005, 984, 1018, 1009, 987, 89, 983, 998, 104, 1020, 999, 978, 976, 86, 989, 102, 70, 972, 485, 94, 999, 102, 998, 1018, 980, 989, 983], "episode_types": ["t", "t", "t", "t", "t", "t", "t", "t", "t", "t", "t", "t", "t", "t", "t", "t", "t", "t", "t", "t", "t", "t", "t", "t", "t", "t", "t", "t", "t", "t", "t", "t", "t", "t", "t", "t", "t", "t", "t", "t", "t", "t", "t", "t", "t", "t", "t", "t", "t", "t", "t", "t", "t", "t", "t", "t", "t", "t", "t", "t", "t", "t", "t", "t", "t", "t", "t", "t", "t", "t", "t", "t", "t", "t", "t", "t", "t", "t", "t", "t", "t", "t", "t", "t", "t", "t", "t", "t", "t", "t", "t", "t", "t", "t", "t", "t", "t", "t", "t", "t"], "episode_rewards": [265.5311441478454, 264.75552176478834, 266.25297686515114, 262.0067145057909, 264.3008386370911, 264.65815058653493, 261.03370227991763, -104.29952821043088, 265.3866662316874, 263.42712645015285, 262.4775248715213, 264.50685943967665, 127.93603975256869, -19.61834657042408, -17.884642664058347, 262.2603188610395, 265.03945365526255, -108.40697551755211, 265.07675737124015, -107.7244251117805, 264.64770396865185, 259.8291275060079, 262.2829462546281, 264.1532430307099, 265.0221196150722, 262.49095053554635, 264.13738135340907, 263.76930328707493, 264.1992622381404, 266.2709436308139, 259.7608865985546, -106.72915440970608, 264.07747878342735, 258.433417296103, 265.2384056771769, -67.3661590293355, 264.93816110901656, -81.50776296768744, 261.19484819348605, 264.2050776437659, -107.99029415096192, 266.3251005575539, 262.00358530106206, 262.92679572886357, 264.30339246337405, 263.0281410152512, 268.629019683051, 263.93617077977495, 267.4620592142116, 264.56401792942955, 262.2940750788847, 264.89245462295804, 262.55765426774883, 266.2525937379512, 261.8086998607945, 263.9772523470066, -120.51045021215685, 262.60751233678224, 262.24631566226935, 264.1681382305053, 259.0680306187723, 265.49752363504655, 265.17655354068546, 265.8918189769062, 264.5235698566771, 126.2804031946591, 263.22537560158827, 264.9036698169766, 263.546512833109, 262.76652098881794, 262.11341298175176, 265.82458656924524, 265.19212678977567, 262.8150143713572, 265.34166908926625, 262.570642794961, 263.7098047711613, 263.754445045163, -106.26641694693754, 264.42172427605533, 264.6633817873484, -129.99580844177055, 261.61373665195583, 262.7344594749721, 265.3239369117854, 265.10722766038634, -105.40434607028917, 264.58976849042637, -119.96163703130152, -106.42056154958479, 267.6649835389147, 12.069984654149152, -118.78583530309143, 264.012660828592, -105.4295845246819, 264.46728784959487, 262.2154358157337, 265.17380588931053, 263.89597714670424, 264.68044887634585], "initial_reset_timestamp": 1524340700.4761965}