{"timestamps": [1524164964.4551828, 1524164986.3837316, 1524165008.51354, 1524165030.6129751, 1524165033.085847, 1524165044.9263284, 1524165066.6800332, 1524165088.1378968, 1524165091.15339, 1524165102.1834111, 1524165120.4308527, 1524165141.7791014, 1524165149.9403815, 1524165170.661932, 1524165192.458771, 1524165213.7211447, 1524165231.7896972, 1524165253.426991, 1524165255.0808997, 1524165276.9012809, 1524165298.8514395, 1524165320.8956475, 1524165348.5932267, 1524165358.7807748, 1524165387.645319, 1524165410.1723588, 1524165413.9293633, 1524165428.7602096, 1524165444.3227112, 1524165466.1897686, 1524165488.415514, 1524165513.6962807, 1524165538.1876876, 1524165564.3282437, 1524165587.896447, 1524165620.6439536, 1524165650.9036522, 1524165681.813179, 1524165710.606495, 1524165739.9247317, 1524165768.4806218, 1524165797.0411227, 1524165826.437449, 1524165848.5263684, 1524165877.430048, 1524165912.784262, 1524165938.0250506, 1524165941.6447523, 1524165966.0544956, 1524165995.8593442, 1524166021.3995802, 1524166047.0564764, 1524166072.3270097, 1524166099.9806056, 1524166127.6011028, 1524166151.7361858, 1524166156.7852018, 1524166160.760066, 1524166185.490971, 1524166209.3430285, 1524166232.8153222, 1524166255.1319232, 1524166279.4938388, 1524166303.1864512, 1524166329.1828685, 1524166355.2808976, 1524166384.494303, 1524166409.8665757, 1524166425.1751945, 1524166433.3361793, 1524166456.5471687, 1524166481.727023, 1524166508.0221055, 1524166521.4370232, 1524166552.8500977, 1524166581.3249466, 1524166612.8460906, 1524166639.0961018, 1524166665.843105, 1524166689.260985, 1524166693.3979638, 1524166716.4597492, 1524166743.0035512, 1524166768.7275808, 1524166793.8234544, 1524166795.0293014, 1524166815.5499403, 1524166829.3421447, 1524166859.7929204, 1524166882.5070212, 1524166906.6384315, 1524166931.735184, 1524166954.351717, 1524166976.8084989, 1524166999.1305134, 1524167004.948918, 1524167030.0518088, 1524167057.0157514, 1524167068.7004323, 1524167094.8584971], "episode_lengths": [1598, 1600, 1550, 1600, 176, 832, 1552, 1562, 217, 771, 1227, 1600, 612, 1539, 1600, 1591, 1340, 1600, 104, 1600, 1570, 1600, 1600, 450, 1593, 1588, 269, 1028, 957, 1584, 1590, 1600, 1600, 1552, 1600, 1600, 1600, 1600, 1595, 1600, 1600, 1600, 1600, 1454, 1598, 1600, 1600, 233, 1147, 1577, 1600, 1600, 1600, 1558, 1600, 1600, 327, 267, 1600, 1600, 1589, 1512, 1600, 1600, 1600, 1555, 1600, 1600, 1050, 531, 1600, 1600, 1588, 722, 1582, 1600, 1600, 1477, 1539, 1600, 280, 1600, 1600, 1600, 1600, 69, 1134, 705, 1600, 1295, 1600, 1600, 1600, 1600, 1600, 371, 1570, 1600, 653, 1600], "episode_types": ["t", "t", "t", "t", "t", "t", "t", "t", "t", "t", "t", "t", "t", "t", "t", "t", "t", "t", "t", "t", "t", "t", "t", "t", "t", "t", "t", "t", "t", "t", "t", "t", "t", "t", "t", "t", "t", "t", "t", "t", "t", "t", "t", "t", "t", "t", "t", "t", "t", "t", "t", "t", "t", "t", "t", "t", "t", "t", "t", "t", "t", "t", "t", "t", "t", "t", "t", "t", "t", "t", "t", "t", "t", "t", "t", "t", "t", "t", "t", "t", "t", "t", "t", "t", "t", "t", "t", "t", "t", "t", "t", "t", "t", "t", "t", "t", "t", "t", "t", "t"], "episode_rewards": [227.81191448868805, 225.8911358951616, 231.8184059567726, 214.582241743131, -89.64278587147699, 14.037775985161176, 229.96025384344975, 230.50359005269792, -91.32715671535584, 0.3501845208513714, 69.97314083364788, 227.20640963484092, -35.894297662840145, 231.40777126773907, 210.9935523439718, 226.96111418729416, 98.8398272654905, 224.3050445932241, -120.87764374575286, 202.76193484730197, 230.53083820027712, 210.48512288958958, 217.0296056556527, -61.00272343613069, 229.91584581090197, 228.60741382047814, -81.58165527661247, 24.63611272789906, 25.77907502382304, 227.86259111615936, 228.6003458049904, 222.8160939350429, 207.61933900539108, 232.6590496603745, 200.933931650807, 198.50004844848965, 212.73339311089453, 221.31408831842805, 227.2550574088778, 203.77631320981973, 144.53251668757952, 212.71851232102998, 195.66497847046773, 74.48496627885328, 227.7463511894641, 219.24424374305926, 197.67951982329484, -88.8195187403247, 28.51518527344146, 225.54429732235653, 212.05378875154526, 216.63044890646708, 201.39359071930684, 230.94002082142578, 218.08402905675828, 220.36727764852893, -66.14292169808306, -71.86693518790827, 178.12485338101052, 206.3343974128115, 227.4950998918706, 234.71439828983915, 197.8029468654571, 216.48664520494557, 226.37893867286752, 231.27724905315554, 214.775347033885, 189.8507137099792, 49.360765852815746, -36.61640834455161, 222.755098467198, 216.44468163232503, 228.03859414602962, -22.373460035017374, 228.99847747663628, 221.1313727636828, 211.28263658435878, 236.2250173467919, 233.87449655932966, 206.56065840077727, -73.1446115848732, 193.7644508082179, 210.0566856881045, 201.0431631992853, 188.59238517410898, -115.94776948884237, 34.90073446546759, -27.897230928410607, 213.8515942640607, 46.225992268126845, 220.8442296025417, 220.35567647835535, 222.16182376282143, 219.0011950261275, 222.5035682773996, -54.36140582192359, 229.6707898118463, 221.41798166203358, -27.265422254638437, 192.71489683789585], "initial_reset_timestamp": 1524164781.1118279}