{"timestamps": [1524331973.0137408, 1524331974.770541, 1524331988.2846732, 1524332001.787927, 1524332014.681727, 1524332020.668831, 1524332035.6135817, 1524332048.9606822, 1524332062.2052104, 1524332075.502, 1524332088.975661, 1524332102.867999, 1524332116.613388, 1524332129.9260836, 1524332143.1678612, 1524332156.1677003, 1524332169.1441362, 1524332182.3264189, 1524332195.6343076, 1524332208.9343932, 1524332222.4470272, 1524332235.6618838, 1524332249.0119226, 1524332262.4472792, 1524332276.4067307, 1524332285.394889, 1524332298.7757587, 1524332312.6038013, 1524332325.5261164, 1524332339.418245, 1524332347.689369, 1524332360.967543, 1524332374.1005478, 1524332387.0787654, 1524332400.545875, 1524332402.3833222, 1524332416.0501976, 1524332429.4473186, 1524332430.6250951, 1524332445.2442882, 1524332461.0305104, 1524332475.7927153, 1524332491.2947958, 1524332504.3676982, 1524332518.2755015, 1524332531.0251415, 1524332544.4370427, 1524332557.7715158, 1524332570.7289112, 1524332584.357323, 1524332597.4891946, 1524332610.8394394, 1524332624.3444676, 1524332637.9909554, 1524332651.1284883, 1524332664.090131, 1524332677.4982975, 1524332679.332912, 1524332679.9654825, 1524332693.4539127, 1524332707.1138813, 1524332720.618992, 1524332733.9025848, 1524332747.1072237, 1524332751.3002672, 1524332764.743974, 1524332778.5227761, 1524332792.739891, 1524332806.275091, 1524332819.4565322, 1524332826.0080202, 1524332839.0767574, 1524332852.750922, 1524332865.89135, 1524332879.317637, 1524332892.470777, 1524332905.9411252, 1524332907.4453077, 1524332909.0656881, 1524332922.4344158, 1524332927.8301716, 1524332941.3296368, 1524332954.5513873, 1524332967.6933827, 1524332969.2914033, 1524332970.0757585, 1524332983.5379581, 1524332984.4262853, 1524332998.6252544, 1524333012.7649386, 1524333025.872518, 1524333029.7200377, 1524333030.6697724, 1524333044.8021822, 1524333057.9641063, 1524333058.7125776, 1524333071.8458915, 1524333084.7377005, 1524333098.001553, 1524333112.25343], "episode_lengths": [979, 100, 983, 998, 971, 441, 1069, 985, 959, 987, 1002, 1014, 990, 990, 961, 964, 968, 952, 971, 975, 988, 983, 980, 990, 1027, 681, 987, 1011, 970, 1015, 624, 989, 976, 953, 1000, 119, 1001, 980, 78, 989, 1043, 991, 1047, 977, 1010, 967, 998, 1004, 969, 990, 974, 988, 1010, 988, 980, 964, 993, 137, 40, 1002, 1011, 996, 996, 972, 308, 993, 1016, 1041, 1001, 981, 464, 972, 1009, 966, 992, 959, 996, 108, 118, 980, 393, 977, 980, 974, 124, 55, 991, 71, 1024, 1058, 977, 281, 67, 1052, 976, 53, 981, 967, 967, 980], "episode_types": ["t", "t", "t", "t", "t", "t", "t", "t", "t", "t", "t", "t", "t", "t", "t", "t", "t", "t", "t", "t", "t", "t", "t", "t", "t", "t", "t", "t", "t", "t", "t", "t", "t", "t", "t", "t", "t", "t", "t", "t", "t", "t", "t", "t", "t", "t", "t", "t", "t", "t", "t", "t", "t", "t", "t", "t", "t", "t", "t", "t", "t", "t", "t", "t", "t", "t", "t", "t", "t", "t", "t", "t", "t", "t", "t", "t", "t", "t", "t", "t", "t", "t", "t", "t", "t", "t", "t", "t", "t", "t", "t", "t", "t", "t", "t", "t", "t", "t", "t", "t"], "episode_rewards": [265.02477584499115, -114.53402903437004, 263.5988275385322, 263.15189083926083, 265.640754477944, -13.738876201484473, 257.18207718803853, 264.7424723416242, 267.0517293519664, 264.3216362716905, 261.38505397733, 262.1824446850954, 265.08163215222936, 264.77079295501926, 265.79375282039643, 266.40323016144157, 266.4415734830845, 266.94264881884374, 266.65245095417043, 265.89919641289515, 265.1132930990319, 265.6640912115698, 265.977019598829, 264.4359191405516, 261.15824440330147, 64.25934530186993, 265.8773403561729, 262.3504348099898, 265.81631233412025, 262.4129856308277, 42.95104106353088, 264.03824071660677, 266.19049551945153, 267.36212000090217, 264.27890401087336, -114.90391578559007, 263.3043697109458, 265.49431880434133, -109.07000323864769, 264.5031714700943, 258.3388471288224, 264.2853094920921, 259.65687684546486, 265.85223361288274, 262.3715780386581, 267.0241250427415, 263.2956419939979, 263.0588802478772, 265.91092883519264, 263.7518646336708, 264.96999546109754, 262.8767429395241, 260.4392266816605, 264.4579984890085, 266.1695705994489, 266.19160269147466, 263.0929291493686, -114.99934593574784, -110.57497579571442, 263.46139395380953, 263.1159500273477, 264.0500243873735, 264.1763278672975, 265.4847259815531, -35.153506818039034, 263.70698791769263, 261.4118615111259, 258.96658054371164, 262.942465104146, 264.9046901675304, 12.831861024837067, 266.1581282693532, 263.995108985516, 267.08777533777595, 264.85962133588254, 267.26545075182, 263.72427331426513, -113.82722135178462, -128.98337873545287, 266.2345166423316, -13.587099863741273, 266.53660462343754, 264.5281117169702, 265.6509761468886, -123.09910126631794, -118.05927698795794, 263.73326138498777, -111.2027562728619, 260.96283593800007, 257.6800663904545, 264.1353621953724, -46.4189719884842, -111.23945276424894, 257.9037937205017, 266.988335035486, -116.9517511696429, 265.01003347477973, 265.9490889011638, 266.24747681591424, 265.5576791081151], "initial_reset_timestamp": 1524331863.3527784}