{"timestamps": [1524174241.2339385, 1524174259.8907838, 1524174277.9614463, 1524174296.4571528, 1524174315.6482966, 1524174334.4288175, 1524174341.9563453, 1524174356.7469802, 1524174375.0562027, 1524174394.3069036, 1524174414.1828907, 1524174432.6129663, 1524174453.9380186, 1524174472.392768, 1524174473.36861, 1524174492.734833, 1524174513.707093, 1524174533.993822, 1524174552.4649277, 1524174571.177428, 1524174589.743851, 1524174606.7651408, 1524174627.6772907, 1524174647.6883593, 1524174668.0064561, 1524174687.192329, 1524174706.9186502, 1524174724.3908699, 1524174742.3264692, 1524174759.4863386, 1524174778.3390884, 1524174797.661195, 1524174818.7250865, 1524174838.4800043, 1524174860.1374147, 1524174881.7916334, 1524174911.2125592, 1524174947.865928, 1524174978.9017367, 1524175009.7947598, 1524175034.775229, 1524175063.5370536, 1524175086.3693862, 1524175088.0365536, 1524175113.54727, 1524175140.4983191, 1524175142.950319, 1524175167.331978, 1524175180.5695796, 1524175204.7374766, 1524175227.1047146, 1524175250.244591, 1524175274.0201168, 1524175298.1916971, 1524175308.150712, 1524175332.9560826, 1524175355.9011688, 1524175379.5622087, 1524175402.3135762, 1524175427.6373448, 1524175451.673089, 1524175475.8702223, 1524175486.713498, 1524175510.409762, 1524175535.0817494, 1524175547.6909347, 1524175571.4680934, 1524175597.0795646, 1524175620.6690264, 1524175641.056686, 1524175661.2624867, 1524175679.607358, 1524175698.6061242, 1524175716.763292, 1524175735.8031876, 1524175755.0500915, 1524175759.0438817, 1524175778.123448, 1524175795.9107366, 1524175813.9363244, 1524175832.6067631, 1524175850.779751, 1524175869.1052713, 1524175887.908844, 1524175907.420161, 1524175926.958818, 1524175944.9771447, 1524175963.2573946, 1524175981.5967915, 1524175999.7553363, 1524176019.440752, 1524176039.3168075, 1524176058.7735772, 1524176077.6604545, 1524176096.9089956, 1524176114.6691656, 1524176133.3670397, 1524176152.229658, 1524176153.9635336, 1524176172.6493285], "episode_lengths": [1435, 1395, 1360, 1350, 1371, 1409, 566, 1084, 1376, 1338, 1470, 1323, 1500, 1356, 65, 1332, 1438, 1434, 1387, 1431, 1405, 1283, 1562, 1439, 1488, 1420, 1484, 1299, 1346, 1303, 1409, 1419, 1481, 1393, 1355, 1318, 1402, 1414, 1327, 1269, 1321, 1352, 1319, 100, 1432, 1513, 148, 1417, 785, 1399, 1342, 1345, 1392, 1410, 592, 1457, 1361, 1398, 1356, 1503, 1409, 1365, 613, 1392, 1370, 731, 1380, 1502, 1386, 1371, 1397, 1361, 1287, 1374, 1469, 1376, 317, 1436, 1313, 1311, 1386, 1376, 1368, 1384, 1467, 1401, 1343, 1340, 1363, 1368, 1446, 1385, 1402, 1379, 1464, 1345, 1424, 1373, 128, 1365], "episode_types": ["t", "t", "t", "t", "t", "t", "t", "t", "t", "t", "t", "t", "t", "t", "t", "t", "t", "t", "t", "t", "t", "t", "t", "t", "t", "t", "t", "t", "t", "t", "t", "t", "t", "t", "t", "t", "t", "t", "t", "t", "t", "t", "t", "t", "t", "t", "t", "t", "t", "t", "t", "t", "t", "t", "t", "t", "t", "t", "t", "t", "t", "t", "t", "t", "t", "t", "t", "t", "t", "t", "t", "t", "t", "t", "t", "t", "t", "t", "t", "t", "t", "t", "t", "t", "t", "t", "t", "t", "t", "t", "t", "t", "t", "t", "t", "t", "t", "t", "t", "t"], "episode_rewards": [238.46759673885012, 240.1039513584091, 245.52108000221776, 244.7865511450539, 242.57992892698059, 240.05146619071573, -14.53258921567874, 73.42950643549457, 242.41173271742747, 247.0491605332664, 236.80679789753484, 246.83381462638346, 232.03996326174843, 243.36005937316972, -108.6481891201354, 247.4642719818307, 237.9954848762885, 237.2550069448697, 242.54926052663714, 240.40508227671097, 241.28779542066874, 95.66985843775032, 226.79230262717346, 237.04096741559837, 108.34725204576574, 239.08682293552292, 234.54217892206776, 250.54798222010467, 136.4872920013355, 249.19075278811383, 238.83219091098, 237.9474733159728, 91.93286830162737, 242.29034299752828, 245.151508878083, 247.09147912781006, 240.7205437148377, 240.5487209306204, 247.4168557410678, 251.9078908172567, 247.73531744030103, 244.1851097031382, 248.86387641522478, -123.1976829883237, 237.91589272248726, 231.27826845634368, -117.77995589556902, 241.16772340715463, 30.808793109841815, 241.66662547500118, 245.02851053354215, 244.03209267918575, 242.0310868102677, 239.50694216761477, -31.600257377704708, 235.25075102717742, 243.62495488414234, 240.9393755594781, 246.2120694276129, 232.68565542515057, 241.34516485561494, 244.5925260685908, -8.459493632512277, 241.74376968342156, 242.67679832259233, -2.511941489001913, 240.9691861019474, 232.54487441425158, 243.1420065240017, 244.338536958808, 240.5556885658845, 243.21503735691556, 250.8773372191791, 244.54653505026764, 235.10340258647778, 243.0592402059454, -71.1075413293748, 237.65919940369045, 248.8183507140558, 248.32408865238006, 242.00927967918454, 244.2902747102824, 243.41102295315926, 241.4278063728192, 235.7384014836956, 238.73772122716937, 245.63245836125725, 246.98541207289898, 243.4717944998823, 244.21126993189796, 237.81800170039162, 241.37206585872983, 240.22703671152348, 103.24580940651003, 237.3418287704224, 246.23760992510594, 238.99810734135374, 244.08672663871016, -105.69060895038194, 243.48312140013383], "initial_reset_timestamp": 1524174076.8118548}