{"timestamps": [1524368699.4913933, 1524368713.676786, 1524368718.4363904, 1524368731.7499526, 1524368745.8566372, 1524368759.7090302, 1524368773.8518355, 1524368787.5431263, 1524368801.538805, 1524368814.5880365, 1524368828.778276, 1524368842.7251596, 1524368857.342861, 1524368871.7214699, 1524368885.3555179, 1524368899.4994056, 1524368913.2326796, 1524368926.695712, 1524368939.7805607, 1524368954.1225173, 1524368963.2607634, 1524368976.4261158, 1524368989.8873918, 1524369004.1953738, 1524369017.850355, 1524369027.5616674, 1524369041.01453, 1524369054.594275, 1524369068.2880878, 1524369082.4917643, 1524369096.015955, 1524369109.1709301, 1524369122.476322, 1524369135.9295628, 1524369149.5056293, 1524369164.121028, 1524369172.9633486, 1524369177.2986808, 1524369191.3769245, 1524369206.3423843, 1524369221.5708973, 1524369232.1216986, 1524369248.248214, 1524369262.0301216, 1524369276.3515255, 1524369289.616212, 1524369303.8870687, 1524369317.4520228, 1524369330.6428561, 1524369331.9251814, 1524369347.34417, 1524369361.3185682, 1524369375.252634, 1524369388.8615263, 1524369402.1498935, 1524369415.8931303, 1524369429.1952913, 1524369443.9029343, 1524369459.9212875, 1524369474.098998, 1524369487.765802, 1524369502.223909, 1524369516.926973, 1524369532.8855731, 1524369547.8293948, 1524369561.8192902, 1524369576.0559633, 1524369589.440699, 1524369602.9133863, 1524369616.0918133, 1524369629.430574, 1524369643.7707489, 1524369657.6600356, 1524369671.5031557, 1524369685.2243161, 1524369698.901071, 1524369712.2237864, 1524369726.6626623, 1524369740.056846, 1524369753.6120143, 1524369767.761144, 1524369781.2046945, 1524369794.9216924, 1524369806.9914458, 1524369820.5159981, 1524369833.9670181, 1524369847.647867, 1524369861.8466785, 1524369875.5217793, 1524369889.3893847, 1524369902.9892251, 1524369916.7989187, 1524369931.1841547, 1524369945.1934185, 1524369958.3887882, 1524369972.0001204, 1524369978.1871893, 1524369992.346921, 1524370007.4300723, 1524370023.319362], "episode_lengths": [968, 979, 333, 977, 955, 969, 992, 968, 971, 930, 1012, 1013, 1021, 1022, 960, 988, 960, 953, 939, 1035, 661, 937, 965, 1030, 990, 705, 954, 973, 994, 1018, 941, 943, 941, 961, 980, 1005, 632, 308, 988, 986, 990, 683, 1025, 960, 995, 986, 1021, 977, 986, 90, 1122, 992, 975, 978, 944, 995, 952, 1051, 990, 994, 962, 1018, 971, 1018, 1043, 997, 1016, 964, 959, 951, 960, 1030, 994, 988, 968, 957, 960, 982, 954, 947, 1017, 962, 971, 857, 951, 962, 983, 1000, 986, 997, 972, 976, 1009, 1001, 965, 964, 434, 967, 972, 1054], "episode_types": ["t", "t", "t", "t", "t", "t", "t", "t", "t", "t", "t", "t", "t", "t", "t", "t", "t", "t", "t", "t", "t", "t", "t", "t", "t", "t", "t", "t", "t", "t", "t", "t", "t", "t", "t", "t", "t", "t", "t", "t", "t", "t", "t", "t", "t", "t", "t", "t", "t", "t", "t", "t", "t", "t", "t", "t", "t", "t", "t", "t", "t", "t", "t", "t", "t", "t", "t", "t", "t", "t", "t", "t", "t", "t", "t", "t", "t", "t", "t", "t", "t", "t", "t", "t", "t", "t", "t", "t", "t", "t", "t", "t", "t", "t", "t", "t", "t", "t", "t", "t"], "episode_rewards": [267.3383499390737, 265.104127034995, -24.41523062681682, 264.7951442751317, 265.440114662108, 266.44728768991666, 264.4046744969909, 266.67210897367545, 266.8201167685765, 269.71117556420336, 261.6544734108972, 261.3191141051362, 260.610953150103, 261.7464190139512, 266.32194750556806, 263.60134389504066, 267.269074596826, 266.48429295260826, 270.4147461140258, 259.21832389407103, 33.22146414319954, 269.32892450423776, 265.2748274784351, 260.3575143954444, 264.23835350695725, 75.5561920769322, 267.2944281806334, 265.138966993066, 264.71704393511203, 260.72811178028553, 268.19210520159476, 268.5973232858982, 268.37782427597233, 266.922378760797, 263.8703485964986, 262.6097710763203, 66.43518879362938, -54.37097131509841, 265.29501068269354, 265.9338223879242, 265.06920226209144, 50.74916762990483, 261.787299218124, 266.7913708831255, 262.67368710183445, 265.28991090292317, 260.1891292484482, 265.92667045308804, 265.93876052912617, -106.90189164894636, 251.28643025766738, 262.99566199977437, 265.1643262099015, 264.28568118696467, 269.24314001781505, 263.6190821636511, 268.3807831788755, 257.93032127213587, 263.756079152496, 263.10417374031664, 266.4496028206068, 260.6053786562881, 266.5599880239456, 261.52655227733055, 258.73877629010457, 263.94195796961753, 261.18080047726136, 265.7452221680624, 267.6165522104439, 267.1139041186854, 265.38303216923526, 258.87846320127807, 262.62217713967596, 263.5826527961144, 266.05506631373663, 268.29870237300787, 267.20718568943204, 264.98444450644905, 267.8938266945162, 267.22840497498555, 261.0409663968256, 267.24227358606714, 266.0718724328858, 118.72874620333994, 266.6086417986394, 267.5403981126866, 265.9785814832126, 263.6557178344463, 265.30912544809274, 263.5680235662549, 265.5761233839802, 265.307867150499, 263.3286346198681, 262.9235096548961, 266.0914858625374, 265.79651215238437, -0.6163209519586559, 267.2386320897957, 266.5101403268584, 256.85404564399994], "initial_reset_timestamp": 1524368582.4609678}