{"timestamps": [1524293260.6108806, 1524293275.809319, 1524293290.0148525, 1524293305.405584, 1524293317.548851, 1524293333.2110617, 1524293349.338373, 1524293364.2054873, 1524293379.6221511, 1524293395.1382432, 1524293410.7153397, 1524293425.4748008, 1524293440.498622, 1524293457.2598655, 1524293472.682256, 1524293488.1026976, 1524293503.3925815, 1524293518.1073864, 1524293533.3671727, 1524293548.9397182, 1524293563.3358288, 1524293578.3203168, 1524293592.5588553, 1524293606.8477309, 1524293622.8923793, 1524293639.11027, 1524293655.4590032, 1524293671.3261533, 1524293687.276952, 1524293702.6035235, 1524293717.6022816, 1524293732.72152, 1524293748.0899892, 1524293754.8495865, 1524293769.3837569, 1524293784.1836417, 1524293786.074393, 1524293800.6790478, 1524293816.1201327, 1524293831.1575444, 1524293845.2590828, 1524293859.142167, 1524293876.3315291, 1524293892.9069436, 1524293908.1015253, 1524293924.6299858, 1524293942.2431054, 1524293943.4864953, 1524293960.1406934, 1524293976.7747579, 1524293990.701769, 1524294004.8623867, 1524294019.2486355, 1524294033.599404, 1524294047.8321574, 1524294058.0362358, 1524294072.5455525, 1524294088.4512718, 1524294103.824849, 1524294117.675116, 1524294132.248475, 1524294147.5471964, 1524294161.7665045, 1524294176.4081173, 1524294178.4065628, 1524294192.7833197, 1524294207.9643521, 1524294222.8071215, 1524294239.5923705, 1524294241.4268212, 1524294254.7600768, 1524294270.1217563, 1524294285.3481836, 1524294300.7041426, 1524294316.7862172, 1524294332.7948563, 1524294342.5122902, 1524294357.3194923, 1524294361.002827, 1524294376.7737856, 1524294392.0090995, 1524294406.0018058, 1524294421.2201562, 1524294432.6986475, 1524294444.081635, 1524294456.7309742, 1524294470.581864, 1524294485.0316024, 1524294499.9557974, 1524294513.8682988, 1524294528.0173569, 1524294543.6953886, 1524294558.8718643, 1524294574.0266473, 1524294589.9410808, 1524294605.60638, 1524294620.7112212, 1524294637.3601837, 1524294653.6868892, 1524294668.7243807], "episode_lengths": [1073, 1111, 1020, 1079, 860, 1053, 1086, 1021, 1029, 1042, 998, 1039, 1025, 1046, 1046, 1044, 1076, 1020, 1043, 1090, 1019, 1034, 999, 1027, 1064, 1090, 1093, 1081, 1073, 1034, 1026, 1033, 1033, 427, 1043, 1004, 130, 1008, 1062, 1021, 1031, 895, 1055, 1080, 1019, 1023, 1053, 76, 1066, 1055, 1013, 1038, 1058, 1043, 1004, 704, 1041, 1074, 1066, 1033, 1007, 1034, 1009, 1050, 134, 1060, 1024, 1026, 1115, 135, 928, 1047, 1001, 1046, 1060, 1082, 627, 1026, 219, 1089, 1042, 1045, 1053, 837, 801, 850, 1024, 1026, 1031, 1015, 985, 1053, 1043, 1034, 1070, 1036, 1057, 1076, 1096, 1006], "episode_types": ["t", "t", "t", "t", "t", "t", "t", "t", "t", "t", "t", "t", "t", "t", "t", "t", "t", "t", "t", "t", "t", "t", "t", "t", "t", "t", "t", "t", "t", "t", "t", "t", "t", "t", "t", "t", "t", "t", "t", "t", "t", "t", "t", "t", "t", "t", "t", "t", "t", "t", "t", "t", "t", "t", "t", "t", "t", "t", "t", "t", "t", "t", "t", "t", "t", "t", "t", "t", "t", "t", "t", "t", "t", "t", "t", "t", "t", "t", "t", "t", "t", "t", "t", "t", "t", "t", "t", "t", "t", "t", "t", "t", "t", "t", "t", "t", "t", "t", "t", "t"], "episode_rewards": [260.7220267564606, 256.94058853226005, 265.2491796624546, 260.6274633336364, 109.93212763770723, 262.5250600170478, 259.1384222819978, 265.88212901816985, 264.8278707352075, 263.59275433587203, 266.76236548506887, 264.19262482983294, 267.242600591432, 264.19896485324875, 262.664401552446, 263.62501630686324, 259.15043383782, 265.8858554714155, 263.35210502271923, 259.17696621888484, 265.8036902969124, 265.0534768692583, 268.04639718182375, 265.51185090990305, 260.49255718252283, 259.0505781372003, 258.2462790822581, 261.58586682965995, 261.50549236286014, 264.08561338627675, 265.885423317041, 264.2729522266314, 264.8190783905779, -2.490130404989344, 264.2480896941945, 266.9770840986347, -117.84145954949129, 266.02987525161603, 261.47919355517087, 265.8380589122335, 264.93442495179875, 126.30870079382328, 260.7234807517169, 258.6998161928075, 266.1282212050682, 264.55066328102214, 262.8818774631429, -117.41868477273852, 261.9137598135518, 261.8357655624739, 265.67709298723423, 264.096699201437, 262.09731677942654, 263.1143642982506, 266.36542129893144, 71.04311684631952, 263.8703273479217, 261.31022228476644, 261.2424225524807, 265.5494151477486, 268.34723763404264, 264.16985222239, 266.0641858970814, 263.9614093227773, -94.06141667412668, 261.3216041134311, 263.6508921693704, 265.2424223084088, 256.1776673880307, -116.8519922189967, 91.45080610435795, 263.2692080634707, 267.6349655054421, 262.594031236573, 262.2161724777726, 259.52572669194865, 37.15514704034055, 264.2060181693613, -109.99057291211791, 261.25972488007045, 263.55054382680913, 263.23164804698405, 262.76987586029884, 85.20424373547564, 92.53860889289533, 74.23644197637509, 264.84689129223955, 266.293865048301, 264.5882061314921, 265.9538541757226, 151.42151223291242, 263.3967040790937, 263.80785251772664, 265.0956970141833, 260.02262749531417, 262.5991140248676, 261.61688463639945, 259.96399678704563, 259.4229591976902, 268.49112073190474], "initial_reset_timestamp": 1524293120.1822608}