{"timestamps": [1524195093.318899, 1524195110.3163943, 1524195128.037018, 1524195144.0323024, 1524195161.937674, 1524195177.7560496, 1524195193.0284982, 1524195209.3597329, 1524195223.77889, 1524195238.324878, 1524195254.32607, 1524195268.6693897, 1524195284.6897013, 1524195300.3357441, 1524195315.2663326, 1524195316.922005, 1524195331.8395274, 1524195346.9540622, 1524195362.2865005, 1524195378.0098085, 1524195392.6213923, 1524195407.7156603, 1524195423.052585, 1524195438.8484094, 1524195454.5183654, 1524195470.9980917, 1524195486.1543808, 1524195500.864051, 1524195515.6084816, 1524195530.3875122, 1524195546.9834757, 1524195562.15688, 1524195577.198893, 1524195591.9222848, 1524195607.42381, 1524195622.1752985, 1524195637.144701, 1524195652.5891366, 1524195668.081081, 1524195683.039294, 1524195698.3932264, 1524195714.0246992, 1524195730.1945274, 1524195745.9423397, 1524195760.99842, 1524195776.2506359, 1524195791.735242, 1524195807.2258382, 1524195821.9223957, 1524195836.8836377, 1524195854.2767818, 1524195867.241423, 1524195873.8653328, 1524195880.9957352, 1524195881.5176017, 1524195887.8236876, 1524195894.2144449, 1524195900.693193, 1524195907.2650826, 1524195913.545411, 1524195920.0414894, 1524195926.61372, 1524195932.952309, 1524195946.131855, 1524195961.4000866, 1524195976.3593035, 1524195991.3207562, 1524196006.8158195, 1524196021.9531322, 1524196036.673503, 1524196051.9012241, 1524196067.1974652, 1524196082.4596987, 1524196097.7938602, 1524196112.3169692, 1524196127.6973271, 1524196142.6233249, 1524196157.9590833, 1524196174.218757, 1524196188.6850374, 1524196204.460206, 1524196219.8317273, 1524196235.0637817, 1524196250.5536504, 1524196266.87475, 1524196282.5280473, 1524196298.9493308, 1524196314.5679994, 1524196329.9058995, 1524196345.0095232, 1524196346.3318677, 1524196361.9006479, 1524196377.4823809, 1524196393.6443975, 1524196408.674584, 1524196424.7230086, 1524196440.8912008, 1524196456.5845842, 1524196472.962136, 1524196489.3376315], "episode_lengths": [1134, 1133, 1199, 1095, 1189, 1207, 1156, 1220, 1067, 1125, 1181, 1107, 1171, 1118, 1131, 122, 1118, 1116, 1108, 1192, 1105, 1134, 1107, 1197, 1157, 1165, 1102, 1114, 1130, 1110, 1177, 1146, 1146, 1131, 1135, 1101, 1136, 1152, 1116, 1124, 1166, 1162, 1201, 1180, 1129, 1164, 1159, 1152, 1127, 1127, 1208, 1174, 1133, 1160, 89, 1140, 1133, 1113, 1237, 1179, 1156, 1218, 1186, 1123, 1131, 1134, 1130, 1156, 1127, 1114, 1161, 1098, 1148, 1151, 1133, 1139, 1135, 1143, 1234, 1102, 1148, 1166, 1150, 1156, 1210, 1177, 1182, 1171, 1150, 1150, 97, 1165, 1135, 1176, 1122, 1193, 1178, 1158, 1136, 1187], "episode_types": ["t", "t", "t", "t", "t", "t", "t", "t", "t", "t", "t", "t", "t", "t", "t", "t", "t", "t", "t", "t", "t", "t", "t", "t", "t", "t", "t", "t", "t", "t", "t", "t", "t", "t", "t", "t", "t", "t", "t", "t", "t", "t", "t", "t", "t", "t", "t", "t", "t", "t", "t", "t", "t", "t", "t", "t", "t", "t", "t", "t", "t", "t", "t", "t", "t", "t", "t", "t", "t", "t", "t", "t", "t", "t", "t", "t", "t", "t", "t", "t", "t", "t", "t", "t", "t", "t", "t", "t", "t", "t", "t", "t", "t", "t", "t", "t", "t", "t", "t", "t"], "episode_rewards": [260.7890580493127, 260.3938177084816, 252.4965767256888, 263.1061466487954, 255.89931329019402, 253.21018948582298, 258.9469934887568, 251.56384238589183, 266.3329463360742, 260.49199711972, 256.2115454490873, 262.3119303575164, 256.96269392074913, 260.65621523212565, 259.4542976211898, -134.19576050570672, 262.0903707926843, 261.1822495210592, 261.2271110162901, 254.9834480289366, 262.80873762731056, 259.3590559193262, 262.06548768214236, 254.79694428294715, 257.73227337340245, 256.43342614371306, 262.1922992623778, 261.34787424507743, 260.0704588703101, 262.1130645958592, 256.0075941729672, 259.55270945188647, 259.32702111116305, 260.9677056366391, 260.84312033282816, 262.56344829614585, 260.2950025494118, 258.1016813050914, 261.8089891343136, 262.06788911765517, 257.1319223761025, 258.16599378589416, 254.24814503377758, 256.5817612748662, 260.91961343925595, 256.78447189571193, 257.7840931551133, 257.4384973028772, 260.1654396907501, 259.8934414552711, 253.35910375494083, 256.3111294129481, 259.9239766325794, 258.0223284976269, -111.67902062698244, 259.38438059405973, 259.28746949060815, 261.2356890990693, 251.13624237964711, 256.44897008671586, 257.20885954298205, 253.5437423097934, 255.4009736633133, 262.1205960531519, 260.9252041201073, 259.08142426177614, 259.69530228932246, 256.7818361731451, 260.8493622114377, 262.65859788853, 257.97467809453394, 263.8909696740986, 259.317249743093, 259.4140856014485, 259.4481715245859, 259.1708745633349, 259.59211264805634, 259.0827659511614, 251.9251201517834, 264.29844147784337, 259.20014614005754, 256.6249449680108, 257.74358523200976, 258.3912878774916, 254.043065493653, 258.0834157034847, 255.22419524902762, 257.01210976362034, 258.10617479790636, 259.4340432327697, -121.46754549427104, 257.12418300490714, 259.7045089982568, 255.9171116110092, 261.5060296022342, 255.31839666242922, 257.11238580083307, 257.49933249248454, 260.22914041451304, 254.17149675970202], "initial_reset_timestamp": 1524194964.753287}