{"timestamps": [1524185501.1399179, 1524185517.514699, 1524185533.63996, 1524185549.5910697, 1524185565.2250867, 1524185581.1374507, 1524185597.2980144, 1524185612.6655428, 1524185627.9492745, 1524185644.6745856, 1524185661.0231094, 1524185677.4936457, 1524185693.5600455, 1524185709.9959168, 1524185726.7823124, 1524185742.387408, 1524185757.6248076, 1524185761.152759, 1524185777.4717007, 1524185794.746022, 1524185810.3385503, 1524185826.5857964, 1524185842.7947109, 1524185858.428002, 1524185873.9852028, 1524185889.9886117, 1524185905.6914787, 1524185922.0958147, 1524185938.0981994, 1524185948.8381212, 1524185966.5636642, 1524185983.7164035, 1524186000.8716059, 1524186017.3771327, 1524186033.7577918, 1524186049.969863, 1524186066.4288182, 1524186081.9253018, 1524186097.866977, 1524186114.3888288, 1524186119.680861, 1524186137.1395328, 1524186153.353911, 1524186168.9972324, 1524186184.985215, 1524186200.3075411, 1524186216.6102517, 1524186232.660609, 1524186248.922784, 1524186264.5791895, 1524186280.345635, 1524186296.1313221, 1524186312.1795392, 1524186328.6461468, 1524186344.060204, 1524186360.6175182, 1524186377.0345957, 1524186393.0147693, 1524186409.7841573, 1524186425.7328773, 1524186442.0748937, 1524186458.4441621, 1524186475.6909277, 1524186492.7567463, 1524186509.8061795, 1524186526.5587542, 1524186542.6913977, 1524186559.8335073, 1524186577.0677059, 1524186592.3461049, 1524186607.7663653, 1524186623.9997745, 1524186639.5804856, 1524186655.78324, 1524186672.7893767, 1524186689.3317764, 1524186705.1839998, 1524186720.7525287, 1524186737.5916305, 1524186754.0534794, 1524186770.003291, 1524186785.9151142, 1524186801.7683575, 1524186818.0510976, 1524186834.0619214, 1524186849.9767041, 1524186865.3040218, 1524186882.0982847, 1524186897.9540133, 1524186914.1889017, 1524186930.3618598, 1524186946.7390416, 1524186963.4499714, 1524186979.6298728, 1524186996.8381815, 1524187013.4703383, 1524187030.0042953, 1524187046.0243044, 1524187063.4491398, 1524187081.4627852], "episode_lengths": [1240, 1201, 1192, 1189, 1190, 1180, 1232, 1185, 1175, 1210, 1219, 1241, 1198, 1200, 1238, 1188, 1156, 242, 1207, 1273, 1173, 1192, 1197, 1186, 1185, 1183, 1173, 1234, 1193, 785, 1235, 1181, 1194, 1237, 1222, 1216, 1230, 1181, 1191, 1218, 381, 1329, 1233, 1167, 1189, 1189, 1266, 1196, 1189, 1162, 1198, 1173, 1170, 1237, 1167, 1221, 1218, 1208, 1265, 1188, 1238, 1183, 1175, 1202, 1257, 1254, 1214, 1298, 1248, 1137, 1149, 1199, 1166, 1213, 1267, 1202, 1188, 1153, 1293, 1230, 1214, 1211, 1207, 1206, 1216, 1193, 1175, 1247, 1203, 1179, 1204, 1198, 1261, 1214, 1300, 1214, 1221, 1213, 1209, 1203], "episode_types": ["t", "t", "t", "t", "t", "t", "t", "t", "t", "t", "t", "t", "t", "t", "t", "t", "t", "t", "t", "t", "t", "t", "t", "t", "t", "t", "t", "t", "t", "t", "t", "t", "t", "t", "t", "t", "t", "t", "t", "t", "t", "t", "t", "t", "t", "t", "t", "t", "t", "t", "t", "t", "t", "t", "t", "t", "t", "t", "t", "t", "t", "t", "t", "t", "t", "t", "t", "t", "t", "t", "t", "t", "t", "t", "t", "t", "t", "t", "t", "t", "t", "t", "t", "t", "t", "t", "t", "t", "t", "t", "t", "t", "t", "t", "t", "t", "t", "t", "t", "t"], "episode_rewards": [251.23973375336934, 254.77268473473202, 255.5153746766886, 254.0327665875587, 256.1597000417664, 255.81173111240147, 250.967061781086, 257.02765789806654, 257.20166755196584, 253.49341321097157, 253.03112231313077, 250.93098046796052, 255.16735140000125, 254.36882971031983, 99.26137966902564, 255.2931786415522, 257.6572390666286, -70.34540712576168, 253.25333715229877, 248.00990397003923, 257.07641697056425, 254.95693312280434, 255.59814341432866, 255.96719713424835, 257.8189212705441, 256.7193671200434, 256.05189695111824, 250.51583815712442, 255.78904212885473, 34.98055980815673, 252.18754536134307, 253.8818981698199, 254.9694689611457, 251.44867668062767, 253.16885562964404, 254.14653199611223, 250.62080541794856, 255.60012149535672, 255.66368880549464, 253.70591858105087, -52.95996741314789, 243.12826648427608, 252.29144680751503, 255.57704705164102, 255.14135557288853, 255.12741044946742, 248.7500992755554, 255.36040306118267, 255.78036371574672, 257.0506536859483, 253.6704920496396, 257.32383068159675, 256.5031292423661, 250.41485043773383, 257.441307288935, 252.61130297683783, 252.3406555586626, 253.55128055531856, 250.38085893987642, 256.112033367672, 251.53660990834442, 254.38127227586557, 256.1596709463711, 253.94795191922296, 249.96464736330142, 250.1162137309992, 254.20125302662913, 244.40227227022527, 249.82573818629194, 114.75074490520274, 258.4800644846326, 253.9976927292966, 258.3594033970267, 252.52368174970536, 249.05557397639666, 253.79363071810673, 255.28837305421905, 259.4816924032711, 247.44797703728244, 250.50016786240658, 252.43507072776387, 254.00187877008028, 255.07523148697055, 254.3887812794299, 254.3543007660176, 254.5574212639957, 258.4178560194264, 251.65467325976437, 254.34455370573, 255.77286079916055, 256.4625656067929, 254.73283621458094, 248.37864114089228, 253.3199192528792, 243.18955937736845, 253.48326638432422, 253.16582164516396, 254.366686494646, 253.50919019907954, 253.97640064494016], "initial_reset_timestamp": 1524185360.1570446}