{"timestamps": [1524149009.7989528, 1524149010.59424, 1524149018.7973292, 1524149027.6563127, 1524149036.8679407, 1524149045.4623523, 1524149054.7406201, 1524149063.313133, 1524149072.5267231, 1524149081.2434785, 1524149090.6032543, 1524149099.5234601, 1524149108.680767, 1524149117.4446332, 1524149126.7268553, 1524149135.4123495, 1524149142.0957258, 1524149147.6509001, 1524149148.090777, 1524149157.3541377, 1524149166.974344, 1524149176.5170684, 1524149198.836556, 1524149223.0416064, 1524149245.3877459, 1524149254.0660722, 1524149263.3512087, 1524149271.5647154, 1524149272.0113506, 1524149281.539765, 1524149290.0375745, 1524149298.6750076, 1524149307.897976, 1524149316.6267238, 1524149326.0630164, 1524149334.6206305, 1524149344.002679, 1524149344.3326364, 1524149352.9846632, 1524149353.669488, 1524149362.6776268, 1524149371.694743, 1524149383.9888432, 1524149407.403739, 1524149429.2986655, 1524149451.530401, 1524149474.6964056, 1524149499.9815767, 1524149524.3512225, 1524149544.0732727, 1524149552.450729, 1524149562.072691, 1524149570.9463565, 1524149580.156756, 1524149589.1321661, 1524149597.671219, 1524149607.0671406, 1524149615.4144557, 1524149627.639966, 1524149649.6807835, 1524149673.4104757, 1524149701.8601546, 1524149726.7547395, 1524149728.8031967, 1524149737.4700177, 1524149744.2333097, 1524149767.7245986, 1524149792.9480782, 1524149818.3665168, 1524149842.7523568, 1524149844.4727895, 1524149868.2308836, 1524149891.7603598, 1524149908.2598052, 1524149931.2199552, 1524149955.2336488, 1524149980.3386266, 1524150004.8039517, 1524150029.4067104, 1524150054.0661917, 1524150054.9636815, 1524150060.2511716, 1524150084.4586582, 1524150108.903012, 1524150132.637332, 1524150157.5399034, 1524150181.888592, 1524150206.0828927, 1524150232.935591, 1524150259.2938952, 1524150260.1878145, 1524150284.1362956, 1524150289.677665, 1524150300.346346, 1524150304.954212, 1524150328.9151838, 1524150353.2171693, 1524150377.4363213, 1524150401.5353186, 1524150425.4579172], "episode_lengths": [1600, 133, 1600, 1600, 1600, 1600, 1600, 1600, 1600, 1600, 1600, 1600, 1600, 1600, 1600, 1600, 1167, 1003, 77, 1600, 1600, 680, 1600, 1600, 1600, 1470, 1600, 1600, 76, 1600, 1600, 1600, 1600, 1600, 1600, 1600, 1600, 50, 1600, 108, 1600, 1600, 1379, 1600, 1600, 1600, 1600, 1600, 1600, 1600, 1600, 1600, 1600, 1600, 1600, 1600, 1600, 1600, 1600, 1600, 1600, 1600, 1600, 126, 544, 461, 1532, 1600, 1600, 1600, 113, 1600, 1600, 1130, 1600, 1600, 1600, 1600, 1600, 1600, 62, 362, 1600, 1600, 1600, 1600, 1600, 1600, 1600, 1600, 67, 1600, 359, 723, 308, 1600, 1600, 1600, 1600, 1600], "episode_types": ["t", "t", "t", "t", "t", "t", "t", "t", "t", "t", "t", "t", "t", "t", "t", "t", "t", "t", "t", "t", "t", "t", "t", "t", "t", "t", "t", "t", "t", "t", "t", "t", "t", "t", "t", "t", "t", "t", "t", "t", "t", "t", "t", "t", "t", "t", "t", "t", "t", "t", "t", "t", "t", "t", "t", "t", "t", "t", "t", "t", "t", "t", "t", "t", "t", "t", "t", "t", "t", "t", "t", "t", "t", "t", "t", "t", "t", "t", "t", "t", "t", "t", "t", "t", "t", "t", "t", "t", "t", "t", "t", "t", "t", "t", "t", "t", "t", "t", "t", "t"], "episode_rewards": [106.9001587022366, -96.93646768113109, 119.33104619407894, 109.10470351984551, 128.59088681326392, 105.5256892154266, 130.72330205372344, 100.34482651282977, 141.09271919969845, 115.18685787700855, 94.37426676301658, 117.26058506819656, 123.0891188753867, 121.76806363740876, 115.68158052318087, 109.79144032976059, -23.317089131385814, -50.38809731024344, -114.32036859536016, 95.90903063399749, 99.44222370297832, -62.33693307744546, 115.24368242739459, 121.81823498211666, 121.4243095144037, -22.80082940000871, 110.82793252081893, 96.31869843097414, -115.01089668270245, 85.0936774230143, 118.81918395352334, 121.71883397120173, 98.3019819773516, 118.65625908294041, 129.56893330167534, 121.98182033741351, 120.16353065362816, -108.94379251676166, 104.20339821820255, -97.8096787231808, 116.16328827735059, 118.81912863060074, -32.278768973644446, 103.03213064899491, 102.3342545402461, 104.09983519747973, 102.51775889906887, 114.00047646958508, 113.17412198565808, 105.35205257732937, 122.4903256871105, 105.77860209790592, 142.9996408514193, 105.12039798744189, 104.36980397509684, 120.70303498856565, 99.52486595580962, 124.46078721306327, 102.0636133700089, 94.74694681713633, 111.53330026151548, 113.74622925138218, 104.57591129696314, -119.55180819279495, -69.24427866169904, -91.89987827065819, -35.751760070349164, 94.75766840766906, 130.14749799027814, 108.46934987097634, -108.51330159358562, 92.58866920857648, 96.2441304122174, -25.176104010444817, 100.36927122636192, 141.7014355956236, 114.8124970274825, 103.00989375850926, 109.45436326260051, 92.05987997434833, -108.31882077083941, -74.12605865060576, 92.61344545072285, 124.93062239539837, 109.61924976488675, 96.56390701774363, 117.58228551784049, 96.91242232224556, 106.92333257500232, 107.00525278545615, -109.560827013651, 120.0326850425649, -91.33904620621347, -42.368930201459634, -84.52875116625468, 90.14815110042268, 105.23718363365678, 140.13022048050237, 109.43196495000495, 112.9961689299159], "initial_reset_timestamp": 1524148853.3091257}