{"timestamps": [1524420364.4792125, 1524420376.8156884, 1524420386.5857677, 1524420399.3415022, 1524420411.8680007, 1524420424.3844411, 1524420436.8693292, 1524420449.3227754, 1524420462.1524296, 1524420474.3638377, 1524420486.5302448, 1524420498.5501213, 1524420506.4731016, 1524420519.1309376, 1524420531.2761855, 1524420543.725305, 1524420555.620073, 1524420567.5712686, 1524420580.509712, 1524420592.323412, 1524420604.5707707, 1524420616.7372906, 1524420628.538089, 1524420641.37904, 1524420653.3232129, 1524420660.1856706, 1524420667.2505827, 1524420679.8149168, 1524420692.602344, 1524420705.8084779, 1524420718.8180118, 1524420731.2302547, 1524420743.4964013, 1524420755.9540431, 1524420768.7253366, 1524420780.6141114, 1524420793.4943213, 1524420806.0239103, 1524420818.8691058, 1524420830.7556455, 1524420843.1938243, 1524420855.3058584, 1524420867.867959, 1524420880.9929075, 1524420893.2751849, 1524420905.04717, 1524420917.7396631, 1524420930.5182078, 1524420943.1063013, 1524420955.2396886, 1524420967.542676, 1524420980.0117612, 1524420993.3299286, 1524421007.4014804, 1524421020.9421513, 1524421035.1624298, 1524421048.8744988, 1524421062.3337529, 1524421074.8682861, 1524421087.3114054, 1524421099.4901252, 1524421111.8727374, 1524421124.4940205, 1524421136.8045523, 1524421149.2981465, 1524421162.0145576, 1524421166.8476992, 1524421180.0959017, 1524421192.2579255, 1524421204.825227, 1524421217.6278226, 1524421229.9397311, 1524421242.7021246, 1524421255.5022032, 1524421268.1883297, 1524421280.579424, 1524421293.2276301, 1524421305.8219008, 1524421316.8312352, 1524421325.9674823, 1524421338.9672928, 1524421351.5425346, 1524421364.1467147, 1524421376.92621, 1524421388.8552005, 1524421401.940602, 1524421415.1515887, 1524421427.9565597, 1524421440.5110242, 1524421453.2299604, 1524421464.664, 1524421477.6077447, 1524421490.3503094, 1524421503.1285613, 1524421515.8577204, 1524421528.5322776, 1524421542.2333953, 1524421554.8332384, 1524421566.8349183, 1524421579.1361773], "episode_lengths": [928, 924, 726, 920, 942, 939, 943, 937, 950, 932, 900, 909, 599, 926, 918, 939, 912, 900, 937, 909, 953, 901, 904, 925, 913, 514, 544, 925, 946, 951, 967, 930, 915, 908, 943, 897, 964, 927, 919, 914, 944, 916, 924, 975, 942, 911, 943, 976, 928, 910, 920, 942, 910, 945, 923, 966, 925, 936, 981, 916, 942, 905, 918, 936, 921, 954, 359, 968, 924, 947, 928, 932, 929, 916, 922, 930, 916, 910, 785, 682, 934, 900, 907, 956, 904, 949, 934, 950, 915, 941, 845, 938, 926, 942, 971, 950, 986, 946, 896, 923], "episode_types": ["t", "t", "t", "t", "t", "t", "t", "t", "t", "t", "t", "t", "t", "t", "t", "t", "t", "t", "t", "t", "t", "t", "t", "t", "t", "t", "t", "t", "t", "t", "t", "t", "t", "t", "t", "t", "t", "t", "t", "t", "t", "t", "t", "t", "t", "t", "t", "t", "t", "t", "t", "t", "t", "t", "t", "t", "t", "t", "t", "t", "t", "t", "t", "t", "t", "t", "t", "t", "t", "t", "t", "t", "t", "t", "t", "t", "t", "t", "t", "t", "t", "t", "t", "t", "t", "t", "t", "t", "t", "t", "t", "t", "t", "t", "t", "t", "t", "t", "t", "t"], "episode_rewards": [267.84053452607884, 269.2581518638106, 105.36656854043386, 269.1232031676213, 267.5387756773885, 267.67473910539354, 267.4835350064953, 268.20759862566825, 266.05393290110163, 267.4273197039598, 271.02465645015224, 271.51236030248845, 45.51172552748511, 268.1099254417143, 268.8828376388437, 267.57332623767434, 270.261346695429, 271.324324058046, 268.5169986949689, 270.8660618193701, 266.4193655734387, 271.39529751337744, 271.16582280611806, 269.41378213413617, 270.4289315969578, 30.914877524384167, 37.041322811861875, 269.25397476556935, 126.41749035853013, 266.8857574188532, 264.6401552663055, 269.3506095633489, 269.06376109168923, 271.09416008207, 267.3526297317382, 271.4419070298082, 263.3401961894464, 268.68362889392034, 268.77593635491104, 270.05775889070776, 266.3132356800964, 270.6566484816148, 268.6050390027316, 264.9309277290065, 266.104950205825, 270.0538286772239, 266.0026204205799, 263.63388540468856, 268.9629476426609, 270.489178140008, 269.278229165162, 265.6914145372491, 270.37464706737165, 266.3993678260918, 268.4667289976912, 263.37198177302605, 269.1014705171393, 267.5012116030667, 263.72000916319104, 269.77178490232217, 267.93202214774357, 270.2132851532399, 269.17518682112535, 267.4243263568962, 268.1937124690025, 266.4675957215407, -20.212054855983126, 266.13437761612346, 269.7207489857212, 265.82721641939344, 267.1152687629363, 267.9512191076573, 268.9224293271782, 268.8232781104258, 270.26868750288133, 268.6352195548783, 268.75099254895486, 270.6425877430821, 121.6048096085128, 73.10881187737289, 267.9535443202188, 270.59013284959764, 269.67451347442176, 265.395205532239, 270.5385990681577, 266.6897928206876, 269.23569234232417, 266.0112171456825, 269.7975350764296, 268.4682518988563, 134.95516615591677, 269.0186170611896, 267.1087923381585, 269.24896191076215, 264.6154668838919, 266.8518970692033, 263.34212933201326, 267.31729192268233, 272.3500670430049, 268.47389866958326], "initial_reset_timestamp": 1524420255.8840475}