{"timestamps": [1524168145.881224, 1524168153.0464702, 1524168155.7240996, 1524168176.629929, 1524168198.8529408, 1524168220.5379705, 1524168241.3120136, 1524168259.7939098, 1524168281.6667218, 1524168302.737563, 1524168325.2127914, 1524168348.6291213, 1524168369.648578, 1524168390.4922893, 1524168412.0244186, 1524168432.0701385, 1524168452.428617, 1524168462.5940528, 1524168483.4316282, 1524168489.2597046, 1524168500.4042954, 1524168522.0102787, 1524168543.9769695, 1524168563.389208, 1524168583.8310764, 1524168604.8948758, 1524168625.333011, 1524168645.9025712, 1524168666.4819703, 1524168687.358497, 1524168707.0694423, 1524168729.3695853, 1524168752.2600439, 1524168774.8638437, 1524168795.7542124, 1524168815.7688153, 1524168834.9148936, 1524168856.5358303, 1524168876.9148817, 1524168899.2599416, 1524168901.2485085, 1524168923.2634223, 1524168944.315405, 1524168964.1328883, 1524168965.9684086, 1524168987.4010062, 1524169008.375967, 1524169028.3893092, 1524169048.8987203, 1524169070.0146768, 1524169091.1395411, 1524169113.5168784, 1524169135.495706, 1524169156.5570023, 1524169169.9991596, 1524169191.6714396, 1524169215.7545128, 1524169239.0074837, 1524169258.0793626, 1524169278.899834, 1524169291.4867876, 1524169299.4444754, 1524169306.9752994, 1524169307.4883504, 1524169308.0185606, 1524169315.064317, 1524169322.4198349, 1524169328.127273, 1524169337.2256877, 1524169344.3214478, 1524169353.0380077, 1524169361.2797363, 1524169380.6550097, 1524169384.7987192, 1524169404.606387, 1524169425.9960883, 1524169447.1487904, 1524169468.2365832, 1524169490.3693485, 1524169512.6231394, 1524169533.912371, 1524169554.4628336, 1524169576.805694, 1524169596.3520446, 1524169599.3559391, 1524169622.0076647, 1524169644.1744368, 1524169665.8432248, 1524169687.9573972, 1524169707.3150897, 1524169727.3753448, 1524169748.215491, 1524169769.2196903, 1524169789.15985, 1524169809.9944217, 1524169830.2440257, 1524169851.1212816, 1524169871.839931, 1524169892.6898165, 1524169914.293835], "episode_lengths": [1409, 482, 192, 1499, 1600, 1555, 1486, 1333, 1558, 1482, 1558, 1555, 1391, 1540, 1549, 1452, 1496, 715, 1492, 427, 816, 1577, 1577, 1401, 1483, 1488, 1457, 1506, 1438, 1485, 1417, 1568, 1508, 1600, 1519, 1462, 1394, 1556, 1460, 1533, 137, 1558, 1513, 1388, 132, 1534, 1466, 1442, 1448, 1490, 1512, 1599, 1558, 1541, 979, 1566, 1600, 1507, 1413, 1542, 1473, 1427, 1486, 107, 94, 1391, 1449, 1018, 1600, 1447, 1600, 1439, 1543, 292, 1476, 1571, 1520, 1536, 1583, 1538, 1531, 1456, 1600, 1412, 221, 1515, 1530, 1528, 1600, 1399, 1454, 1497, 1527, 1429, 1494, 1450, 1516, 1508, 1472, 1530], "episode_types": ["t", "t", "t", "t", "t", "t", "t", "t", "t", "t", "t", "t", "t", "t", "t", "t", "t", "t", "t", "t", "t", "t", "t", "t", "t", "t", "t", "t", "t", "t", "t", "t", "t", "t", "t", "t", "t", "t", "t", "t", "t", "t", "t", "t", "t", "t", "t", "t", "t", "t", "t", "t", "t", "t", "t", "t", "t", "t", "t", "t", "t", "t", "t", "t", "t", "t", "t", "t", "t", "t", "t", "t", "t", "t", "t", "t", "t", "t", "t", "t", "t", "t", "t", "t", "t", "t", "t", "t", "t", "t", "t", "t", "t", "t", "t", "t", "t", "t", "t", "t"], "episode_rewards": [242.33656851354, -69.79860883624738, -90.35506676311698, 234.52818774355327, 216.07270235621058, 228.2737200288244, 235.24610798000217, 88.52511320760755, 230.30592536902864, 235.06531776911686, 228.58962110474255, 230.09777511296883, 88.66217549871487, 229.25120144823606, 229.3824255582679, 238.9088930046816, 232.49558269118822, 13.606400424497664, 234.64893778215125, -60.29137724580712, -35.03075276141131, 228.66529447022222, 228.3414656963213, 244.19479837947705, 236.11253476186684, 236.582934985427, 236.76646087220598, 116.34459792620189, 237.17715835137344, 235.59620170873683, 241.41700267412432, 227.38928075658276, 232.54723036974886, 187.79509606638783, 233.56519290606303, 238.23334337562977, 242.71260522718097, 230.22517269905913, 238.2793770485113, 231.9481759070213, -101.42781811061661, 230.1501131431555, 234.87056593072344, 244.16263574311964, -117.65674208579168, 231.78294826702128, 237.46353164966763, 239.92709172572634, 238.02180670858974, 235.5364182508936, 233.08502369200986, 227.69895440088888, 228.83296406151103, 231.53422763852714, 25.74635826605207, 229.04935087543214, 222.82749651597533, 232.58533462047646, 240.8389129465532, 231.43878769122688, 236.34476463110462, 240.44154738275245, 234.82763432945373, -97.57529937517907, -109.6733824756047, 75.82330785763347, 240.8380552767452, 26.83027794007262, 210.70727603029303, 127.17035322995815, 210.2462893436037, 108.15625986840715, 226.99607311825756, -82.27363309907513, 235.98491036068535, 227.8368514400048, 232.224061084372, 230.88002897935792, 97.0905072817487, 230.66648103264433, 98.31662684768594, 238.3134003568962, 222.03880429965952, 241.39619959784235, -87.18886756859581, 232.53769611558957, 232.2310732814659, 119.09696813967722, 222.478222342505, 243.41800291059621, 239.23431181300091, 234.53196275929625, 116.25619387981655, 240.95320787892152, 123.51994968375803, 236.52724657363223, 233.53056169191044, 232.8335280559399, 236.09823317949363, 231.96654665698483], "initial_reset_timestamp": 1524167982.3574007}