{"timestamps": [1524151468.3531682, 1524151469.962548, 1524151470.9895597, 1524151474.7980695, 1524151502.1364453, 1524151525.1154375, 1524151549.9688, 1524151551.437608, 1524151575.5877688, 1524151577.0898511, 1524151578.3157792, 1524151579.1967494, 1524151604.1881697, 1524151605.8884, 1524151631.441188, 1524151632.5261, 1524151633.4044986, 1524151659.256576, 1524151680.3913157, 1524151681.6270838, 1524151705.6350925, 1524151706.6790378, 1524151723.4744968, 1524151749.0863535, 1524151774.9753675, 1524151776.257848, 1524151777.2460659, 1524151804.4445088, 1524151806.115445, 1524151807.1341739, 1524151808.5229309, 1524151809.4560442, 1524151810.610338, 1524151834.1020243, 1524151860.0848448, 1524151861.0866356, 1524151862.261749, 1524151863.338742, 1524151864.1478353, 1524151886.8733103, 1524151904.381381, 1524151905.2269623, 1524151906.548955, 1524151931.5014431, 1524151932.4568653, 1524151948.19793, 1524151968.3024218, 1524151969.653416, 1524151993.3468788, 1524152019.0542278, 1524152020.232958, 1524152021.3515348, 1524152048.4110165, 1524152051.8579254, 1524152074.1928208, 1524152097.3492203, 1524152098.6679232, 1524152121.5281768, 1524152142.9780846, 1524152166.2443323, 1524152167.1663053, 1524152193.4481778, 1524152222.9222517, 1524152249.498594, 1524152275.7991445, 1524152276.869255, 1524152277.8314502, 1524152302.0486963, 1524152326.716804, 1524152346.496186, 1524152369.3977027, 1524152393.5230412, 1524152394.3865864, 1524152395.6250336, 1524152405.379305, 1524152427.904831, 1524152429.064057, 1524152454.2221782, 1524152456.035584, 1524152485.23556, 1524152511.5215023, 1524152539.0751147, 1524152566.597353, 1524152592.1271644, 1524152592.855262, 1524152593.8764865, 1524152621.921428, 1524152624.5185943, 1524152645.8251588, 1524152646.6960285, 1524152668.4722087, 1524152669.7519748, 1524152695.4240065, 1524152697.2982938, 1524152723.041733, 1524152746.9867074, 1524152773.9605265, 1524152777.1923103, 1524152778.7452443, 1524152780.4262743], "episode_lengths": [856, 68, 69, 239, 1600, 1398, 1600, 98, 1600, 80, 75, 58, 1600, 80, 1600, 73, 55, 1600, 1321, 79, 1600, 76, 1066, 1600, 1600, 78, 57, 1600, 109, 74, 104, 68, 78, 1600, 1600, 62, 78, 64, 45, 1600, 1231, 62, 98, 1600, 55, 1126, 1389, 98, 1600, 1600, 82, 75, 1600, 253, 1600, 1600, 72, 1600, 1465, 1600, 67, 1600, 1600, 1600, 1600, 69, 67, 1600, 1600, 1200, 1600, 1600, 60, 73, 636, 1436, 85, 1600, 126, 1600, 1600, 1600, 1600, 1600, 52, 69, 1600, 142, 1504, 61, 1600, 83, 1600, 93, 1600, 1600, 1600, 171, 87, 124], "episode_types": ["t", "t", "t", "t", "t", "t", "t", "t", "t", "t", "t", "t", "t", "t", "t", "t", "t", "t", "t", "t", "t", "t", "t", "t", "t", "t", "t", "t", "t", "t", "t", "t", "t", "t", "t", "t", "t", "t", "t", "t", "t", "t", "t", "t", "t", "t", "t", "t", "t", "t", "t", "t", "t", "t", "t", "t", "t", "t", "t", "t", "t", "t", "t", "t", "t", "t", "t", "t", "t", "t", "t", "t", "t", "t", "t", "t", "t", "t", "t", "t", "t", "t", "t", "t", "t", "t", "t", "t", "t", "t", "t", "t", "t", "t", "t", "t", "t", "t", "t", "t"], "episode_rewards": [-40.98998380028666, -116.45550485641296, -110.1376008611285, -130.59839122115596, 103.98801333571419, -2.3174816166114027, 114.35384034845754, -97.54381446473869, 106.9899326770491, -105.93982653224066, -117.81104906939912, -117.85748099037284, 116.11016815485658, -115.60418596001023, 104.6829499719631, -120.20516329977565, -114.87014735622853, 113.87843434246095, -35.6858182554993, -115.98460679325837, 85.90994097498312, -113.85984484930253, -35.701323243757145, 101.19262306203882, 124.89772938799918, -116.98400918686932, -113.52435498563477, 118.2318333474948, -100.15147333899809, -118.84077140262163, -121.57111937601024, -109.64106773482482, -97.07946104920644, 101.73676851836221, 107.81747793504653, -107.779392948268, -101.42120494551811, -113.74923585151724, -109.94729070150274, 108.28147152447204, -16.36091927080561, -119.32471386018364, -116.73114390324868, 111.68548437095767, -114.84544784735425, -38.33891639404071, 7.787090328335026, -115.1913309850105, 120.37824602457118, 114.7988779198603, -110.61919550596325, -117.43151673664518, 93.95859089643575, -84.07243285621976, 105.80908817322013, 73.1028032430812, -112.1920769627874, 91.8154222354359, 9.8208790912432, 125.93035578492488, -105.91799136122303, 96.8156415582081, 95.987088958116, 114.62050706285488, 102.5503740396299, -115.73499201059802, -100.13887997218713, 92.17629761100993, 113.08607190156516, -28.32399351497213, 115.82723283576716, 104.40955970205437, -104.47538250998753, -112.27554440893329, -65.98038676144716, -0.12953063894853756, -113.66835874488132, 100.10081363168011, -125.65030852514961, 103.95713687065762, 95.05487740120128, 126.87735134134316, 86.25537386968239, 115.24243106026063, -108.03862499391265, -102.02273018168991, 118.74085114362302, -95.83383024328036, -36.60406165676642, -112.36699227559306, 133.4003932052238, -120.53853117443481, 94.65016841324405, -114.19172479934568, 108.43736025000786, 128.6654542357232, 90.30260574871821, -100.51701474987678, -111.94143451913664, -104.61481814239274], "initial_reset_timestamp": 1524151361.239332}