{"timestamps": [1524395621.1380553, 1524395634.7581635, 1524395648.8895864, 1524395663.589892, 1524395678.577638, 1524395691.15991, 1524395704.5741827, 1524395718.6495697, 1524395733.4666536, 1524395746.6938415, 1524395761.1553698, 1524395776.1309917, 1524395788.7533953, 1524395802.9817228, 1524395817.169342, 1524395829.9580507, 1524395842.9183033, 1524395856.4472518, 1524395870.4948106, 1524395884.0556996, 1524395897.508093, 1524395910.6690059, 1524395925.5947528, 1524395941.0844753, 1524395955.4509358, 1524395968.6356676, 1524395982.5464303, 1524395995.4797506, 1524396002.6289008, 1524396015.3667765, 1524396027.966393, 1524396041.8518777, 1524396055.1511846, 1524396068.9007733, 1524396082.80471, 1524396089.8717353, 1524396104.176475, 1524396117.6059153, 1524396130.3604577, 1524396143.4800813, 1524396156.8029, 1524396169.874582, 1524396183.3654575, 1524396196.5079038, 1524396209.3465137, 1524396223.1284137, 1524396236.308089, 1524396249.0792806, 1524396262.3736835, 1524396275.624371, 1524396289.2697234, 1524396302.8440576, 1524396315.724579, 1524396331.258762, 1524396344.5464482, 1524396357.5833204, 1524396371.1408582, 1524396384.6889768, 1524396398.3289497, 1524396411.2290487, 1524396424.670517, 1524396437.8349123, 1524396450.8214672, 1524396464.2088876, 1524396478.1259768, 1524396491.4554179, 1524396504.925741, 1524396518.078028, 1524396530.8547263, 1524396543.7885826, 1524396557.0386622, 1524396570.4089978, 1524396584.0416105, 1524396598.83375, 1524396612.5275111, 1524396626.8127818, 1524396642.577991, 1524396656.574454, 1524396668.0584288, 1524396681.1430895, 1524396694.3712938, 1524396708.3433218, 1524396719.1117532, 1524396732.231381, 1524396746.6134653, 1524396760.5183825, 1524396774.023936, 1524396788.4186976, 1524396801.6783617, 1524396815.7300017, 1524396828.6611736, 1524396842.18448, 1524396855.8538208, 1524396869.1339989, 1524396882.2978015, 1524396896.247237, 1524396909.280093, 1524396922.485999, 1524396936.0866244, 1524396949.0976992], "episode_lengths": [935, 936, 999, 1056, 1035, 920, 948, 938, 964, 895, 929, 983, 919, 1001, 1003, 915, 946, 965, 981, 975, 952, 921, 1016, 996, 1006, 955, 959, 947, 524, 929, 923, 999, 953, 980, 982, 503, 1001, 947, 909, 939, 920, 946, 941, 944, 917, 949, 949, 913, 938, 935, 979, 951, 938, 1118, 911, 933, 979, 961, 943, 922, 957, 939, 925, 935, 977, 976, 970, 911, 925, 925, 965, 933, 945, 1016, 912, 932, 1009, 979, 792, 959, 919, 985, 789, 951, 1033, 964, 965, 1019, 936, 978, 929, 963, 959, 934, 931, 1027, 936, 958, 953, 930], "episode_types": ["t", "t", "t", "t", "t", "t", "t", "t", "t", "t", "t", "t", "t", "t", "t", "t", "t", "t", "t", "t", "t", "t", "t", "t", "t", "t", "t", "t", "t", "t", "t", "t", "t", "t", "t", "t", "t", "t", "t", "t", "t", "t", "t", "t", "t", "t", "t", "t", "t", "t", "t", "t", "t", "t", "t", "t", "t", "t", "t", "t", "t", "t", "t", "t", "t", "t", "t", "t", "t", "t", "t", "t", "t", "t", "t", "t", "t", "t", "t", "t", "t", "t", "t", "t", "t", "t", "t", "t", "t", "t", "t", "t", "t", "t", "t", "t", "t", "t", "t", "t"], "episode_rewards": [268.30858397985435, 267.5468519556128, 260.90969169674065, 255.58080728845485, 258.0521663573735, 269.2056700736966, 266.6956440730302, 268.2705972377216, 264.52047428362965, 126.54583086520017, 267.4418446347086, 263.43718734756544, 269.05847526536917, 262.1970466065348, 260.36407031388205, 270.27197974201795, 267.86522234725277, 264.45676121486304, 262.93424369130145, 264.2225290571607, 266.09090857047613, 268.7082060740169, 259.64149862007184, 262.0603443793258, 261.6206566822468, 264.8632769719925, 265.3044492510127, 266.1879547007152, 19.343321710239564, 268.5907490373336, 268.7951708817456, 263.341290608844, 266.355119801217, 263.18312275308205, 264.3471036199416, 17.060633229748248, 261.99183050376126, 267.2417491124337, 115.37628662518065, 267.1530052222291, 269.5118785294795, 267.01502635597996, 267.4677093053488, 267.0612059595699, 269.5194576376097, 265.35443583957505, 267.29418155758685, 269.3977416638089, 267.67381876749914, 268.1141351873014, 263.97431380637914, 266.8692824081984, 268.5288617416582, 248.6725851070646, 270.4524041967974, 266.3580439089277, 264.3247740395006, 265.39075579755615, 266.7229272294568, 269.8406063833892, 266.0938461480225, 266.7800572901655, 268.3313857486996, 268.13949705200844, 263.94049630842466, 264.0960055711215, 264.08078108830205, 269.94366970881254, 269.0174444587912, 267.89044468509144, 265.2666683729251, 267.44834326137044, 266.7080478394251, 259.29957591013704, 270.59515908407036, 268.5752965088638, 260.4152372708795, 262.14789072961446, 103.09730324963363, 265.78864225818637, 268.7468839953383, 261.0753543892577, 105.3070440649133, 265.768870631279, 257.8598359402272, 264.97290754577125, 265.56350823556517, 259.1898023939028, 267.8485089230621, 263.7301324571776, 268.24311115290544, 266.21676224716265, 265.1731662706159, 269.3026650941139, 268.50539772825914, 258.8640726639231, 267.68784196636756, 266.2872566726864, 265.24379794783204, 267.8731779044129], "initial_reset_timestamp": 1524395510.6526113}