{"timestamps": [1524351741.4016662, 1524351756.9008548, 1524351772.4395888, 1524351788.7082844, 1524351804.6829095, 1524351822.4595983, 1524351838.6983976, 1524351855.353928, 1524351872.7123628, 1524351888.7801154, 1524351905.5138645, 1524351923.148045, 1524351939.6998045, 1524351954.2281265, 1524351969.167, 1524351983.959052, 1524352000.0863938, 1524352014.695462, 1524352030.2595863, 1524352046.0322351, 1524352061.2276413, 1524352076.3911526, 1524352091.972746, 1524352107.5668588, 1524352123.9321742, 1524352139.3530772, 1524352143.3151596, 1524352159.8229609, 1524352175.1601393, 1524352190.7912884, 1524352205.7052903, 1524352218.604638, 1524352222.7840497, 1524352238.4335096, 1524352253.1816928, 1524352267.0376675, 1524352281.8177054, 1524352297.2068098, 1524352312.1673944, 1524352326.6503572, 1524352341.1623201, 1524352357.2979949, 1524352374.3573346, 1524352397.2835307, 1524352419.1089962, 1524352436.2231255, 1524352452.6238654, 1524352468.3228822, 1524352483.8628733, 1524352498.8133154, 1524352515.0083091, 1524352531.5165021, 1524352545.8520505, 1524352560.148614, 1524352576.8148894, 1524352592.1996808, 1524352606.7925851, 1524352622.4048462, 1524352638.5159822, 1524352653.8610284, 1524352668.026375, 1524352683.0458767, 1524352689.97402, 1524352705.2380133, 1524352720.1428642, 1524352735.290688, 1524352751.2148755, 1524352767.3035476, 1524352782.3328867, 1524352797.8337524, 1524352813.3798933, 1524352827.9194944, 1524352844.1674583, 1524352858.7153342, 1524352874.2725708, 1524352889.2579544, 1524352905.8510258, 1524352921.3558223, 1524352937.5640213, 1524352953.5629323, 1524352970.592633, 1524352986.5908723, 1524353010.1428165, 1524353028.4617653, 1524353043.6320107, 1524353053.9016557, 1524353070.842076, 1524353087.3036535, 1524353096.7796004, 1524353112.7749372, 1524353130.2815237, 1524353148.1294372, 1524353164.0054076, 1524353181.45971, 1524353196.3568916, 1524353211.2209418, 1524353222.5434215, 1524353237.6218004, 1524353253.4917722, 1524353254.7967772], "episode_lengths": [956, 940, 978, 1007, 993, 1005, 977, 968, 1034, 999, 985, 1002, 993, 958, 964, 944, 997, 967, 985, 968, 973, 988, 966, 989, 980, 988, 256, 1019, 966, 970, 974, 772, 267, 983, 971, 928, 957, 978, 951, 948, 963, 1004, 962, 980, 1036, 998, 939, 999, 967, 957, 990, 1048, 937, 943, 996, 981, 948, 992, 993, 973, 941, 972, 398, 1003, 969, 1005, 985, 1033, 947, 1001, 953, 933, 962, 937, 958, 940, 1002, 973, 979, 948, 962, 970, 976, 961, 950, 634, 1013, 974, 584, 959, 974, 990, 937, 962, 945, 983, 735, 971, 988, 79], "episode_types": ["t", "t", "t", "t", "t", "t", "t", "t", "t", "t", "t", "t", "t", "t", "t", "t", "t", "t", "t", "t", "t", "t", "t", "t", "t", "t", "t", "t", "t", "t", "t", "t", "t", "t", "t", "t", "t", "t", "t", "t", "t", "t", "t", "t", "t", "t", "t", "t", "t", "t", "t", "t", "t", "t", "t", "t", "t", "t", "t", "t", "t", "t", "t", "t", "t", "t", "t", "t", "t", "t", "t", "t", "t", "t", "t", "t", "t", "t", "t", "t", "t", "t", "t", "t", "t", "t", "t", "t", "t", "t", "t", "t", "t", "t", "t", "t", "t", "t", "t", "t"], "episode_rewards": [268.6699683913895, 268.95544974069503, 264.7098668020837, 263.5324731975284, 265.19234184360215, 263.26704648498946, 265.2033069697123, 266.41145764894156, 259.6836081388627, 263.4814885924571, 263.94167873440136, 262.7370327958893, 262.55144477669234, 267.8568429074957, 266.36486123216645, 267.6031287545657, 264.0688154872271, 267.32994621656707, 265.3923489380838, 266.56886335073006, 265.21740293543155, 264.8647731842038, 266.6971465437801, 264.29232672010426, 266.0576111711738, 264.1559562260753, -54.81170593812083, 262.1727696284383, 265.5374151484595, 266.131499648754, 266.10202308247085, 92.45473652772327, -50.76401483718995, 265.3910875464558, 266.4720643894326, 270.82314820241305, 268.19452610667554, 264.7666430990142, 268.3692110153683, 268.5931143772868, 267.18658977168735, 262.60893877826425, 267.29072790549003, 266.91309348994895, 258.22982664449, 263.98687810486655, 268.9629253723308, 263.3514254642821, 268.41683598587144, 267.17808184749373, 264.2153805307707, 258.441581686627, 270.53962314929413, 268.4523422995423, 264.2812267405377, 265.27505384333165, 269.66973206997034, 263.9734441313084, 263.6562973359603, 266.4551786245441, 268.27161124388573, 265.76917628394654, -9.487686140362243, 262.8739782523998, 264.50409966038893, 263.6340816403808, 264.3565145912126, 260.72872173737454, 268.3170863547214, 263.98583374066146, 266.9334043991362, 152.21995245759862, 266.402354178772, 270.02415894826197, 267.68635294633617, 268.40100513925046, 262.4800681469071, 265.6155185906837, 266.95505469054837, 268.55056955164116, 266.8200307675313, 267.14001995544646, 264.5948069419027, 266.89228840669284, 268.5849443751349, 49.64908217012635, 259.4742751910732, 265.9130316083082, 45.4758957367506, 268.01269820180744, 265.98571211458983, 264.20065268172425, 269.7632482488316, 267.03444250933717, 269.1839496558527, 264.0404506845092, 87.07833115169515, 266.45143155544537, 264.5961101927651, -111.7665700298982], "initial_reset_timestamp": 1524351600.2591503}