{"timestamps": [1524138831.0408633, 1524138832.1204495, 1524138841.0701797, 1524138841.3818173, 1524138849.8680148, 1524138857.2574983, 1524138866.3433843, 1524138887.9297159, 1524138909.9513173, 1524138910.7290025, 1524138933.723478, 1524138956.7785692, 1524138985.8692021, 1524138987.4108927, 1524138989.1329799, 1524139015.8837066, 1524139016.7788908, 1524139039.2046483, 1524139049.8917184, 1524139059.256719, 1524139068.4537292, 1524139077.5338929, 1524139086.7330077, 1524139095.8449757, 1524139105.3888628, 1524139105.7995002, 1524139129.3089905, 1524139130.450437, 1524139153.9876897, 1524139178.2207265, 1524139203.1107447, 1524139210.1038902, 1524139233.0794756, 1524139257.5156183, 1524139258.277768, 1524139283.3640401, 1524139284.3673189, 1524139307.6185687, 1524139308.7731879, 1524139333.477373, 1524139357.3503983, 1524139380.618739, 1524139406.1368577, 1524139430.4792535, 1524139453.3089724, 1524139466.6664417, 1524139489.3388424, 1524139513.1539183, 1524139535.7933912, 1524139559.3193128, 1524139580.2291083, 1524139581.912688, 1524139605.9003677, 1524139629.8515718, 1524139630.7551112, 1524139631.8187644, 1524139656.343261, 1524139662.6240535, 1524139687.3465538, 1524139710.3455765, 1524139711.4375165, 1524139717.6877222, 1524139741.2428496, 1524139763.6757345, 1524139764.242077, 1524139765.1652539, 1524139788.1873171, 1524139813.3564289, 1524139836.7842863, 1524139860.8616455, 1524139887.1890972, 1524139910.5729706, 1524139911.3770049, 1524139935.9794319, 1524139962.1610878, 1524139985.59712, 1524140008.1748002, 1524140009.148362, 1524140031.66692, 1524140055.4307141, 1524140078.910596, 1524140103.1832623, 1524140125.5323153, 1524140139.7464464, 1524140163.3648007, 1524140164.3299758, 1524140188.3733184, 1524140205.3629289, 1524140228.5975177, 1524140229.5474093, 1524140253.7258198, 1524140278.2006145, 1524140300.8043468, 1524140323.7213721, 1524140347.2666197, 1524140369.5476196, 1524140370.7307777, 1524140392.589535, 1524140417.2727783, 1524140440.861209], "episode_lengths": [43, 156, 1600, 66, 1600, 1274, 1600, 1600, 1600, 52, 1600, 1600, 1600, 88, 106, 1600, 71, 1600, 1600, 1600, 1600, 1600, 1600, 1600, 1600, 58, 1600, 64, 1600, 1600, 1600, 425, 1600, 1600, 50, 1600, 66, 1600, 71, 1600, 1600, 1600, 1600, 1600, 1600, 873, 1600, 1600, 1600, 1600, 1386, 93, 1600, 1600, 59, 60, 1600, 382, 1600, 1600, 77, 453, 1600, 1600, 42, 63, 1600, 1600, 1600, 1600, 1600, 1600, 55, 1600, 1600, 1600, 1600, 63, 1600, 1600, 1600, 1600, 1540, 928, 1568, 58, 1600, 1199, 1600, 63, 1600, 1600, 1600, 1600, 1600, 1600, 86, 1600, 1600, 1600], "episode_types": ["t", "t", "t", "t", "t", "t", "t", "t", "t", "t", "t", "t", "t", "t", "t", "t", "t", "t", "t", "t", "t", "t", "t", "t", "t", "t", "t", "t", "t", "t", "t", "t", "t", "t", "t", "t", "t", "t", "t", "t", "t", "t", "t", "t", "t", "t", "t", "t", "t", "t", "t", "t", "t", "t", "t", "t", "t", "t", "t", "t", "t", "t", "t", "t", "t", "t", "t", "t", "t", "t", "t", "t", "t", "t", "t", "t", "t", "t", "t", "t", "t", "t", "t", "t", "t", "t", "t", "t", "t", "t", "t", "t", "t", "t", "t", "t", "t", "t", "t", "t"], "episode_rewards": [-112.5062101539542, -104.2372647823697, -88.4650734006239, -105.96494384681229, -76.01667487347544, -163.2846182263341, -73.47137329266354, -77.73411281888025, -70.28885236167211, -113.87407305249862, -74.94160300727857, -79.59125176631609, -76.30277028927985, -103.54068892340807, -107.57020529048484, -76.35450300115922, -116.13332840976494, -84.1945985619398, -88.01839414855291, -96.6933026988953, -81.53163450151835, -77.76145346563962, -75.30047503798035, -78.29066388697721, -90.6598956235452, -116.26701946022997, -84.53197410106425, -107.82301305954661, -80.68801639834993, -86.0831327704619, -101.51926077108284, -142.07130692548807, -84.45878439107459, -89.82373955526462, -110.8900312705069, -83.14409609598219, -109.94448022916734, -71.29660054746174, -117.30459847164688, -82.59629290211466, -80.41404890969743, -93.05009515756936, -81.10436399948385, -79.39019548205681, -86.35893030857982, -150.21685470806045, -81.27552891163724, -78.83955108809616, -77.68540158671718, -81.9962016817643, -182.11149590075496, -106.1695004015201, -85.84470550875972, -84.27112829451332, -111.8613856031516, -117.82201216053618, -85.37362086029134, -143.91165490189377, -78.81000325965277, -89.00346938078837, -120.75386260858885, -118.25654005284966, -82.88990125875318, -77.99410547257078, -108.10738912423825, -112.03823532257253, -82.53595118966037, -75.96260884779828, -71.52271296581932, -85.85393911232994, -87.86978702729255, -76.98599649133503, -113.58558387272316, -81.24742423202223, -84.59410830636637, -79.94542016512749, -85.68455860064837, -107.80624627358924, -81.77681839357182, -75.76167258371099, -89.98686960049088, -75.1752341013118, -180.49376031489314, -148.85133025390002, -201.9011973929744, -116.25345402115751, -84.299312645311, -168.11106625459928, -86.23433285033514, -120.26155199266671, -82.17845037036837, -60.65632018988177, -80.6153739530795, -94.94846772345036, -78.67153857674205, -85.24069195015545, -125.71704316824282, -69.61484431285778, -80.65768197518689, -74.72475299202762], "initial_reset_timestamp": 1524138828.2863982}