{"timestamps": [1524364000.1575606, 1524364015.9053886, 1524364030.3890898, 1524364044.2381601, 1524364054.7736888, 1524364069.844058, 1524364085.2554593, 1524364086.3210826, 1524364100.4216263, 1524364114.898975, 1524364128.7117233, 1524364142.8175526, 1524364154.1207669, 1524364167.8563476, 1524364181.6464634, 1524364195.8192315, 1524364197.2567863, 1524364211.5056748, 1524364225.0566561, 1524364239.1122923, 1524364252.8070817, 1524364266.1191351, 1524364280.061704, 1524364293.745759, 1524364307.5754755, 1524364321.7769792, 1524364335.8474536, 1524364350.549907, 1524364365.6798346, 1524364379.7996414, 1524364392.9513261, 1524364406.3036296, 1524364420.3426976, 1524364434.1365042, 1524364448.2790117, 1524364462.4525428, 1524364476.8864827, 1524364491.4652855, 1524364505.9068048, 1524364519.9681623, 1524364534.9720364, 1524364550.7148776, 1524364561.5004067, 1524364576.2451725, 1524364591.3610678, 1524364606.8516705, 1524364620.485522, 1524364634.26508, 1524364646.7873373, 1524364660.6135845, 1524364675.4447336, 1524364689.5927072, 1524364703.4076056, 1524364718.5827258, 1524364734.428572, 1524364748.1485324, 1524364761.915573, 1524364776.725539, 1524364789.8416615, 1524364803.5304308, 1524364817.2434912, 1524364827.5965717, 1524364841.7383275, 1524364842.4001977, 1524364856.5941865, 1524364871.1125166, 1524364871.9149418, 1524364885.3840325, 1524364900.1192174, 1524364914.4704967, 1524364927.654771, 1524364941.3516493, 1524364956.460218, 1524364970.7404978, 1524364984.7716424, 1524364998.1813638, 1524365012.2491894, 1524365027.3287702, 1524365042.4057379, 1524365056.3546658, 1524365069.892141, 1524365083.9307775, 1524365097.3698957, 1524365111.3580847, 1524365113.0436482, 1524365127.1434958, 1524365141.3923075, 1524365155.118722, 1524365168.3531048, 1524365182.5205245, 1524365197.0418835, 1524365211.4204054, 1524365225.1782117, 1524365239.0769665, 1524365253.5166144, 1524365267.6285288, 1524365281.4641984, 1524365283.086327, 1524365296.824494, 1524365310.5229464], "episode_lengths": [1001, 1074, 1023, 968, 714, 1015, 987, 70, 1002, 1011, 993, 1006, 775, 986, 985, 975, 100, 1035, 974, 978, 983, 965, 999, 971, 977, 1018, 982, 1029, 1042, 990, 956, 960, 993, 977, 1014, 1005, 1011, 1033, 1046, 972, 1014, 936, 674, 947, 991, 997, 985, 978, 886, 988, 1026, 986, 996, 980, 1038, 962, 997, 1050, 957, 981, 973, 757, 1005, 44, 1027, 1031, 51, 972, 1041, 1012, 967, 973, 1050, 1029, 998, 965, 1006, 1054, 1062, 996, 952, 982, 956, 1002, 115, 1017, 996, 991, 942, 1023, 1000, 1017, 979, 1000, 995, 985, 968, 108, 986, 991], "episode_types": ["t", "t", "t", "t", "t", "t", "t", "t", "t", "t", "t", "t", "t", "t", "t", "t", "t", "t", "t", "t", "t", "t", "t", "t", "t", "t", "t", "t", "t", "t", "t", "t", "t", "t", "t", "t", "t", "t", "t", "t", "t", "t", "t", "t", "t", "t", "t", "t", "t", "t", "t", "t", "t", "t", "t", "t", "t", "t", "t", "t", "t", "t", "t", "t", "t", "t", "t", "t", "t", "t", "t", "t", "t", "t", "t", "t", "t", "t", "t", "t", "t", "t", "t", "t", "t", "t", "t", "t", "t", "t", "t", "t", "t", "t", "t", "t", "t", "t", "t", "t"], "episode_rewards": [264.30218681512105, 256.62199743901925, 261.9865662485772, 267.762292874471, 61.64729055251462, 261.73274578040116, 264.8463777194218, -113.56068373712748, 264.7212116709724, 261.9868091619912, 264.92995472717155, 262.0911075599334, 63.042900617051885, 265.4446476066651, 266.0015508541548, 265.8110293727273, -118.27984279778434, 261.4774290303788, 266.4691535182774, 266.7253998883277, 265.19614828698974, 266.98974416718755, 264.98843924156427, 267.90258079960984, 265.69602993406426, 262.22738811035515, 265.597299632619, 261.3384532634518, 259.298742014626, 264.7097898972172, 268.12977961380903, 267.4703963452826, 264.07772554500605, 265.4476600861355, 264.09918996023754, 263.3455535028315, 263.0755843932126, 262.0912173952462, 259.31674970371023, 266.40098147944497, 262.34095062790516, 268.880449606661, 74.73577213394347, 268.34891534521523, 263.3953907777975, 264.3662996850212, 265.48618408934016, 267.41336336192285, 111.8920141240771, 264.8212020585542, 261.5231427120375, 264.0685213933252, 152.71168366784602, 265.3593387864185, 260.03348419679725, 267.6404400669174, 263.62452687777477, 260.0128942711066, 268.2537080414337, 265.9342364754496, 266.8530920113257, 79.96440210916248, 263.7648929147715, -112.70019765555551, 260.64762303217924, 261.16365276542217, -116.17652168658118, 266.2372609270819, 260.1413726517751, 155.5705671615611, 265.88865455605213, 266.2560189467708, 257.833194726733, 260.75765608931545, 264.6304389960201, 266.1466045951014, 263.38247343335917, 257.73884515795953, 258.40856061737037, 265.02238834724193, 268.15078533644527, 265.31846703178763, 268.18628551810224, 264.46097905989484, -114.97434425586538, 262.3626466962337, 265.10574941740094, 264.12492333867556, 269.4740953741138, 262.09693880583484, 264.591503917903, 263.36047809742377, 265.58644157865683, 263.9199517784901, 263.2017822719056, 264.2551957861966, 267.73700386585125, -123.49258462297253, 264.814292263111, 265.0373883084978], "initial_reset_timestamp": 1524363881.2573473}