{"timestamps": [1524359410.7865126, 1524359425.083687, 1524359438.9926367, 1524359452.589758, 1524359466.4296834, 1524359481.493639, 1524359496.6501956, 1524359511.3554056, 1524359525.8567917, 1524359539.4485714, 1524359553.7596292, 1524359554.7240288, 1524359555.3792133, 1524359569.6405942, 1524359583.3893688, 1524359598.8381305, 1524359612.5182874, 1524359626.1801746, 1524359640.0066414, 1524359653.9871953, 1524359668.4898434, 1524359682.801206, 1524359697.3331482, 1524359711.0411973, 1524359724.9364808, 1524359738.9312787, 1524359740.105676, 1524359754.2908082, 1524359768.2244413, 1524359782.9830182, 1524359799.0383804, 1524359813.8188472, 1524359828.2081113, 1524359841.85812, 1524359856.3887115, 1524359857.3585505, 1524359871.2364678, 1524359885.222851, 1524359899.7058928, 1524359914.0675385, 1524359927.8686788, 1524359941.6828797, 1524359955.4468124, 1524359969.3974175, 1524359983.928894, 1524359997.4685118, 1524360011.829669, 1524360025.5181901, 1524360039.314021, 1524360053.4412322, 1524360067.6034682, 1524360081.5399444, 1524360095.9190643, 1524360109.7731605, 1524360124.093097, 1524360138.3755145, 1524360152.1572685, 1524360166.7339447, 1524360181.3227582, 1524360195.9658058, 1524360209.6869946, 1524360224.9008281, 1524360239.797405, 1524360253.634396, 1524360267.4410985, 1524360283.1504817, 1524360297.9303126, 1524360312.7038996, 1524360326.3868747, 1524360340.638054, 1524360356.4227815, 1524360371.1965184, 1524360387.1062949, 1524360403.709815, 1524360419.3678968, 1524360435.064597, 1524360450.8001697, 1524360466.0738735, 1524360480.3037357, 1524360494.6181595, 1524360508.2659388, 1524360522.1126454, 1524360536.157673, 1524360550.143412, 1524360564.9995456, 1524360579.6781235, 1524360594.5898876, 1524360608.3916671, 1524360622.1760526, 1524360637.2161894, 1524360651.1218648, 1524360652.0579314, 1524360665.7994936, 1524360680.4153428, 1524360694.6092741, 1524360709.385694, 1524360724.0288708, 1524360737.990092, 1524360752.5161128, 1524360766.7545033], "episode_lengths": [987, 1002, 987, 977, 978, 1007, 967, 1037, 1024, 981, 995, 69, 43, 1012, 983, 1119, 990, 970, 1002, 986, 1050, 1017, 1042, 996, 1011, 992, 91, 1007, 1028, 997, 989, 1004, 998, 989, 1005, 68, 994, 1019, 1031, 981, 989, 980, 983, 990, 1032, 979, 1025, 978, 969, 1018, 1009, 1003, 1014, 998, 1019, 1013, 985, 1039, 1049, 1056, 987, 1071, 1059, 1003, 992, 991, 1000, 1017, 971, 1012, 1023, 973, 1017, 981, 1004, 1031, 1015, 1013, 1011, 1021, 980, 980, 1008, 992, 997, 1042, 1079, 997, 991, 1067, 1007, 63, 978, 1041, 992, 1053, 1033, 1000, 1013, 1014], "episode_types": ["t", "t", "t", "t", "t", "t", "t", "t", "t", "t", "t", "t", "t", "t", "t", "t", "t", "t", "t", "t", "t", "t", "t", "t", "t", "t", "t", "t", "t", "t", "t", "t", "t", "t", "t", "t", "t", "t", "t", "t", "t", "t", "t", "t", "t", "t", "t", "t", "t", "t", "t", "t", "t", "t", "t", "t", "t", "t", "t", "t", "t", "t", "t", "t", "t", "t", "t", "t", "t", "t", "t", "t", "t", "t", "t", "t", "t", "t", "t", "t", "t", "t", "t", "t", "t", "t", "t", "t", "t", "t", "t", "t", "t", "t", "t", "t", "t", "t", "t", "t"], "episode_rewards": [265.0107163447539, 264.278536580874, 263.87202804353, 266.73091004557386, 266.8011865881575, 264.1531171161872, 266.08102218938996, 261.66029744038093, 262.57726809468005, 265.48372476097506, 264.46580729153374, -112.53333781260348, -118.2879331429213, 263.6090999288624, 267.0470448088956, 252.06688247086774, 264.82700475263505, 266.20589763555483, 263.668345459406, 264.4759348895385, 259.472228431765, 263.6604451746524, 259.77918054236704, 264.3932021676141, 262.87640090012144, 263.890873646993, -113.10852243491227, 261.9296366403017, 261.09610935624715, 264.1997994815245, 265.4878389568782, 263.1744812990346, 264.2338588567366, 265.56384016689464, 264.4608592558559, -116.39093956411917, 264.32614334071303, 262.2002632629306, 261.44382858218347, 264.79136993779036, 265.02539834458247, 264.8566651151774, 265.00715974728223, 263.2175442657734, 260.4100093816327, 266.5854229886045, 261.6534437468305, 265.27365766634546, 266.6308227264291, 262.26744507938827, 262.5907193010517, 263.3039363895796, 262.9921838274192, 263.4459161642169, 262.9318057714167, 262.4253203792096, 266.3935444617487, 260.0744825261858, 257.7070637816619, 257.7251269756653, 265.3038183915741, 257.17107453368186, 256.92684855865775, 264.5870609858027, 265.10009948622934, 264.3344741180302, 264.01417740499727, 263.36913304267966, 266.61739643669284, 263.95006761438776, 261.43385037798015, 265.73108696459593, 262.3017790021321, 266.386012213161, 263.29204390910894, 261.28388932165706, 262.28921741169705, 261.87083293988746, 262.84380269191746, 261.913638588446, 265.07040644951127, 266.0394131881074, 263.7232830228144, 264.32801080519454, 264.0762869875692, 260.68410251316476, 255.4992073205965, 263.91258560165323, 265.8471355544755, 257.9632428012768, 263.1177780298956, -116.17915297171763, 265.6986530732593, 259.99322423079684, 264.7311303684009, 258.5256104422213, 261.2015430359162, 264.8809523866078, 263.25477354402165, 262.43386030435187], "initial_reset_timestamp": 1524359295.961125}