{"timestamps": [1524313537.3781967, 1524313551.000135, 1524313564.1738303, 1524313565.518018, 1524313579.2362916, 1524313591.8702912, 1524313606.0992036, 1524313619.5388637, 1524313632.7818422, 1524313646.132994, 1524313647.1724577, 1524313660.1524708, 1524313674.3645198, 1524313687.07097, 1524313700.8482516, 1524313714.1385448, 1524313727.6042476, 1524313741.2845285, 1524313754.999635, 1524313768.4163032, 1524313782.1581016, 1524313797.0066304, 1524313810.7651677, 1524313823.9159846, 1524313825.0985107, 1524313839.272023, 1524313843.5524876, 1524313857.5632176, 1524313871.9826767, 1524313886.4820838, 1524313894.3161004, 1524313908.7076218, 1524313923.8385308, 1524313939.0905159, 1524313958.1708338, 1524313977.9686666, 1524313995.7430153, 1524314010.051183, 1524314024.0345726, 1524314028.3311176, 1524314041.8757286, 1524314055.6705294, 1524314069.5273206, 1524314083.1496203, 1524314096.7090604, 1524314110.4843125, 1524314123.977803, 1524314137.5254455, 1524314142.1502264, 1524314156.4598496, 1524314169.8963168, 1524314183.2878382, 1524314196.8638113, 1524314210.2887523, 1524314223.8082032, 1524314236.7461548, 1524314250.0066304, 1524314263.13044, 1524314276.203194, 1524314287.3324745, 1524314300.4397058, 1524314309.3648822, 1524314322.6317225, 1524314323.5844455, 1524314337.52516, 1524314351.3643367, 1524314364.9926898, 1524314377.9872932, 1524314391.6960592, 1524314405.9805539, 1524314418.9812949, 1524314431.97263, 1524314444.6709182, 1524314458.1493964, 1524314470.9455006, 1524314483.5386145, 1524314497.2469366, 1524314510.496286, 1524314523.83507, 1524314528.2520456, 1524314529.2074845, 1524314542.1767657, 1524314546.2583237, 1524314559.0013902, 1524314572.2218783, 1524314586.9154012, 1524314599.962871, 1524314612.8918717, 1524314626.4073992, 1524314640.3106952, 1524314641.344954, 1524314654.8299599, 1524314664.831092, 1524314679.1763103, 1524314692.8114774, 1524314701.3157132, 1524314715.315081, 1524314726.152237, 1524314740.2168207, 1524314755.1439052], "episode_lengths": [1021, 1015, 976, 99, 1038, 947, 1039, 1018, 999, 1016, 76, 986, 1072, 1005, 1054, 1015, 1006, 1012, 1036, 1026, 1030, 1115, 1051, 1007, 92, 1022, 330, 1051, 1087, 1026, 555, 1018, 1055, 1012, 1042, 1058, 1019, 1019, 1024, 322, 1034, 1052, 1045, 1027, 1022, 1049, 1010, 1034, 368, 1090, 1027, 1028, 1038, 1040, 1037, 994, 1023, 1021, 1032, 871, 1001, 693, 1008, 71, 1035, 1033, 1026, 1006, 1039, 1064, 991, 1014, 984, 1049, 994, 981, 1034, 1024, 1014, 335, 70, 1006, 288, 977, 1000, 1096, 1003, 985, 1024, 1047, 78, 1017, 759, 1084, 1019, 647, 1027, 819, 1037, 1035], "episode_types": ["t", "t", "t", "t", "t", "t", "t", "t", "t", "t", "t", "t", "t", "t", "t", "t", "t", "t", "t", "t", "t", "t", "t", "t", "t", "t", "t", "t", "t", "t", "t", "t", "t", "t", "t", "t", "t", "t", "t", "t", "t", "t", "t", "t", "t", "t", "t", "t", "t", "t", "t", "t", "t", "t", "t", "t", "t", "t", "t", "t", "t", "t", "t", "t", "t", "t", "t", "t", "t", "t", "t", "t", "t", "t", "t", "t", "t", "t", "t", "t", "t", "t", "t", "t", "t", "t", "t", "t", "t", "t", "t", "t", "t", "t", "t", "t", "t", "t", "t", "t"], "episode_rewards": [262.612184243676, 263.5106555388907, 266.55829693244993, -106.99047101402881, 261.96669145371465, 125.29813718682286, 260.19827425885796, 264.10766034100993, 265.3303876197028, 263.2239577001019, -112.53178938598211, 265.78928520021464, 258.1465936501625, 263.4826927590303, 260.51280660918417, 264.3975852355539, 264.6492084103605, 264.2190763215548, 262.2293946790299, 263.2284885349738, 261.84922764686826, 254.46023103751693, 261.6607283449223, 264.2181318464305, -117.77076191729381, 263.19829279272955, -36.30531127357754, 261.140679317437, 257.57327648084356, 262.76818347329197, 18.67924668270679, 262.75365787430275, 258.63946856246656, 262.7556225622742, 260.97579164235793, 261.1694180549391, 263.6013065650541, 262.59728494667706, 261.875796834267, -39.226697904063315, 262.41032668106214, 260.33450142375005, 261.4860126310458, 262.1092592172888, 262.1422452067987, 260.46669754199075, 264.1435455068817, 262.9633246822399, -13.518714325144202, 254.73059323748458, 263.7551653647313, 263.17856418155174, 262.27425498569295, 260.09383162454384, 262.085244379515, 265.0743615537204, 263.20337549955514, 263.30467395890065, 261.2686764579431, 107.15834419684387, 265.38390703845255, 56.28851478527591, 264.3124380517536, -113.4432539699744, 261.357429205761, 261.9387778688142, 262.4530005817128, 265.25425280040946, 261.83830373051006, 258.09972095470545, 266.14063401594433, 263.5020695107575, 267.270576097503, 260.2604372339638, 265.61295851090756, 267.096126300651, 262.07901153661385, 263.98649973085173, 263.8267218841423, -42.38966304668436, -112.55127511255374, 264.2027708693177, -52.169964053580976, 136.72214266301938, 263.37986407877565, 255.56668658480461, 264.0997479303343, 266.9657739896711, 263.61309527451874, 260.4964104920356, -113.48459430560919, 262.64550676141937, 66.02184617251342, 255.96171566877533, 263.0517370825873, 57.28623304992837, 264.0672166182567, 96.15296771124684, 261.2549585589557, 262.83030769930434], "initial_reset_timestamp": 1524313426.2569056}