{"timestamps": [1524325121.8979967, 1524325135.633624, 1524325149.8159878, 1524325163.3012288, 1524325176.475056, 1524325189.5370295, 1524325202.3449574, 1524325215.5963557, 1524325229.0290916, 1524325242.5213175, 1524325255.7657385, 1524325268.708852, 1524325281.8248546, 1524325295.0849416, 1524325308.3424404, 1524325321.3256607, 1524325334.5507503, 1524325348.2505162, 1524325361.2076635, 1524325374.8639216, 1524325388.610672, 1524325401.7925293, 1524325415.1312969, 1524325428.2137456, 1524325441.941575, 1524325455.404608, 1524325468.5307298, 1524325481.4077265, 1524325494.5414007, 1524325507.5380476, 1524325518.7909198, 1524325531.8826692, 1524325545.0245755, 1524325558.154681, 1524325572.3799696, 1524325585.8856544, 1524325599.4351344, 1524325605.2758193, 1524325618.8777199, 1524325632.0462403, 1524325644.9634793, 1524325658.6537054, 1524325672.3962357, 1524325686.753655, 1524325701.3101134, 1524325707.7645223, 1524325722.078337, 1524325737.3212357, 1524325750.37704, 1524325763.1600246, 1524325776.572016, 1524325790.51532, 1524325804.1330898, 1524325817.2910361, 1524325830.8425424, 1524325844.760917, 1524325852.5582945, 1524325865.9552336, 1524325876.1006029, 1524325889.5726044, 1524325902.5027406, 1524325916.8639042, 1524325930.5830674, 1524325944.2759767, 1524325957.8153539, 1524325970.5629702, 1524325983.8440664, 1524325984.809557, 1524325998.0358405, 1524326010.9944596, 1524326024.2243462, 1524326037.6011386, 1524326051.1844876, 1524326065.0171373, 1524326078.1159265, 1524326091.374411, 1524326104.7675135, 1524326117.8138309, 1524326131.203679, 1524326144.6440501, 1524326145.6918504, 1524326159.326614, 1524326160.37571, 1524326174.1743064, 1524326187.7123098, 1524326201.1292737, 1524326214.551274, 1524326227.7305472, 1524326240.9762282, 1524326254.5410037, 1524326268.3709521, 1524326282.0554302, 1524326294.954814, 1524326308.5548294, 1524326322.5196812, 1524326336.4094746, 1524326349.686659, 1524326363.5521138, 1524326376.806152, 1524326382.9118772], "episode_lengths": [960, 980, 1022, 975, 965, 969, 940, 978, 989, 986, 986, 962, 976, 978, 990, 948, 997, 1021, 962, 983, 1012, 979, 984, 978, 995, 1018, 977, 958, 968, 947, 837, 967, 957, 961, 1036, 998, 1004, 431, 1001, 988, 962, 1007, 1033, 963, 1017, 435, 965, 1011, 936, 966, 994, 1037, 1011, 982, 1007, 1025, 586, 1001, 735, 957, 963, 1052, 998, 1000, 993, 937, 982, 69, 981, 958, 974, 975, 995, 1033, 971, 974, 982, 962, 992, 1004, 71, 1018, 65, 1027, 1007, 1002, 980, 966, 967, 1006, 998, 1001, 953, 992, 1032, 1001, 985, 1025, 988, 460], "episode_types": ["t", "t", "t", "t", "t", "t", "t", "t", "t", "t", "t", "t", "t", "t", "t", "t", "t", "t", "t", "t", "t", "t", "t", "t", "t", "t", "t", "t", "t", "t", "t", "t", "t", "t", "t", "t", "t", "t", "t", "t", "t", "t", "t", "t", "t", "t", "t", "t", "t", "t", "t", "t", "t", "t", "t", "t", "t", "t", "t", "t", "t", "t", "t", "t", "t", "t", "t", "t", "t", "t", "t", "t", "t", "t", "t", "t", "t", "t", "t", "t", "t", "t", "t", "t", "t", "t", "t", "t", "t", "t", "t", "t", "t", "t", "t", "t", "t", "t", "t", "t"], "episode_rewards": [267.8694277581901, 265.76411565200556, 262.010849531173, 265.7722894113544, 266.0374956975948, 267.0112634902875, 269.07264405404425, 264.7976281428098, 266.0042904004817, 264.5850567060845, 265.07150597601077, 266.7807459910575, 265.64101639216983, 266.3152006915886, 265.1028355446394, 268.47833787251415, 263.5696091239879, 261.53421675439847, 267.2640354168685, 265.0604246525186, 262.38755436325056, 265.51068585396087, 265.4370564755044, 265.5852892129179, 264.84438043083065, 261.9923711382477, 265.28464682585104, 268.2788750357894, 266.1617876432527, 267.1627337815157, 94.10301260533379, 266.1547446091071, 268.4654413649281, 266.9590005022982, 260.7059623777227, 262.6243088005356, 263.0779664901186, 3.448513636655818, 263.5483340704481, 263.84622715995033, 266.19988667160374, 263.24405588365727, 259.3334255127448, 267.209682651369, 261.36496794580063, 1.3713331675418061, 267.89187488748075, 262.3170297000501, 153.71687353459052, 266.4261116702999, 264.6461994820786, 259.79475230256577, 262.9192794371455, 265.7657249006, 263.53677197303796, 261.7376819427638, 38.88761409291652, 263.2295511020053, 89.27533292720955, 267.79956056703463, 266.543235298198, 257.7393168492431, 265.4807361699793, 262.8544675453384, 264.8344116245303, 268.84519088614974, 265.2884611434337, -109.40664641595208, 265.7281847072727, 266.5151315791346, 266.383107984236, 267.2465929747413, 264.7286649520506, 259.46769868321974, 266.72957668251246, 265.6361413648273, 265.31551253114793, 267.29456733938366, 264.1106890097676, 264.1082525440494, -106.65174791209812, 259.6784362579673, -115.01054515184738, 261.4304361450878, 263.11478233648035, 263.46536256290256, 265.4278814730448, 267.06218577871016, 267.64626548846746, 262.6999621526493, 264.4793851478486, 262.4920467184916, 269.05193483363234, 263.8964387474545, 260.4768921308768, 264.55945621690176, 265.4032063105356, 260.9431014102068, 264.9979375780177, 9.233912576238438], "initial_reset_timestamp": 1524325013.8366003}