{"timestamps": [1524298418.0905573, 1524298436.2730434, 1524298453.461509, 1524298463.013128, 1524298481.832519, 1524298497.3813863, 1524298514.5902302, 1524298533.5567303, 1524298552.662229, 1524298566.24506, 1524298578.0304673, 1524298595.3714082, 1524298613.5324936, 1524298629.5819645, 1524298645.9435003, 1524298662.4061923, 1524298676.8358812, 1524298692.3698552, 1524298710.5114462, 1524298726.8682747, 1524298745.4493058, 1524298763.8753629, 1524298779.2983725, 1524298795.757642, 1524298812.83892, 1524298813.814354, 1524298830.4627202, 1524298847.3934357, 1524298865.0338473, 1524298883.4888103, 1524298900.754297, 1524298916.585117, 1524298919.556483, 1524298920.821109, 1524298937.3610265, 1524298955.7097368, 1524298974.175579, 1524298991.6746478, 1524299009.3215022, 1524299014.2491598, 1524299032.561027, 1524299050.5962222, 1524299064.4447162, 1524299083.4382803, 1524299101.342709, 1524299118.410367, 1524299136.2641115, 1524299154.4085462, 1524299171.3935566, 1524299187.618712, 1524299204.8816583, 1524299223.5130768, 1524299240.274487, 1524299259.1223776, 1524299277.9595792, 1524299296.6457162, 1524299297.8767772, 1524299315.3963127, 1524299332.8993862, 1524299352.8589864, 1524299359.380759, 1524299376.5541754, 1524299394.936778, 1524299411.9611456, 1524299429.473178, 1524299447.690538, 1524299466.0074089, 1524299483.3537872, 1524299491.3661358, 1524299509.2735922, 1524299524.7861671, 1524299540.500461, 1524299543.6172476, 1524299558.4159155, 1524299573.7006912, 1524299588.42452, 1524299604.4278064, 1524299621.0607476, 1524299638.7735348, 1524299656.1608865, 1524299671.7647877, 1524299689.077897, 1524299705.117002, 1524299722.789415, 1524299738.930084, 1524299758.8307123, 1524299775.4882624, 1524299791.1249528, 1524299808.343807, 1524299821.2893808, 1524299837.8199625, 1524299855.2129996, 1524299871.8011506, 1524299888.0602822, 1524299906.8809428, 1524299923.337928, 1524299939.8978739, 1524299940.9619968, 1524299957.5210166, 1524299975.4689016], "episode_lengths": [1122, 1061, 1043, 582, 1112, 1049, 1014, 1097, 1079, 792, 724, 1010, 1064, 1009, 1050, 1048, 1041, 1055, 1076, 1073, 1089, 1190, 1038, 1062, 1056, 55, 1042, 1053, 1104, 1075, 1063, 1054, 221, 92, 1044, 1079, 1082, 1113, 1014, 280, 1109, 1051, 804, 1096, 1038, 1048, 1054, 1041, 1057, 1057, 1014, 1091, 1077, 1109, 1107, 1109, 68, 1056, 1043, 1198, 381, 1017, 1094, 1010, 1018, 1087, 1085, 1052, 498, 1054, 1074, 1058, 222, 1008, 1055, 957, 1081, 1061, 1095, 1044, 908, 1056, 1046, 1082, 1017, 1218, 1042, 1050, 1047, 801, 1026, 1045, 1040, 1055, 1123, 1017, 1050, 65, 1028, 1057], "episode_types": ["t", "t", "t", "t", "t", "t", "t", "t", "t", "t", "t", "t", "t", "t", "t", "t", "t", "t", "t", "t", "t", "t", "t", "t", "t", "t", "t", "t", "t", "t", "t", "t", "t", "t", "t", "t", "t", "t", "t", "t", "t", "t", "t", "t", "t", "t", "t", "t", "t", "t", "t", "t", "t", "t", "t", "t", "t", "t", "t", "t", "t", "t", "t", "t", "t", "t", "t", "t", "t", "t", "t", "t", "t", "t", "t", "t", "t", "t", "t", "t", "t", "t", "t", "t", "t", "t", "t", "t", "t", "t", "t", "t", "t", "t", "t", "t", "t", "t", "t", "t"], "episode_rewards": [256.59460382655146, 260.73357521725495, 264.35162292982506, 0.7700563495618837, 257.3360677730812, 262.96113822665933, 265.19445342596106, 257.09111170095105, 260.5725275582751, 78.23588274790359, 51.09663900943036, 266.92084722381924, 261.4908537938304, 267.62020084287724, 261.88595723616214, 262.97179945988506, 263.8782297483358, 262.01194970082213, 259.82491114708483, 259.4582878723836, 258.46157637272967, 250.0516554401366, 262.34369410223064, 261.0995245341645, 262.1175165541534, -109.85526714834344, 262.596633023875, 260.8837217790736, 257.5475409898526, 261.75627871040126, 262.2145382340021, 261.1704929560802, -57.44894274309011, -110.68653760953438, 264.9295652080125, 260.2029680852682, 259.32405373132934, 256.04227948919475, 266.66779182206915, -38.78342041082621, 257.5245049823654, 262.9345658533145, 52.797065067270154, 257.8822049745982, 263.93876838915605, 263.53954122302775, 135.9425385157702, 264.0549026773967, 263.0803369546871, 262.8982578310824, 266.2709016115682, 258.53746393273735, 260.0992687640682, 258.33391626108016, 257.8298003836936, 256.7417086135607, -113.54489856733497, 262.45215411035207, 262.3860415517672, 248.93346780665183, -31.481159542015334, 264.4051975050096, 257.8097474435429, 266.22663850632534, 266.2354278274685, 258.54418009582207, 259.6921248935272, 262.40517017017066, -12.871444013007064, 261.6742254885226, 259.8259381680394, 261.4308193236848, -79.11522445110997, 266.88343628644606, 263.04497356983353, 127.55211063393716, 260.569422660975, 262.86925241970835, 258.1885987759028, 263.72721780597345, 124.16427673664435, 262.2269612343373, 263.62371491310364, 260.28606830366033, 266.4320030857471, 246.71814714970165, 263.90704917974864, 264.13166718014594, 263.3900621237617, 58.020934131683305, 264.3882387810856, 262.30321978451434, 263.88354812933153, 262.1425285816614, 257.2920258906407, 266.27405926359563, 262.4660979156435, -107.85970780131036, 264.3097470762382, 260.9208037414937], "initial_reset_timestamp": 1524298262.9785092}