{"timestamps": [1524141607.947829, 1524141631.2481163, 1524141654.7721655, 1524141677.1445565, 1524141700.2386801, 1524141723.1961331, 1524141746.5727162, 1524141770.1258128, 1524141794.0458257, 1524141816.780448, 1524141840.0093696, 1524141840.8871737, 1524141863.5728142, 1524141886.009941, 1524141910.871145, 1524141933.274449, 1524141958.8460183, 1524141983.8075423, 1524142006.517716, 1524142028.9300883, 1524142051.7267807, 1524142074.371319, 1524142096.265733, 1524142118.1677403, 1524142140.1124945, 1524142162.901566, 1524142188.884759, 1524142213.2356951, 1524142237.7596326, 1524142261.7291987, 1524142285.2670267, 1524142310.7898579, 1524142334.6811886, 1524142358.5966508, 1524142382.2666602, 1524142405.6408591, 1524142429.197498, 1524142453.60807, 1524142479.2509983, 1524142502.8102622, 1524142524.444392, 1524142546.2488594, 1524142568.4822655, 1524142592.1470954, 1524142614.9501278, 1524142636.6479092, 1524142658.0611386, 1524142679.722474, 1524142701.2611637, 1524142722.5168602, 1524142744.1651058, 1524142764.9135425, 1524142786.0565665, 1524142807.541461, 1524142828.8108819, 1524142850.646106, 1524142872.3809454, 1524142896.1647754, 1524142919.016867, 1524142940.9573104, 1524142962.1588535, 1524142986.7706497, 1524143009.4757442, 1524143032.6792352, 1524143055.5991836, 1524143078.8632367, 1524143102.826848, 1524143126.1421278, 1524143148.4809675, 1524143172.5040119, 1524143196.1171799, 1524143219.4639387, 1524143242.6539543, 1524143265.6452336, 1524143290.4831336, 1524143314.9602692, 1524143338.7782152, 1524143361.6509113, 1524143383.836463, 1524143407.3344078, 1524143430.9447365, 1524143454.8687465, 1524143478.1189194, 1524143479.2167103, 1524143501.1903121, 1524143523.6076405, 1524143545.855532, 1524143569.9175894, 1524143593.2499964, 1524143615.8103528, 1524143639.970679, 1524143665.2612243, 1524143688.856293, 1524143712.4315848, 1524143736.2721865, 1524143737.984296, 1524143760.9072647, 1524143782.9034486, 1524143807.2654421, 1524143831.3372765], "episode_lengths": [1600, 1600, 1600, 1600, 1600, 1600, 1600, 1600, 1600, 1600, 1600, 62, 1600, 1600, 1600, 1600, 1600, 1600, 1600, 1600, 1600, 1600, 1600, 1600, 1600, 1600, 1600, 1600, 1600, 1600, 1600, 1600, 1600, 1600, 1600, 1600, 1600, 1600, 1600, 1600, 1600, 1600, 1600, 1600, 1600, 1600, 1600, 1600, 1600, 1600, 1600, 1600, 1600, 1600, 1600, 1600, 1600, 1600, 1600, 1600, 1600, 1600, 1600, 1600, 1600, 1600, 1600, 1600, 1600, 1600, 1600, 1600, 1600, 1600, 1600, 1600, 1600, 1600, 1600, 1600, 1600, 1600, 1600, 81, 1600, 1600, 1600, 1600, 1600, 1600, 1600, 1600, 1600, 1600, 1600, 108, 1600, 1600, 1600, 1600], "episode_types": ["t", "t", "t", "t", "t", "t", "t", "t", "t", "t", "t", "t", "t", "t", "t", "t", "t", "t", "t", "t", "t", "t", "t", "t", "t", "t", "t", "t", "t", "t", "t", "t", "t", "t", "t", "t", "t", "t", "t", "t", "t", "t", "t", "t", "t", "t", "t", "t", "t", "t", "t", "t", "t", "t", "t", "t", "t", "t", "t", "t", "t", "t", "t", "t", "t", "t", "t", "t", "t", "t", "t", "t", "t", "t", "t", "t", "t", "t", "t", "t", "t", "t", "t", "t", "t", "t", "t", "t", "t", "t", "t", "t", "t", "t", "t", "t", "t", "t", "t", "t"], "episode_rewards": [-46.66122373986861, -53.57855101084748, -40.03251663829519, -43.54484113152817, -58.24247264047175, -50.25644627841897, -56.51551337186487, -44.195809688254045, -44.32570495070689, -59.54933299557177, -34.70451738662439, -113.08756435070386, -43.451272703307026, -51.180668002557454, -48.701735576706575, -56.77755286722385, -51.806237308815, -48.193645815707995, -57.45611628285958, -57.134258260825234, -39.38131939479913, -61.430498401868455, -48.49668477010656, -58.52855791476723, -51.85351093079975, -34.17883332641587, -48.328510895993645, -64.63920487114493, -52.283313516348166, -40.814749859964614, -51.1766678612584, -35.04557605227039, -53.2915075658401, -43.16047977925922, -52.59837397414067, -49.31609927088165, -61.37828628156439, -37.5509870375144, -43.58120093407521, -66.06244254988357, -44.38413902569765, -43.608442870730755, -54.35548731813889, -56.282444460785136, -55.81911843763484, -59.00404678462329, -53.35204689090451, -43.25300795092289, -55.85016327143531, -43.251292712829795, -49.66150188830963, -29.110429090795208, -47.83774456410998, -53.58073918923218, -46.284527556498404, -52.43604539040828, -33.84391049627111, -54.116696555251885, -63.12389488619849, -45.870047434991555, -34.4396702067426, -46.587711264781426, -40.34069379796001, -51.13228018188339, -36.66926180491547, -16.9308863933094, -50.19502807363407, -54.470206953939794, -50.483791623284816, -42.286205265877385, -51.06098885329324, -40.54592524550217, -49.65247021752802, -46.990994221225684, -32.10555728310642, -53.51059543242777, -43.166658144395484, -54.708857440114876, -43.93424917948071, -48.03590141862828, -39.83473318512738, -59.894187186767134, -25.959347010496554, -108.96634193883915, -44.119818006282955, -53.25799253013984, -39.17392667572882, -47.42283779421417, -45.42241362666466, -43.683691909864216, -40.81701090049106, -47.37677900048755, -51.0136481332785, -23.456117921695277, -41.35513059530764, -109.80606677356228, -38.15903887976262, -40.0287394603006, -27.72395877665328, -48.07663514071435], "initial_reset_timestamp": 1524141416.540789}