{"timestamps": [1524287855.8340528, 1524287872.9052784, 1524287891.259824, 1524287909.2420707, 1524287927.760589, 1524287944.6948855, 1524287947.2004883, 1524287965.0236375, 1524287982.4742892, 1524288000.238954, 1524288015.9268115, 1524288034.9308197, 1524288052.5626132, 1524288070.6299155, 1524288089.1116014, 1524288107.4918754, 1524288123.8556075, 1524288141.4441202, 1524288152.473474, 1524288170.2983367, 1524288187.2828646, 1524288189.609213, 1524288206.3146555, 1524288224.2437086, 1524288242.590542, 1524288261.0772007, 1524288278.7528703, 1524288296.2293534, 1524288314.6405685, 1524288332.324488, 1524288349.3356526, 1524288365.6520061, 1524288380.9047165, 1524288382.149646, 1524288387.569974, 1524288403.5241055, 1524288407.766414, 1524288410.0600488, 1524288428.4324481, 1524288444.6351783, 1524288461.811216, 1524288478.8930087, 1524288481.4898992, 1524288488.5749245, 1524288507.522579, 1524288524.623322, 1524288543.4112778, 1524288561.3050425, 1524288579.8202264, 1524288597.707662, 1524288614.755407, 1524288617.5083508, 1524288636.3691735, 1524288653.9793894, 1524288671.9029946, 1524288689.1285372, 1524288707.0249689, 1524288723.6858528, 1524288727.1262233, 1524288745.0533, 1524288763.3496454, 1524288780.8937216, 1524288798.3556406, 1524288814.4168997, 1524288830.5830147, 1524288847.4385574, 1524288863.3293586, 1524288881.5332656, 1524288899.2953174, 1524288915.2840848, 1524288933.0327988, 1524288949.7720206, 1524288966.576844, 1524288983.249547, 1524289001.5015218, 1524289018.3894994, 1524289036.1148036, 1524289047.5174732, 1524289065.3989563, 1524289074.3379607, 1524289084.7695792, 1524289101.862682, 1524289119.0852814, 1524289136.4855876, 1524289154.4853299, 1524289173.199723, 1524289190.911662, 1524289208.2558277, 1524289226.0977015, 1524289243.9658382, 1524289260.591641, 1524289276.2651067, 1524289294.1435812, 1524289309.180091, 1524289325.0048587, 1524289338.7829318, 1524289356.0082865, 1524289372.8903275, 1524289387.3194804, 1524289401.4929428], "episode_lengths": [1189, 1039, 1083, 1104, 1087, 1014, 136, 1037, 1047, 1031, 1001, 1024, 1053, 1072, 1080, 1096, 1038, 1069, 695, 1045, 1028, 133, 1040, 1073, 1068, 1045, 1043, 1052, 1074, 1015, 1011, 1029, 1024, 70, 306, 1019, 247, 118, 1120, 1012, 1080, 1054, 147, 399, 1098, 1021, 1105, 1047, 1091, 1055, 1034, 160, 1037, 1042, 1063, 1084, 1090, 1018, 192, 1059, 1067, 1039, 1039, 1055, 1035, 1033, 1008, 1049, 1084, 1084, 1071, 1027, 1038, 1040, 1109, 1049, 1060, 746, 1079, 529, 647, 1039, 1038, 1030, 1065, 1106, 1040, 1027, 1066, 1084, 1055, 1033, 1092, 1071, 1106, 1038, 1053, 1052, 1041, 1044], "episode_types": ["t", "t", "t", "t", "t", "t", "t", "t", "t", "t", "t", "t", "t", "t", "t", "t", "t", "t", "t", "t", "t", "t", "t", "t", "t", "t", "t", "t", "t", "t", "t", "t", "t", "t", "t", "t", "t", "t", "t", "t", "t", "t", "t", "t", "t", "t", "t", "t", "t", "t", "t", "t", "t", "t", "t", "t", "t", "t", "t", "t", "t", "t", "t", "t", "t", "t", "t", "t", "t", "t", "t", "t", "t", "t", "t", "t", "t", "t", "t", "t", "t", "t", "t", "t", "t", "t", "t", "t", "t", "t", "t", "t", "t", "t", "t", "t", "t", "t", "t", "t"], "episode_rewards": [249.2049899711278, 264.5138695651941, 260.0439977023977, 258.16192949347067, 260.232863650812, 266.30573515810175, -114.37504865442594, 264.79969590423565, 263.8575703513392, 264.22464318353883, 268.16569695262626, 263.58205673996736, 262.16763419821115, 259.32663089161343, 260.54765473989875, 258.8043830869004, 263.4305387996638, 261.2829937569093, 45.217798266760326, 263.7388080842996, 264.446675211524, -105.16197050554997, 263.52829880131975, 260.0949153303077, 261.03568821611333, 265.09581156893245, 263.89013872755874, 262.9013405053398, 260.3493230161444, 266.70631017699867, 265.5385836148414, 265.0850873997036, 265.6743571515189, -110.62925957401524, -51.991046465507125, 266.2188356986073, -69.39691707345789, -115.90581218046397, 256.6539352584131, 265.50885035645774, 259.28107663179895, 262.8239700121677, -115.61637820802781, -19.691134398803342, 258.51819559328135, 264.7083916974259, 257.56633670222766, 263.10601881702297, 258.6027329303293, 262.6627152895751, 265.54632013789956, -110.31474760937154, 263.81554776077274, 264.14976492545907, 262.2162690548169, 258.81394111214667, 259.3739220385619, 265.78104245311886, -116.05651579044948, 262.15182491119634, 262.0134449726566, 263.944625252831, 262.6685958773071, 262.5383601865495, 264.2999364256411, 265.6356345014487, 267.50358165503667, 263.933484217129, 260.5710711357996, 259.4997201042318, 262.5301564845204, 265.3774222617684, 264.5899336361382, 264.88920824881063, 258.1350089505231, 263.3285695296706, 261.7831858430657, 74.73347422855915, 258.90803980836773, -5.111743701204645, 47.87286036087232, 263.3841392885422, 264.15148803873734, 264.43043960054126, 262.0557080248354, 258.2862236892788, 264.3063978125869, 265.1591424042966, 261.6221981965006, 259.61634706629167, 261.8629067058299, 264.6706222206602, 258.5001501589173, 260.993246575427, 257.25604720190483, 263.33799781206955, 263.09834362928984, 263.370042276526, 263.2029941645451, 263.61103949569423], "initial_reset_timestamp": 1524287688.7695353}