{"timestamps": [1524381961.7141, 1524381975.1284447, 1524381988.9236164, 1524381993.4794867, 1524382002.4107587, 1524382016.6644914, 1524382031.0268052, 1524382044.7654, 1524382059.2199748, 1524382071.5383923, 1524382084.3127, 1524382097.7764583, 1524382111.2182176, 1524382124.8253167, 1524382138.8916912, 1524382152.2702107, 1524382165.1952147, 1524382178.2228825, 1524382191.3763783, 1524382204.4527993, 1524382217.3407576, 1524382231.0799003, 1524382244.7400017, 1524382257.9808738, 1524382270.8068695, 1524382284.1391723, 1524382296.8321836, 1524382311.0681577, 1524382324.605593, 1524382337.2890077, 1524382350.484844, 1524382363.9659104, 1524382377.5914085, 1524382391.273358, 1524382404.5425315, 1524382405.3880613, 1524382418.7894683, 1524382431.5988073, 1524382444.9630089, 1524382458.655583, 1524382470.6208105, 1524382484.5552797, 1524382488.1530201, 1524382501.06524, 1524382514.6413853, 1524382528.7994225, 1524382542.4375248, 1524382555.8368611, 1524382569.2510595, 1524382582.3265224, 1524382596.952829, 1524382610.3697562, 1524382622.3543417, 1524382636.0465882, 1524382648.8799562, 1524382662.7884245, 1524382675.7815747, 1524382688.7676618, 1524382697.9738402, 1524382711.219686, 1524382724.7606752, 1524382738.0038025, 1524382752.6093302, 1524382766.3445408, 1524382779.7974186, 1524382786.4401643, 1524382800.20239, 1524382804.1030622, 1524382816.9640043, 1524382826.0310006, 1524382839.1737998, 1524382852.6442375, 1524382855.1529512, 1524382869.3684192, 1524382879.6107712, 1524382892.908891, 1524382906.3199415, 1524382912.3269458, 1524382927.7162151, 1524382942.9549375, 1524382948.3579, 1524382963.5414898, 1524382977.9594364, 1524382991.3731177, 1524383000.617376, 1524383014.6434493, 1524383027.5081441, 1524383040.7650986, 1524383050.7661078, 1524383064.8955412, 1524383078.8557584, 1524383091.7578185, 1524383098.6067948, 1524383108.871485, 1524383122.6062965, 1524383136.208538, 1524383149.0093648, 1524383156.4226696, 1524383160.5363896, 1524383161.9064152], "episode_lengths": [573, 933, 955, 268, 597, 968, 940, 944, 1007, 913, 916, 952, 968, 961, 988, 946, 937, 950, 964, 949, 926, 971, 947, 946, 913, 980, 907, 1029, 969, 927, 964, 979, 984, 973, 960, 59, 959, 917, 965, 978, 867, 958, 254, 923, 951, 1012, 942, 969, 948, 937, 1016, 954, 857, 975, 940, 970, 922, 939, 660, 949, 956, 958, 1050, 988, 948, 476, 1004, 274, 926, 653, 928, 972, 176, 1028, 735, 944, 956, 396, 1007, 1005, 354, 970, 954, 938, 644, 1000, 925, 963, 731, 1006, 976, 939, 482, 736, 999, 944, 933, 549, 293, 100], "episode_types": ["t", "t", "t", "t", "t", "t", "t", "t", "t", "t", "t", "t", "t", "t", "t", "t", "t", "t", "t", "t", "t", "t", "t", "t", "t", "t", "t", "t", "t", "t", "t", "t", "t", "t", "t", "t", "t", "t", "t", "t", "t", "t", "t", "t", "t", "t", "t", "t", "t", "t", "t", "t", "t", "t", "t", "t", "t", "t", "t", "t", "t", "t", "t", "t", "t", "t", "t", "t", "t", "t", "t", "t", "t", "t", "t", "t", "t", "t", "t", "t", "t", "t", "t", "t", "t", "t", "t", "t", "t", "t", "t", "t", "t", "t", "t", "t", "t", "t", "t", "t"], "episode_rewards": [40.24424543423652, 270.00554436205385, 267.51230817389853, -43.082753511019604, 64.41833497952607, 264.71162214944644, 268.6320973209586, 267.6553152124887, 262.6462704403044, 270.20496551259856, 271.15628780427596, 148.63849945697757, 265.57949684395413, 267.1348653907539, 262.49577328867605, 267.63690802939834, 268.4900245887832, 267.49737943531363, 266.01173242236274, 266.9907784905571, 269.43298475217546, 264.31305905136577, 269.32518029309466, 268.676920628811, 270.88215911799784, 263.5321424067755, 143.88205969499066, 259.428179136866, 264.1020895593452, 270.50530078956507, 266.2959952774778, 266.1077970924891, 263.5611512768424, 264.61847037969756, 266.0541845998054, -116.89315748593934, 265.7820540800012, 269.6633532319866, 266.26267822607497, 263.32194831427904, 120.50896773230039, 266.1637220459074, -51.490270020618674, 269.83097158271386, 266.5500316190632, 260.8031978196003, 268.7309895490256, 264.8803650124609, 267.80543400854543, 268.95306908336227, 260.7225287877137, 268.08510761579186, 98.91552489725788, 265.1717928167625, 151.23071866178466, 266.4522376145815, 271.13464850852006, 269.0944175630323, 83.677297411394, 268.3072696264837, 267.73484676160285, 267.9810570394454, 257.5902130500644, 264.2200843992673, 267.0444846328032, 10.923707552305387, 263.8458414978188, -43.600289141071535, 269.7351316763481, 79.57175890936634, 269.53282553943455, 266.0427848397257, -104.1066346694497, 259.7843648036869, 86.35228953236233, 267.58197453082374, 267.2406328766379, -3.9036842110258476, 260.6745141464118, 262.8930705475517, -10.452590765895167, 264.9630645069539, 266.319061857025, 268.47191859371526, 68.76532876360469, 262.49523408468536, 269.6617152404906, 265.9233235534122, 91.29745686304841, 260.7290150253132, 265.2739750365285, 268.92232071978276, 16.297437405884054, 90.03614648456332, 262.73821795342764, 267.5172015410598, 268.9535697262382, 41.4699484082451, -30.71258742277317, -103.86532392013743], "initial_reset_timestamp": 1524381894.091439}