{"timestamps": [1524318273.9803903, 1524318288.8034358, 1524318297.1583636, 1524318310.9827366, 1524318324.7061822, 1524318337.6606035, 1524318351.0379646, 1524318364.145929, 1524318377.4476674, 1524318390.6809385, 1524318403.6977818, 1524318417.661284, 1524318430.3791404, 1524318443.1201248, 1524318457.0195575, 1524318472.2665858, 1524318486.4833171, 1524318501.0594187, 1524318514.535041, 1524318527.8028736, 1524318541.036053, 1524318553.525812, 1524318567.3299272, 1524318581.4585135, 1524318596.0200305, 1524318610.6660244, 1524318625.407305, 1524318631.3516574, 1524318646.5057926, 1524318661.6984978, 1524318669.5865314, 1524318692.1888866, 1524318708.5136275, 1524318721.923968, 1524318735.6960094, 1524318749.9274714, 1524318761.2842915, 1524318769.1145813, 1524318783.2498732, 1524318796.7216403, 1524318810.2361107, 1524318824.362262, 1524318831.95593, 1524318846.9733396, 1524318860.8868833, 1524318875.5948093, 1524318889.7881112, 1524318904.6061418, 1524318919.0185404, 1524318932.886066, 1524318946.5767553, 1524318960.7794445, 1524318974.9444404, 1524318989.6564195, 1524319003.5586348, 1524319017.6479914, 1524319032.0113254, 1524319046.6926973, 1524319061.4080613, 1524319075.392001, 1524319080.1396294, 1524319094.3997648, 1524319109.235883, 1524319123.213907, 1524319137.443847, 1524319150.6934195, 1524319165.5890796, 1524319179.516423, 1524319194.4752672, 1524319209.1299129, 1524319216.324248, 1524319231.6620183, 1524319245.3898, 1524319259.6591, 1524319273.0900738, 1524319287.2764733, 1524319302.8767512, 1524319318.083724, 1524319332.540027, 1524319343.8504012, 1524319358.060965, 1524319371.8318162, 1524319382.0639937, 1524319395.8797112, 1524319409.9172862, 1524319424.183759, 1524319439.1878364, 1524319452.9666784, 1524319467.0910034, 1524319480.2421134, 1524319492.015047, 1524319506.1350262, 1524319520.0669153, 1524319533.460999, 1524319547.59848, 1524319561.8928342, 1524319576.0096316, 1524319590.0045667, 1524319604.652062, 1524319616.6612594], "episode_lengths": [1019, 1098, 637, 1052, 1029, 983, 997, 1011, 1012, 1013, 988, 1071, 982, 993, 1034, 976, 1031, 1025, 992, 1014, 1036, 958, 1093, 1009, 1040, 1032, 1000, 466, 1096, 1119, 480, 1082, 1066, 975, 1001, 1047, 814, 586, 1026, 983, 1011, 1022, 543, 1052, 1021, 1069, 1034, 1047, 1031, 985, 979, 1013, 1017, 1078, 1004, 1006, 1065, 1072, 1060, 976, 376, 1021, 1031, 999, 1020, 995, 1072, 1021, 1063, 1071, 532, 1097, 996, 1023, 973, 1041, 1062, 1001, 957, 757, 1038, 999, 746, 1018, 1010, 1050, 1091, 991, 1037, 969, 860, 1008, 1031, 988, 1008, 994, 1016, 1010, 1057, 868], "episode_types": ["t", "t", "t", "t", "t", "t", "t", "t", "t", "t", "t", "t", "t", "t", "t", "t", "t", "t", "t", "t", "t", "t", "t", "t", "t", "t", "t", "t", "t", "t", "t", "t", "t", "t", "t", "t", "t", "t", "t", "t", "t", "t", "t", "t", "t", "t", "t", "t", "t", "t", "t", "t", "t", "t", "t", "t", "t", "t", "t", "t", "t", "t", "t", "t", "t", "t", "t", "t", "t", "t", "t", "t", "t", "t", "t", "t", "t", "t", "t", "t", "t", "t", "t", "t", "t", "t", "t", "t", "t", "t", "t", "t", "t", "t", "t", "t", "t", "t", "t", "t"], "episode_rewards": [262.96530645722567, 254.9747359645291, 46.08256557390146, 259.1585376755194, 262.0374304599694, 266.02087474655485, 264.0808420576529, 263.1510454300883, 262.7448636604308, 265.00495068800336, 264.87067481264495, 257.7108979692121, 268.0768133627801, 265.90656470652215, 260.8886042164959, 264.7397614724568, 261.2442539815075, 261.6456663042407, 264.3898718581109, 262.3845941872823, 259.7225293454715, 268.63559801347117, 254.19480770213917, 263.31145932228543, 260.43879368515536, 261.31066096810855, 264.83704027928445, -2.6350466800109302, 254.97707822698675, 252.7029075374247, 16.09855980851583, 256.1704663838193, 259.04559679924756, 267.9842397156406, 264.861817957336, 258.82515369178594, 95.03016228085545, 39.59914791596958, 263.56985065653856, 265.82186187695123, 263.0442341258846, 261.59755051797754, 27.443274682666214, 259.4291093444825, 262.62162292158973, 257.9794815877959, 261.6589322238314, 259.70772586238877, 261.6395619909862, 264.7645238021187, 265.42726242349, 264.3519154933655, 263.0393198056689, 257.2496412073341, 262.9000141379336, 264.1577471537063, 258.3670302117843, 258.1482165445658, 258.8273822377524, 266.0121949989647, -25.541889047822508, 262.06966590898475, 260.9561268936156, 263.95492678130245, 261.9198941304229, 264.16463515945713, 257.6238592415632, 261.1703743088965, 257.85378221144134, 258.4219151167495, 26.081925395527378, 256.2967116078639, 264.7305433481343, 261.3863679510812, 267.7333973717544, 260.49794738027316, 257.87418065259845, 264.36035887642197, 267.4293511409021, 71.1750968056046, 261.1353082423177, 264.704286243478, 85.76296045587381, 263.87797111402455, 262.7982762535669, 259.28415823043593, 255.53986881203565, 265.87752481862395, 260.8243110681994, 266.29832572999027, 119.92169995082901, 262.10928084532566, 261.69383776923667, 266.1417971450233, 263.3903297735722, 264.3364914987716, 262.97382087687, 262.92610986745103, 259.4699618415482, 115.94902598752793], "initial_reset_timestamp": 1524318160.889322}