{"timestamps": [1524349052.522156, 1524349069.942516, 1524349072.0873601, 1524349089.1991282, 1524349104.865822, 1524349119.8867257, 1524349136.7975526, 1524349152.6029851, 1524349167.7966342, 1524349183.1236558, 1524349199.4214988, 1524349215.3969948, 1524349216.8240378, 1524349232.6029303, 1524349248.4198842, 1524349266.1381335, 1524349289.6883836, 1524349308.2637045, 1524349324.1622458, 1524349344.0141861, 1524349361.4081006, 1524349376.388253, 1524349391.9500496, 1524349408.3484888, 1524349425.4467163, 1524349429.1908476, 1524349444.7028465, 1524349461.374614, 1524349476.197366, 1524349493.7092462, 1524349494.7326808, 1524349509.438643, 1524349510.812015, 1524349528.8881814, 1524349530.1373918, 1524349546.5097196, 1524349561.4374895, 1524349576.9538085, 1524349593.51908, 1524349610.473001, 1524349627.028115, 1524349644.3127885, 1524349660.3346043, 1524349661.5709302, 1524349676.550877, 1524349690.9545584, 1524349707.318738, 1524349723.807674, 1524349742.21951, 1524349759.0620463, 1524349774.8202462, 1524349791.2203643, 1524349807.3305297, 1524349822.868577, 1524349838.8470664, 1524349854.502985, 1524349855.5335627, 1524349870.8194695, 1524349885.9530184, 1524349902.0025914, 1524349917.0324073, 1524349933.01334, 1524349951.4505239, 1524349966.4596236, 1524349987.2817166, 1524350003.989831, 1524350020.9737523, 1524350037.9224377, 1524350054.7285671, 1524350070.8178782, 1524350087.3811765, 1524350103.295114, 1524350117.0188494, 1524350133.4454858, 1524350150.4685524, 1524350165.5860822, 1524350181.1078653, 1524350196.9743326, 1524350213.1475785, 1524350228.2527354, 1524350245.1118817, 1524350262.2253318, 1524350280.6717794, 1524350296.4843886, 1524350297.8243618, 1524350313.0199437, 1524350329.6728206, 1524350345.9389923, 1524350348.9308596, 1524350363.9953527, 1524350379.2662516, 1524350395.3878906, 1524350411.6788497, 1524350427.4610178, 1524350444.8833647, 1524350460.321771, 1524350476.984366, 1524350492.6489568, 1524350508.7745566, 1524350524.0248032], "episode_lengths": [977, 1019, 134, 966, 969, 975, 1027, 1038, 999, 949, 1010, 1013, 92, 1004, 982, 1035, 993, 989, 954, 974, 1019, 971, 1022, 1002, 985, 223, 1009, 986, 958, 1070, 61, 959, 87, 979, 76, 1019, 980, 964, 1055, 980, 1026, 1027, 1038, 82, 988, 941, 979, 1013, 971, 990, 998, 926, 994, 946, 1010, 994, 71, 988, 975, 1018, 980, 1053, 1031, 595, 977, 977, 1024, 976, 961, 994, 1001, 1016, 879, 1044, 1051, 962, 1017, 1021, 992, 989, 969, 1036, 1020, 981, 88, 948, 1007, 1014, 188, 972, 991, 969, 1022, 1001, 1037, 953, 1012, 973, 979, 965], "episode_types": ["t", "t", "t", "t", "t", "t", "t", "t", "t", "t", "t", "t", "t", "t", "t", "t", "t", "t", "t", "t", "t", "t", "t", "t", "t", "t", "t", "t", "t", "t", "t", "t", "t", "t", "t", "t", "t", "t", "t", "t", "t", "t", "t", "t", "t", "t", "t", "t", "t", "t", "t", "t", "t", "t", "t", "t", "t", "t", "t", "t", "t", "t", "t", "t", "t", "t", "t", "t", "t", "t", "t", "t", "t", "t", "t", "t", "t", "t", "t", "t", "t", "t", "t", "t", "t", "t", "t", "t", "t", "t", "t", "t", "t", "t", "t", "t", "t", "t", "t", "t"], "episode_rewards": [265.2256651090685, 261.5399421572913, -114.2132124413922, 266.860294050159, 267.0511266607778, 265.75589774391926, 260.61841644386317, 258.54213483674783, 263.61216623638313, 267.7637819539442, 261.91015314049304, 261.26196105991164, -115.37489832956686, 262.31762699057583, 264.8749362898171, 260.5355164654644, 263.89649599978543, 264.59495141009677, 269.0245815321737, 266.0841033609731, 262.7800866832871, 265.8107079030804, 261.54344658377266, 262.63720903189403, 265.40208083921584, -66.91073179238177, 262.7274614442446, 264.462567791762, 267.27723465299715, 256.32209914869617, -113.86491465357868, 267.0462713418489, -111.41408709781302, 264.13102758090804, -105.91480962207345, 262.2750432200804, 264.46698043953313, 266.4708654801989, 256.17338499303065, 264.50326190691965, 261.35825877305894, 261.2099846728772, 260.2917455349392, -116.62187884398384, 264.74285566148734, 269.589736670927, 265.5121282062169, 262.89307922915765, 265.0904130132539, 264.5797199357532, 264.47677190729803, 269.3269736334103, 262.92287610227754, 267.5704358059685, 263.08354152753634, 262.60647463140873, -112.93523263427585, 263.7331960625654, 266.0460033834439, 262.1379007137402, 266.73133122159146, 257.37665555310235, 260.692871000618, 49.14968851652469, 264.9556392880935, 265.3197410176656, 261.0207471694406, 265.79794632246853, 266.8843780142719, 263.82626130948813, 263.402399645304, 263.2958049703528, 63.15508678011449, 258.34029730134483, 259.45131855345204, 266.01218922020644, 261.3102301390682, 261.36272178573796, 263.7293250068808, 265.26109555775264, 266.888126516126, 259.99251002119416, 261.40474942865586, 264.3125578647609, -118.60518447066987, 268.2708795448433, 262.7720330976349, 262.05830032361735, -89.11485771915089, 264.7565105062782, 264.48756801642503, 267.6278828984938, 261.57961763927847, 264.45526578768573, 260.33871476618344, 266.8444680569939, 262.89506597592145, 266.347793272188, 265.8715155474618, 266.82768901761324], "initial_reset_timestamp": 1524348919.6814926}