{"timestamps": [1524434611.1886606, 1524434612.8018043, 1524434627.62991, 1524434641.501607, 1524434655.609079, 1524434670.0016465, 1524434671.400908, 1524434685.842715, 1524434699.086265, 1524434713.391916, 1524434727.4601402, 1524434741.728775, 1524434756.387061, 1524434770.1142912, 1524434784.216705, 1524434798.757103, 1524434812.3724763, 1524434826.9426258, 1524434840.85707, 1524434850.6628277, 1524434865.0853179, 1524434879.6464672, 1524434889.7209306, 1524434903.564746, 1524434918.0889845, 1524434931.7718108, 1524434945.6343613, 1524434959.6783812, 1524434973.6561599, 1524434988.2863421, 1524435002.4847012, 1524435017.751689, 1524435032.240509, 1524435047.703782, 1524435063.0897634, 1524435078.2482975, 1524435079.5800977, 1524435080.6760437, 1524435095.5060146, 1524435109.13388, 1524435120.4537954, 1524435134.5952666, 1524435135.6182761, 1524435149.742746, 1524435164.0196671, 1524435177.942439, 1524435192.594968, 1524435206.5305526, 1524435221.0758324, 1524435234.8234494, 1524435248.7076416, 1524435262.962668, 1524435277.4255605, 1524435291.3453553, 1524435301.2353075, 1524435303.6875684, 1524435318.2460093, 1524435323.7309124, 1524435338.276961, 1524435350.467839, 1524435364.4035978, 1524435370.1727793, 1524435384.375243, 1524435398.7307081, 1524435413.4081812, 1524435427.6711044, 1524435441.8151522, 1524435456.537546, 1524435471.1449485, 1524435485.6376712, 1524435501.39985, 1524435516.154528, 1524435530.08157, 1524435544.6187513, 1524435558.7701197, 1524435573.0890205, 1524435587.9130044, 1524435602.3146048, 1524435616.7885737, 1524435630.6846933, 1524435645.7708995, 1524435656.9432354, 1524435661.722354, 1524435674.7797365, 1524435688.5840802, 1524435698.0870137, 1524435712.2134407, 1524435727.9027438, 1524435742.0401363, 1524435743.2670975, 1524435757.3515081, 1524435762.9994824, 1524435777.1578522, 1524435790.9660323, 1524435804.712429, 1524435819.4473133, 1524435833.3632884, 1524435837.0725174, 1524435838.230826, 1524435849.4842024], "episode_lengths": [957, 71, 947, 920, 925, 962, 89, 911, 880, 937, 931, 920, 960, 893, 923, 937, 897, 965, 930, 646, 924, 951, 668, 921, 926, 913, 907, 926, 921, 950, 926, 946, 924, 918, 931, 924, 71, 72, 946, 903, 765, 922, 70, 945, 929, 917, 976, 925, 936, 918, 913, 920, 922, 932, 652, 168, 956, 369, 946, 806, 916, 393, 946, 918, 967, 936, 937, 952, 954, 938, 941, 944, 918, 955, 925, 944, 928, 966, 948, 931, 977, 742, 314, 899, 910, 586, 921, 1039, 931, 77, 904, 379, 939, 911, 923, 934, 929, 249, 69, 739], "episode_types": ["t", "t", "t", "t", "t", "t", "t", "t", "t", "t", "t", "t", "t", "t", "t", "t", "t", "t", "t", "t", "t", "t", "t", "t", "t", "t", "t", "t", "t", "t", "t", "t", "t", "t", "t", "t", "t", "t", "t", "t", "t", "t", "t", "t", "t", "t", "t", "t", "t", "t", "t", "t", "t", "t", "t", "t", "t", "t", "t", "t", "t", "t", "t", "t", "t", "t", "t", "t", "t", "t", "t", "t", "t", "t", "t", "t", "t", "t", "t", "t", "t", "t", "t", "t", "t", "t", "t", "t", "t", "t", "t", "t", "t", "t", "t", "t", "t", "t", "t", "t"], "episode_rewards": [266.83030181959964, -108.57914699815555, 266.3643014351428, 270.3761521749309, 270.5010585116711, 264.3008114432356, -113.29217676313382, 269.9422755981121, 161.48112389265305, 266.89517743518127, 267.3664799675868, 270.05977193266483, 266.11594126744205, 161.43075598872832, 268.1916066910537, 268.2909867261337, 271.3037686243803, 265.9437564133158, 269.2751200070785, 69.69732320875576, 270.08478364498745, 268.0602178469362, 88.65230463072544, 270.0545922136847, 268.18602033606567, 270.7104705733046, 271.7000709673856, 269.9476393030411, 269.3743197569749, 267.1943714008094, 270.63718057194234, 268.6527047797598, 267.9164129475854, 268.8953492786717, 268.07552730850654, 268.5965298138712, -106.91748003804689, -108.08691592365554, 266.70892142071676, 271.690814523807, 115.05492446143924, 268.8596367069487, -109.6827055694954, 268.1626509595496, 270.0589696018792, 270.6361922817969, 264.1575071672299, 152.60034473918824, 268.25372345714106, 269.181868052514, 269.5099078183029, 269.1013450954136, 269.64922275345407, 267.043782817685, 75.98205824135283, -111.24375474849859, 265.73547734203754, -0.5338261792282566, 267.57817323401105, 124.42156820602932, 270.2767537773687, -3.033601528780622, 268.064425556053, 270.93642693757346, 266.51918951997163, 269.48002503605056, 268.2617082694677, 266.2752845621114, 267.47139609510805, 268.2941682333221, 268.3186862921467, 266.6580482903407, 269.6170087582207, 265.72565634191926, 269.2027295196483, 266.6091979319864, 269.59011364472724, 265.2898931075032, 267.68356407747626, 268.4857177622094, 263.37532397286276, 113.89818393712352, -34.08427650592448, 270.2453165946758, 270.5945476146277, 69.78511037019427, 269.6524330638427, 256.5807163283003, 268.51341616611285, -109.3218760446606, 270.4211178646144, -1.6518359150778963, 266.9870328897418, 270.5120434140945, 269.86321634157895, 159.33650562965192, 267.36091776769354, -47.15060406125689, -105.77610477709678, 111.77878591791969], "initial_reset_timestamp": 1524434490.0240593}