{"timestamps": [1524438995.1709447, 1524439009.260047, 1524439010.3350697, 1524439011.8053074, 1524439024.223735, 1524439037.2499545, 1524439050.3125584, 1524439056.947117, 1524439069.5847425, 1524439082.8748457, 1524439096.218017, 1524439110.2215333, 1524439123.5711434, 1524439136.3614993, 1524439149.7126818, 1524439162.6565967, 1524439176.044681, 1524439185.3888955, 1524439198.2946768, 1524439211.063896, 1524439224.147845, 1524439231.0046318, 1524439237.7275772, 1524439250.2501225, 1524439262.8713248, 1524439270.9212399, 1524439283.969155, 1524439297.7300897, 1524439302.995466, 1524439316.2447975, 1524439329.5476432, 1524439343.254946, 1524439356.0407271, 1524439368.8490663, 1524439382.2813401, 1524439395.653029, 1524439408.544132, 1524439422.9757576, 1524439430.2951486, 1524439443.8083386, 1524439457.2831714, 1524439458.3817263, 1524439466.6682262, 1524439480.446695, 1524439493.7800055, 1524439506.6139593, 1524439519.3030005, 1524439532.0969243, 1524439545.74427, 1524439559.2661653, 1524439572.255913, 1524439585.3196065, 1524439599.3853476, 1524439613.412708, 1524439627.689317, 1524439642.4041522, 1524439656.1135395, 1524439668.7179673, 1524439681.418063, 1524439694.4193578, 1524439707.1619844, 1524439720.330452, 1524439732.9415605, 1524439745.5955162, 1524439758.667113, 1524439771.576582, 1524439772.0168395, 1524439776.1734693, 1524439789.6053743, 1524439792.6466236, 1524439805.7332916, 1524439818.9726162, 1524439831.4783456, 1524439844.8713264, 1524439857.5811243, 1524439870.5802028, 1524439883.473027, 1524439896.6948733, 1524439909.166429, 1524439921.918676, 1524439934.6107786, 1524439947.213646, 1524439960.4974499, 1524439973.3394516, 1524439986.4044724, 1524439987.4822445, 1524440000.4271636, 1524440014.2854915, 1524440021.7187278, 1524440031.512506, 1524440045.0003045, 1524440058.1425705, 1524440070.9866395, 1524440084.4414191, 1524440097.8105853, 1524440103.0086236, 1524440115.46226, 1524440128.3645167, 1524440142.083313, 1524440155.1664188], "episode_lengths": [936, 965, 73, 98, 873, 941, 939, 442, 917, 953, 973, 929, 931, 948, 955, 960, 962, 675, 951, 951, 951, 497, 454, 916, 936, 578, 923, 951, 399, 943, 962, 978, 904, 928, 968, 932, 949, 1013, 540, 978, 978, 79, 592, 955, 992, 923, 928, 934, 980, 977, 976, 899, 931, 934, 939, 974, 928, 927, 946, 943, 930, 938, 911, 938, 962, 952, 32, 271, 981, 222, 967, 970, 928, 961, 937, 951, 942, 934, 903, 946, 926, 912, 940, 938, 948, 77, 930, 967, 523, 713, 971, 960, 911, 961, 981, 365, 925, 947, 966, 948], "episode_types": ["t", "t", "t", "t", "t", "t", "t", "t", "t", "t", "t", "t", "t", "t", "t", "t", "t", "t", "t", "t", "t", "t", "t", "t", "t", "t", "t", "t", "t", "t", "t", "t", "t", "t", "t", "t", "t", "t", "t", "t", "t", "t", "t", "t", "t", "t", "t", "t", "t", "t", "t", "t", "t", "t", "t", "t", "t", "t", "t", "t", "t", "t", "t", "t", "t", "t", "t", "t", "t", "t", "t", "t", "t", "t", "t", "t", "t", "t", "t", "t", "t", "t", "t", "t", "t", "t", "t", "t", "t", "t", "t", "t", "t", "t", "t", "t", "t", "t", "t", "t"], "episode_rewards": [268.47384559599664, 265.78418712994505, -111.10962521970345, -112.87341877697999, 127.46853315864115, 154.19414124695217, 268.3483715988221, 16.463055863160648, 270.5598433790661, 266.1584743523862, 264.4351392685337, 269.19007630533963, 268.7673414739168, 267.5571435503533, 265.34787814770146, 264.6401422047291, 265.0309088944603, 84.85426158528313, 266.17076949370676, 267.3508257813657, 266.39956246888863, 33.223390554999554, 12.33204008436104, 270.9690473064538, 268.7839100390657, 29.961269871104548, 269.05430600083974, 266.97901190264093, -7.592561083099866, 268.20476662267663, 266.64595193064986, 265.6315194720667, 272.504133386429, 268.5410732085776, 265.0546999678143, 269.0393945878754, 267.3092560495757, 259.6191673931392, 45.91509611395509, 263.83609850210183, 264.16586595367977, -109.21677035536982, 44.00233700052587, 265.4146388660215, 262.9310241830796, 269.38561217790897, 268.586835448954, 269.2205592990872, 264.1285036947397, 265.4669102563821, 263.6606663671303, 271.92575462568254, 269.64264332909977, 268.02753617413686, 268.0129421692413, 265.0382251615454, 268.06938019504054, 269.60949690980505, 266.91531711758324, 268.17111360591747, 268.6257541420973, 267.0356167418785, 271.62220188831566, 268.4417348418041, 265.73532478558076, 265.2539784960008, -108.2298559960212, -44.467541821536614, 264.49492676877276, -58.9984212312138, 264.92515214250864, 265.5714089064387, 267.61910277192374, 266.5256364348415, 269.73668311264464, 266.84508813610915, 267.8438383121381, 269.14865635842415, 271.59405061801414, 266.9021444378783, 269.0815467240712, 270.7902899346406, 267.54711491431664, 268.4640795582802, 268.35946579493526, -114.39323271257298, 270.38700737389814, 265.2886609565796, 29.536390655757316, 86.99914181197647, 265.2391615773501, 265.7386588327889, 270.71961732224617, 265.4429759757531, 263.7424834105037, -13.809445022994623, 268.47132634760703, 267.2483732232403, 265.7361623813362, 266.4808074572818], "initial_reset_timestamp": 1524438887.5668225}