{"timestamps": [1524357050.9544663, 1524357066.577935, 1524357081.547404, 1524357097.5046275, 1524357112.6834068, 1524357126.3338926, 1524357140.4339173, 1524357145.1551769, 1524357158.6499789, 1524357172.1647854, 1524357185.6988423, 1524357199.0071633, 1524357213.0436401, 1524357227.1094816, 1524357241.3124113, 1524357255.6680634, 1524357269.8907197, 1524357284.6846848, 1524357297.8259745, 1524357311.610608, 1524357325.5816321, 1524357340.4161475, 1524357354.1891413, 1524357355.2889154, 1524357368.7735484, 1524357382.2308264, 1524357388.6610665, 1524357402.2652254, 1524357416.209205, 1524357429.9108694, 1524357443.6100204, 1524357458.2415357, 1524357471.9940965, 1524357486.2961373, 1524357500.5119727, 1524357514.4529934, 1524357529.3548815, 1524357543.9158297, 1524357557.6286566, 1524357571.4778082, 1524357585.398804, 1524357599.286692, 1524357613.9472833, 1524357627.461746, 1524357640.9315119, 1524357654.6096168, 1524357668.1672022, 1524357682.5365148, 1524357696.8435254, 1524357710.5706546, 1524357725.1617324, 1524357739.0554156, 1524357753.4235811, 1524357767.197763, 1524357781.1126723, 1524357794.272528, 1524357808.2182944, 1524357822.5924435, 1524357836.2278278, 1524357849.6684375, 1524357863.4121041, 1524357877.316334, 1524357891.0696547, 1524357904.389246, 1524357918.2211165, 1524357932.4972425, 1524357946.1206987, 1524357960.6281514, 1524357973.957174, 1524357987.9010746, 1524358003.0848851, 1524358017.9889476, 1524358031.8013573, 1524358045.7569427, 1524358059.2481256, 1524358067.0891855, 1524358081.4461212, 1524358096.1820166, 1524358110.9868453, 1524358126.430219, 1524358141.553332, 1524358156.1731222, 1524358169.7150335, 1524358183.460292, 1524358197.9745142, 1524358211.9120152, 1524358226.5265987, 1524358240.4207237, 1524358253.9015882, 1524358267.5967984, 1524358281.4537184, 1524358295.9084132, 1524358310.3849666, 1524358326.4631834, 1524358340.9733984, 1524358354.7713656, 1524358368.1824138, 1524358369.1693363, 1524358382.4172997, 1524358396.7120218], "episode_lengths": [996, 968, 978, 993, 1032, 975, 1004, 341, 971, 960, 970, 950, 973, 971, 1013, 1019, 995, 986, 922, 995, 942, 980, 982, 76, 984, 969, 448, 958, 981, 983, 962, 1025, 970, 1020, 998, 978, 1048, 1026, 954, 988, 959, 989, 1006, 973, 964, 985, 952, 1018, 997, 965, 1020, 994, 993, 1003, 966, 950, 999, 991, 979, 946, 981, 991, 983, 950, 956, 982, 973, 1018, 949, 992, 1013, 945, 951, 996, 956, 558, 969, 971, 975, 989, 983, 979, 965, 976, 1051, 983, 1018, 961, 962, 958, 987, 964, 946, 1012, 979, 964, 960, 71, 943, 1019], "episode_types": ["t", "t", "t", "t", "t", "t", "t", "t", "t", "t", "t", "t", "t", "t", "t", "t", "t", "t", "t", "t", "t", "t", "t", "t", "t", "t", "t", "t", "t", "t", "t", "t", "t", "t", "t", "t", "t", "t", "t", "t", "t", "t", "t", "t", "t", "t", "t", "t", "t", "t", "t", "t", "t", "t", "t", "t", "t", "t", "t", "t", "t", "t", "t", "t", "t", "t", "t", "t", "t", "t", "t", "t", "t", "t", "t", "t", "t", "t", "t", "t", "t", "t", "t", "t", "t", "t", "t", "t", "t", "t", "t", "t", "t", "t", "t", "t", "t", "t", "t", "t"], "episode_rewards": [263.7577310404661, 266.98045350230655, 264.8575421917645, 265.37917782240123, 261.08502874592824, 267.08476022712347, 263.84160848429815, -27.66714354113958, 266.0312365192032, 267.39608904525045, 265.7085094637479, 268.4606597203286, 266.9614053614253, 267.4632480905364, 263.2306905172856, 262.7514986546699, 264.6744413036374, 265.2496793831003, 270.0923654845557, 264.8509821526185, 269.41126280948896, 265.6338831106877, 265.16710017894184, -117.21049308313297, 263.15315949337855, 266.8114372413644, -43.78934240113339, 267.15385191361213, 266.18299385473506, 265.2281664164463, 267.44855428389343, 261.37772221157087, 267.6763258373894, 262.1492700172602, 264.5601027874654, 264.87584421806366, 258.6933693734927, 261.50054766831164, 268.2595850625983, 265.1432384425821, 267.51691655989737, 265.1079910595554, 264.0237567153194, 267.24998787288996, 267.2807630210588, 266.10370600852167, 268.9476366527063, 262.61190885065577, 265.32480743594385, 267.1242406766835, 264.14753334684326, 263.6096637286268, 264.44844087429914, 263.98305430948875, 267.9512767637423, 268.38447206221304, 264.15464405215414, 265.3112102736036, 264.81697172495507, 268.46910188647115, 264.6052937139439, 264.0322369851503, 266.08600559113495, 268.0203276032267, 268.52486964123625, 264.67851905912903, 266.9103806328766, 261.50056496723084, 269.24557479028846, 265.67284507413365, 261.52505582133205, 269.3492290200041, 268.39165216652054, 264.66216118002774, 268.3645218794166, 39.30184614843796, 267.2255646645177, 266.61838678873045, 267.93647383161374, 262.599091958587, 264.7518647263973, 266.30676958943536, 267.7285113997739, 266.414406733111, 259.40168777687245, 264.8243486241202, 262.10939467212773, 266.68558187833844, 268.3808603911531, 267.8897030493478, 265.07626528164855, 268.7385455137734, 268.9791887723103, 262.0619532122777, 266.48396592333535, 266.88795352384045, 267.37391930648334, -119.01848609436561, 270.7702817964312, 262.82654341565365], "initial_reset_timestamp": 1524356929.50928}