{"timestamps": [1524384173.5931175, 1524384187.849191, 1524384201.450011, 1524384215.338006, 1524384228.81167, 1524384242.1748595, 1524384255.8972583, 1524384268.8108563, 1524384281.9382806, 1524384294.770082, 1524384307.8813276, 1524384320.9803193, 1524384334.900451, 1524384349.2053192, 1524384362.6559823, 1524384376.7382863, 1524384390.0542524, 1524384403.7071214, 1524384417.7828925, 1524384428.3165555, 1524384441.6229632, 1524384455.60039, 1524384468.7198472, 1524384470.4295301, 1524384485.091314, 1524384499.4912548, 1524384513.1161497, 1524384525.9359536, 1524384538.7078981, 1524384551.7517622, 1524384565.391353, 1524384579.2981746, 1524384592.2121472, 1524384604.7736523, 1524384618.4780731, 1524384631.3469663, 1524384645.0347178, 1524384657.9298046, 1524384671.6104162, 1524384684.9101808, 1524384692.5115821, 1524384706.2676008, 1524384719.4034016, 1524384732.8135097, 1524384746.1849988, 1524384759.8842826, 1524384774.2545986, 1524384788.7914567, 1524384803.4872506, 1524384818.1078198, 1524384825.0476217, 1524384838.2260468, 1524384842.7811944, 1524384862.3765132, 1524384880.2373908, 1524384895.5126166, 1524384911.7500796, 1524384928.7416286, 1524384945.6013603, 1524384961.9927611, 1524384979.2070308, 1524384993.1755335, 1524385007.2182596, 1524385020.2653081, 1524385034.0093808, 1524385047.8811061, 1524385061.518038, 1524385074.441008, 1524385087.4912784, 1524385100.2683048, 1524385113.9507797, 1524385127.0725303, 1524385139.9656012, 1524385152.4368856, 1524385165.8319082, 1524385180.2638705, 1524385193.5625799, 1524385207.715198, 1524385221.1510851, 1524385234.8459826, 1524385248.0730877, 1524385261.1927142, 1524385274.113267, 1524385289.2020466, 1524385302.6780403, 1524385307.704172, 1524385321.4642224, 1524385334.7351172, 1524385347.8590448, 1524385361.4670942, 1524385374.5680544, 1524385388.0979624, 1524385400.7110717, 1524385414.0462506, 1524385424.5312493, 1524385438.0736961, 1524385452.499233, 1524385466.2636943, 1524385479.94811, 1524385492.98099], "episode_lengths": [972, 977, 968, 967, 941, 942, 984, 919, 907, 945, 925, 931, 986, 1028, 956, 1009, 940, 930, 1006, 747, 945, 960, 935, 117, 936, 971, 956, 917, 922, 943, 966, 974, 935, 919, 987, 921, 935, 944, 983, 955, 544, 972, 936, 962, 959, 926, 941, 952, 967, 940, 503, 949, 277, 927, 971, 915, 953, 975, 992, 945, 968, 939, 1015, 931, 990, 984, 944, 920, 956, 922, 957, 958, 924, 906, 975, 1009, 960, 1029, 958, 957, 962, 945, 931, 1090, 939, 342, 972, 943, 945, 956, 938, 984, 912, 940, 758, 988, 941, 912, 952, 948], "episode_types": ["t", "t", "t", "t", "t", "t", "t", "t", "t", "t", "t", "t", "t", "t", "t", "t", "t", "t", "t", "t", "t", "t", "t", "t", "t", "t", "t", "t", "t", "t", "t", "t", "t", "t", "t", "t", "t", "t", "t", "t", "t", "t", "t", "t", "t", "t", "t", "t", "t", "t", "t", "t", "t", "t", "t", "t", "t", "t", "t", "t", "t", "t", "t", "t", "t", "t", "t", "t", "t", "t", "t", "t", "t", "t", "t", "t", "t", "t", "t", "t", "t", "t", "t", "t", "t", "t", "t", "t", "t", "t", "t", "t", "t", "t", "t", "t", "t", "t", "t", "t"], "episode_rewards": [265.8688128416029, 264.6056032878748, 264.39860530086855, 265.41620424004486, 267.3154302659513, 267.46149036430705, 263.0369355473955, 270.0157122227782, 271.25396998342273, 267.4565018412637, 268.96192994669946, 268.9018913701127, 263.5015598190188, 258.8988546753069, 266.6791573814751, 261.332134058536, 267.2493081118986, 269.20072914739944, 260.89662959753684, 83.1251513945563, 267.5759859466707, 266.43974035656424, 268.42114760395737, -102.19421553738623, 267.47330850382207, 264.00453522379615, 265.8464823037175, 138.26261022308756, 270.7367189426532, 267.78831688412566, 265.47071078228504, 264.8627694258132, 268.76346205700344, 270.1948050999889, 264.5202475477915, 270.60888888737196, 269.80594664960086, 267.76053165695055, 262.6824953653569, 266.2341637037827, 42.53230987026532, 265.29830239557157, 268.489401789087, 265.79627627338874, 266.1602945717989, 268.8502702821189, 268.1226378610769, 267.33349779410935, 265.8564495834546, 267.2947339607677, 29.328078485766497, 268.45222775560904, -47.78260683311518, 268.32807484989706, 265.3949399727654, 271.39659209040707, 266.5265102473081, 263.89676767706027, 261.45046111347574, 268.51319451960126, 264.28428463639557, 267.93136630301166, 259.74476165757653, 268.5069023769477, 262.8781325177974, 262.71703086336294, 267.5257624080396, 270.1364490802157, 265.9747967547116, 270.52882778107676, 266.2840872810453, 266.514836730028, 269.9649765196499, 272.0957118968437, 263.9019881368, 261.2317993235362, 267.8289143297431, 259.50843976613345, 265.40037303105356, 265.4781340223401, 265.0920566047847, 266.444897757427, 268.2816562470209, 253.72605275291284, 269.16772513232013, -29.61895760140952, 264.37209643487256, 267.6315168879042, 267.91154947454396, 265.73598600953324, 266.8904702078164, 264.1854589931188, 271.07098736798196, 268.2058863138836, 117.53856398683592, 262.59073009965914, 268.30423974479737, 270.0455979307912, 267.2672155244126, 267.27615767099564], "initial_reset_timestamp": 1524384059.5633528}