{"timestamps": [1524436833.3102777, 1524436847.6592755, 1524436861.3416648, 1524436874.1879652, 1524436886.7791789, 1524436900.0448978, 1524436912.4388125, 1524436925.353798, 1524436938.3624742, 1524436951.204475, 1524436965.274745, 1524436978.4309044, 1524436991.402887, 1524437003.9971576, 1524437017.2559562, 1524437030.3339024, 1524437037.9361966, 1524437050.7125225, 1524437063.6621978, 1524437077.7313304, 1524437092.2290742, 1524437111.376964, 1524437112.6872194, 1524437128.3609776, 1524437144.895309, 1524437159.8601482, 1524437175.5650198, 1524437191.1558478, 1524437208.067381, 1524437209.6188722, 1524437226.037455, 1524437241.51316, 1524437254.9718268, 1524437257.0060236, 1524437270.282272, 1524437282.6223207, 1524437296.73355, 1524437309.226704, 1524437316.7729127, 1524437329.5437603, 1524437342.0507789, 1524437354.7350738, 1524437367.5293064, 1524437381.4196901, 1524437387.2843683, 1524437400.4052625, 1524437413.1765761, 1524437425.7892296, 1524437438.7273276, 1524437451.7455592, 1524437464.2978907, 1524437476.9693396, 1524437487.97756, 1524437501.6460416, 1524437514.656026, 1524437528.2886906, 1524437540.8407032, 1524437554.6641598, 1524437564.0037823, 1524437565.1238146, 1524437572.4195685, 1524437585.4529066, 1524437598.2023451, 1524437608.0886917, 1524437622.0099092, 1524437635.3752408, 1524437648.64775, 1524437662.3607452, 1524437670.6383328, 1524437683.81795, 1524437696.8059552, 1524437702.6818697, 1524437716.011136, 1524437721.3207896, 1524437734.2037861, 1524437747.3470347, 1524437760.638232, 1524437764.2112918, 1524437776.4971533, 1524437790.8668525, 1524437791.9427085, 1524437795.96498, 1524437810.489943, 1524437819.010604, 1524437821.8765333, 1524437836.2034352, 1524437844.0305343, 1524437858.1420527, 1524437871.3264549, 1524437883.8977783, 1524437897.7650633, 1524437911.1442075, 1524437925.0787184, 1524437938.1649895, 1524437951.3418393, 1524437964.0980978, 1524437977.6860976, 1524437990.1460843, 1524438003.3873663, 1524438016.4687085], "episode_lengths": [954, 954, 973, 941, 928, 925, 909, 935, 939, 912, 969, 937, 948, 936, 937, 935, 548, 937, 937, 975, 939, 966, 82, 915, 961, 954, 934, 929, 964, 88, 942, 942, 936, 140, 972, 888, 973, 914, 527, 930, 926, 932, 937, 986, 455, 958, 924, 935, 932, 950, 930, 935, 799, 942, 943, 967, 920, 951, 670, 77, 508, 931, 922, 711, 971, 946, 974, 999, 583, 966, 957, 416, 995, 384, 931, 955, 936, 271, 924, 962, 71, 244, 961, 564, 195, 973, 587, 1000, 952, 919, 993, 961, 959, 949, 976, 932, 943, 938, 980, 951], "episode_types": ["t", "t", "t", "t", "t", "t", "t", "t", "t", "t", "t", "t", "t", "t", "t", "t", "t", "t", "t", "t", "t", "t", "t", "t", "t", "t", "t", "t", "t", "t", "t", "t", "t", "t", "t", "t", "t", "t", "t", "t", "t", "t", "t", "t", "t", "t", "t", "t", "t", "t", "t", "t", "t", "t", "t", "t", "t", "t", "t", "t", "t", "t", "t", "t", "t", "t", "t", "t", "t", "t", "t", "t", "t", "t", "t", "t", "t", "t", "t", "t", "t", "t", "t", "t", "t", "t", "t", "t", "t", "t", "t", "t", "t", "t", "t", "t", "t", "t", "t", "t"], "episode_rewards": [266.5925460461875, 266.21614339180746, 265.482149728876, 267.75908622939806, 269.4355394878813, 268.88837176348983, 270.55943123384316, 267.6315826394434, 268.21774763970836, 272.10983113726195, 266.1283142517321, 268.6815942963691, 267.04981349790836, 267.384447337021, 267.78808114442387, 269.60890280340647, 50.33768745437135, 268.07035419346755, 267.78066893513744, 264.29637616532, 266.98919222934006, 265.3832841758259, -110.48646231337342, 270.8284661463189, 266.2468076144986, 265.2270591707928, 267.25512984406424, 269.4069206659601, 265.84910060617847, -106.8297700095188, 267.90480549700345, 267.44191147516335, 267.71648748768155, -107.09124311010993, 264.9154042862715, 149.10932920823328, 264.2412314001966, 270.3636703139825, 21.704103107426164, 269.01562037915323, 269.0409166309389, 269.5546250111905, 268.13838327741695, 263.07348624788364, 21.317231829010908, 267.0303656557124, 146.79800625934388, 269.59001081746175, 269.79457366586684, 266.59154160373794, 269.8411677396189, 268.8783216434992, 125.84158099036594, 267.93144652739664, 265.9939241361849, 264.11824995346484, 269.37910681644996, 266.57017529544885, 87.88887868773512, -110.49588262143968, 22.13462501605619, 269.0198603229833, 269.02154003109473, 92.55908284925383, 264.91564206554483, 268.0086332690281, 264.33990919811225, 262.233420508054, 59.45390054572502, 265.5501835708006, 266.64086557731736, 4.382814621392626, 262.42716548037015, -9.046334739940008, 268.4695269264896, 267.7793998321641, 267.8086566001329, -61.65712998758254, 163.65562474647828, 265.6638163186784, -111.13186641271732, -45.363895492373764, 265.0239314784297, 48.25703349877131, -57.569334579681524, 263.69372204419057, 47.47273800887271, 262.2162466709481, 266.77982847639663, 269.7638790172035, 262.2205328338424, 265.18294433804846, 266.1190852077943, 267.3049007055659, 264.5972579434785, 268.322614630494, 267.83898232216984, 268.3498053687725, 263.4673261754538, 266.29393211135755], "initial_reset_timestamp": 1524436719.9554656}