{"timestamps": [1524422678.4126368, 1524422691.163634, 1524422704.126862, 1524422717.0665123, 1524422729.3918033, 1524422742.6041446, 1524422755.041656, 1524422767.156521, 1524422779.5763676, 1524422791.8829846, 1524422804.6594079, 1524422817.3742392, 1524422830.8343654, 1524422843.4012194, 1524422856.201065, 1524422868.907232, 1524422881.5993705, 1524422894.1837852, 1524422906.415275, 1524422919.4430492, 1524422931.9538097, 1524422944.6070776, 1524422957.2716887, 1524422971.2752361, 1524422985.6533911, 1524422999.521967, 1524423013.3507133, 1524423027.215374, 1524423040.0843325, 1524423052.761271, 1524423064.8963516, 1524423077.4421682, 1524423089.5901594, 1524423102.0874715, 1524423114.5784264, 1524423127.4934711, 1524423140.2320082, 1524423152.3121033, 1524423165.2925088, 1524423179.1375525, 1524423192.0629787, 1524423204.2992632, 1524423216.8668332, 1524423229.3165805, 1524423241.433748, 1524423253.2692063, 1524423266.3542657, 1524423279.2789817, 1524423292.0623186, 1524423304.8127239, 1524423317.9394717, 1524423330.7511513, 1524423343.7649233, 1524423356.68055, 1524423369.5218117, 1524423382.1512969, 1524423395.8224268, 1524423409.0630612, 1524423421.4841256, 1524423434.061935, 1524423446.776285, 1524423459.5906446, 1524423471.8011746, 1524423484.2390912, 1524423496.6568754, 1524423509.0958369, 1524423522.056219, 1524423534.2077856, 1524423546.75289, 1524423559.174896, 1524423580.5880656, 1524423592.8707743, 1524423604.6108015, 1524423610.714163, 1524423623.3543568, 1524423635.9840117, 1524423648.5297322, 1524423661.1106005, 1524423674.2332072, 1524423688.2191162, 1524423701.2625067, 1524423714.2147708, 1524423731.1850872, 1524423743.2447002, 1524423755.6932292, 1524423768.29731, 1524423780.8028514, 1524423787.8773568, 1524423800.7282054, 1524423806.0883794, 1524423819.0482993, 1524423832.0883148, 1524423845.2921934, 1524423858.0922093, 1524423871.1379905, 1524423884.2042499, 1524423896.9521034, 1524423912.1973274, 1524423926.5816793, 1524423941.2956212], "episode_lengths": [934, 922, 936, 940, 925, 956, 916, 913, 921, 923, 923, 923, 995, 941, 928, 951, 959, 926, 915, 947, 928, 913, 924, 933, 945, 959, 901, 929, 917, 965, 940, 942, 927, 921, 937, 980, 952, 910, 951, 907, 915, 926, 923, 924, 911, 894, 969, 932, 946, 930, 958, 922, 934, 945, 940, 914, 949, 966, 910, 914, 921, 901, 910, 916, 931, 923, 929, 918, 934, 903, 914, 904, 904, 954, 961, 944, 939, 921, 961, 1009, 916, 936, 906, 895, 915, 900, 919, 930, 941, 393, 961, 961, 965, 933, 925, 942, 923, 929, 927, 939], "episode_types": ["t", "t", "t", "t", "t", "t", "t", "t", "t", "t", "t", "t", "t", "t", "t", "t", "t", "t", "t", "t", "t", "t", "t", "t", "t", "t", "t", "t", "t", "t", "t", "t", "t", "t", "t", "t", "t", "t", "t", "t", "t", "t", "t", "t", "t", "t", "t", "t", "t", "t", "t", "t", "t", "t", "t", "t", "t", "t", "t", "t", "t", "t", "t", "t", "t", "t", "t", "t", "t", "t", "t", "t", "t", "t", "t", "t", "t", "t", "t", "t", "t", "t", "t", "t", "t", "t", "t", "t", "t", "t", "t", "t", "t", "t", "t", "t", "t", "t", "t", "t"], "episode_rewards": [268.3798445949441, 268.79154246113393, 267.99305103007123, 267.33463410034204, 268.8900480868957, 264.8318617301757, 269.3427563225488, 268.9589173909807, 269.16575389347173, 267.9560606065466, 268.1250622732079, 267.5398623205288, 262.88664152149937, 266.52505703309413, 267.1779649509159, 266.46911474327374, 265.37666912866683, 268.22246642303736, 270.1389902077636, 267.8913061605508, 268.3294551531613, 269.52037233120393, 269.5915204439028, 267.6671059205881, 266.90131148137317, 265.43081720905445, 269.867484637502, 269.172788135846, 270.4873737058287, 265.3699065314222, 266.95858110663113, 268.2093590973198, 268.6965296946084, 269.44793770779654, 267.2443761687946, 262.51636144870054, 266.7499042084533, 269.2660511319747, 264.606886967969, 271.00265946097136, 268.52513000930225, 269.4765401338345, 267.8700909335062, 268.2753007954851, 269.72701271746814, 271.69549196878165, 264.2198004825331, 268.1904275518381, 267.51416484774967, 268.0342406301487, 267.01754359489155, 269.9161106595296, 268.85690903142125, 266.29903112435545, 267.6463468900179, 270.300884663834, 266.6767618945673, 264.42290040251083, 269.7379762308257, 269.76624491829125, 269.5680650168885, 271.09000297307426, 270.27172814527563, 269.04073420355496, 269.15595270342044, 268.9595506479948, 269.2096467410793, 269.56151646619844, 268.02074446107633, 271.4421412333127, 270.9184489677378, 271.2989549933696, 270.71022899720833, 266.1339644518482, 265.94059430306834, 266.62153075004215, 268.74401497401925, 268.6659069210062, 265.42631947547545, 260.4079310514456, 268.6004068156034, 267.91139590998654, 271.1303030712879, 270.34056991807716, 269.97547090809974, 271.4719216057866, 269.54619842637356, 268.77093066285926, 266.91533012607766, 5.463858031165486, 265.16597261297613, 265.70894968091693, 264.8530515791226, 267.406435835991, 268.08730905442957, 266.73714601024653, 267.93667019466653, 269.0400065774367, 268.48881442048224, 268.2035065579162], "initial_reset_timestamp": 1524422557.3052726}