{"timestamps": [1524147549.8925233, 1524147561.2047627, 1524147565.4303997, 1524147588.2622888, 1524147613.0483959, 1524147627.8435595, 1524147637.3557289, 1524147643.95438, 1524147654.3704395, 1524147663.6147559, 1524147665.3793564, 1524147666.626271, 1524147675.495965, 1524147675.8251958, 1524147685.2951522, 1524147686.9518719, 1524147695.3675008, 1524147704.894292, 1524147713.3146765, 1524147722.2644625, 1524147731.016082, 1524147737.9787302, 1524147747.200347, 1524147756.7022886, 1524147765.6713996, 1524147775.062253, 1524147783.9130552, 1524147791.8266351, 1524147809.1710668, 1524147818.9292617, 1524147841.6509097, 1524147844.7682714, 1524147867.036971, 1524147877.4499469, 1524147887.3235152, 1524147896.2367256, 1524147904.8025463, 1524147907.2582188, 1524147912.094001, 1524147920.5855923, 1524147929.9232264, 1524147938.3450015, 1524147947.7585995, 1524147956.584443, 1524147965.967199, 1524147974.78209, 1524147982.8522902, 1524147983.6629465, 1524147992.6386192, 1524148002.174551, 1524148010.8361876, 1524148020.2251601, 1524148023.9328423, 1524148027.0949528, 1524148029.0237093, 1524148038.586563, 1524148060.7542458, 1524148083.2907186, 1524148084.4227877, 1524148107.2004347, 1524148129.9728138, 1524148132.9790301, 1524148142.5792034, 1524148143.5124004, 1524148152.9028747, 1524148159.1329772, 1524148168.6716921, 1524148169.6846988, 1524148175.343898, 1524148178.715545, 1524148182.157444, 1524148183.410435, 1524148193.6548367, 1524148198.582656, 1524148203.1296108, 1524148205.3428767, 1524148213.5477896, 1524148222.4051187, 1524148231.771813, 1524148240.3852146, 1524148244.3532474, 1524148245.3106503, 1524148254.5302856, 1524148262.9148126, 1524148264.5356963, 1524148272.5516481, 1524148281.9174926, 1524148291.1128125, 1524148300.570372, 1524148309.4904184, 1524148319.1481674, 1524148327.9311302, 1524148346.1266794, 1524148346.807677, 1524148369.1017258, 1524148391.7350702, 1524148412.6269689, 1524148421.631195, 1524148430.500366, 1524148438.8583603], "episode_lengths": [1011, 769, 291, 1600, 1600, 1600, 1600, 1049, 1600, 1600, 334, 237, 1600, 57, 1600, 257, 1600, 1600, 1600, 1423, 1600, 1166, 1600, 1600, 1600, 1600, 1600, 1357, 1600, 682, 1600, 224, 1600, 1358, 1600, 1348, 1441, 493, 949, 1600, 1600, 1600, 1600, 1600, 1600, 1600, 1367, 137, 1600, 1600, 1600, 1600, 620, 592, 380, 1600, 1600, 1600, 77, 1600, 1600, 213, 1600, 190, 1600, 1012, 1600, 173, 1002, 570, 575, 214, 1600, 746, 710, 387, 1600, 1600, 1600, 1600, 669, 159, 1600, 1436, 274, 1372, 1600, 1600, 1600, 1600, 1600, 1600, 1600, 49, 1600, 1600, 1600, 1600, 1600, 1600], "episode_types": ["t", "t", "t", "t", "t", "t", "t", "t", "t", "t", "t", "t", "t", "t", "t", "t", "t", "t", "t", "t", "t", "t", "t", "t", "t", "t", "t", "t", "t", "t", "t", "t", "t", "t", "t", "t", "t", "t", "t", "t", "t", "t", "t", "t", "t", "t", "t", "t", "t", "t", "t", "t", "t", "t", "t", "t", "t", "t", "t", "t", "t", "t", "t", "t", "t", "t", "t", "t", "t", "t", "t", "t", "t", "t", "t", "t", "t", "t", "t", "t", "t", "t", "t", "t", "t", "t", "t", "t", "t", "t", "t", "t", "t", "t", "t", "t", "t", "t", "t", "t"], "episode_rewards": [-51.337872738787624, -38.685095742199934, -99.25741827844307, 118.16075588386776, 93.90351449794137, 107.6712944135058, 95.48609038045807, -37.07160075612003, 105.55671874463668, 117.45740798551378, -92.31661603808986, -85.39003541638188, 100.99841589822117, -116.56425024966597, 106.38877893557442, -113.93165746520496, 111.68201041653981, 101.86529818841123, 83.12550180499501, -20.902911336132703, 110.5532056992253, -42.29373959244964, 126.0222494098109, 115.02869747543163, 103.39506160704339, 96.18292814525277, 102.61585589150125, -12.267429914356853, 100.73645573051498, -65.524764191348, 100.19130855155579, -95.8747638938797, 97.32975709613086, -24.52335158900678, 103.6214842434897, -33.740750315513864, -3.8199791283211795, -66.74784370251294, -42.818367382191276, 76.59974154076801, 90.67827975245494, 122.78996703382617, 99.35040893989675, 103.28423156039864, 125.3586104206756, 120.84202891951287, -34.786882834343004, -94.7232202765905, 122.72887800805363, 98.3720875946614, 113.09089375017561, 124.84656780643896, -57.25079638497328, -68.62295526550162, -89.60113886234632, 98.55030684268144, 107.38145393691947, 104.13661113876095, -117.45541427807828, 100.69821653042922, 120.63330146945026, -94.62710953453394, 111.77991242982547, -97.49280540779445, 102.71778016013744, -36.80179937105144, 106.59831748045073, -95.74773630515915, -31.78738671374049, -77.09033897954323, -80.39891125443395, -102.94795719420917, 96.28651010522923, -56.83921608481337, -87.05796003219396, -99.547557345269, 87.15811847746946, 104.6270389457007, 104.2842144421658, 83.22592198153644, -60.48156048723031, -107.6780196555927, 95.35605398851527, 4.668624683622994, -90.40894034259132, -27.14539134555511, 114.45398749399229, 76.46952817462166, 130.94183661631158, 123.5175671232212, 129.33460849194057, 106.88185302004747, 82.92223463427669, -114.44058556105844, 99.51441354518924, 93.10671623787448, 119.46432477158362, 127.1545383577297, 97.83337306001334, 97.51956669048762], "initial_reset_timestamp": 1524147500.3335528}