{"timestamps": [1524156425.0132654, 1524156447.255171, 1524156469.5466375, 1524156491.6754568, 1524156515.7043102, 1524156541.8312933, 1524156564.077334, 1524156587.026979, 1524156609.3827052, 1524156631.6876776, 1524156653.5883722, 1524156676.3500218, 1524156694.4938805, 1524156716.648053, 1524156738.5925465, 1524156760.7656438, 1524156783.2124622, 1524156805.1009462, 1524156827.9126458, 1524156850.5037622, 1524156872.3307333, 1524156896.1437683, 1524156918.6987658, 1524156940.99197, 1524156942.2915115, 1524156965.1034305, 1524156989.1012008, 1524157011.0155203, 1524157032.887308, 1524157055.1829548, 1524157077.50591, 1524157100.036256, 1524157121.747304, 1524157144.480029, 1524157167.2364626, 1524157189.2258637, 1524157190.552159, 1524157212.9676394, 1524157235.482127, 1524157257.8934312, 1524157280.3878777, 1524157285.462277, 1524157286.9168212, 1524157308.902429, 1524157331.4747875, 1524157353.9539762, 1524157377.6426783, 1524157400.2368429, 1524157421.6676667, 1524157444.3524046, 1524157466.6950474, 1524157489.1651232, 1524157511.9403622, 1524157534.5896106, 1524157557.3818605, 1524157580.2648835, 1524157603.0910742, 1524157626.078533, 1524157648.5857983, 1524157671.0389316, 1524157693.62092, 1524157715.9938622, 1524157738.9269753, 1524157762.1451647, 1524157784.9017212, 1524157806.7995017, 1524157828.2850206, 1524157850.4307432, 1524157872.4679263, 1524157894.4901261, 1524157917.0016572, 1524157939.2015266, 1524157961.0654564, 1524157983.188523, 1524158005.2261155, 1524158027.9671192, 1524158050.0227475, 1524158072.045658, 1524158094.3305776, 1524158105.956014, 1524158127.8640234, 1524158149.907603, 1524158172.3116782, 1524158194.5443077, 1524158217.076582, 1524158240.010903, 1524158264.0031462, 1524158286.6568909, 1524158289.1809928, 1524158311.2242756, 1524158333.1851292, 1524158355.1548276, 1524158377.229217, 1524158400.6376188, 1524158423.0086162, 1524158445.6000519, 1524158468.0063925, 1524158489.9602633, 1524158512.3555346, 1524158535.2036953], "episode_lengths": [951, 1600, 1600, 1600, 1600, 1600, 1600, 1600, 1600, 1600, 1600, 1600, 1298, 1600, 1600, 1600, 1600, 1600, 1600, 1600, 1600, 1600, 1600, 1600, 92, 1600, 1600, 1600, 1600, 1600, 1600, 1600, 1600, 1600, 1600, 1600, 93, 1600, 1600, 1600, 1600, 354, 105, 1600, 1600, 1600, 1600, 1600, 1600, 1600, 1600, 1600, 1600, 1600, 1600, 1600, 1600, 1600, 1600, 1600, 1600, 1600, 1600, 1600, 1600, 1600, 1600, 1600, 1600, 1600, 1600, 1600, 1600, 1600, 1600, 1600, 1600, 1600, 1600, 802, 1600, 1600, 1600, 1600, 1600, 1600, 1600, 1600, 175, 1600, 1600, 1600, 1600, 1600, 1600, 1600, 1600, 1600, 1600, 1600], "episode_types": ["t", "t", "t", "t", "t", "t", "t", "t", "t", "t", "t", "t", "t", "t", "t", "t", "t", "t", "t", "t", "t", "t", "t", "t", "t", "t", "t", "t", "t", "t", "t", "t", "t", "t", "t", "t", "t", "t", "t", "t", "t", "t", "t", "t", "t", "t", "t", "t", "t", "t", "t", "t", "t", "t", "t", "t", "t", "t", "t", "t", "t", "t", "t", "t", "t", "t", "t", "t", "t", "t", "t", "t", "t", "t", "t", "t", "t", "t", "t", "t", "t", "t", "t", "t", "t", "t", "t", "t", "t", "t", "t", "t", "t", "t", "t", "t", "t", "t", "t", "t"], "episode_rewards": [-12.906567384918759, 144.54836604003137, 130.9511278463821, 173.99662184528796, 132.3580278251364, 144.04371679255638, 149.20486466996022, 146.85069431333898, 127.21714073498106, 154.32899849305525, 144.31325677388853, 145.09308588844934, -1.2812908704384256, 151.7520290717751, 149.04789676721202, 158.1949328091846, 147.34045777989667, 139.6777943347103, 157.70805453055004, 139.39695588666336, 147.53635567683213, 131.8615597645047, 143.80607209828293, 137.20058236195553, -110.35652329109074, 145.29178245226345, 142.5670970119302, 127.77200968008572, 156.92223059956527, 145.7787583496624, 130.23694204199614, 135.2679505882177, 137.72709154023713, 144.06580267058163, 152.77634341965882, 143.56383561616076, -126.45942773059357, 150.19553846777808, 141.25496049043707, 151.79630198714736, 138.01959984497793, -74.2429544078658, -114.57948170361838, 133.1051298148802, 163.86711662247453, 131.88267550599443, 158.6010947954755, 154.78534119655524, 159.05244695823077, 149.40151314248644, 118.05479896414654, 135.59310871282221, 144.99586252514894, 146.5726261605228, 152.92523027148044, 156.11168301321817, 147.6254274057889, 138.97940049330663, 107.24639301383581, 135.89639866778535, 144.19355588067165, 149.9167623013731, 132.32209059142062, 141.26209541768324, 152.10784681879434, 123.98109245880691, 148.63641671426157, 120.49115627980682, 165.54674659972474, 155.33868756401947, 155.75625416372833, 125.80792280253817, 125.17416541777152, 112.62887374787404, 141.72271086288498, 148.09466313089484, 141.2544764897872, 135.08322806317315, 145.2367232162896, -26.575392768110518, 138.04030058643573, 131.27616304566888, 121.96739893582081, 137.99381109644594, 146.77493163502123, 155.9844826589385, 152.79690469384724, 149.220061549386, -106.38738684554444, 138.78564531805057, 150.87723091991006, 111.64650607056473, 149.45671996668855, 127.59478941420322, 150.05874597997365, 166.6341256512311, 151.61588316323338, 151.24097868839803, 147.03556717994007, 134.4016191193347], "initial_reset_timestamp": 1524156315.456644}