{"timestamps": [1524159593.6035516, 1524159616.8676949, 1524159626.3236303, 1524159649.200153, 1524159670.1140678, 1524159692.302209, 1524159693.8414514, 1524159716.2032404, 1524159738.478296, 1524159760.8414679, 1524159767.6031406, 1524159769.593071, 1524159773.1236553, 1524159795.3560255, 1524159813.1254137, 1524159825.340527, 1524159848.0079088, 1524159870.006851, 1524159877.7438676, 1524159901.5835526, 1524159913.3378792, 1524159936.2882066, 1524159958.1845484, 1524159980.533909, 1524160002.3050172, 1524160003.9923007, 1524160008.173652, 1524160009.7946935, 1524160031.996034, 1524160054.0261703, 1524160076.4295518, 1524160098.881782, 1524160121.3937278, 1524160143.63947, 1524160165.8816972, 1524160182.2048724, 1524160194.1252677, 1524160216.465386, 1524160234.8076982, 1524160244.5121927, 1524160266.908813, 1524160289.034828, 1524160311.5306244, 1524160335.3982854, 1524160358.0508795, 1524160380.0755422, 1524160401.6222067, 1524160420.2974415, 1524160442.1867144, 1524160463.5330017, 1524160481.6294134, 1524160504.499487, 1524160505.7085543, 1524160507.0846925, 1524160511.6610718, 1524160531.268323, 1524160537.3629014, 1524160560.0497773, 1524160582.2674322, 1524160604.4120572, 1524160620.7763743, 1524160628.93739, 1524160650.9835107, 1524160673.4013646, 1524160683.2984579, 1524160700.1896052, 1524160722.688668, 1524160730.6475039, 1524160752.6460335, 1524160774.2971435, 1524160796.0540633, 1524160817.6253135, 1524160839.8819, 1524160862.0408492, 1524160873.9537768, 1524160894.8315043, 1524160895.8813088, 1524160917.7739863, 1524160940.3813195, 1524160941.6940374, 1524160958.280967, 1524160979.6394424, 1524161002.2171202, 1524161008.8819466, 1524161030.143526, 1524161038.4280221, 1524161039.8745472, 1524161056.9445598, 1524161079.042185, 1524161090.0581563, 1524161091.7089813, 1524161114.9030828, 1524161126.176854, 1524161148.8367214, 1524161159.7119327, 1524161172.4212818, 1524161187.818366, 1524161209.3948781, 1524161231.9426723, 1524161253.7520428], "episode_lengths": [1600, 1600, 670, 1600, 1449, 1600, 104, 1600, 1600, 1600, 494, 137, 247, 1600, 1290, 883, 1600, 1600, 587, 1600, 778, 1600, 1600, 1600, 1600, 127, 297, 114, 1600, 1600, 1600, 1600, 1600, 1575, 1600, 1104, 867, 1600, 1308, 701, 1600, 1600, 1600, 1600, 1600, 1600, 1600, 1380, 1600, 1600, 1268, 1600, 84, 99, 328, 1408, 444, 1600, 1600, 1600, 1135, 595, 1600, 1600, 713, 1133, 1600, 581, 1600, 1600, 1600, 1600, 1600, 1600, 875, 1543, 83, 1600, 1600, 100, 1239, 1488, 1600, 532, 1542, 584, 90, 1224, 1600, 786, 114, 1600, 767, 1600, 759, 957, 1150, 1600, 1600, 1600], "episode_types": ["t", "t", "t", "t", "t", "t", "t", "t", "t", "t", "t", "t", "t", "t", "t", "t", "t", "t", "t", "t", "t", "t", "t", "t", "t", "t", "t", "t", "t", "t", "t", "t", "t", "t", "t", "t", "t", "t", "t", "t", "t", "t", "t", "t", "t", "t", "t", "t", "t", "t", "t", "t", "t", "t", "t", "t", "t", "t", "t", "t", "t", "t", "t", "t", "t", "t", "t", "t", "t", "t", "t", "t", "t", "t", "t", "t", "t", "t", "t", "t", "t", "t", "t", "t", "t", "t", "t", "t", "t", "t", "t", "t", "t", "t", "t", "t", "t", "t", "t", "t"], "episode_rewards": [175.1583029285595, 168.64116689806553, -44.67131317862663, 169.32125796302168, 51.12207946931636, 186.09014831203274, -103.29091893934678, 199.7364240349064, 178.2314046955695, 186.46654781986686, -70.70033843786763, -97.89621768199484, -89.25122396097908, 183.78447411284884, 42.02349066212804, -32.915515347848654, 160.81046392364053, 185.71764621264526, -43.99628041022754, 188.78264674011814, -35.19853326615973, 171.32448078709203, 151.78207771853369, 174.3567081265117, 182.63500054037146, -122.86967322122413, -74.47219411829073, -102.92265500295296, 188.4496865749113, 168.10368833680786, 171.93110571962805, 184.65433404267313, 200.18996574875914, 69.72777525369233, 165.42810768426025, -10.04172818370192, -4.820052373710837, 189.49502405301686, 18.27954349530836, -48.27723529967349, 190.0496395087994, 175.1457755623183, 179.31315887164325, 187.22309699452913, 204.1688367172075, 196.95742800200765, 168.22754524553494, 36.25355909020422, 200.51478761131008, 194.2510306779409, 39.83396757685159, 194.82018614083796, -102.2856826218136, -108.6691836264136, -77.448570647987, 43.40714683448306, -55.33424420445588, 186.25949051988587, 192.93319524401994, 181.5415131363981, 11.39841815203961, -55.01424843464731, 169.01507073179548, 194.7653904738213, -26.69665830897759, 18.117428349085372, 148.86418834823053, -42.73105546188684, 176.77028733774733, 161.40272909992257, 184.63319833833143, 182.63247643942373, 179.15341990434504, 181.88524225428168, -7.290180550675231, 57.63902900468682, -113.82872554760095, 173.79452417060443, 158.15708084734547, -104.63586312580799, 47.02764192463138, 67.6603139456798, 177.30050473605553, -38.36737600819652, 81.68752518938467, -61.9660581755959, -108.40035060946553, 23.63747463948033, 186.66514185122375, -31.826186968115778, -118.41509263817036, 179.35042189081392, -31.547633575516386, 172.81531193491688, -14.874961046344168, -10.820122903802002, 14.875097066578107, 202.07236582090846, 194.2117120655337, 183.5641877398141], "initial_reset_timestamp": 1524159409.718675}