{"timestamps": [1524170940.4375658, 1524170964.632738, 1524170990.2994425, 1524171013.8631368, 1524171038.8652718, 1524171062.6650343, 1524171082.6915193, 1524171107.766894, 1524171132.465373, 1524171155.5937757, 1524171178.9883842, 1524171201.2266936, 1524171224.1506505, 1524171247.7166672, 1524171272.8375022, 1524171297.136891, 1524171321.8336432, 1524171323.0278604, 1524171346.699044, 1524171371.8309116, 1524171395.579023, 1524171418.9560297, 1524171421.751363, 1524171444.3100777, 1524171446.1249373, 1524171469.6041925, 1524171493.161921, 1524171510.1239784, 1524171533.5444825, 1524171557.007979, 1524171580.806882, 1524171592.6614022, 1524171619.383829, 1524171641.7451475, 1524171665.1585996, 1524171688.6627407, 1524171713.1598027, 1524171735.766155, 1524171737.6752641, 1524171761.5597653, 1524171785.6437957, 1524171809.6434681, 1524171821.6542647, 1524171827.6893568, 1524171851.5437899, 1524171874.9611902, 1524171894.869957, 1524171902.660363, 1524171926.7116032, 1524171950.6410391, 1524171973.2096715, 1524171997.5331066, 1524172020.7708745, 1524172039.918085, 1524172063.2725458, 1524172077.4068582, 1524172101.0188212, 1524172124.4446573, 1524172140.152995, 1524172141.9214137, 1524172165.203674, 1524172166.676479, 1524172191.763025, 1524172216.5308824, 1524172242.4555247, 1524172267.7554338, 1524172274.5047817, 1524172299.4630113, 1524172324.2624109, 1524172347.4180973, 1524172369.874637, 1524172394.7329698, 1524172417.8828943, 1524172441.5952334, 1524172465.8318832, 1524172490.2210073, 1524172514.1037965, 1524172536.8711376, 1524172561.5175354, 1524172585.9742613, 1524172609.7222347, 1524172629.6802566, 1524172652.6414623, 1524172676.0041842, 1524172698.6240456, 1524172700.7816224, 1524172723.597078, 1524172726.5340629, 1524172749.8763955, 1524172774.1339922, 1524172797.425001, 1524172821.7137296, 1524172846.3768213, 1524172871.3020005, 1524172896.0373976, 1524172915.1470962, 1524172938.5043907, 1524172962.41605, 1524172986.2289574, 1524173008.9654737], "episode_lengths": [671, 1477, 1590, 1519, 1512, 1489, 1307, 1563, 1494, 1524, 1535, 1469, 1533, 1517, 1600, 1543, 1574, 76, 1511, 1600, 1538, 1509, 174, 1457, 110, 1488, 1535, 1073, 1468, 1475, 1491, 733, 1600, 1462, 1487, 1533, 1589, 1449, 125, 1548, 1522, 1557, 778, 385, 1518, 1485, 1253, 479, 1541, 1513, 1442, 1576, 1474, 1193, 1522, 888, 1483, 1515, 991, 100, 1501, 102, 1577, 1483, 1590, 1563, 440, 1548, 1522, 1498, 1463, 1568, 1527, 1525, 1575, 1571, 1501, 1492, 1522, 1541, 1503, 1270, 1484, 1504, 1457, 139, 1472, 169, 1402, 1544, 1539, 1573, 1595, 1531, 1600, 1208, 1477, 1525, 1514, 1467], "episode_types": ["t", "t", "t", "t", "t", "t", "t", "t", "t", "t", "t", "t", "t", "t", "t", "t", "t", "t", "t", "t", "t", "t", "t", "t", "t", "t", "t", "t", "t", "t", "t", "t", "t", "t", "t", "t", "t", "t", "t", "t", "t", "t", "t", "t", "t", "t", "t", "t", "t", "t", "t", "t", "t", "t", "t", "t", "t", "t", "t", "t", "t", "t", "t", "t", "t", "t", "t", "t", "t", "t", "t", "t", "t", "t", "t", "t", "t", "t", "t", "t", "t", "t", "t", "t", "t", "t", "t", "t", "t", "t", "t", "t", "t", "t", "t", "t", "t", "t", "t", "t"], "episode_rewards": [-7.134785186696092, 235.7383491392782, 226.75475826174937, 232.937578107143, 229.9772345732452, 234.6244015992911, 76.20294433386692, 226.66223082927746, 234.5121488282084, 232.40746001766001, 230.41571361464784, 235.53956742468628, 230.13243388134114, 232.63544102615674, 200.72156237030492, 227.67617336257894, 225.90550772120216, -112.19057534806117, 232.69182859844193, 220.81559011194636, 229.2869198974534, 231.76787248176623, -123.27590340863624, 235.6743259985129, -99.89189468947626, 233.67257726537542, 230.47621756663682, 21.78805571494874, 234.86878055787201, 235.54343617359493, 232.5584645120542, -6.308965626615105, 210.043418871457, 236.28446835424583, 233.07687102025164, 229.36352344903997, 225.81924168444075, 236.3862034596054, -95.8324951545848, 227.9653714475583, 231.11800383273035, 226.65895540902213, -2.9703654207207677, -59.05995768779371, 232.70624973645792, 234.0068797881456, 87.79255515012645, -47.106693692559915, 229.31696908162672, 231.76321663600893, 237.65824267966542, 225.91548695660674, 235.82101521453305, 31.315302027801096, 230.98215668255114, -15.989590443478448, 234.4068848455976, 232.59865785031073, 25.45744569261855, -125.45220270085066, 233.57870612944026, -127.51558447017368, 226.60289309515753, 233.87273965707033, 223.92802933452919, 228.1069614359843, -39.152310216475776, 226.87261285000463, 230.77613090756537, 233.49204034516455, 235.53261708746555, 227.9071866278166, 231.07055392016693, 229.64196052428545, 226.58864395496568, 227.3952340775144, 233.5029146665445, 232.33341407535738, 231.6068065143158, 229.48182674899172, 233.95178087292803, 82.55466248137506, 235.2734763617955, 231.63173689899182, 235.04700308100382, -97.26043477442217, 233.48110319486864, -97.57220660988771, 240.06302764184417, 229.86229262671296, 229.7127161697783, 225.37203396435868, 225.1306891856561, 120.47661333980574, 220.65407788995182, 79.62452641762997, 234.61350253761765, 231.64350118677882, 231.72839751431644, 233.83515301043397], "initial_reset_timestamp": 1524170850.9280598}