{"timestamps": [1524197459.7499063, 1524197475.7007675, 1524197490.4949944, 1524197505.789834, 1524197521.314899, 1524197536.2798526, 1524197551.9729226, 1524197566.8098533, 1524197581.6291049, 1524197596.659106, 1524197611.5227516, 1524197626.09463, 1524197642.068168, 1524197658.8571186, 1524197673.7978861, 1524197689.2727568, 1524197704.6173844, 1524197707.028897, 1524197722.0904639, 1524197737.1786995, 1524197752.8740401, 1524197762.1408007, 1524197777.275524, 1524197789.1370356, 1524197804.244972, 1524197819.8065436, 1524197828.704314, 1524197835.052506, 1524197841.2000463, 1524197847.623034, 1524197847.8637607, 1524197854.4440324, 1524197860.4992855, 1524197866.6282632, 1524197873.2023966, 1524197880.1159017, 1524197885.8798985, 1524197892.0052047, 1524197899.9314427, 1524197914.64885, 1524197929.4847891, 1524197945.2202373, 1524197959.976467, 1524197974.0897071, 1524197988.3048346, 1524198005.5287008, 1524198020.5014305, 1524198027.2563539, 1524198042.6228797, 1524198045.4971392, 1524198060.8299654, 1524198076.6492147, 1524198092.448489, 1524198107.8344445, 1524198116.5575752, 1524198133.1311443, 1524198148.7133682, 1524198163.6207683, 1524198178.8465033, 1524198194.173925, 1524198209.031003, 1524198223.6363459, 1524198238.1384757, 1524198252.9641852, 1524198267.2397754, 1524198267.8043487, 1524198281.6910505, 1524198296.2176151, 1524198311.0887454, 1524198326.0860338, 1524198340.7374744, 1524198355.6578403, 1524198370.6251695, 1524198385.9083414, 1524198401.090457, 1524198416.087918, 1524198430.8874214, 1524198444.5654743, 1524198460.2294858, 1524198475.044112, 1524198489.9423528, 1524198504.683689, 1524198519.7333455, 1524198534.259931, 1524198548.4120185, 1524198562.950305, 1524198577.9617567, 1524198594.13481, 1524198609.6406195, 1524198626.0658803, 1524198642.4751348, 1524198645.4633784, 1524198661.2261467, 1524198667.9954932, 1524198683.473724, 1524198697.393704, 1524198697.6105561, 1524198703.701006, 1524198710.0252006, 1524198715.818373], "episode_lengths": [1072, 1130, 1104, 1140, 1119, 1125, 1140, 1111, 1101, 1136, 1153, 1115, 1149, 1267, 1114, 1132, 1118, 177, 1129, 1116, 1123, 663, 1124, 868, 1126, 1122, 1131, 1114, 1137, 1139, 39, 1140, 1098, 1084, 1094, 1079, 1088, 1167, 1166, 1102, 1108, 1159, 1101, 1081, 1093, 1226, 1104, 522, 1164, 210, 1123, 1119, 1136, 1154, 642, 1129, 1189, 1126, 1139, 1123, 1123, 1112, 1121, 1107, 1069, 41, 1066, 1112, 1101, 1107, 1115, 1127, 1109, 1143, 1133, 1113, 1099, 1042, 1149, 1086, 1101, 1119, 1113, 1085, 1055, 1120, 1093, 1109, 1078, 1106, 1138, 225, 1158, 509, 1188, 1109, 47, 1110, 1130, 1084], "episode_types": ["t", "t", "t", "t", "t", "t", "t", "t", "t", "t", "t", "t", "t", "t", "t", "t", "t", "t", "t", "t", "t", "t", "t", "t", "t", "t", "t", "t", "t", "t", "t", "t", "t", "t", "t", "t", "t", "t", "t", "t", "t", "t", "t", "t", "t", "t", "t", "t", "t", "t", "t", "t", "t", "t", "t", "t", "t", "t", "t", "t", "t", "t", "t", "t", "t", "t", "t", "t", "t", "t", "t", "t", "t", "t", "t", "t", "t", "t", "t", "t", "t", "t", "t", "t", "t", "t", "t", "t", "t", "t", "t", "t", "t", "t", "t", "t", "t", "t", "t", "t"], "episode_rewards": [264.5786948040963, 258.40053430636755, 260.6293043042072, 258.44283543346796, 258.37917997938496, 259.4932225509834, 256.89178540617905, 260.66142239220926, 260.7416076837399, 257.94601564849825, 257.2974974651221, 260.026592983681, 256.4482541708751, 245.43863163207078, 260.49852813931705, 257.4764199051981, 258.8055133010994, -96.3382654876881, 257.5191297432382, 260.80494218235486, 259.6553986454008, 50.01794098363197, 260.13261769885474, 60.138862195581964, 259.27423738666573, 258.4529777723201, 258.2320118440134, 259.31960928833456, 257.4063418806649, 258.1458578630643, -114.14287634254575, 258.10950607099966, 259.352469964404, 261.85255055361665, 131.75894073968277, 264.87687373847143, 262.28650417737833, 255.60759760532252, 254.55128954967267, 261.2697940292431, 261.6541219710013, 256.04992357620915, 260.96262092675113, 262.8879474271091, 261.94752083154754, 250.60426767467726, 261.29394545036087, 7.9329475601185635, 254.8690073882744, -102.06703381185612, 261.029171332518, 258.1385392413866, 258.0382809298802, 255.94895918451624, 28.53169960593368, 258.6005929693716, 252.83596851151404, 258.85945300987225, 258.75713662819504, 259.3480745838214, 260.25622574783176, 259.7014128667912, 258.7272523629764, 260.7716365070104, 263.03568673468834, -114.81729707355436, 264.89012708853045, 260.29597629114437, 261.5112064065732, 260.55745964100896, 259.37511920095426, 258.656659399394, 260.11431484327096, 256.8307731497888, 258.47942963697756, 260.3970332886753, 261.72700038169035, 267.10231534585216, 256.1866485075617, 262.1244350296865, 261.1978540378473, 258.37983186383514, 259.4278700686558, 263.31044103439086, 265.5105061030078, 258.2499101074165, 262.50678469239597, 261.44119729667756, 262.70944586914754, 261.05095126549423, 258.5151111103478, -83.53374509734321, 256.85939341047174, -8.41841486959028, 252.8840293264434, 260.2499139370645, -122.11465953208275, 260.37852104130286, 258.5043317346707, 262.75093110903725], "initial_reset_timestamp": 1524197340.218129}