{"timestamps": [1524290590.2060146, 1524290608.770545, 1524290625.4499648, 1524290643.000786, 1524290661.2443595, 1524290679.6780593, 1524290697.9058113, 1524290700.35286, 1524290717.8578346, 1524290733.429583, 1524290749.5266762, 1524290766.9545426, 1524290784.0162325, 1524290799.897756, 1524290815.2110739, 1524290816.56721, 1524290831.4873967, 1524290848.250248, 1524290865.38429, 1524290867.3063984, 1524290878.1297476, 1524290894.0844157, 1524290911.110693, 1524290929.6134076, 1524290946.9284272, 1524290965.5772583, 1524290984.0461051, 1524291001.8203382, 1524291019.304142, 1524291026.1047814, 1524291042.5798974, 1524291059.8212416, 1524291074.1807244, 1524291076.7094245, 1524291092.1219695, 1524291107.3633795, 1524291121.435786, 1524291137.5420492, 1524291147.6211848, 1524291162.6296604, 1524291179.27112, 1524291196.5893803, 1524291211.5377462, 1524291228.9052048, 1524291245.3685138, 1524291262.6832895, 1524291280.3376307, 1524291297.6478415, 1524291314.5540612, 1524291316.6369872, 1524291332.0985649, 1524291349.1779907, 1524291350.4741564, 1524291367.854726, 1524291384.629584, 1524291401.764949, 1524291418.8208354, 1524291434.98747, 1524291451.878343, 1524291469.617398, 1524291485.3473425, 1524291502.4811, 1524291520.2123656, 1524291528.5556018, 1524291543.8676398, 1524291552.3034282, 1524291569.442386, 1524291586.423294, 1524291603.7277782, 1524291620.7599585, 1524291638.0963142, 1524291655.5315225, 1524291674.177541, 1524291691.3565726, 1524291707.957318, 1524291725.5581038, 1524291727.3202353, 1524291743.544132, 1524291761.1244547, 1524291776.8549252, 1524291780.274287, 1524291797.2539485, 1524291815.003551, 1524291832.1597614, 1524291849.0296562, 1524291865.3751137, 1524291882.2209935, 1524291887.8374207, 1524291904.8539803, 1524291919.3524425, 1524291935.0311165, 1524291951.6049647, 1524291968.612366, 1524291970.712221, 1524291987.6567008, 1524292003.8943033, 1524292013.3241608, 1524292028.6388323, 1524292045.5196345, 1524292065.896848], "episode_lengths": [726, 1052, 1039, 1071, 1023, 1040, 1018, 138, 1025, 991, 1008, 1057, 1071, 1020, 1015, 102, 1015, 1032, 1035, 120, 743, 1020, 1008, 1072, 1075, 1056, 1073, 1040, 1021, 397, 1014, 1038, 1033, 184, 1027, 1018, 989, 1022, 736, 1024, 1010, 1061, 1056, 1056, 941, 1047, 1029, 1023, 1042, 137, 992, 1022, 81, 1033, 1038, 1056, 1052, 1028, 1045, 1040, 989, 1025, 1047, 514, 1003, 563, 1020, 1011, 1038, 1007, 1016, 1035, 1090, 1045, 1028, 1045, 109, 992, 1053, 941, 209, 1027, 1023, 1005, 1025, 994, 1070, 367, 1054, 1065, 1006, 1031, 1040, 125, 1034, 1006, 573, 1027, 1051, 1305], "episode_types": ["t", "t", "t", "t", "t", "t", "t", "t", "t", "t", "t", "t", "t", "t", "t", "t", "t", "t", "t", "t", "t", "t", "t", "t", "t", "t", "t", "t", "t", "t", "t", "t", "t", "t", "t", "t", "t", "t", "t", "t", "t", "t", "t", "t", "t", "t", "t", "t", "t", "t", "t", "t", "t", "t", "t", "t", "t", "t", "t", "t", "t", "t", "t", "t", "t", "t", "t", "t", "t", "t", "t", "t", "t", "t", "t", "t", "t", "t", "t", "t", "t", "t", "t", "t", "t", "t", "t", "t", "t", "t", "t", "t", "t", "t", "t", "t", "t", "t", "t", "t"], "episode_rewards": [47.65877435872861, 264.1080827121626, 264.4034689272615, 261.2540566811271, 265.8353618082006, 263.96054897394305, 267.451551443618, -115.6620612630588, 265.97441701164007, 270.4334520937658, 144.37242899884356, 263.06127810991495, 262.0568244476165, 265.61642046563065, 265.970846332835, -106.99204477248296, 266.5506041977008, 264.2011484454553, 265.601941364461, -114.73716489039062, 88.52188562259104, 265.416433079964, 267.4465183046774, 261.6881570572917, 262.0196799488591, 263.131502802997, 263.3126505654058, 263.13329639577324, 265.83345965568117, -20.246100945119977, 265.2387676591907, 264.0354201828564, 264.4117668311477, -79.06858379650436, 265.8300017177266, 265.1584793267737, 266.9466026271373, 265.49631759778504, 82.56985765378414, 266.4049935557734, 266.9157302118997, 262.9828039687599, 261.2933993828735, 262.33757544559506, 139.61177610191086, 262.022614757512, 265.39346118920514, 264.89532462795177, 265.15463282620914, -117.73066546673559, 268.4037961251785, 265.6932756519723, -112.4541793372504, 265.3148505856226, 264.81451532608065, 263.2660905021674, 263.06418600560585, 264.33551887990916, 264.1052078058289, 262.4494582343658, 267.47430785360757, 264.19193204753867, 263.7711600525412, 19.375483565312138, 266.86707093013604, 9.350220879161995, 265.9069402329769, 266.38997001866795, 265.5501164743509, 267.40365179297794, 267.6872621331811, 264.855500238338, 259.2919832927439, 263.870318789508, 264.56964543336346, 263.91595136790795, -113.48385176706992, 267.2039887156984, 262.58412051911324, 126.15725116290571, -93.08153201782552, 266.20791182339775, 264.96284931644425, 266.9469282540305, 264.9081695556811, 268.3642457484748, 262.03597998046223, -21.185000095273253, 262.95444732600964, 261.90838001663496, 267.33365157009666, 264.99978446199594, 264.38036697569777, -122.81400963701712, 264.8118535019425, 267.8448568750307, 19.42032440568147, 265.84245698844467, 263.3368949972597, 240.24967357168194], "initial_reset_timestamp": 1524290478.787111}