{"timestamps": [1524153946.1052618, 1524153970.081396, 1524153992.602102, 1524153994.5827093, 1524154004.9050734, 1524154037.4283159, 1524154039.8609068, 1524154059.2486582, 1524154085.075983, 1524154087.1361744, 1524154116.9692745, 1524154119.7215712, 1524154120.875925, 1524154136.8537536, 1524154138.9372513, 1524154146.3563275, 1524154182.2132869, 1524154184.7136965, 1524154203.6839473, 1524154224.3709526, 1524154260.4520774, 1524154286.5583491, 1524154315.2925086, 1524154348.3937716, 1524154374.2771358, 1524154406.5995762, 1524154408.478913, 1524154439.8800166, 1524154470.2656984, 1524154472.0779598, 1524154501.93737, 1524154526.8938367, 1524154552.5016692, 1524154581.8414006, 1524154583.6643875, 1524154595.9207075, 1524154599.1413379, 1524154600.848825, 1524154602.7269192, 1524154620.4270554, 1524154622.3758497, 1524154623.9424596, 1524154625.1597826, 1524154626.2945461, 1524154637.8347049, 1524154668.5237045, 1524154669.959923, 1524154698.7211535, 1524154721.5488112, 1524154726.0850792, 1524154737.6353102, 1524154744.541892, 1524154747.5610385, 1524154772.3312042, 1524154802.0200946, 1524154806.596087, 1524154811.854637, 1524154843.2974272, 1524154867.2245128, 1524154870.199328, 1524154897.7592642, 1524154924.8306174, 1524154957.2799926, 1524154967.7089298, 1524154971.5524807, 1524154999.597334, 1524155028.1279545, 1524155058.4257708, 1524155076.3704054, 1524155077.8065906, 1524155084.7846093, 1524155105.3144934, 1524155107.1664414, 1524155109.7722738, 1524155110.891858, 1524155112.0460591, 1524155135.6154845, 1524155137.4254522, 1524155148.6430001, 1524155155.4492953, 1524155185.546152, 1524155191.0215483, 1524155193.072091, 1524155220.6832666, 1524155222.3932354, 1524155223.6834955, 1524155224.8111339, 1524155251.4690297, 1524155276.4634132, 1524155307.0528424, 1524155309.1200387, 1524155313.8231058, 1524155315.5560284, 1524155324.985883, 1524155326.086076, 1524155327.8495016, 1524155349.3352606, 1524155351.2360475, 1524155361.4526176, 1524155389.5422788], "episode_lengths": [1600, 1554, 1579, 139, 731, 1600, 96, 884, 1600, 91, 1600, 197, 74, 879, 74, 319, 1600, 128, 931, 1040, 1600, 1158, 1600, 1600, 1600, 1600, 79, 1600, 1600, 116, 1600, 1600, 1600, 1528, 80, 569, 176, 77, 110, 973, 135, 99, 75, 74, 706, 1600, 88, 1600, 1250, 238, 615, 300, 166, 1600, 1600, 268, 285, 1600, 1245, 165, 1600, 1600, 1600, 666, 210, 1546, 1600, 1600, 1008, 66, 382, 1222, 117, 129, 57, 64, 1388, 85, 539, 454, 1600, 313, 137, 1600, 99, 99, 75, 1600, 1260, 1600, 124, 291, 116, 476, 66, 113, 1139, 88, 483, 1539], "episode_types": ["t", "t", "t", "t", "t", "t", "t", "t", "t", "t", "t", "t", "t", "t", "t", "t", "t", "t", "t", "t", "t", "t", "t", "t", "t", "t", "t", "t", "t", "t", "t", "t", "t", "t", "t", "t", "t", "t", "t", "t", "t", "t", "t", "t", "t", "t", "t", "t", "t", "t", "t", "t", "t", "t", "t", "t", "t", "t", "t", "t", "t", "t", "t", "t", "t", "t", "t", "t", "t", "t", "t", "t", "t", "t", "t", "t", "t", "t", "t", "t", "t", "t", "t", "t", "t", "t", "t", "t", "t", "t", "t", "t", "t", "t", "t", "t", "t", "t", "t", "t"], "episode_rewards": [142.2232569366776, 10.627473463818376, 25.29302004670383, -99.00428342273851, -35.00402276194764, 137.9718707063322, -116.12444867522781, -13.300606887151886, 140.17571371692966, -123.11366983947676, 132.7339280771099, -92.79440480306504, -116.1197919605377, -16.94331895404855, -121.46742096633241, -81.82362339681407, 129.24346910878558, -115.38415536752053, -16.17489591998404, -16.719833500749672, 147.28670678450973, -21.41721894867854, 148.1113478396212, 147.4905832788996, 149.0736671915157, 136.25079709710297, -119.23153588737517, 124.43110333883709, 159.36317240200282, -120.8679979827448, 152.7141165851243, 146.45357873938, 144.9338479712364, 27.642787831229185, -121.85668077608335, -45.45869382077649, -86.73576122893694, -110.09067637717268, -119.85479484901178, -10.619323875946506, -104.88603718005217, -120.66708702625562, -114.81016425819018, -116.48304606578125, -51.64582384193034, 152.08341213223295, -111.32160989552008, 150.70472373266472, 28.014655150007286, -83.90885156259469, -67.35531615450657, -82.85146098752062, -121.4171490118313, 145.0220663208417, 117.86333076756439, -79.84569341671347, -87.840695035454, 151.78900633065834, 15.90773584252264, -108.53164761874336, 148.32520729768555, 132.81986798105183, 138.90042875583097, -41.70519266106954, -108.24616376142342, 21.627650571560167, 127.73119904125603, 135.33297534865446, -8.28852583455533, -106.5079225283248, -64.20936385002088, 12.98950898219438, -119.43056305518624, -97.72411378421188, -106.55931799489967, -105.81419979782032, 21.675054982292295, -112.73864133930766, -75.22036912908708, -65.19025800716864, 147.66813113511637, -70.80156141203516, -111.63483379248702, 170.06473006327184, -119.79450533258284, -114.49487051287511, -120.85568801856034, 145.00840565473356, 23.837196185737852, 141.77700155685395, -101.43753319369935, -84.74858953364446, -100.03094520690563, -70.73564351208356, -106.07366928489944, -98.74547306387252, 5.833608086396254, -119.09778732108862, -69.98565440391522, 39.75883926712214], "initial_reset_timestamp": 1524153754.9714289}