{"timestamps": [1524201743.3017457, 1524201744.4443722, 1524201754.102478, 1524201769.2430665, 1524201783.5617578, 1524201797.9047375, 1524201812.684379, 1524201827.0252142, 1524201841.8684716, 1524201856.4065049, 1524201870.8064623, 1524201885.5231538, 1524201900.3852527, 1524201915.5744095, 1524201929.8085537, 1524201944.7287772, 1524201960.2226334, 1524201974.6546714, 1524201978.757947, 1524201993.1545844, 1524202008.733937, 1524202024.432592, 1524202028.9567292, 1524202042.2371445, 1524202056.6576705, 1524202071.6864066, 1524202087.2094274, 1524202101.526527, 1524202115.7621877, 1524202129.9629488, 1524202144.4460592, 1524202158.5158243, 1524202172.4609873, 1524202186.4639018, 1524202201.5353632, 1524202216.0704935, 1524202230.8412871, 1524202231.3123875, 1524202246.2188694, 1524202253.8265543, 1524202270.1904569, 1524202285.964921, 1524202301.4011767, 1524202305.8778875, 1524202320.8005528, 1524202335.7321742, 1524202350.3892965, 1524202363.820193, 1524202364.8309925, 1524202378.9062498, 1524202379.631729, 1524202394.9738128, 1524202408.6576364, 1524202423.2301705, 1524202437.6278505, 1524202446.8920903, 1524202461.4784179, 1524202475.3183455, 1524202480.0967696, 1524202494.3155093, 1524202500.8696852, 1524202515.9836962, 1524202532.0080554, 1524202547.9268575, 1524202563.0666654, 1524202566.9849067, 1524202582.2436087, 1524202598.032452, 1524202613.2041447, 1524202623.6678944, 1524202624.1780066, 1524202640.0490875, 1524202656.7380416, 1524202672.9462564, 1524202687.8340433, 1524202695.126029, 1524202709.7349236, 1524202724.4971712, 1524202738.620677, 1524202743.914364, 1524202757.9286594, 1524202772.4883862, 1524202787.3000202, 1524202802.094705, 1524202816.3090165, 1524202828.1290352, 1524202842.6844177, 1524202857.498989, 1524202873.3555207, 1524202887.3595245, 1524202901.6218717, 1524202915.8794258, 1524202931.1893106, 1524202945.4094875, 1524202960.4886806, 1524202975.0469978, 1524202989.759671, 1524203003.860712, 1524203018.5326915, 1524203033.995263], "episode_lengths": [1097, 56, 722, 1159, 1089, 1097, 1083, 1080, 1079, 1116, 1088, 1106, 1111, 1117, 1075, 1090, 1128, 1096, 315, 1074, 1105, 1138, 337, 1001, 1061, 1123, 1124, 1079, 1070, 1069, 1073, 1082, 1058, 1067, 1059, 1082, 1095, 35, 1123, 566, 1095, 1107, 1056, 319, 1087, 1122, 1131, 1032, 78, 1058, 39, 1115, 1051, 1085, 1088, 671, 1085, 1071, 359, 1119, 479, 1083, 1111, 1147, 1065, 293, 1114, 1098, 1115, 748, 37, 1111, 1134, 1153, 1081, 532, 1098, 1102, 1102, 371, 1078, 1112, 1111, 1068, 1081, 847, 1086, 1118, 1174, 1070, 1096, 1058, 1122, 1066, 1124, 1088, 1068, 1084, 1113, 1102], "episode_types": ["t", "t", "t", "t", "t", "t", "t", "t", "t", "t", "t", "t", "t", "t", "t", "t", "t", "t", "t", "t", "t", "t", "t", "t", "t", "t", "t", "t", "t", "t", "t", "t", "t", "t", "t", "t", "t", "t", "t", "t", "t", "t", "t", "t", "t", "t", "t", "t", "t", "t", "t", "t", "t", "t", "t", "t", "t", "t", "t", "t", "t", "t", "t", "t", "t", "t", "t", "t", "t", "t", "t", "t", "t", "t", "t", "t", "t", "t", "t", "t", "t", "t", "t", "t", "t", "t", "t", "t", "t", "t", "t", "t", "t", "t", "t", "t", "t", "t", "t", "t"], "episode_rewards": [261.1392465270591, -110.67847034247237, 34.073616142743504, 256.26490428257165, 263.32077297394306, 261.53601456202443, 263.48929266641295, 263.9071788757796, 264.30105060533754, 261.0393645384082, 262.3306056917689, 261.31173760896957, 259.36619603493233, 261.69482316998284, 264.6443410773474, 262.3892550339038, 258.86141571606777, 261.9916739410691, -46.78294404697713, 264.54387451811203, 261.55233047936946, 258.98565627189157, -54.73603077922918, 107.86586212198199, 264.33720245097754, 258.0303583996024, 259.37905083766515, 263.9280777464832, 265.24122537408493, 264.5757469821175, 264.0042040965274, 262.79811430013524, 266.2015165866191, 264.01510847136353, 265.6819997485, 263.12938475966604, 261.5179777969052, -112.15843567206548, 258.1443404269181, 15.332365111131097, 262.630720278785, 261.55514366071105, 266.7440686378931, -62.016043327394776, 262.54348803791265, 262.06993263238314, 258.8349579811636, 267.0569845279706, -111.6560117587635, 266.4444015846126, -110.6490898140943, 259.317864317424, 267.31757625826674, 262.485821966123, 262.9608089915333, 43.80223539881334, 262.9400162651429, 263.6659953640488, -37.215687121579116, 259.9946419979472, -10.468405152088962, 263.8281776322444, 261.98371197463575, 257.6079131989897, 265.7042507896616, -57.11799084463867, 262.07741854203005, 260.4848314906941, 260.2072214720085, 69.28780092692026, -111.69865444408947, 261.338722882899, 258.2175796434942, 256.193605344139, 264.43069129816985, 7.794495515619829, 261.79110346805464, 261.0395740444583, 261.25064086988647, -37.53340534619092, 263.5313963728799, 260.67627800413095, 262.4862285766114, 264.1769465873278, 264.5978819695729, 76.96767874962768, 264.0572930557417, 260.51482691654167, 254.92255614958472, 265.2701748900269, 262.27794609047635, 265.00397287973385, 259.6256304250895, 263.9301523489151, 260.48137782374994, 262.7689140492063, 266.03368902164857, 264.8626018765904, 260.00450363993355, 262.662060450641], "initial_reset_timestamp": 1524201616.3285902}