{"timestamps": [1524432132.2553809, 1524432148.808063, 1524432165.8905714, 1524432183.702179, 1524432201.6137, 1524432221.2228396, 1524432239.4260888, 1524432258.6482112, 1524432269.485352, 1524432287.4324362, 1524432306.9805064, 1524432322.8130107, 1524432338.278448, 1524432344.0142138, 1524432361.3338075, 1524432368.2576413, 1524432380.6423335, 1524432393.4523437, 1524432404.2122035, 1524432416.3993483, 1524432430.4230921, 1524432443.393133, 1524432446.821167, 1524432459.746299, 1524432472.4726493, 1524432486.674846, 1524432504.06401, 1524432507.544526, 1524432523.1201413, 1524432536.7119217, 1524432552.9662857, 1524432567.0944211, 1524432579.5399122, 1524432593.5464823, 1524432616.3417182, 1524432635.3044124, 1524432657.371164, 1524432677.282872, 1524432692.3261957, 1524432706.6920078, 1524432725.7901278, 1524432746.3797016, 1524432763.000907, 1524432779.9045913, 1524432796.045614, 1524432812.8833697, 1524432816.7173493, 1524432833.719987, 1524432835.0788324, 1524432850.8623118, 1524432868.3399465, 1524432884.956208, 1524432888.7159255, 1524432905.0506566, 1524432921.4651544, 1524432937.6447055, 1524432953.956661, 1524432970.0380518, 1524432976.9008377, 1524432992.2983954, 1524433008.9662237, 1524433025.2120495, 1524433037.589452, 1524433049.7558305, 1524433062.2316787, 1524433074.742566, 1524433087.4875896, 1524433102.8500361, 1524433104.2317877, 1524433120.47818, 1524433136.5059037, 1524433150.5185554, 1524433164.5069482, 1524433178.8813596, 1524433192.5867727, 1524433206.6087577, 1524433220.7953684, 1524433236.169147, 1524433250.7451603, 1524433265.408635, 1524433281.063356, 1524433296.7713804, 1524433311.524438, 1524433325.3931549, 1524433339.0799975, 1524433353.6863499, 1524433359.9722447, 1524433374.0655353, 1524433387.931294, 1524433401.4859307, 1524433416.1901855, 1524433430.092717, 1524433444.2673435, 1524433458.4128485, 1524433472.6608803, 1524433487.67591, 1524433501.6320705, 1524433515.3282588, 1524433529.4923022, 1524433543.9288888], "episode_lengths": [938, 938, 922, 913, 936, 923, 876, 928, 636, 947, 920, 934, 911, 325, 945, 432, 921, 936, 734, 924, 1024, 915, 263, 959, 952, 919, 923, 221, 985, 943, 944, 968, 820, 939, 932, 917, 930, 945, 946, 925, 947, 940, 917, 907, 922, 952, 203, 947, 74, 894, 941, 923, 216, 940, 915, 908, 917, 917, 373, 908, 925, 935, 905, 915, 912, 919, 946, 953, 76, 915, 950, 926, 912, 923, 926, 925, 929, 925, 920, 932, 931, 955, 959, 933, 917, 952, 418, 926, 924, 918, 932, 920, 944, 939, 912, 947, 955, 922, 952, 913], "episode_types": ["t", "t", "t", "t", "t", "t", "t", "t", "t", "t", "t", "t", "t", "t", "t", "t", "t", "t", "t", "t", "t", "t", "t", "t", "t", "t", "t", "t", "t", "t", "t", "t", "t", "t", "t", "t", "t", "t", "t", "t", "t", "t", "t", "t", "t", "t", "t", "t", "t", "t", "t", "t", "t", "t", "t", "t", "t", "t", "t", "t", "t", "t", "t", "t", "t", "t", "t", "t", "t", "t", "t", "t", "t", "t", "t", "t", "t", "t", "t", "t", "t", "t", "t", "t", "t", "t", "t", "t", "t", "t", "t", "t", "t", "t", "t", "t", "t", "t", "t", "t"], "episode_rewards": [267.86101704933964, 267.3579881574826, 269.7094966355404, 269.81181296247894, 267.2269350914236, 268.3855360935305, 152.8352992235433, 269.18484846070965, 67.68453907994831, 267.2368248462009, 269.8577093699958, 267.05705351643513, 272.5945301744856, -21.369829505706377, 267.0875050416807, 15.256962006701187, 270.1511167420871, 267.3892890106956, 108.15482973124017, 268.4677174714779, 260.91459229436316, 269.6204501322074, -34.263684578991246, 266.1128772903324, 265.0152404796459, 268.3801410628434, 269.3499804429118, -46.44394535031142, 262.54554496946656, 268.0879266223018, 267.18536850662247, 265.9591321166044, 135.91202840797496, 267.93714301275344, 269.49600595123803, 268.26146853415406, 268.8668921634241, 267.1804239642205, 266.03016815010454, 268.4622348719965, 266.00193387017896, 268.4759457445896, 269.92016841002203, 270.1473747754941, 268.5375026049837, 266.35720923487315, -67.16595085398833, 267.21221091506897, -109.51550108533735, 165.84816491168726, 267.54988169523244, 268.84088151072547, -106.50531875935452, 267.57059498430505, 270.3636607241714, 271.03015582912076, 270.72569675087567, 269.5155886293267, 0.7306252264804698, 270.71552078021085, 268.8157369667666, 268.18354354848134, 270.6567509550963, 269.30180961849834, 269.81823005135715, 269.7067084887214, 268.1299492014526, 266.53542173842874, -113.5268664817102, 269.59237162490155, 266.3671671297264, 269.0697190164395, 270.6244280438044, 269.97372427167056, 269.0171643328984, 268.204260210819, 268.6650174725107, 269.2466461509034, 269.8150671251115, 267.96423568896824, 268.588375328382, 266.3289898045743, 267.3241639272509, 268.0194967909608, 268.7116514696859, 267.0689901015172, 1.0934314859524505, 269.09928166441813, 268.1219588175036, 269.7834367987762, 269.0954920350156, 269.54640173862737, 267.2315070988611, 268.39934579390984, 270.0991697029937, 267.50341415929535, 265.60450099358866, 268.9161755473415, 267.08477537376075, 270.37534072181694], "initial_reset_timestamp": 1524431987.2291033}