{"timestamps": [1524388741.1346362, 1524388756.6771877, 1524388769.835368, 1524388783.1837068, 1524388797.3135045, 1524388810.679083, 1524388816.7525103, 1524388831.3623958, 1524388840.9278045, 1524388855.4987152, 1524388870.4451818, 1524388884.8245656, 1524388899.925483, 1524388913.1191907, 1524388927.0482204, 1524388940.5465426, 1524388949.725425, 1524388963.2606544, 1524388976.2078571, 1524388989.904385, 1524389003.244625, 1524389018.1011288, 1524389031.563752, 1524389044.9308012, 1524389057.7395873, 1524389070.491703, 1524389084.5877779, 1524389097.715768, 1524389099.4144323, 1524389112.2717917, 1524389125.239272, 1524389138.7335644, 1524389151.7744424, 1524389165.0416708, 1524389177.7660484, 1524389191.1524374, 1524389204.5242662, 1524389217.552811, 1524389231.1961074, 1524389243.9900522, 1524389257.35636, 1524389270.8071887, 1524389285.9961474, 1524389300.31149, 1524389314.3174596, 1524389328.864976, 1524389342.980833, 1524389356.7723663, 1524389370.2699468, 1524389383.66499, 1524389396.800188, 1524389411.1114023, 1524389424.2545648, 1524389437.9425716, 1524389451.5901656, 1524389465.8903282, 1524389479.1120884, 1524389493.741014, 1524389506.9756064, 1524389520.3848581, 1524389534.7724621, 1524389549.015041, 1524389562.366991, 1524389576.4260702, 1524389589.5099204, 1524389602.8056962, 1524389616.2441754, 1524389629.569963, 1524389642.9999874, 1524389655.9495342, 1524389669.2557058, 1524389682.994004, 1524389696.4433713, 1524389709.7155654, 1524389722.7333019, 1524389736.1904604, 1524389749.6357667, 1524389763.1889412, 1524389778.1597083, 1524389792.6198843, 1524389807.341618, 1524389822.1087904, 1524389836.589391, 1524389850.7683568, 1524389863.5803494, 1524389878.587797, 1524389892.022848, 1524389905.8217638, 1524389919.30552, 1524389932.630318, 1524389946.540866, 1524389961.3824937, 1524389975.674006, 1524389989.2254255, 1524390001.2784674, 1524390014.67296, 1524390028.024856, 1524390041.0970914, 1524390054.1280894, 1524390067.5357065], "episode_lengths": [971, 1093, 940, 939, 1030, 958, 423, 968, 678, 970, 992, 955, 1018, 946, 989, 977, 675, 939, 951, 992, 958, 1024, 984, 953, 931, 928, 992, 941, 123, 940, 937, 953, 953, 962, 926, 959, 944, 945, 969, 926, 933, 966, 988, 966, 948, 933, 952, 977, 967, 930, 955, 1028, 942, 940, 960, 1017, 942, 1021, 975, 957, 928, 970, 944, 991, 948, 952, 931, 961, 961, 932, 958, 941, 941, 934, 949, 947, 946, 969, 996, 951, 958, 952, 953, 962, 906, 1076, 952, 990, 958, 939, 980, 951, 969, 970, 888, 949, 965, 933, 932, 950], "episode_types": ["t", "t", "t", "t", "t", "t", "t", "t", "t", "t", "t", "t", "t", "t", "t", "t", "t", "t", "t", "t", "t", "t", "t", "t", "t", "t", "t", "t", "t", "t", "t", "t", "t", "t", "t", "t", "t", "t", "t", "t", "t", "t", "t", "t", "t", "t", "t", "t", "t", "t", "t", "t", "t", "t", "t", "t", "t", "t", "t", "t", "t", "t", "t", "t", "t", "t", "t", "t", "t", "t", "t", "t", "t", "t", "t", "t", "t", "t", "t", "t", "t", "t", "t", "t", "t", "t", "t", "t", "t", "t", "t", "t", "t", "t", "t", "t", "t", "t", "t", "t"], "episode_rewards": [265.0995534525578, 253.103302117815, 268.8244113535066, 267.9829347253293, 258.73363851103903, 266.29142277394783, 5.115854180494935, 265.0524509278561, 70.2948994195379, 267.3133140963385, 262.54633965412995, 267.0884819614505, 261.5382231515126, 267.01076442267777, 263.5358659580359, 265.1554368363796, 55.22673684390793, 268.5080916398868, 267.94755086143243, 262.52782093486735, 267.1884526601566, 261.6518147225079, 264.85088847819804, 267.88288885566055, 269.43016500340894, 270.05307633000325, 264.01935270344705, 268.0541142202745, -99.2308574139009, 267.94526411216077, 268.0498207911063, 267.01639256731767, 266.01965962093817, 265.8898984283574, 268.7947208807294, 266.9388655903453, 268.17290554307806, 268.3558485559502, 265.7435253787201, 269.4923970212705, 269.7337524847522, 266.68947128866995, 264.1273097299233, 266.2330647735795, 267.96848850641146, 268.47069613083255, 266.4343550593855, 265.05616436003817, 266.53523683963283, 269.12021962082844, 266.6205463007132, 258.3855264255224, 268.4994524634356, 267.91071821085956, 265.4301819611556, 260.9266857498999, 268.19805894525666, 259.9506407751763, 265.48801110532617, 267.078420470257, 271.0557129276546, 265.2605808396542, 268.33744112447033, 264.12260575764134, 266.8276062899651, 267.38071540848716, 269.33545208445935, 265.3139002563401, 265.7259104412743, 269.18038802415214, 267.030841340846, 268.5057717376386, 267.07933062265084, 269.7348272437125, 267.26602915055037, 267.2890347801537, 267.81383835138564, 266.9923897675741, 263.2406920305017, 267.2601659123756, 266.6329155737904, 267.8044198743943, 266.85473322569305, 265.75481867576326, 271.8264538316802, 253.2944223536302, 267.2846964166081, 263.10306945398025, 266.240681974564, 269.6654113842144, 264.68401876401276, 267.0236289287039, 266.1414731653825, 266.11486381672484, 149.28922047563026, 268.9481666166111, 265.1131360494431, 269.5133176597867, 268.53559932483944, 267.3666905807754], "initial_reset_timestamp": 1524388626.6102493}