{"timestamps": [1524190468.1330585, 1524190472.8110807, 1524190488.5714252, 1524190492.4244156, 1524190508.9525318, 1524190524.7909145, 1524190539.6127024, 1524190556.2232149, 1524190572.4034278, 1524190588.032613, 1524190603.1363018, 1524190618.6757743, 1524190634.3872955, 1524190649.541809, 1524190664.525721, 1524190679.346165, 1524190694.3500924, 1524190709.9957707, 1524190725.0533004, 1524190739.8165154, 1524190755.497144, 1524190769.8864963, 1524190785.3472605, 1524190800.8981721, 1524190817.0233674, 1524190832.8149023, 1524190848.4765816, 1524190865.1857414, 1524190882.97726, 1524190901.2768962, 1524190919.1085312, 1524190934.7558105, 1524190951.1381958, 1524190966.0548122, 1524190972.284069, 1524190988.238646, 1524191002.9194527, 1524191018.5012112, 1524191033.480431, 1524191049.029853, 1524191063.4535139, 1524191079.357972, 1524191094.624469, 1524191111.5524907, 1524191127.3555014, 1524191142.9799953, 1524191158.1322026, 1524191173.7917926, 1524191188.6017246, 1524191203.4218187, 1524191218.802917, 1524191234.8770487, 1524191249.5033643, 1524191264.9925122, 1524191280.6776786, 1524191295.583871, 1524191311.346422, 1524191326.237303, 1524191342.5754592, 1524191357.9411523, 1524191368.0730069, 1524191384.046687, 1524191392.9136863, 1524191397.27136, 1524191413.2947094, 1524191430.311824, 1524191447.4117427, 1524191463.924619, 1524191479.46929, 1524191493.8304603, 1524191509.3656213, 1524191518.1343322, 1524191524.5679436, 1524191531.0833156, 1524191537.1626275, 1524191543.60566, 1524191549.7627807, 1524191555.786002, 1524191562.2671652, 1524191568.303875, 1524191574.993128, 1524191584.294157, 1524191599.3774917, 1524191614.2302613, 1524191627.768924, 1524191642.4824831, 1524191657.452248, 1524191673.3026867, 1524191689.0370986, 1524191704.9439166, 1524191719.9830956, 1524191734.1909878, 1524191750.6140783, 1524191766.0667133, 1524191782.0342648, 1524191799.0263016, 1524191815.0140777, 1524191831.022813, 1524191846.0568886, 1524191862.0254183], "episode_lengths": [1083, 319, 1198, 280, 1170, 1144, 1107, 1245, 1158, 1184, 1149, 1179, 1133, 1166, 1132, 1123, 1122, 1177, 1141, 1107, 1172, 1097, 1164, 1152, 1195, 1142, 1158, 1206, 1261, 1243, 1209, 1149, 1231, 1134, 455, 1182, 1131, 1186, 1129, 1160, 1112, 1194, 1133, 1269, 1186, 1128, 1120, 1161, 1144, 1120, 1127, 1185, 1114, 1168, 1140, 1136, 1221, 1156, 1195, 1155, 753, 1212, 670, 326, 1145, 1166, 1152, 1171, 1188, 1114, 1154, 1210, 1117, 1237, 1118, 1155, 1193, 1100, 1153, 1169, 1204, 1127, 1125, 1147, 1058, 1111, 1127, 1170, 1182, 1195, 1135, 1056, 1211, 1132, 1179, 1256, 1204, 1180, 1123, 1145], "episode_types": ["t", "t", "t", "t", "t", "t", "t", "t", "t", "t", "t", "t", "t", "t", "t", "t", "t", "t", "t", "t", "t", "t", "t", "t", "t", "t", "t", "t", "t", "t", "t", "t", "t", "t", "t", "t", "t", "t", "t", "t", "t", "t", "t", "t", "t", "t", "t", "t", "t", "t", "t", "t", "t", "t", "t", "t", "t", "t", "t", "t", "t", "t", "t", "t", "t", "t", "t", "t", "t", "t", "t", "t", "t", "t", "t", "t", "t", "t", "t", "t", "t", "t", "t", "t", "t", "t", "t", "t", "t", "t", "t", "t", "t", "t", "t", "t", "t", "t", "t", "t"], "episode_rewards": [263.76426755285445, -66.28398472852987, 252.645372836868, -88.84588124030799, 254.83340881637096, 257.58547108806584, 260.8254994034617, 248.18712759290295, 257.2026886452497, 254.1498958190561, 257.83500957557004, 253.3497275902528, 258.56476773942916, 255.65336974099014, 260.36743150792734, 259.6657414664246, 259.32563024604997, 253.8509989750044, 259.6697537332059, 261.5045167963794, 255.06916870090527, 262.261370305594, 257.13909274904205, 257.59822977094603, 251.73645129186397, 258.1166328746502, 256.3324142197295, 251.24926166905271, 247.97996141788414, 249.06476416866693, 251.3146974450016, 258.51523122130834, 251.06635515352062, 258.4418937670871, -32.978376097822334, 254.72541375105206, 258.35550576574707, 254.91812511152466, 259.94613898675294, 255.53232298075207, 261.00455357557496, 253.88800570260943, 259.1386746524296, 247.14060433835658, 254.24790989083434, 259.62162329429424, 259.62227203342997, 255.61070697981575, 258.36133530331716, 259.66417510454056, 259.15114739701244, 254.70272323418703, 260.66329490665254, 255.16298438932796, 257.8110962438483, 258.72577598856134, 252.06044322696096, 257.3991322481804, 253.75765552761368, 257.1332183989518, 53.21265836322229, 252.06399743023695, 31.865530194057897, -67.11919619901565, 257.82137033551675, 256.3786533308815, 257.02457046035613, 255.58914702183142, 254.23230429204096, 259.9118069342274, 256.15623240610273, 252.3907024376041, 260.8770962648332, 249.65969392932573, 261.31573581854906, 253.9353494289801, 253.4428674964393, 261.2762476450987, 256.6422461676421, 255.31337126898566, 251.98798205725885, 258.93409294360333, 260.06628131374947, 257.63855237922184, 101.23081969097734, 259.80322003814393, 258.40226009885345, 255.13000663726743, 255.27402670433707, 255.02460674723017, 258.5755860122094, 101.04438620996456, 251.77676779021778, 258.86117315368614, 254.35682460063398, 247.76148011801024, 252.63652963279426, 255.1866931787723, 259.5519544396066, 257.84157645785643], "initial_reset_timestamp": 1524190345.307588}