{"timestamps": [1524295792.4579775, 1524295810.5610282, 1524295828.5747092, 1524295848.3579197, 1524295855.1528337, 1524295870.8706367, 1524295886.7545247, 1524295902.634456, 1524295919.333297, 1524295936.6532543, 1524295951.645589, 1524295968.5034733, 1524295981.8527453, 1524295998.6874683, 1524296018.8721328, 1524296035.5985117, 1524296054.2851923, 1524296064.6364875, 1524296080.491866, 1524296097.0016482, 1524296105.932116, 1524296123.5725143, 1524296140.862047, 1524296157.1810765, 1524296174.9613752, 1524296192.1002133, 1524296208.905723, 1524296225.0388741, 1524296241.7164245, 1524296257.830578, 1524296275.5579596, 1524296294.0884192, 1524296299.0096986, 1524296316.5104861, 1524296333.1946325, 1524296336.7839227, 1524296354.6080248, 1524296371.2268672, 1524296378.743118, 1524296395.3920584, 1524296412.4658098, 1524296429.910969, 1524296446.0841725, 1524296452.5201714, 1524296467.273241, 1524296484.180726, 1524296501.0656078, 1524296517.2444193, 1524296534.951794, 1524296552.4946594, 1524296568.9681134, 1524296586.8370807, 1524296594.0866365, 1524296611.8163645, 1524296624.4554236, 1524296642.5957887, 1524296657.8278403, 1524296675.8920314, 1524296692.9408526, 1524296709.468439, 1524296724.6216395, 1524296736.6208367, 1524296745.8146532, 1524296759.9270985, 1524296776.3943439, 1524296791.8653252, 1524296808.663685, 1524296825.7585516, 1524296841.7738316, 1524296858.0995655, 1524296875.4140344, 1524296892.2577724, 1524296896.508772, 1524296912.1865063, 1524296930.349648, 1524296948.6846123, 1524296965.9805412, 1524296983.3017898, 1524297000.7318878, 1524297017.3232756, 1524297034.4046307, 1524297050.5924892, 1524297070.296554, 1524297088.2471032, 1524297096.1336608, 1524297101.5891452, 1524297109.7009132, 1524297119.0393016, 1524297123.7186239, 1524297141.2984335, 1524297153.605486, 1524297171.3098185, 1524297188.526182, 1524297193.393538, 1524297204.088189, 1524297207.8686628, 1524297217.3038652, 1524297234.1366491, 1524297246.349713, 1524297263.7478147], "episode_lengths": [434, 1009, 1028, 1154, 396, 1138, 1068, 1077, 1033, 1041, 1016, 1043, 778, 1035, 1181, 1058, 1079, 713, 1041, 1088, 569, 1083, 1056, 1030, 1065, 1044, 1026, 1053, 1063, 1044, 1082, 1138, 324, 1050, 967, 209, 1048, 1044, 446, 1032, 1072, 1058, 1089, 394, 891, 1044, 1053, 1051, 1106, 1094, 1033, 1094, 428, 1055, 728, 1062, 859, 999, 939, 1049, 1068, 831, 569, 1015, 1061, 1079, 1074, 1060, 1049, 1075, 1057, 1028, 250, 915, 1048, 1093, 1022, 1072, 1081, 1022, 1051, 1039, 1095, 1063, 494, 317, 493, 617, 284, 1065, 772, 1093, 1061, 298, 659, 238, 577, 1016, 733, 1037], "episode_types": ["t", "t", "t", "t", "t", "t", "t", "t", "t", "t", "t", "t", "t", "t", "t", "t", "t", "t", "t", "t", "t", "t", "t", "t", "t", "t", "t", "t", "t", "t", "t", "t", "t", "t", "t", "t", "t", "t", "t", "t", "t", "t", "t", "t", "t", "t", "t", "t", "t", "t", "t", "t", "t", "t", "t", "t", "t", "t", "t", "t", "t", "t", "t", "t", "t", "t", "t", "t", "t", "t", "t", "t", "t", "t", "t", "t", "t", "t", "t", "t", "t", "t", "t", "t", "t", "t", "t", "t", "t", "t", "t", "t", "t", "t", "t", "t", "t", "t", "t", "t"], "episode_rewards": [-6.317995855344847, 267.20276231453926, 264.75641536522676, 253.68725365608657, -15.42741059786755, 252.96806606413213, 261.0901983263988, 261.206600426681, 264.50710688684836, 263.0522260581979, 141.1884203235608, 264.52175129162174, 97.8952869092974, 264.2736332723029, 251.51931099698092, 263.49341926262855, 261.30979092349975, 68.93042493085673, 264.54413336940536, 260.4236946393702, 25.04604309740232, 260.1923373865754, 263.3158111890616, 264.6311330621091, 262.95257894324726, 264.1505580746932, 265.22314796066, 263.6527076339036, 262.73101917398924, 265.42921677327365, 261.3104200828052, 255.43075348096403, -54.83375215089353, 263.4771328011135, 145.20422663485394, -72.3363773456483, 262.6732068249606, 263.1490993939841, -5.784352228230944, 264.0926261693614, 262.71841948514714, 263.0287390698032, 259.30055076480966, -28.988594940602454, 111.43709775811192, 263.81411412822797, 263.54796856625, 263.19146649296204, 257.89380503530685, 259.46108828606907, 267.07739623927284, 260.1909862696125, -10.708112237034001, 263.25081814738826, 45.11315879394573, 261.08846609146957, 111.95215569365794, 268.79305332478003, 112.13390550566032, 264.27088064563213, 261.71585155073257, 78.75829044639289, 31.037829964979693, 266.9608913383185, 261.97949812362464, 260.25042349720593, 260.5453397932956, 263.30834565800416, 265.1660881697966, 261.0481553666916, 263.32096744008635, 265.5485012043332, -62.141295434777525, 128.14486643484645, 264.30267069469147, 259.49201190084585, 265.2934997972603, 262.91778483097266, 261.2061549838649, 266.31059549331815, 263.53820547961493, 264.12002325506865, 258.32376020990654, 262.229587145985, 3.547237686690849, -64.28096917491754, -0.6348879894052715, 34.224605568501545, -62.33400814278795, 261.39946758523627, 70.74947946357187, 258.7576512548321, 261.6212355692101, -53.81103456048624, 33.260301721962264, -64.21467893916515, 25.271055303550085, 265.24693093673534, 63.56100146052859, 264.43633692528624], "initial_reset_timestamp": 1524295730.056171}