{"timestamps": [1524279111.8451622, 1524279131.7907789, 1524279151.5776532, 1524279169.9369645, 1524279187.7327201, 1524279206.4315567, 1524279223.8441176, 1524279241.9658027, 1524279260.5179665, 1524279278.4004552, 1524279296.83685, 1524279314.8379774, 1524279333.5175538, 1524279350.7183306, 1524279367.5957441, 1524279385.6596642, 1524279403.6364348, 1524279420.9753501, 1524279438.313635, 1524279456.5713274, 1524279475.1521893, 1524279492.7207334, 1524279495.0815856, 1524279514.1457815, 1524279532.7763162, 1524279550.8668108, 1524279570.4002864, 1524279589.2713234, 1524279607.2193303, 1524279625.6787598, 1524279644.0148952, 1524279662.0338633, 1524279675.0152247, 1524279692.855285, 1524279712.5751848, 1524279730.5641828, 1524279748.315499, 1524279765.9591005, 1524279784.7179394, 1524279802.4588563, 1524279820.699256, 1524279839.469319, 1524279853.467917, 1524279871.463312, 1524279877.732484, 1524279896.231097, 1524279912.902603, 1524279929.512308, 1524279948.3046885, 1524279967.145524, 1524279984.3571358, 1524280002.2001543, 1524280019.0123432, 1524280035.3110542, 1524280053.080231, 1524280071.800348, 1524280090.2878013, 1524280108.1573045, 1524280126.109357, 1524280144.9096239, 1524280154.4847972, 1524280172.3785136, 1524280189.6734598, 1524280208.10696, 1524280226.859559, 1524280245.0958555, 1524280262.6321282, 1524280280.4767568, 1524280298.2342937, 1524280313.919351, 1524280332.1453826, 1524280351.3802998, 1524280358.820806, 1524280374.7261097, 1524280392.6952732, 1524280409.3399792, 1524280425.812771, 1524280443.47674, 1524280448.957382, 1524280457.737737, 1524280477.671862, 1524280494.6630278, 1524280510.686081, 1524280528.8821218, 1524280548.466367, 1524280566.0465133, 1524280567.482086, 1524280568.8948662, 1524280585.0728292, 1524280602.3901489, 1524280619.3955252, 1524280635.9354973, 1524280652.5165238, 1524280670.292632, 1524280689.5813231, 1524280707.9993958, 1524280726.4974427, 1524280743.622443, 1524280763.332528, 1524280779.8558254], "episode_lengths": [1048, 1075, 1030, 1057, 1043, 1106, 1060, 1084, 1062, 1054, 1071, 1034, 1040, 1029, 1062, 1039, 1037, 1069, 1047, 1048, 1058, 1068, 154, 1079, 1066, 1060, 1102, 1069, 1061, 1045, 1051, 1060, 734, 1056, 1141, 1056, 1035, 1027, 1057, 1022, 1054, 1058, 838, 1063, 402, 1098, 1040, 1037, 1064, 1111, 1024, 1106, 1027, 1062, 1033, 1066, 1072, 1026, 1118, 1051, 566, 1059, 1074, 1062, 1079, 1083, 1052, 1036, 1069, 1048, 1081, 1106, 468, 1049, 1050, 1061, 1077, 1090, 316, 477, 1080, 1048, 1008, 1060, 1049, 1046, 93, 102, 1054, 1064, 1072, 1020, 1026, 1075, 1106, 1057, 1063, 1026, 1056, 1023], "episode_types": ["t", "t", "t", "t", "t", "t", "t", "t", "t", "t", "t", "t", "t", "t", "t", "t", "t", "t", "t", "t", "t", "t", "t", "t", "t", "t", "t", "t", "t", "t", "t", "t", "t", "t", "t", "t", "t", "t", "t", "t", "t", "t", "t", "t", "t", "t", "t", "t", "t", "t", "t", "t", "t", "t", "t", "t", "t", "t", "t", "t", "t", "t", "t", "t", "t", "t", "t", "t", "t", "t", "t", "t", "t", "t", "t", "t", "t", "t", "t", "t", "t", "t", "t", "t", "t", "t", "t", "t", "t", "t", "t", "t", "t", "t", "t", "t", "t", "t", "t", "t"], "episode_rewards": [265.1114733570815, 262.113436611523, 267.34453417669744, 126.83297523979411, 263.75927941481774, 260.48431372891764, 264.86974735989924, 262.55906886401624, 264.04333241221366, 265.91245546591887, 261.4986416896424, 266.91916978296143, 266.36994622584467, 266.4073318589884, 264.06608358118666, 265.4980478772782, 266.7884653727647, 262.42741990502407, 265.19171896465565, 265.1424773316042, 264.45306705420506, 264.94927007233883, -80.45703175461628, 262.8855516785662, 264.4829962539654, 264.0472287210227, 260.2282154331448, 263.3403049556803, 264.74049092215506, 265.66066838083765, 265.01939764422536, 264.14830111055, 69.93719479808621, 265.41959793305745, 255.72308029055603, 264.51768070568033, 267.3495518468155, 267.21802021371195, 263.58330890356115, 267.38102351851734, 264.80932382655124, 263.94307599277204, 92.96634510565539, 264.58880644870663, -17.777834634979797, 260.76629944560915, 265.70234621047433, 265.9925520814425, 262.940768634782, 258.7637074445737, 267.9165314153445, 259.069400449211, 266.96571479858545, 263.94558119439097, 266.63709523006077, 265.10736174153874, 263.8301632318699, 266.403875383161, 258.26552875273626, 265.14412867864155, 38.40055532063403, 264.64897334072487, 263.26119291253013, 264.0387516752556, 263.9991161763915, 261.21672802661686, 265.1287838424422, 153.72036164162267, 263.7324770705212, 265.0354877146899, 261.4861030375751, 260.7057437043701, -5.741020678886628, 266.55682463418344, 265.74309370276785, 263.4211489266281, 263.4069148252544, 261.4939912791078, -44.478221251660194, 4.176013047763448, 263.3161932562735, 265.6542567879519, 269.16478595042645, 264.9779589275094, 264.820094063334, 265.7077780346007, -115.7921099301172, -105.66629602716013, 265.5924098448693, 264.46099505889384, 264.001107154122, 267.97354632936015, 267.36922939717664, 261.21381132081126, 260.23887274350596, 264.6652189632245, 264.12698298445486, 266.72496096909225, 264.46674226251395, 268.60377660228795], "initial_reset_timestamp": 1524278953.9269364}