{"timestamps": [1524192830.7820635, 1524192846.503552, 1524192860.7980616, 1524192875.8718643, 1524192891.1174905, 1524192906.5498056, 1524192909.861481, 1524192925.7765486, 1524192940.977694, 1524192956.4362903, 1524192972.721223, 1524192987.3680685, 1524193002.7782702, 1524193020.544239, 1524193035.3009121, 1524193048.1937485, 1524193063.7830286, 1524193079.5221128, 1524193096.1815348, 1524193113.0451996, 1524193128.0403001, 1524193131.9782038, 1524193146.735036, 1524193160.3418574, 1524193175.9417758, 1524193190.9495175, 1524193206.5049574, 1524193223.4091904, 1524193238.3814704, 1524193245.9899888, 1524193252.6687992, 1524193268.36024, 1524193269.7449098, 1524193284.5975251, 1524193299.1619244, 1524193313.881437, 1524193328.8010387, 1524193343.3789618, 1524193358.3597622, 1524193373.9747863, 1524193389.2520967, 1524193404.3096771, 1524193418.968425, 1524193420.5803938, 1524193436.8604565, 1524193454.9323711, 1524193470.403234, 1524193478.038548, 1524193492.9678783, 1524193507.8175752, 1524193521.9963899, 1524193536.8328547, 1524193543.2519, 1524193559.3716087, 1524193576.0931046, 1524193591.021483, 1524193606.9578059, 1524193622.2836292, 1524193637.3462558, 1524193652.3195324, 1524193667.4649699, 1524193682.573751, 1524193696.9876032, 1524193712.3072348, 1524193717.153026, 1524193733.5180078, 1524193751.111676, 1524193766.9817197, 1524193782.6318448, 1524193797.9807498, 1524193812.4621387, 1524193821.6298544, 1524193828.0682049, 1524193830.748166, 1524193836.2676456, 1524193842.2876067, 1524193847.411521, 1524193853.2724152, 1524193859.4581301, 1524193865.9720092, 1524193872.046376, 1524193874.6231797, 1524193881.2758362, 1524193894.8846247, 1524193904.3583083, 1524193919.8274376, 1524193935.3667343, 1524193950.6206276, 1524193965.1957047, 1524193980.8186257, 1524193995.7428114, 1524194008.7143235, 1524194023.4489849, 1524194039.0474539, 1524194044.5346773, 1524194059.5951345, 1524194074.2231524, 1524194088.3843749, 1524194104.1992087, 1524194118.9554164], "episode_lengths": [1075, 1143, 1089, 1160, 1118, 1111, 255, 1212, 1128, 1154, 1133, 1109, 1135, 1294, 1109, 971, 1119, 1080, 1124, 1204, 1156, 290, 1108, 1035, 1171, 1093, 1131, 1227, 1118, 563, 511, 1172, 110, 1107, 1116, 1075, 1110, 1104, 1116, 1173, 1119, 1132, 1114, 107, 1242, 1343, 1163, 568, 1107, 1086, 1091, 1110, 464, 1207, 1259, 1132, 1174, 1119, 1142, 1167, 1131, 1115, 1109, 1181, 364, 1143, 1231, 1095, 1127, 1158, 1082, 1140, 1164, 451, 1122, 1072, 913, 1103, 1122, 1134, 1153, 460, 1174, 1134, 708, 1154, 1171, 1138, 1104, 1167, 1116, 980, 1114, 1188, 386, 1111, 1125, 1082, 1166, 1096], "episode_types": ["t", "t", "t", "t", "t", "t", "t", "t", "t", "t", "t", "t", "t", "t", "t", "t", "t", "t", "t", "t", "t", "t", "t", "t", "t", "t", "t", "t", "t", "t", "t", "t", "t", "t", "t", "t", "t", "t", "t", "t", "t", "t", "t", "t", "t", "t", "t", "t", "t", "t", "t", "t", "t", "t", "t", "t", "t", "t", "t", "t", "t", "t", "t", "t", "t", "t", "t", "t", "t", "t", "t", "t", "t", "t", "t", "t", "t", "t", "t", "t", "t", "t", "t", "t", "t", "t", "t", "t", "t", "t", "t", "t", "t", "t", "t", "t", "t", "t", "t", "t"], "episode_rewards": [126.36826639975729, 257.0314961431518, 263.56760104186384, 256.97956140807435, 262.0177387331065, 259.893714624971, -80.86284939117961, 250.94111194306385, 258.17780363040146, 256.2786913615385, 258.777100789111, 261.037369657233, 258.91196278286765, 243.73771220826123, 261.91862906950286, 93.131685060157, 260.2414002773272, 264.06155886091085, 259.03410493438474, 252.01212454953833, 256.71151068379413, -81.16919113558852, 260.40688315558407, 120.01129744368481, 256.7841836991027, 261.98656793148496, 259.5229979276935, 248.86079303508512, 260.9662943141798, 4.37780573897507, -23.06827281922712, 256.27268965713967, -112.85293385511493, 260.4284275514373, 259.4572834943081, 263.9257623622849, 260.67879505085546, 262.7407281673505, 261.0395578229358, 255.56606556393027, 259.35482672909734, 258.12927149545925, 260.5891768997617, -132.86456477486254, 249.36140405321555, 239.8186596943764, 255.82469757593762, 16.14644269761338, 260.5495546241552, 261.9968455027707, 262.2786225015389, 262.0989416580423, -49.31072932323089, 252.6037643629061, 246.66854230618307, 259.08400335957214, 255.47432700372624, 259.83183600246934, 257.98190618837094, 255.03706616217502, 257.8610665647887, 259.66608140143484, 260.9781179385368, 256.20605922478177, -58.45414283338874, 258.8051923448402, 249.35582434498212, 261.4013084577884, 259.5143379367384, 257.77637805030355, 263.18731185694276, 258.8777640581449, 256.0426373987963, -39.772894877884944, 259.7311551640513, 264.89209856622034, 58.27584666169011, 103.42089838769357, 260.27945900167146, 258.48616811562863, 256.6894994915344, -7.9111837412768296, 255.49858126823767, 258.77785755734004, 40.32596491434015, 257.7863202466601, 254.2784028355158, 257.71993671963827, 261.47109365503457, 254.81971317932488, 260.17611830144074, 102.02402788201266, 260.52856648452234, 254.40599414903974, -27.10038150071952, 259.38281584101526, 258.2500836349174, 261.70705880057545, 254.795499954131, 262.31973955272434], "initial_reset_timestamp": 1524192710.5411308}