{"timestamps": [1524371035.7884114, 1524371049.9091892, 1524371063.7412734, 1524371077.1983507, 1524371090.2490788, 1524371104.2046773, 1524371119.9842944, 1524371135.10025, 1524371136.258116, 1524371149.218552, 1524371163.2052805, 1524371177.50202, 1524371190.7993176, 1524371205.4859214, 1524371207.050722, 1524371220.5915685, 1524371234.7117066, 1524371244.5017688, 1524371258.4501505, 1524371272.0790975, 1524371285.6306005, 1524371300.882, 1524371315.6460278, 1524371323.3331103, 1524371337.4113839, 1524371350.4504726, 1524371363.6716897, 1524371377.3392978, 1524371391.865466, 1524371404.8755906, 1524371418.6609032, 1524371431.98395, 1524371444.9110644, 1524371458.3326876, 1524371471.8909206, 1524371475.2456548, 1524371488.7416286, 1524371502.4688814, 1524371516.7446005, 1524371531.3442776, 1524371545.3741271, 1524371558.7359118, 1524371573.717542, 1524371588.7200778, 1524371603.743052, 1524371618.5570369, 1524371632.8418636, 1524371646.4771302, 1524371659.7759023, 1524371673.06693, 1524371685.9493608, 1524371700.2786987, 1524371704.74145, 1524371718.7518606, 1524371732.2065122, 1524371746.6567981, 1524371761.216701, 1524371776.6487968, 1524371783.6994007, 1524371798.2131748, 1524371808.883281, 1524371822.7363844, 1524371836.3844073, 1524371849.808575, 1524371863.9522557, 1524371867.0462492, 1524371875.4412684, 1524371888.9197593, 1524371902.352672, 1524371916.0209234, 1524371929.57218, 1524371943.0673008, 1524371956.559237, 1524371970.260526, 1524371983.915929, 1524371996.632387, 1524372009.8048096, 1524372024.1428523, 1524372038.6122215, 1524372053.521502, 1524372068.0306675, 1524372081.4708896, 1524372097.3489335, 1524372113.5717683, 1524372127.4280474, 1524372141.4701247, 1524372155.5264835, 1524372156.7317305, 1524372161.961851, 1524372175.3488724, 1524372185.6551821, 1524372196.972258, 1524372211.4168942, 1524372224.9908483, 1524372233.259014, 1524372249.9913242, 1524372265.6398537, 1524372280.466328, 1524372295.0345337, 1524372308.1007571], "episode_lengths": [1007, 971, 1006, 968, 944, 972, 988, 1004, 74, 933, 1015, 999, 961, 990, 110, 981, 1025, 689, 986, 982, 957, 1007, 1029, 533, 980, 947, 945, 968, 1040, 964, 991, 957, 919, 954, 970, 240, 960, 969, 1037, 1042, 1023, 946, 1028, 969, 1002, 962, 1006, 986, 962, 986, 919, 977, 292, 966, 972, 1026, 1011, 948, 471, 977, 781, 984, 962, 971, 978, 230, 575, 958, 961, 965, 978, 963, 970, 985, 986, 924, 959, 1021, 1023, 962, 1020, 961, 971, 993, 980, 991, 980, 83, 376, 959, 729, 819, 1029, 969, 570, 993, 996, 1009, 993, 928], "episode_types": ["t", "t", "t", "t", "t", "t", "t", "t", "t", "t", "t", "t", "t", "t", "t", "t", "t", "t", "t", "t", "t", "t", "t", "t", "t", "t", "t", "t", "t", "t", "t", "t", "t", "t", "t", "t", "t", "t", "t", "t", "t", "t", "t", "t", "t", "t", "t", "t", "t", "t", "t", "t", "t", "t", "t", "t", "t", "t", "t", "t", "t", "t", "t", "t", "t", "t", "t", "t", "t", "t", "t", "t", "t", "t", "t", "t", "t", "t", "t", "t", "t", "t", "t", "t", "t", "t", "t", "t", "t", "t", "t", "t", "t", "t", "t", "t", "t", "t", "t", "t"], "episode_rewards": [263.32860867561016, 266.4063273084348, 263.4181422903916, 265.6580559787472, 269.1218071905876, 266.09110623881264, 264.27012579730876, 261.57401140562007, -110.97180095217043, 148.30451574652488, 262.12649261462263, 263.77523179523877, 268.0566959409221, 263.62551762930536, -104.56875758033573, 265.889297170616, 259.76022714129743, 57.369366282354406, 263.9862277376475, 265.8673210343259, 268.4951196797166, 262.25384641808597, 259.959614127744, 28.13237580160603, 265.65036067191204, 268.7629630632407, 268.4881580018765, 265.6815738720883, 259.6424544821978, 265.7808566953449, 265.4766689422607, 267.7452343451895, 270.54109970864044, 268.5621778493692, 267.78721486136715, -52.835698144221325, 265.77402625871747, 265.9849539253454, 258.90709640945624, 258.5848237471891, 260.58578571668585, 269.0627894796007, 260.209720678911, 266.55558894017923, 263.386331669674, 266.15556332678295, 262.351562384317, 264.0375802938705, 267.34802360449834, 265.89607939620697, 271.04402966249273, 265.05478929644966, -36.813184345010754, 266.64559517232965, 266.01865732702294, 261.34682877099124, 261.82770676361446, 268.68753417455974, 9.572129776526708, 265.90938271223274, 93.57148532561692, 263.60161487832767, 267.85673667448253, 266.6060687163067, 265.31397427522256, -54.31348374641687, 43.970265417068816, 268.41146514461394, 267.9149476699347, 266.0752779855936, 265.11832082715785, 266.42664858142234, 265.9311529563715, 266.2159175348992, 264.4192163567877, 131.03637206590915, 267.33852166690247, 261.09850250622236, 261.0788833337558, 267.49744558243856, 261.7644557760342, 267.5234219182948, 266.64044739242996, 263.47574154761327, 264.73577420743936, 262.7693102701908, 264.37046738928035, -106.35374754180098, -14.777823145958962, 267.23709955925995, 79.06907147223058, 114.09978799540457, 258.65687187766224, 266.3196663588999, 38.68950239776569, 264.82382963180555, 262.6255490399283, 262.4340040072854, 265.4018297827055, 269.901484243547], "initial_reset_timestamp": 1524370912.8131196}