{"timestamps": [1524424909.5747921, 1524424916.054514, 1524424927.9328783, 1524424940.6665685, 1524424952.9258542, 1524424964.0498574, 1524424974.356179, 1524424975.9460044, 1524424987.9758787, 1524425000.759436, 1524425013.3589537, 1524425025.8077474, 1524425038.432422, 1524425051.7083018, 1524425063.8430793, 1524425076.7076924, 1524425088.2333548, 1524425100.909395, 1524425113.7023857, 1524425126.850078, 1524425134.6102166, 1524425146.9336598, 1524425160.0093064, 1524425172.5965185, 1524425184.8955574, 1524425197.4490232, 1524425210.2535076, 1524425223.0369802, 1524425239.248204, 1524425254.5309203, 1524425269.7260675, 1524425284.192102, 1524425299.700916, 1524425314.150885, 1524425330.7779188, 1524425347.3987818, 1524425352.606088, 1524425368.1881044, 1524425384.6687121, 1524425400.7982771, 1524425417.6304634, 1524425435.6598089, 1524425450.9824023, 1524425465.8478317, 1524425482.1854284, 1524425498.884049, 1524425515.3712258, 1524425531.0142014, 1524425548.0502872, 1524425565.032442, 1524425581.9063704, 1524425599.0822575, 1524425615.2369802, 1524425632.2562013, 1524425648.6445541, 1524425665.3807347, 1524425679.9983451, 1524425694.660387, 1524425711.2258253, 1524425727.7590342, 1524425741.8583372, 1524425757.038167, 1524425774.2206907, 1524425790.386292, 1524425807.6573799, 1524425825.103259, 1524425841.86043, 1524425856.3727236, 1524425871.450815, 1524425886.5916939, 1524425901.1959798, 1524425918.0262072, 1524425934.5079386, 1524425948.2139869, 1524425962.925765, 1524425978.8759084, 1524425995.9193642, 1524426009.861143, 1524426023.484666, 1524426039.1971996, 1524426055.3081522, 1524426073.0032213, 1524426088.762991, 1524426103.601221, 1524426118.7300794, 1524426131.594576, 1524426138.075743, 1524426151.9502404, 1524426167.9902105, 1524426184.056706, 1524426199.9326518, 1524426215.6029239, 1524426230.3914723, 1524426243.2656426, 1524426256.7796657, 1524426269.8923745, 1524426284.637464, 1524426299.1519506, 1524426312.7799072, 1524426326.543629], "episode_lengths": [952, 437, 906, 932, 911, 786, 765, 117, 895, 928, 922, 900, 931, 965, 925, 937, 842, 942, 936, 984, 551, 931, 955, 916, 936, 901, 930, 929, 923, 917, 947, 933, 927, 919, 945, 931, 286, 955, 974, 916, 927, 962, 966, 908, 939, 910, 916, 966, 930, 939, 1013, 958, 903, 942, 919, 934, 923, 957, 929, 971, 898, 937, 967, 904, 955, 961, 936, 929, 923, 958, 946, 929, 948, 934, 949, 925, 1002, 945, 967, 918, 938, 935, 936, 939, 912, 941, 474, 940, 944, 939, 952, 922, 928, 910, 934, 887, 942, 916, 939, 914], "episode_types": ["t", "t", "t", "t", "t", "t", "t", "t", "t", "t", "t", "t", "t", "t", "t", "t", "t", "t", "t", "t", "t", "t", "t", "t", "t", "t", "t", "t", "t", "t", "t", "t", "t", "t", "t", "t", "t", "t", "t", "t", "t", "t", "t", "t", "t", "t", "t", "t", "t", "t", "t", "t", "t", "t", "t", "t", "t", "t", "t", "t", "t", "t", "t", "t", "t", "t", "t", "t", "t", "t", "t", "t", "t", "t", "t", "t", "t", "t", "t", "t", "t", "t", "t", "t", "t", "t", "t", "t", "t", "t", "t", "t", "t", "t", "t", "t", "t", "t", "t", "t"], "episode_rewards": [265.2974304807487, -10.436717640759298, 270.21706306376853, 269.4021362279139, 269.8571065621834, 105.72038656936493, 97.34946762729786, -107.68357428770409, 270.69514831954365, 268.01831753519065, 270.24640584204076, 270.7479566933351, 267.8812458547149, 265.47858745062354, 268.42280267953197, 266.9418068422537, 120.24688143016047, 266.67573824789844, 266.7728467332142, 263.89724919267417, 49.418165566102545, 269.55162694031935, 265.9500827050165, 269.91933202522614, 268.2070333189692, 270.5719276855629, 267.0509043031707, 268.72361970523474, 269.4311513666187, 268.388409665148, 267.5058467974853, 265.9468197589035, 268.71078604130946, 270.7763884045542, 266.6486140351666, 268.51217110243766, -43.19362819358217, 266.7935395257021, 263.70020557474993, 270.4372452096529, 268.85079088819793, 264.8891502439019, 264.3858540779817, 271.15062427589885, 266.860293474394, 270.51270228621263, 269.4840007938467, 265.0428721365298, 267.6538771588454, 268.55156548182913, 260.79653113827237, 265.2756048502805, 270.52040389443914, 266.9103069045519, 270.0675694468731, 268.05830274502836, 268.0942586794816, 264.4004624870264, 267.8551929395849, 264.57040027660844, 270.69219352334983, 266.56480757295395, 263.5563114648919, 269.8553054410952, 265.5586142739043, 266.17017858976436, 267.3684673004746, 267.8592595930524, 268.81412241199024, 265.023973839356, 265.71313009607513, 269.0405523537384, 264.8835903008719, 267.8675602983745, 265.4859332458381, 268.36731460866145, 262.27045650408434, 267.95815450976943, 264.9999718842173, 269.264521382107, 266.87070203425156, 268.4772814060079, 268.27384275175854, 267.7563116196554, 269.4685390905013, 267.08095044983855, 16.63972385126951, 266.82865811633025, 266.70488821207977, 266.27762565459426, 265.72792034633693, 268.8360804939399, 268.3858059586198, 270.60754863909096, 268.24763742444077, 272.2870584475941, 266.6501757470721, 270.3558854511877, 267.68553199970637, 269.73291793391854], "initial_reset_timestamp": 1524424795.2590795}