{"timestamps": [1524320628.312224, 1524320643.1342378, 1524320657.3161802, 1524320671.5346901, 1524320684.9505568, 1524320698.2843745, 1524320712.915552, 1524320726.6313448, 1524320740.0181165, 1524320754.2425025, 1524320768.5076118, 1524320781.9097946, 1524320796.8393154, 1524320811.9100206, 1524320818.4919677, 1524320833.2606018, 1524320850.08381, 1524320866.0134003, 1524320879.1539736, 1524320894.0839138, 1524320908.9416358, 1524320911.8558033, 1524320925.2437298, 1524320941.2822144, 1524320954.0344636, 1524320967.156995, 1524320968.8128583, 1524320981.3403056, 1524320995.041952, 1524321013.1349568, 1524321030.780389, 1524321044.7150443, 1524321057.9241054, 1524321072.4862976, 1524321085.4129534, 1524321098.8098505, 1524321111.6722376, 1524321124.7875187, 1524321137.9876266, 1524321151.0397055, 1524321163.1289718, 1524321176.1804276, 1524321188.8637807, 1524321201.665886, 1524321214.92576, 1524321228.1428401, 1524321241.6841857, 1524321254.7608035, 1524321267.8237092, 1524321274.8741703, 1524321288.030174, 1524321302.2347126, 1524321314.9466808, 1524321328.2011766, 1524321342.1213982, 1524321355.3291404, 1524321368.087586, 1524321381.0251393, 1524321394.4706373, 1524321407.1716232, 1524321420.856488, 1524321433.9011922, 1524321446.773049, 1524321459.8254201, 1524321472.8377054, 1524321485.972189, 1524321499.2865846, 1524321512.4157887, 1524321516.001038, 1524321528.8525164, 1524321542.5338776, 1524321556.551189, 1524321575.27237, 1524321589.884004, 1524321604.1726584, 1524321617.475719, 1524321629.7500608, 1524321643.1255655, 1524321656.5672286, 1524321669.8137977, 1524321682.823756, 1524321688.7249334, 1524321702.6386652, 1524321716.4659433, 1524321729.471551, 1524321742.48597, 1524321755.2001657, 1524321768.3340502, 1524321781.555093, 1524321794.572304, 1524321807.38873, 1524321820.5330584, 1524321834.1127744, 1524321847.3658044, 1524321861.4000351, 1524321874.289724, 1524321887.6012864, 1524321900.566258, 1524321913.8217466, 1524321926.5173447], "episode_lengths": [1089, 1015, 994, 1038, 982, 956, 1052, 994, 980, 1022, 1033, 971, 1012, 1004, 436, 983, 1004, 977, 997, 1000, 981, 218, 743, 1044, 1007, 1000, 135, 982, 977, 1025, 1083, 1021, 1046, 1118, 995, 1021, 988, 1021, 1013, 1004, 935, 1003, 989, 976, 1025, 990, 1006, 1025, 998, 534, 1007, 1065, 977, 1023, 1057, 988, 976, 1004, 1027, 977, 1028, 998, 1021, 996, 989, 994, 1013, 1001, 266, 984, 1025, 972, 988, 988, 990, 1008, 965, 999, 1027, 1030, 996, 465, 1052, 1043, 994, 1015, 986, 1001, 994, 982, 992, 1005, 1026, 1005, 1061, 969, 1025, 976, 990, 976], "episode_types": ["t", "t", "t", "t", "t", "t", "t", "t", "t", "t", "t", "t", "t", "t", "t", "t", "t", "t", "t", "t", "t", "t", "t", "t", "t", "t", "t", "t", "t", "t", "t", "t", "t", "t", "t", "t", "t", "t", "t", "t", "t", "t", "t", "t", "t", "t", "t", "t", "t", "t", "t", "t", "t", "t", "t", "t", "t", "t", "t", "t", "t", "t", "t", "t", "t", "t", "t", "t", "t", "t", "t", "t", "t", "t", "t", "t", "t", "t", "t", "t", "t", "t", "t", "t", "t", "t", "t", "t", "t", "t", "t", "t", "t", "t", "t", "t", "t", "t", "t", "t"], "episode_rewards": [255.08079988075662, 262.53598527997593, 264.7594572907316, 260.3042896967849, 266.2752202310154, 268.397068388638, 259.40539343755586, 264.8739911295785, 266.1473677603813, 261.89285970700223, 261.2951532311981, 265.72494522242823, 262.4010692956924, 264.43680996913076, -12.762978689007383, 264.94952725700017, 264.4236739719677, 267.17875986968846, 264.47217911020886, 263.01564778357294, 265.9278255420204, -68.48928103672144, 81.41992293964304, 259.84377334583826, 262.29555303424075, 264.6520986749248, -109.32793305474343, 265.7221853759692, 265.307016258503, 262.2344488450227, 258.1617502450468, 261.75166719579073, 260.41790025344517, 252.0530106199149, 265.21183952412593, 263.76911112939956, 264.5543474599433, 262.0703891776727, 261.82314366889034, 264.6015415666331, 135.61012762581908, 263.73313340906816, 264.6811475731661, 266.63373125343884, 261.45863227573363, 265.0710294142063, 263.12336652498004, 260.1133836995359, 263.5800744724155, 3.8896314216869143, 264.2316439605134, 257.7028334233138, 266.2455261458815, 263.16938235671563, 258.46214706485887, 265.3549624075482, 267.8570253266059, 264.4961058841095, 260.85679139932375, 266.4759657403408, 262.0087702970366, 263.001354730298, 261.78630929651996, 264.85813715830625, 265.27629197636037, 264.4849603877515, 262.0419786490004, 263.1870265707944, -43.053160500015714, 264.8246112080514, 262.352260975701, 266.88402704678685, 265.3389063174347, 264.25077594261967, 265.50449915533216, 262.81104940151835, 267.38977671347385, 265.04512196277466, 260.93479965194734, 261.9165192415905, 263.9102205894116, -0.6945873224210004, 258.65188379807154, 259.1511345506691, 264.47336862550486, 262.9900311992692, 264.09552392877754, 263.5963130278297, 264.73205103381207, 266.46514334729596, 265.3694565132783, 263.25556925276993, 262.7250263574962, 263.55461910273755, 257.7602276794878, 266.9786786014354, 261.45653626298787, 267.4269669615682, 263.4906009456406, 266.25012253056633], "initial_reset_timestamp": 1524320501.989149}