{"episode_rewards": [172.0, 200.0, 198.0, 186.0, 128.0, 164.0, 143.0, 200.0, 127.0, 140.0, 165.0, 134.0, 200.0, 200.0, 167.0, 169.0, 133.0, 141.0, 200.0, 168.0, 100.0, 144.0, 200.0, 185.0, 113.0, 198.0, 200.0, 177.0, 200.0, 162.0, 177.0, 200.0, 146.0, 200.0, 175.0, 132.0, 164.0, 127.0, 169.0, 200.0, 162.0, 200.0, 200.0, 193.0, 137.0, 142.0, 200.0, 180.0, 200.0, 200.0, 200.0, 199.0, 200.0, 200.0, 145.0, 200.0, 140.0, 193.0, 178.0, 200.0, 145.0, 200.0, 144.0, 200.0, 200.0, 130.0, 188.0, 200.0, 116.0, 200.0, 187.0, 200.0, 200.0, 181.0, 200.0, 166.0, 146.0, 164.0, 200.0, 200.0, 171.0, 156.0, 200.0, 182.0, 135.0, 150.0, 143.0, 175.0, 140.0, 168.0, 117.0, 200.0, 110.0, 118.0, 118.0, 147.0, 200.0, 200.0, 200.0, 106.0], "episode_types": ["t", "t", "t", "t", "t", "t", "t", "t", "t", "t", "t", "t", "t", "t", "t", "t", "t", "t", "t", "t", "t", "t", "t", "t", "t", "t", "t", "t", "t", "t", "t", "t", "t", "t", "t", "t", "t", "t", "t", "t", "t", "t", "t", "t", "t", "t", "t", "t", "t", "t", "t", "t", "t", "t", "t", "t", "t", "t", "t", "t", "t", "t", "t", "t", "t", "t", "t", "t", "t", "t", "t", "t", "t", "t", "t", "t", "t", "t", "t", "t", "t", "t", "t", "t", "t", "t", "t", "t", "t", "t", "t", "t", "t", "t", "t", "t", "t", "t", "t", "t"], "initial_reset_timestamp": 1525128888.8775516, "episode_lengths": [172, 200, 198, 186, 128, 164, 143, 200, 127, 140, 165, 134, 200, 200, 167, 169, 133, 141, 200, 168, 100, 144, 200, 185, 113, 198, 200, 177, 200, 162, 177, 200, 146, 200, 175, 132, 164, 127, 169, 200, 162, 200, 200, 193, 137, 142, 200, 180, 200, 200, 200, 199, 200, 200, 145, 200, 140, 193, 178, 200, 145, 200, 144, 200, 200, 130, 188, 200, 116, 200, 187, 200, 200, 181, 200, 166, 146, 164, 200, 200, 171, 156, 200, 182, 135, 150, 143, 175, 140, 168, 117, 200, 110, 118, 118, 147, 200, 200, 200, 106], "timestamps": [1525128893.6190863, 1525128893.8550775, 1525128893.9091442, 1525128893.9567025, 1525128893.9835138, 1525128894.022002, 1525128894.0489972, 1525128894.0744133, 1525128894.101159, 1525128894.130084, 1525128894.1689441, 1525128894.19079, 1525128894.2142882, 1525128894.2382834, 1525128894.2707407, 1525128894.2947936, 1525128894.3203404, 1525128894.357179, 1525128894.3804963, 1525128894.4180686, 1525128894.4411893, 1525128894.4725583, 1525128894.4970279, 1525128894.5283585, 1525128894.5514436, 1525128894.5853548, 1525128894.6096792, 1525128894.6362684, 1525128894.6590636, 1525128894.686886, 1525128894.732007, 1525128894.7549293, 1525128894.811071, 1525128894.835846, 1525128894.871464, 1525128894.900162, 1525128894.9360015, 1525128894.9578023, 1525128894.9964437, 1525128895.0201943, 1525128895.0607014, 1525128895.084148, 1525128895.1520402, 1525128895.2077124, 1525128895.2439022, 1525128895.2872934, 1525128895.3280902, 1525128895.3835294, 1525128895.4206927, 1525128895.4582675, 1525128895.5014324, 1525128895.568545, 1525128895.6061456, 1525128895.642872, 1525128895.6790488, 1525128895.70231, 1525128895.741094, 1525128895.7682238, 1525128895.8207667, 1525128895.8469892, 1525128895.8705776, 1525128895.8948338, 1525128895.9210303, 1525128895.9492853, 1525128895.9857788, 1525128896.0103862, 1525128896.0459504, 1525128896.0755696, 1525128896.0997953, 1525128896.1277168, 1525128896.1681385, 1525128896.1930947, 1525128896.2340693, 1525128896.262165, 1525128896.3199582, 1525128896.364879, 1525128896.3923254, 1525128896.4174192, 1525128896.4467897, 1525128896.4716892, 1525128896.5020847, 1525128896.5374177, 1525128896.560704, 1525128896.5982192, 1525128896.6236327, 1525128896.656205, 1525128896.7009609, 1525128896.7460783, 1525128896.7664502, 1525128896.8359222, 1525128896.8585887, 1525128896.8817623, 1525128896.8998246, 1525128896.9225802, 1525128896.9460344, 1525128896.9682508, 1525128896.9911978, 1525128897.0141213, 1525128897.037673, 1525128897.0574622]}