{"episode_rewards": [200.0, 200.0, 159.0, 190.0, 200.0, 200.0, 200.0, 200.0, 174.0, 200.0, 200.0, 200.0, 200.0, 132.0, 180.0, 190.0, 200.0, 111.0, 200.0, 185.0, 197.0, 125.0, 200.0, 130.0, 158.0, 200.0, 146.0, 200.0, 200.0, 119.0, 170.0, 125.0, 200.0, 170.0, 130.0, 135.0, 136.0, 162.0, 200.0, 200.0, 200.0, 153.0, 200.0, 200.0, 200.0, 200.0, 200.0, 200.0, 127.0, 200.0, 200.0, 200.0, 200.0, 133.0, 107.0, 200.0, 200.0, 200.0, 200.0, 200.0, 200.0, 188.0, 160.0, 180.0, 187.0, 172.0, 146.0, 200.0, 149.0, 200.0, 200.0, 148.0, 190.0, 200.0, 200.0, 172.0, 200.0, 150.0, 190.0, 191.0, 200.0, 183.0, 163.0, 125.0, 166.0, 146.0, 200.0, 184.0, 200.0, 160.0, 133.0, 186.0, 155.0, 150.0, 128.0, 112.0, 132.0, 200.0, 175.0, 199.0], "episode_types": ["t", "t", "t", "t", "t", "t", "t", "t", "t", "t", "t", "t", "t", "t", "t", "t", "t", "t", "t", "t", "t", "t", "t", "t", "t", "t", "t", "t", "t", "t", "t", "t", "t", "t", "t", "t", "t", "t", "t", "t", "t", "t", "t", "t", "t", "t", "t", "t", "t", "t", "t", "t", "t", "t", "t", "t", "t", "t", "t", "t", "t", "t", "t", "t", "t", "t", "t", "t", "t", "t", "t", "t", "t", "t", "t", "t", "t", "t", "t", "t", "t", "t", "t", "t", "t", "t", "t", "t", "t", "t", "t", "t", "t", "t", "t", "t", "t", "t", "t", "t"], "initial_reset_timestamp": 1525133951.9190295, "episode_lengths": [200, 200, 159, 190, 200, 200, 200, 200, 174, 200, 200, 200, 200, 132, 180, 190, 200, 111, 200, 185, 197, 125, 200, 130, 158, 200, 146, 200, 200, 119, 170, 125, 200, 170, 130, 135, 136, 162, 200, 200, 200, 153, 200, 200, 200, 200, 200, 200, 127, 200, 200, 200, 200, 133, 107, 200, 200, 200, 200, 200, 200, 188, 160, 180, 187, 172, 146, 200, 149, 200, 200, 148, 190, 200, 200, 172, 200, 150, 190, 191, 200, 183, 163, 125, 166, 146, 200, 184, 200, 160, 133, 186, 155, 150, 128, 112, 132, 200, 175, 199], "timestamps": [1525133958.4833765, 1525133958.9804354, 1525133959.0387926, 1525133959.1074064, 1525133959.15901, 1525133959.2013288, 1525133959.2490985, 1525133959.3006637, 1525133959.3678029, 1525133959.4079974, 1525133959.4511967, 1525133959.4801626, 1525133959.5160677, 1525133959.550239, 1525133959.593301, 1525133959.6405213, 1525133959.6693075, 1525133959.704318, 1525133959.743925, 1525133959.7845118, 1525133959.8304715, 1525133959.855556, 1525133959.8864434, 1525133959.9204328, 1525133959.9588847, 1525133960.0017457, 1525133960.0595205, 1525133960.1016202, 1525133960.1276917, 1525133960.1557314, 1525133960.1984158, 1525133960.2336483, 1525133960.2790794, 1525133960.3192532, 1525133960.3445368, 1525133960.3925319, 1525133960.4474576, 1525133960.4805136, 1525133960.5076258, 1525133960.543405, 1525133960.5723815, 1525133960.6262007, 1525133960.6661472, 1525133960.706919, 1525133960.748816, 1525133960.8231966, 1525133960.866866, 1525133960.9250371, 1525133960.9683604, 1525133961.0605578, 1525133961.1125035, 1525133961.1643941, 1525133961.2544706, 1525133961.314123, 1525133961.354102, 1525133961.4214694, 1525133961.4640672, 1525133961.5003, 1525133961.5435987, 1525133961.6640856, 1525133961.7103553, 1525133961.8158195, 1525133961.9274712, 1525133962.0359633, 1525133962.1160564, 1525133962.2004158, 1525133962.245905, 1525133962.2964008, 1525133962.3427007, 1525133962.3758416, 1525133962.4125934, 1525133962.4637024, 1525133962.5169437, 1525133962.559256, 1525133962.6009707, 1525133962.718489, 1525133962.7831392, 1525133962.8495107, 1525133962.932459, 1525133962.9861856, 1525133963.0561085, 1525133963.1179094, 1525133963.2076254, 1525133963.255666, 1525133963.3242495, 1525133963.4446292, 1525133963.488005, 1525133963.5651855, 1525133963.6043527, 1525133963.647607, 1525133963.6923845, 1525133963.7761748, 1525133963.8346844, 1525133963.992538, 1525133964.068265, 1525133964.131969, 1525133964.187724, 1525133964.248275, 1525133964.3169541, 1525133964.3574376]}