{"episode_rewards": [195.0, 188.0, 200.0, 200.0, 200.0, 196.0, 176.0, 200.0, 200.0, 200.0, 200.0, 185.0, 195.0, 200.0, 200.0, 200.0, 187.0, 200.0, 185.0, 200.0, 189.0, 200.0, 200.0, 200.0, 200.0, 200.0, 153.0, 200.0, 200.0, 169.0, 200.0, 167.0, 200.0, 200.0, 200.0, 200.0, 200.0, 200.0, 200.0, 200.0, 200.0, 200.0, 186.0, 200.0, 200.0, 200.0, 200.0, 200.0, 200.0, 191.0, 200.0, 200.0, 176.0, 200.0, 200.0, 189.0, 200.0, 200.0, 200.0, 179.0, 163.0, 142.0, 200.0, 200.0, 161.0, 200.0, 200.0, 184.0, 200.0, 200.0, 186.0, 200.0, 200.0, 193.0, 200.0, 200.0, 200.0, 200.0, 200.0, 150.0, 200.0, 200.0, 200.0, 200.0, 191.0, 200.0, 200.0, 200.0, 200.0, 179.0, 200.0, 178.0, 200.0, 198.0, 200.0, 200.0, 200.0, 200.0, 200.0, 200.0], "episode_types": ["t", "t", "t", "t", "t", "t", "t", "t", "t", "t", "t", "t", "t", "t", "t", "t", "t", "t", "t", "t", "t", "t", "t", "t", "t", "t", "t", "t", "t", "t", "t", "t", "t", "t", "t", "t", "t", "t", "t", "t", "t", "t", "t", "t", "t", "t", "t", "t", "t", "t", "t", "t", "t", "t", "t", "t", "t", "t", "t", "t", "t", "t", "t", "t", "t", "t", "t", "t", "t", "t", "t", "t", "t", "t", "t", "t", "t", "t", "t", "t", "t", "t", "t", "t", "t", "t", "t", "t", "t", "t", "t", "t", "t", "t", "t", "t", "t", "t", "t", "t"], "initial_reset_timestamp": 1525146735.472199, "episode_lengths": [195, 188, 200, 200, 200, 196, 176, 200, 200, 200, 200, 185, 195, 200, 200, 200, 187, 200, 185, 200, 189, 200, 200, 200, 200, 200, 153, 200, 200, 169, 200, 167, 200, 200, 200, 200, 200, 200, 200, 200, 200, 200, 186, 200, 200, 200, 200, 200, 200, 191, 200, 200, 176, 200, 200, 189, 200, 200, 200, 179, 163, 142, 200, 200, 161, 200, 200, 184, 200, 200, 186, 200, 200, 193, 200, 200, 200, 200, 200, 150, 200, 200, 200, 200, 191, 200, 200, 200, 200, 179, 200, 178, 200, 198, 200, 200, 200, 200, 200, 200], "timestamps": [1525146740.7673767, 1525146740.986108, 1525146741.0143511, 1525146741.039846, 1525146741.0631466, 1525146741.095569, 1525146741.1224601, 1525146741.1470833, 1525146741.1724243, 1525146741.1957831, 1525146741.2184362, 1525146741.25098, 1525146741.2862313, 1525146741.3113987, 1525146741.3366745, 1525146741.3775854, 1525146741.4328575, 1525146741.4607515, 1525146741.4911408, 1525146741.5324047, 1525146741.576129, 1525146741.6016364, 1525146741.6285524, 1525146741.652342, 1525146741.6765318, 1525146741.6996503, 1525146741.729304, 1525146741.754699, 1525146741.777784, 1525146741.8044627, 1525146741.8298237, 1525146741.859132, 1525146741.881939, 1525146741.9094045, 1525146741.9345512, 1525146741.958642, 1525146741.98948, 1525146742.0145314, 1525146742.038946, 1525146742.0626822, 1525146742.086897, 1525146742.1097097, 1525146742.157514, 1525146742.1827052, 1525146742.2076855, 1525146742.2304888, 1525146742.2542956, 1525146742.2777052, 1525146742.3005962, 1525146742.3322427, 1525146742.3693182, 1525146742.403123, 1525146742.460035, 1525146742.4844625, 1525146742.5111573, 1525146742.5497086, 1525146742.576256, 1525146742.6016185, 1525146742.6314497, 1525146742.6621265, 1525146742.683863, 1525146742.702233, 1525146742.7254164, 1525146742.7573824, 1525146742.7801049, 1525146742.8032596, 1525146742.8277571, 1525146742.8725333, 1525146742.8959167, 1525146742.919292, 1525146742.9535425, 1525146742.9773538, 1525146743.0006154, 1525146743.0362465, 1525146743.0615582, 1525146743.084954, 1525146743.110275, 1525146743.1341102, 1525146743.1588068, 1525146743.1903486, 1525146743.2137606, 1525146743.237633, 1525146743.2630296, 1525146743.2879496, 1525146743.3181133, 1525146743.343798, 1525146743.369987, 1525146743.4047358, 1525146743.44654, 1525146743.5010788, 1525146743.5376308, 1525146743.571808, 1525146743.5966268, 1525146743.6369674, 1525146743.6619074, 1525146743.6942177, 1525146743.7314517, 1525146743.7831576, 1525146743.807262, 1525146743.8306184]}