{"episode_rewards": [200.0, 200.0, 200.0, 200.0, 199.0, 188.0, 200.0, 200.0, 186.0, 200.0, 166.0, 200.0, 200.0, 200.0, 200.0, 200.0, 200.0, 200.0, 200.0, 200.0, 200.0, 200.0, 200.0, 200.0, 200.0, 200.0, 200.0, 200.0, 200.0, 200.0, 200.0, 200.0, 179.0, 188.0, 200.0, 200.0, 200.0, 200.0, 200.0, 200.0, 200.0, 175.0, 200.0, 200.0, 196.0, 200.0, 200.0, 194.0, 200.0, 178.0, 172.0, 200.0, 200.0, 200.0, 178.0, 200.0, 200.0, 200.0, 200.0, 200.0, 200.0, 200.0, 200.0, 200.0, 200.0, 152.0, 194.0, 200.0, 162.0, 200.0, 159.0, 187.0, 200.0, 200.0, 158.0, 161.0, 200.0, 153.0, 200.0, 200.0, 200.0, 184.0, 173.0, 200.0, 183.0, 179.0, 143.0, 200.0, 197.0, 174.0, 200.0, 114.0, 200.0, 200.0, 200.0, 200.0, 200.0, 196.0, 200.0, 200.0], "episode_types": ["t", "t", "t", "t", "t", "t", "t", "t", "t", "t", "t", "t", "t", "t", "t", "t", "t", "t", "t", "t", "t", "t", "t", "t", "t", "t", "t", "t", "t", "t", "t", "t", "t", "t", "t", "t", "t", "t", "t", "t", "t", "t", "t", "t", "t", "t", "t", "t", "t", "t", "t", "t", "t", "t", "t", "t", "t", "t", "t", "t", "t", "t", "t", "t", "t", "t", "t", "t", "t", "t", "t", "t", "t", "t", "t", "t", "t", "t", "t", "t", "t", "t", "t", "t", "t", "t", "t", "t", "t", "t", "t", "t", "t", "t", "t", "t", "t", "t", "t", "t"], "initial_reset_timestamp": 1525148726.1088676, "episode_lengths": [200, 200, 200, 200, 199, 188, 200, 200, 186, 200, 166, 200, 200, 200, 200, 200, 200, 200, 200, 200, 200, 200, 200, 200, 200, 200, 200, 200, 200, 200, 200, 200, 179, 188, 200, 200, 200, 200, 200, 200, 200, 175, 200, 200, 196, 200, 200, 194, 200, 178, 172, 200, 200, 200, 178, 200, 200, 200, 200, 200, 200, 200, 200, 200, 200, 152, 194, 200, 162, 200, 159, 187, 200, 200, 158, 161, 200, 153, 200, 200, 200, 184, 173, 200, 183, 179, 143, 200, 197, 174, 200, 114, 200, 200, 200, 200, 200, 196, 200, 200], "timestamps": [1525148731.5612388, 1525148731.7876053, 1525148731.8258858, 1525148731.873076, 1525148731.9397411, 1525148731.9684057, 1525148731.9974782, 1525148732.021625, 1525148732.0546603, 1525148732.0829935, 1525148732.127087, 1525148732.1569726, 1525148732.1805825, 1525148732.2090003, 1525148732.2429144, 1525148732.2722716, 1525148732.2965848, 1525148732.3214824, 1525148732.350364, 1525148732.3736947, 1525148732.397714, 1525148732.4290981, 1525148732.4528346, 1525148732.476489, 1525148732.4996521, 1525148732.5229104, 1525148732.5459764, 1525148732.5691774, 1525148732.592578, 1525148732.6197271, 1525148732.6620247, 1525148732.6853113, 1525148732.7103543, 1525148732.7383144, 1525148732.7615728, 1525148732.7856233, 1525148732.810181, 1525148732.8465981, 1525148732.8903456, 1525148732.9136815, 1525148732.9489532, 1525148732.9770448, 1525148733.0004563, 1525148733.023652, 1525148733.055385, 1525148733.0798876, 1525148733.1028917, 1525148733.1407008, 1525148733.1893568, 1525148733.2423017, 1525148733.269218, 1525148733.2991004, 1525148733.322699, 1525148733.361302, 1525148733.388929, 1525148733.4129012, 1525148733.4391592, 1525148733.468173, 1525148733.4922, 1525148733.5155277, 1525148733.5393956, 1525148733.570826, 1525148733.5972335, 1525148733.6206458, 1525148733.6456854, 1525148733.6686018, 1525148733.695802, 1525148733.7297099, 1525148733.7515166, 1525148733.7744122, 1525148733.7954795, 1525148733.8239331, 1525148733.8599813, 1525148733.9081874, 1525148733.9314091, 1525148733.95221, 1525148733.975576, 1525148733.9992666, 1525148734.0223358, 1525148734.0482392, 1525148734.0720491, 1525148734.1057186, 1525148734.130611, 1525148734.15433, 1525148734.1926517, 1525148734.2253218, 1525148734.2581396, 1525148734.2995152, 1525148734.3414316, 1525148734.3691998, 1525148734.3976686, 1525148734.4126215, 1525148734.4399123, 1525148734.46291, 1525148734.489149, 1525148734.5116775, 1525148734.535282, 1525148734.5748982, 1525148734.5982175, 1525148734.6213918]}