{"episode_rewards": [200.0, 120.0, 137.0, 145.0, 141.0, 160.0, 156.0, 140.0, 200.0, 125.0, 102.0, 200.0, 200.0, 194.0, 164.0, 156.0, 153.0, 200.0, 200.0, 130.0, 96.0, 151.0, 154.0, 147.0, 173.0, 200.0, 115.0, 172.0, 200.0, 142.0, 200.0, 200.0, 185.0, 200.0, 200.0, 185.0, 181.0, 166.0, 200.0, 200.0, 92.0, 190.0, 193.0, 200.0, 92.0, 200.0, 200.0, 173.0, 135.0, 140.0, 200.0, 149.0, 200.0, 156.0, 163.0, 160.0, 158.0, 200.0, 174.0, 138.0, 200.0, 128.0, 149.0, 148.0, 200.0, 200.0, 192.0, 145.0, 112.0, 200.0, 170.0, 188.0, 175.0, 158.0, 200.0, 185.0, 129.0, 200.0, 152.0, 137.0, 200.0, 200.0, 200.0, 131.0, 200.0, 135.0, 132.0, 200.0, 158.0, 200.0, 152.0, 200.0, 166.0, 173.0, 132.0, 193.0, 134.0, 161.0, 132.0, 200.0], "episode_types": ["t", "t", "t", "t", "t", "t", "t", "t", "t", "t", "t", "t", "t", "t", "t", "t", "t", "t", "t", "t", "t", "t", "t", "t", "t", "t", "t", "t", "t", "t", "t", "t", "t", "t", "t", "t", "t", "t", "t", "t", "t", "t", "t", "t", "t", "t", "t", "t", "t", "t", "t", "t", "t", "t", "t", "t", "t", "t", "t", "t", "t", "t", "t", "t", "t", "t", "t", "t", "t", "t", "t", "t", "t", "t", "t", "t", "t", "t", "t", "t", "t", "t", "t", "t", "t", "t", "t", "t", "t", "t", "t", "t", "t", "t", "t", "t", "t", "t", "t", "t"], "initial_reset_timestamp": 1525114303.9364302, "episode_lengths": [200, 120, 137, 145, 141, 160, 156, 140, 200, 125, 102, 200, 200, 194, 164, 156, 153, 200, 200, 130, 96, 151, 154, 147, 173, 200, 115, 172, 200, 142, 200, 200, 185, 200, 200, 185, 181, 166, 200, 200, 92, 190, 193, 200, 92, 200, 200, 173, 135, 140, 200, 149, 200, 156, 163, 160, 158, 200, 174, 138, 200, 128, 149, 148, 200, 200, 192, 145, 112, 200, 170, 188, 175, 158, 200, 185, 129, 200, 152, 137, 200, 200, 200, 131, 200, 135, 132, 200, 158, 200, 152, 200, 166, 173, 132, 193, 134, 161, 132, 200], "timestamps": [1525114309.3631887, 1525114309.6345732, 1525114309.6650646, 1525114309.6946404, 1525114309.7303536, 1525114309.7773776, 1525114309.83509, 1525114309.9017584, 1525114309.9260807, 1525114309.954125, 1525114309.9773614, 1525114310.0437148, 1525114310.0767043, 1525114310.1349883, 1525114310.1835518, 1525114310.2233837, 1525114310.259251, 1525114310.2861764, 1525114310.3368769, 1525114310.3844888, 1525114310.423806, 1525114310.481557, 1525114310.5395386, 1525114310.5847862, 1525114310.6361787, 1525114310.6747606, 1525114310.7080307, 1525114310.7503746, 1525114310.7889555, 1525114310.8429503, 1525114310.8684342, 1525114310.9083648, 1525114310.9457736, 1525114310.9776287, 1525114311.0336092, 1525114311.0725327, 1525114311.1046636, 1525114311.1408625, 1525114311.1653328, 1525114311.189875, 1525114311.209893, 1525114311.2743726, 1525114311.3302276, 1525114311.361495, 1525114311.3763442, 1525114311.4009752, 1525114311.4416618, 1525114311.4666073, 1525114311.4949415, 1525114311.531518, 1525114311.555625, 1525114311.6091092, 1525114311.6336095, 1525114311.670109, 1525114311.7075703, 1525114311.7520092, 1525114311.7899957, 1525114311.8288646, 1525114311.8622096, 1525114311.8946505, 1525114311.9836328, 1525114312.0154395, 1525114312.0486772, 1525114312.0993152, 1525114312.1275282, 1525114312.151877, 1525114312.1952412, 1525114312.224094, 1525114312.2492802, 1525114312.2741537, 1525114312.3160245, 1525114312.3643212, 1525114312.401839, 1525114312.4454327, 1525114312.4732509, 1525114312.5115783, 1525114312.5451016, 1525114312.5694976, 1525114312.603632, 1525114312.640179, 1525114312.6683517, 1525114312.7068462, 1525114312.731801, 1525114312.7711558, 1525114312.8080337, 1525114312.8620706, 1525114312.8997624, 1525114312.9599051, 1525114313.0029588, 1525114313.0267978, 1525114313.0852687, 1525114313.1265314, 1525114313.1898425, 1525114313.2325292, 1525114313.270317, 1525114313.3168895, 1525114313.3510818, 1525114313.3841372, 1525114313.4187334, 1525114313.4422402]}