{"episode_rewards": [168.0, 200.0, 200.0, 200.0, 121.0, 150.0, 185.0, 154.0, 200.0, 200.0, 200.0, 190.0, 200.0, 137.0, 200.0, 170.0, 200.0, 200.0, 151.0, 200.0, 200.0, 174.0, 200.0, 168.0, 139.0, 128.0, 167.0, 163.0, 200.0, 157.0, 193.0, 200.0, 200.0, 200.0, 175.0, 194.0, 200.0, 186.0, 166.0, 200.0, 190.0, 154.0, 144.0, 163.0, 184.0, 200.0, 177.0, 200.0, 200.0, 113.0, 200.0, 200.0, 194.0, 200.0, 166.0, 200.0, 200.0, 200.0, 200.0, 149.0, 200.0, 200.0, 200.0, 200.0, 200.0, 200.0, 200.0, 173.0, 200.0, 200.0, 171.0, 185.0, 200.0, 200.0, 200.0, 197.0, 152.0, 200.0, 152.0, 155.0, 171.0, 172.0, 129.0, 200.0, 196.0, 200.0, 175.0, 154.0, 200.0, 200.0, 200.0, 200.0, 197.0, 200.0, 200.0, 178.0, 180.0, 200.0, 152.0, 200.0], "episode_types": ["t", "t", "t", "t", "t", "t", "t", "t", "t", "t", "t", "t", "t", "t", "t", "t", "t", "t", "t", "t", "t", "t", "t", "t", "t", "t", "t", "t", "t", "t", "t", "t", "t", "t", "t", "t", "t", "t", "t", "t", "t", "t", "t", "t", "t", "t", "t", "t", "t", "t", "t", "t", "t", "t", "t", "t", "t", "t", "t", "t", "t", "t", "t", "t", "t", "t", "t", "t", "t", "t", "t", "t", "t", "t", "t", "t", "t", "t", "t", "t", "t", "t", "t", "t", "t", "t", "t", "t", "t", "t", "t", "t", "t", "t", "t", "t", "t", "t", "t", "t"], "initial_reset_timestamp": 1525138356.5369215, "episode_lengths": [168, 200, 200, 200, 121, 150, 185, 154, 200, 200, 200, 190, 200, 137, 200, 170, 200, 200, 151, 200, 200, 174, 200, 168, 139, 128, 167, 163, 200, 157, 193, 200, 200, 200, 175, 194, 200, 186, 166, 200, 190, 154, 144, 163, 184, 200, 177, 200, 200, 113, 200, 200, 194, 200, 166, 200, 200, 200, 200, 149, 200, 200, 200, 200, 200, 200, 200, 173, 200, 200, 171, 185, 200, 200, 200, 197, 152, 200, 152, 155, 171, 172, 129, 200, 196, 200, 175, 154, 200, 200, 200, 200, 197, 200, 200, 178, 180, 200, 152, 200], "timestamps": [1525138361.2061217, 1525138361.4226308, 1525138361.4462476, 1525138361.4738457, 1525138361.4962533, 1525138361.5233622, 1525138361.5692534, 1525138361.5966356, 1525138361.620364, 1525138361.6442487, 1525138361.668281, 1525138361.7025747, 1525138361.7257037, 1525138361.7466178, 1525138361.7699006, 1525138361.8067198, 1525138361.8359363, 1525138361.861674, 1525138361.895434, 1525138361.932022, 1525138361.9616923, 1525138362.007971, 1525138362.0444896, 1525138362.084387, 1525138362.1377435, 1525138362.1733518, 1525138362.213347, 1525138362.2516441, 1525138362.2883089, 1525138362.3329527, 1525138362.37712, 1525138362.4137483, 1525138362.4508407, 1525138362.4871414, 1525138362.5300577, 1525138362.5800452, 1525138362.62943, 1525138362.6676223, 1525138362.7023885, 1525138362.7321486, 1525138362.770604, 1525138362.808532, 1525138362.8353517, 1525138362.8619068, 1525138362.908373, 1525138362.9482126, 1525138362.980484, 1525138363.0048277, 1525138363.028287, 1525138363.0473797, 1525138363.0740554, 1525138363.0971067, 1525138363.12974, 1525138363.1542425, 1525138363.1785822, 1525138363.2182546, 1525138363.2415485, 1525138363.265212, 1525138363.2880876, 1525138363.3241527, 1525138363.3570206, 1525138363.3804345, 1525138363.4039075, 1525138363.4284682, 1525138363.4539802, 1525138363.4773214, 1525138363.5010116, 1525138363.548189, 1525138363.576975, 1525138363.5996814, 1525138363.646342, 1525138363.7017486, 1525138363.726165, 1525138363.749173, 1525138363.7866366, 1525138363.833268, 1525138363.8549402, 1525138363.8820806, 1525138363.9136775, 1525138363.9503438, 1525138363.979707, 1525138364.0160074, 1525138364.0415614, 1525138364.064495, 1525138364.098536, 1525138364.1229656, 1525138364.15065, 1525138364.1781666, 1525138364.2012787, 1525138364.2246153, 1525138364.2480795, 1525138364.2742865, 1525138364.3095589, 1525138364.3329635, 1525138364.3599555, 1525138364.3974774, 1525138364.4352486, 1525138364.4592607, 1525138364.5021384, 1525138364.5291448]}