{"episode_rewards": [138.0, 152.0, 164.0, 171.0, 170.0, 200.0, 200.0, 167.0, 139.0, 102.0, 200.0, 190.0, 200.0, 200.0, 86.0, 200.0, 81.0, 86.0, 86.0, 103.0, 104.0, 197.0, 93.0, 104.0, 105.0, 200.0, 55.0, 200.0, 200.0, 87.0, 171.0, 94.0, 137.0, 153.0, 95.0, 193.0, 132.0, 111.0, 115.0, 128.0, 200.0, 136.0, 171.0, 71.0, 161.0, 95.0, 200.0, 200.0, 139.0, 74.0, 160.0, 112.0, 98.0, 115.0, 102.0, 82.0, 146.0, 80.0, 86.0, 66.0, 91.0, 135.0, 134.0, 79.0, 57.0, 200.0, 200.0, 104.0, 159.0, 147.0, 112.0, 129.0, 200.0, 200.0, 200.0, 161.0, 155.0, 167.0, 96.0, 200.0, 181.0, 122.0, 101.0, 115.0, 82.0, 92.0, 200.0, 180.0, 71.0, 200.0, 200.0, 64.0, 109.0, 140.0, 179.0, 134.0, 97.0, 176.0, 185.0, 142.0], "episode_types": ["t", "t", "t", "t", "t", "t", "t", "t", "t", "t", "t", "t", "t", "t", "t", "t", "t", "t", "t", "t", "t", "t", "t", "t", "t", "t", "t", "t", "t", "t", "t", "t", "t", "t", "t", "t", "t", "t", "t", "t", "t", "t", "t", "t", "t", "t", "t", "t", "t", "t", "t", "t", "t", "t", "t", "t", "t", "t", "t", "t", "t", "t", "t", "t", "t", "t", "t", "t", "t", "t", "t", "t", "t", "t", "t", "t", "t", "t", "t", "t", "t", "t", "t", "t", "t", "t", "t", "t", "t", "t", "t", "t", "t", "t", "t", "t", "t", "t", "t", "t"], "initial_reset_timestamp": 1525103519.8326066, "episode_lengths": [138, 152, 164, 171, 170, 200, 200, 167, 139, 102, 200, 190, 200, 200, 86, 200, 81, 86, 86, 103, 104, 197, 93, 104, 105, 200, 55, 200, 200, 87, 171, 94, 137, 153, 95, 193, 132, 111, 115, 128, 200, 136, 171, 71, 161, 95, 200, 200, 139, 74, 160, 112, 98, 115, 102, 82, 146, 80, 86, 66, 91, 135, 134, 79, 57, 200, 200, 104, 159, 147, 112, 129, 200, 200, 200, 161, 155, 167, 96, 200, 181, 122, 101, 115, 82, 92, 200, 180, 71, 200, 200, 64, 109, 140, 179, 134, 97, 176, 185, 142], "timestamps": [1525103523.2703273, 1525103523.4871318, 1525103523.527079, 1525103523.587221, 1525103523.6614034, 1525103523.6838784, 1525103523.7097454, 1525103523.7509363, 1525103523.770977, 1525103523.803165, 1525103523.8257375, 1525103523.8801258, 1525103523.9025705, 1525103523.925003, 1525103523.9480066, 1525103523.9753866, 1525103523.9962478, 1525103524.0323584, 1525103524.0461204, 1525103524.0816793, 1525103524.1097794, 1525103524.170851, 1525103524.1928444, 1525103524.2133148, 1525103524.2606196, 1525103524.2837453, 1525103524.2945294, 1525103524.317249, 1525103524.3399806, 1525103524.353021, 1525103524.375554, 1525103524.3982818, 1525103524.4179223, 1525103524.4570456, 1525103524.4749079, 1525103524.529223, 1525103524.5661194, 1525103524.5828753, 1525103524.5969121, 1525103524.656708, 1525103524.6805105, 1525103524.7138588, 1525103524.734458, 1525103524.7524705, 1525103524.7907317, 1525103524.812673, 1525103524.835469, 1525103524.8585541, 1525103524.883148, 1525103524.9009187, 1525103524.9683025, 1525103525.0028782, 1525103525.0211368, 1525103525.0436158, 1525103525.0740173, 1525103525.0967896, 1525103525.1163995, 1525103525.1279097, 1525103525.144899, 1525103525.1547675, 1525103525.1684208, 1525103525.1897812, 1525103525.2253404, 1525103525.2401915, 1525103525.2544928, 1525103525.2804792, 1525103525.3142378, 1525103525.3400319, 1525103525.3927722, 1525103525.4291534, 1525103525.4755435, 1525103525.5129032, 1525103525.5701253, 1525103525.5996432, 1525103525.624143, 1525103525.6594114, 1525103525.7065773, 1525103525.736357, 1525103525.7667353, 1525103525.7947273, 1525103525.821359, 1525103525.8616834, 1525103525.881807, 1525103525.923238, 1525103525.9454021, 1525103525.9678495, 1525103525.9922163, 1525103526.037937, 1525103526.056317, 1525103526.0814345, 1525103526.1069686, 1525103526.1290467, 1525103526.152631, 1525103526.1856775, 1525103526.224138, 1525103526.2487943, 1525103526.279035, 1525103526.306506, 1525103526.3847325, 1525103526.4411106]}