{"episode_rewards": [109.0, 200.0, 139.0, 97.0, 60.0, 88.0, 129.0, 195.0, 68.0, 84.0, 85.0, 95.0, 200.0, 171.0, 141.0, 75.0, 121.0, 138.0, 72.0, 129.0, 147.0, 200.0, 97.0, 200.0, 124.0, 154.0, 126.0, 145.0, 164.0, 148.0, 186.0, 132.0, 117.0, 101.0, 70.0, 188.0, 76.0, 122.0, 114.0, 105.0, 103.0, 107.0, 95.0, 149.0, 117.0, 44.0, 105.0, 101.0, 158.0, 186.0, 57.0, 70.0, 176.0, 200.0, 104.0, 118.0, 140.0, 149.0, 145.0, 200.0, 74.0, 129.0, 119.0, 178.0, 93.0, 190.0, 78.0, 85.0, 199.0, 200.0, 120.0, 75.0, 108.0, 200.0, 200.0, 73.0, 109.0, 200.0, 149.0, 135.0, 90.0, 60.0, 200.0, 200.0, 174.0, 200.0, 147.0, 104.0, 140.0, 112.0, 97.0, 137.0, 99.0, 165.0, 97.0, 97.0, 94.0, 176.0, 167.0, 68.0], "episode_types": ["t", "t", "t", "t", "t", "t", "t", "t", "t", "t", "t", "t", "t", "t", "t", "t", "t", "t", "t", "t", "t", "t", "t", "t", "t", "t", "t", "t", "t", "t", "t", "t", "t", "t", "t", "t", "t", "t", "t", "t", "t", "t", "t", "t", "t", "t", "t", "t", "t", "t", "t", "t", "t", "t", "t", "t", "t", "t", "t", "t", "t", "t", "t", "t", "t", "t", "t", "t", "t", "t", "t", "t", "t", "t", "t", "t", "t", "t", "t", "t", "t", "t", "t", "t", "t", "t", "t", "t", "t", "t", "t", "t", "t", "t", "t", "t", "t", "t", "t", "t"], "initial_reset_timestamp": 1525102104.7206125, "episode_lengths": [109, 200, 139, 97, 60, 88, 129, 195, 68, 84, 85, 95, 200, 171, 141, 75, 121, 138, 72, 129, 147, 200, 97, 200, 124, 154, 126, 145, 164, 148, 186, 132, 117, 101, 70, 188, 76, 122, 114, 105, 103, 107, 95, 149, 117, 44, 105, 101, 158, 186, 57, 70, 176, 200, 104, 118, 140, 149, 145, 200, 74, 129, 119, 178, 93, 190, 78, 85, 199, 200, 120, 75, 108, 200, 200, 73, 109, 200, 149, 135, 90, 60, 200, 200, 174, 200, 147, 104, 140, 112, 97, 137, 99, 165, 97, 97, 94, 176, 167, 68], "timestamps": [1525102107.5009596, 1525102107.7980833, 1525102107.8306713, 1525102107.856129, 1525102107.8723276, 1525102107.9070892, 1525102107.9325614, 1525102107.9767568, 1525102107.99269, 1525102108.0162032, 1525102108.0389748, 1525102108.0611553, 1525102108.0836978, 1525102108.112128, 1525102108.1352375, 1525102108.1537073, 1525102108.1870794, 1525102108.2138584, 1525102108.2279503, 1525102108.2503536, 1525102108.2754636, 1525102108.3009605, 1525102108.3302205, 1525102108.368389, 1525102108.424284, 1525102108.4636579, 1525102108.502417, 1525102108.5647066, 1525102108.5937164, 1525102108.617124, 1525102108.6795964, 1525102108.7144449, 1525102108.7348156, 1525102108.7584264, 1525102108.7742753, 1525102108.8312995, 1525102108.8566318, 1525102108.91338, 1525102108.949279, 1525102108.9722083, 1525102109.01139, 1525102109.0334172, 1525102109.0573082, 1525102109.1280327, 1525102109.157155, 1525102109.1656554, 1525102109.1897886, 1525102109.2176006, 1525102109.2692616, 1525102109.3149285, 1525102109.3394432, 1525102109.3677912, 1525102109.416422, 1525102109.4394038, 1525102109.4674802, 1525102109.5046384, 1525102109.5384665, 1525102109.5624745, 1525102109.5901692, 1525102109.6125822, 1525102109.6338546, 1525102109.6584551, 1525102109.6839187, 1525102109.7191598, 1525102109.752279, 1525102109.8195205, 1525102109.8329577, 1525102109.855524, 1525102109.884122, 1525102109.9065876, 1525102109.9389262, 1525102109.9647334, 1525102109.9952915, 1525102110.0528316, 1525102110.075631, 1525102110.1006372, 1525102110.1437774, 1525102110.1664927, 1525102110.191851, 1525102110.2366378, 1525102110.260417, 1525102110.276079, 1525102110.298464, 1525102110.321139, 1525102110.3683708, 1525102110.3917367, 1525102110.4190981, 1525102110.4394448, 1525102110.475105, 1525102110.5038018, 1525102110.545612, 1525102110.573186, 1525102110.6095548, 1525102110.6673687, 1525102110.6897633, 1525102110.712654, 1525102110.737629, 1525102110.7767568, 1525102110.8193982, 1525102110.8338103]}