{"episode_rewards": [200.0, 200.0, 200.0, 200.0, 155.0, 199.0, 200.0, 200.0, 200.0, 123.0, 197.0, 200.0, 200.0, 172.0, 181.0, 200.0, 200.0, 158.0, 200.0, 200.0, 200.0, 200.0, 154.0, 144.0, 180.0, 200.0, 200.0, 200.0, 143.0, 114.0, 198.0, 158.0, 200.0, 122.0, 139.0, 138.0, 200.0, 200.0, 200.0, 195.0, 161.0, 162.0, 200.0, 200.0, 200.0, 200.0, 196.0, 191.0, 165.0, 153.0, 200.0, 200.0, 156.0, 200.0, 166.0, 200.0, 148.0, 200.0, 200.0, 200.0, 182.0, 200.0, 200.0, 200.0, 200.0, 150.0, 111.0, 200.0, 181.0, 200.0, 200.0, 200.0, 156.0, 151.0, 174.0, 200.0, 200.0, 119.0, 197.0, 184.0, 158.0, 156.0, 179.0, 200.0, 165.0, 200.0, 200.0, 200.0, 130.0, 200.0, 164.0, 200.0, 200.0, 170.0, 143.0, 200.0, 200.0, 150.0, 200.0, 200.0], "episode_types": ["t", "t", "t", "t", "t", "t", "t", "t", "t", "t", "t", "t", "t", "t", "t", "t", "t", "t", "t", "t", "t", "t", "t", "t", "t", "t", "t", "t", "t", "t", "t", "t", "t", "t", "t", "t", "t", "t", "t", "t", "t", "t", "t", "t", "t", "t", "t", "t", "t", "t", "t", "t", "t", "t", "t", "t", "t", "t", "t", "t", "t", "t", "t", "t", "t", "t", "t", "t", "t", "t", "t", "t", "t", "t", "t", "t", "t", "t", "t", "t", "t", "t", "t", "t", "t", "t", "t", "t", "t", "t", "t", "t", "t", "t", "t", "t", "t", "t", "t", "t"], "initial_reset_timestamp": 1525136314.1168025, "episode_lengths": [200, 200, 200, 200, 155, 199, 200, 200, 200, 123, 197, 200, 200, 172, 181, 200, 200, 158, 200, 200, 200, 200, 154, 144, 180, 200, 200, 200, 143, 114, 198, 158, 200, 122, 139, 138, 200, 200, 200, 195, 161, 162, 200, 200, 200, 200, 196, 191, 165, 153, 200, 200, 156, 200, 166, 200, 148, 200, 200, 200, 182, 200, 200, 200, 200, 150, 111, 200, 181, 200, 200, 200, 156, 151, 174, 200, 200, 119, 197, 184, 158, 156, 179, 200, 165, 200, 200, 200, 130, 200, 164, 200, 200, 170, 143, 200, 200, 150, 200, 200], "timestamps": [1525136319.5658982, 1525136319.7946215, 1525136319.8376937, 1525136319.8930109, 1525136319.928756, 1525136319.9932544, 1525136320.0210888, 1525136320.045883, 1525136320.0694282, 1525136320.093531, 1525136320.1338174, 1525136320.15784, 1525136320.1813703, 1525136320.2114205, 1525136320.2513163, 1525136320.283651, 1525136320.3113382, 1525136320.368885, 1525136320.3926733, 1525136320.4173946, 1525136320.4460158, 1525136320.4712632, 1525136320.4949665, 1525136320.5265572, 1525136320.5733225, 1525136320.6229327, 1525136320.659103, 1525136320.7362783, 1525136320.7969677, 1525136320.824433, 1525136320.9013402, 1525136320.948514, 1525136320.9725268, 1525136320.9971826, 1525136321.0312536, 1525136321.0643265, 1525136321.0892358, 1525136321.1130059, 1525136321.1409907, 1525136321.1783004, 1525136321.209819, 1525136321.2390835, 1525136321.2782917, 1525136321.3036528, 1525136321.327182, 1525136321.3640544, 1525136321.4158254, 1525136321.4658442, 1525136321.5024664, 1525136321.5529568, 1525136321.5773852, 1525136321.602373, 1525136321.625446, 1525136321.648309, 1525136321.6824808, 1525136321.705682, 1525136321.729214, 1525136321.7533462, 1525136321.7837842, 1525136321.813077, 1525136321.8472857, 1525136321.871062, 1525136321.8939495, 1525136321.9452922, 1525136321.9690218, 1525136322.0052288, 1525136322.021771, 1525136322.0665648, 1525136322.1095798, 1525136322.1416001, 1525136322.1670702, 1525136322.1944914, 1525136322.2353408, 1525136322.2668169, 1525136322.3052714, 1525136322.3300152, 1525136322.3534558, 1525136322.3716626, 1525136322.412943, 1525136322.44812, 1525136322.4794493, 1525136322.514621, 1525136322.5509696, 1525136322.5787158, 1525136322.6132355, 1525136322.636421, 1525136322.6596456, 1525136322.7098567, 1525136322.7308676, 1525136322.7576509, 1525136322.788773, 1525136322.8122358, 1525136322.835219, 1525136322.8743215, 1525136322.8986597, 1525136322.9276671, 1525136322.962632, 1525136322.9926174, 1525136323.037561, 1525136323.078119]}