{"episode_rewards": [177.0, 95.0, 164.0, 182.0, 135.0, 125.0, 200.0, 200.0, 194.0, 200.0, 200.0, 87.0, 200.0, 200.0, 133.0, 200.0, 176.0, 200.0, 185.0, 149.0, 142.0, 183.0, 200.0, 120.0, 200.0, 130.0, 200.0, 200.0, 131.0, 190.0, 125.0, 200.0, 200.0, 145.0, 200.0, 200.0, 165.0, 107.0, 142.0, 200.0, 123.0, 144.0, 151.0, 162.0, 193.0, 178.0, 179.0, 200.0, 165.0, 184.0, 199.0, 200.0, 147.0, 188.0, 192.0, 200.0, 118.0, 172.0, 154.0, 145.0, 200.0, 131.0, 117.0, 146.0, 200.0, 174.0, 110.0, 107.0, 134.0, 116.0, 200.0, 153.0, 200.0, 200.0, 129.0, 200.0, 112.0, 190.0, 184.0, 197.0, 200.0, 200.0, 200.0, 182.0, 171.0, 181.0, 117.0, 200.0, 132.0, 200.0, 166.0, 186.0, 147.0, 198.0, 200.0, 168.0, 175.0, 158.0, 128.0, 129.0], "episode_types": ["t", "t", "t", "t", "t", "t", "t", "t", "t", "t", "t", "t", "t", "t", "t", "t", "t", "t", "t", "t", "t", "t", "t", "t", "t", "t", "t", "t", "t", "t", "t", "t", "t", "t", "t", "t", "t", "t", "t", "t", "t", "t", "t", "t", "t", "t", "t", "t", "t", "t", "t", "t", "t", "t", "t", "t", "t", "t", "t", "t", "t", "t", "t", "t", "t", "t", "t", "t", "t", "t", "t", "t", "t", "t", "t", "t", "t", "t", "t", "t", "t", "t", "t", "t", "t", "t", "t", "t", "t", "t", "t", "t", "t", "t", "t", "t", "t", "t", "t", "t"], "initial_reset_timestamp": 1525127420.93149, "episode_lengths": [177, 95, 164, 182, 135, 125, 200, 200, 194, 200, 200, 87, 200, 200, 133, 200, 176, 200, 185, 149, 142, 183, 200, 120, 200, 130, 200, 200, 131, 190, 125, 200, 200, 145, 200, 200, 165, 107, 142, 200, 123, 144, 151, 162, 193, 178, 179, 200, 165, 184, 199, 200, 147, 188, 192, 200, 118, 172, 154, 145, 200, 131, 117, 146, 200, 174, 110, 107, 134, 116, 200, 153, 200, 200, 129, 200, 112, 190, 184, 197, 200, 200, 200, 182, 171, 181, 117, 200, 132, 200, 166, 186, 147, 198, 200, 168, 175, 158, 128, 129], "timestamps": [1525127425.887077, 1525127426.115811, 1525127426.1681542, 1525127426.2121398, 1525127426.2577877, 1525127426.285507, 1525127426.3172538, 1525127426.3410249, 1525127426.3790827, 1525127426.4050155, 1525127426.437129, 1525127426.4527702, 1525127426.481186, 1525127426.5101178, 1525127426.5281155, 1525127426.5582986, 1525127426.5956552, 1525127426.63149, 1525127426.6770308, 1525127426.7334757, 1525127426.7732987, 1525127426.8119006, 1525127426.8384597, 1525127426.8616955, 1525127426.8856847, 1525127426.9051285, 1525127426.9287295, 1525127426.9523942, 1525127426.9988492, 1525127427.031341, 1525127427.0612981, 1525127427.1007197, 1525127427.1414711, 1525127427.1912355, 1525127427.2299187, 1525127427.2608893, 1525127427.3236246, 1525127427.3551688, 1525127427.4150474, 1525127427.4573333, 1525127427.5002975, 1525127427.5391788, 1525127427.6168005, 1525127427.6676648, 1525127427.7290666, 1525127427.7731051, 1525127427.822221, 1525127427.8704116, 1525127427.9219563, 1525127427.9633033, 1525127428.0119312, 1525127428.0549655, 1525127428.1033978, 1525127428.16086, 1525127428.2151992, 1525127428.2613547, 1525127428.3109138, 1525127428.3512373, 1525127428.3900266, 1525127428.440426, 1525127428.4655852, 1525127428.4894671, 1525127428.5210454, 1525127428.5436926, 1525127428.5677135, 1525127428.6198406, 1525127428.6451108, 1525127428.6612382, 1525127428.6908247, 1525127428.7204347, 1525127428.7467947, 1525127428.7846427, 1525127428.815777, 1525127428.8694336, 1525127428.9264166, 1525127428.9568067, 1525127428.9763808, 1525127429.0146112, 1525127429.1558304, 1525127429.2315478, 1525127429.28482, 1525127429.3330293, 1525127429.4043314, 1525127429.4972277, 1525127429.5447004, 1525127429.579588, 1525127429.6171992, 1525127429.676024, 1525127429.7163832, 1525127429.755364, 1525127429.8316333, 1525127429.895735, 1525127429.9536397, 1525127430.0137339, 1525127430.0550966, 1525127430.1186006, 1525127430.1763172, 1525127430.233405, 1525127430.2652414, 1525127430.3143463]}