{"episode_rewards": [200.0, 200.0, 200.0, 200.0, 200.0, 200.0, 167.0, 200.0, 187.0, 200.0, 200.0, 200.0, 200.0, 176.0, 175.0, 171.0, 154.0, 200.0, 200.0, 192.0, 200.0, 161.0, 200.0, 200.0, 200.0, 191.0, 200.0, 200.0, 156.0, 200.0, 150.0, 194.0, 200.0, 200.0, 200.0, 142.0, 182.0, 200.0, 200.0, 200.0, 156.0, 197.0, 155.0, 160.0, 200.0, 189.0, 186.0, 200.0, 200.0, 200.0, 175.0, 200.0, 140.0, 165.0, 176.0, 200.0, 180.0, 200.0, 179.0, 200.0, 200.0, 178.0, 200.0, 200.0, 170.0, 200.0, 200.0, 167.0, 200.0, 158.0, 200.0, 200.0, 200.0, 176.0, 193.0, 200.0, 200.0, 171.0, 200.0, 200.0, 200.0, 200.0, 200.0, 179.0, 200.0, 164.0, 200.0, 200.0, 187.0, 200.0, 178.0, 171.0, 200.0, 133.0, 200.0, 200.0, 200.0, 200.0, 200.0, 200.0], "episode_types": ["t", "t", "t", "t", "t", "t", "t", "t", "t", "t", "t", "t", "t", "t", "t", "t", "t", "t", "t", "t", "t", "t", "t", "t", "t", "t", "t", "t", "t", "t", "t", "t", "t", "t", "t", "t", "t", "t", "t", "t", "t", "t", "t", "t", "t", "t", "t", "t", "t", "t", "t", "t", "t", "t", "t", "t", "t", "t", "t", "t", "t", "t", "t", "t", "t", "t", "t", "t", "t", "t", "t", "t", "t", "t", "t", "t", "t", "t", "t", "t", "t", "t", "t", "t", "t", "t", "t", "t", "t", "t", "t", "t", "t", "t", "t", "t", "t", "t", "t", "t"], "initial_reset_timestamp": 1525141922.028202, "episode_lengths": [200, 200, 200, 200, 200, 200, 167, 200, 187, 200, 200, 200, 200, 176, 175, 171, 154, 200, 200, 192, 200, 161, 200, 200, 200, 191, 200, 200, 156, 200, 150, 194, 200, 200, 200, 142, 182, 200, 200, 200, 156, 197, 155, 160, 200, 189, 186, 200, 200, 200, 175, 200, 140, 165, 176, 200, 180, 200, 179, 200, 200, 178, 200, 200, 170, 200, 200, 167, 200, 158, 200, 200, 200, 176, 193, 200, 200, 171, 200, 200, 200, 200, 200, 179, 200, 164, 200, 200, 187, 200, 178, 171, 200, 133, 200, 200, 200, 200, 200, 200], "timestamps": [1525141927.357225, 1525141927.5605855, 1525141927.5935276, 1525141927.6358147, 1525141927.659603, 1525141927.684961, 1525141927.7179482, 1525141927.7471907, 1525141927.7846117, 1525141927.83645, 1525141927.8710237, 1525141927.8942978, 1525141927.921931, 1525141927.9483478, 1525141927.9849281, 1525141928.018381, 1525141928.0461576, 1525141928.071286, 1525141928.100494, 1525141928.1400292, 1525141928.1644278, 1525141928.192564, 1525141928.2191143, 1525141928.2436562, 1525141928.2690506, 1525141928.3113275, 1525141928.3346093, 1525141928.3577604, 1525141928.3863056, 1525141928.4097834, 1525141928.4297297, 1525141928.4739535, 1525141928.4972963, 1525141928.5223684, 1525141928.5461726, 1525141928.567888, 1525141928.6094174, 1525141928.6341238, 1525141928.6587234, 1525141928.6819956, 1525141928.7058485, 1525141928.739003, 1525141928.7885742, 1525141928.8297408, 1525141928.866688, 1525141928.8997889, 1525141928.943645, 1525141928.9704998, 1525141928.9980288, 1525141929.0220091, 1525141929.054906, 1525141929.1011748, 1525141929.1252127, 1525141929.159454, 1525141929.192702, 1525141929.2193274, 1525141929.2536025, 1525141929.2792642, 1525141929.3144841, 1525141929.3379815, 1525141929.361492, 1525141929.3961089, 1525141929.4193275, 1525141929.4465942, 1525141929.4795518, 1525141929.502755, 1525141929.5258484, 1525141929.55426, 1525141929.5782487, 1525141929.619921, 1525141929.656664, 1525141929.6930125, 1525141929.731405, 1525141929.796817, 1525141929.8478346, 1525141929.888687, 1525141929.9281628, 1525141929.9862413, 1525141930.0235786, 1525141930.0822775, 1525141930.1647127, 1525141930.1968234, 1525141930.2208874, 1525141930.254998, 1525141930.2784934, 1525141930.308444, 1525141930.334726, 1525141930.3581254, 1525141930.3850462, 1525141930.416486, 1525141930.4509225, 1525141930.4819536, 1525141930.5053954, 1525141930.527803, 1525141930.5535443, 1525141930.5766892, 1525141930.6065805, 1525141930.6376925, 1525141930.6630907, 1525141930.6868289]}