{"episode_rewards": [198.0, 180.0, 194.0, 200.0, 200.0, 193.0, 200.0, 184.0, 200.0, 179.0, 200.0, 200.0, 200.0, 188.0, 200.0, 200.0, 200.0, 200.0, 200.0, 200.0, 200.0, 200.0, 200.0, 181.0, 200.0, 183.0, 200.0, 200.0, 200.0, 200.0, 200.0, 199.0, 178.0, 200.0, 200.0, 190.0, 200.0, 200.0, 200.0, 200.0, 182.0, 200.0, 200.0, 200.0, 200.0, 200.0, 200.0, 200.0, 200.0, 200.0, 200.0, 174.0, 200.0, 200.0, 195.0, 200.0, 200.0, 200.0, 184.0, 200.0, 199.0, 200.0, 200.0, 200.0, 200.0, 190.0, 200.0, 200.0, 200.0, 200.0, 187.0, 200.0, 195.0, 200.0, 200.0, 174.0, 200.0, 200.0, 200.0, 200.0, 200.0, 200.0, 200.0, 191.0, 200.0, 200.0, 200.0, 200.0, 200.0, 195.0, 200.0, 200.0, 176.0, 200.0, 200.0, 200.0, 175.0, 187.0, 191.0, 160.0], "episode_types": ["t", "t", "t", "t", "t", "t", "t", "t", "t", "t", "t", "t", "t", "t", "t", "t", "t", "t", "t", "t", "t", "t", "t", "t", "t", "t", "t", "t", "t", "t", "t", "t", "t", "t", "t", "t", "t", "t", "t", "t", "t", "t", "t", "t", "t", "t", "t", "t", "t", "t", "t", "t", "t", "t", "t", "t", "t", "t", "t", "t", "t", "t", "t", "t", "t", "t", "t", "t", "t", "t", "t", "t", "t", "t", "t", "t", "t", "t", "t", "t", "t", "t", "t", "t", "t", "t", "t", "t", "t", "t", "t", "t", "t", "t", "t", "t", "t", "t", "t", "t"], "initial_reset_timestamp": 1525151775.0058982, "episode_lengths": [198, 180, 194, 200, 200, 193, 200, 184, 200, 179, 200, 200, 200, 188, 200, 200, 200, 200, 200, 200, 200, 200, 200, 181, 200, 183, 200, 200, 200, 200, 200, 199, 178, 200, 200, 190, 200, 200, 200, 200, 182, 200, 200, 200, 200, 200, 200, 200, 200, 200, 200, 174, 200, 200, 195, 200, 200, 200, 184, 200, 199, 200, 200, 200, 200, 190, 200, 200, 200, 200, 187, 200, 195, 200, 200, 174, 200, 200, 200, 200, 200, 200, 200, 191, 200, 200, 200, 200, 200, 195, 200, 200, 176, 200, 200, 200, 175, 187, 191, 160], "timestamps": [1525151778.3272526, 1525151778.4208105, 1525151778.4328299, 1525151778.443067, 1525151778.4524207, 1525151778.4642453, 1525151778.4730117, 1525151778.4822395, 1525151778.4909403, 1525151778.5001655, 1525151778.5088274, 1525151778.5231938, 1525151778.532062, 1525151778.5420198, 1525151778.550827, 1525151778.5617561, 1525151778.5781589, 1525151778.5869422, 1525151778.6008563, 1525151778.6103396, 1525151778.6191165, 1525151778.6291316, 1525151778.6411772, 1525151778.650143, 1525151778.6592958, 1525151778.6712637, 1525151778.6818478, 1525151778.6905625, 1525151778.6994028, 1525151778.709857, 1525151778.7188354, 1525151778.734264, 1525151778.7438865, 1525151778.7524266, 1525151778.7618089, 1525151778.7722619, 1525151778.7808862, 1525151778.7896688, 1525151778.7983785, 1525151778.8070078, 1525151778.8165243, 1525151778.8254201, 1525151778.839961, 1525151778.8491583, 1525151778.8579035, 1525151778.8672748, 1525151778.876369, 1525151778.887988, 1525151778.8965461, 1525151778.9055343, 1525151778.9164338, 1525151778.9248414, 1525151778.942258, 1525151778.9508731, 1525151778.9599175, 1525151778.9699569, 1525151778.9788527, 1525151778.9880035, 1525151778.9969928, 1525151779.0068953, 1525151779.0181644, 1525151779.02674, 1525151779.0356343, 1525151779.0444317, 1525151779.054473, 1525151779.0635877, 1525151779.0726027, 1525151779.0812964, 1525151779.089786, 1525151779.0983796, 1525151779.1071796, 1525151779.1161401, 1525151779.1251557, 1525151779.1339145, 1525151779.1425214, 1525151779.1539621, 1525151779.162518, 1525151779.1711264, 1525151779.182817, 1525151779.1914861, 1525151779.2000375, 1525151779.208639, 1525151779.2172225, 1525151779.2285779, 1525151779.237036, 1525151779.2455757, 1525151779.2541542, 1525151779.2629287, 1525151779.271502, 1525151779.28539, 1525151779.3099673, 1525151779.319067, 1525151779.32798, 1525151779.336737, 1525151779.3454735, 1525151779.3542259, 1525151779.364826, 1525151779.3758633, 1525151779.3868845, 1525151779.3957486]}