{"episode_rewards": [125.0, 102.0, 68.0, 73.0, 90.0, 85.0, 200.0, 78.0, 200.0, 200.0, 123.0, 125.0, 165.0, 200.0, 200.0, 196.0, 69.0, 177.0, 200.0, 188.0, 200.0, 84.0, 92.0, 127.0, 144.0, 151.0, 95.0, 74.0, 56.0, 170.0, 87.0, 86.0, 116.0, 192.0, 200.0, 104.0, 200.0, 70.0, 57.0, 68.0, 200.0, 102.0, 56.0, 61.0, 74.0, 200.0, 126.0, 200.0, 104.0, 200.0, 200.0, 165.0, 96.0, 107.0, 187.0, 148.0, 166.0, 95.0, 200.0, 111.0, 200.0, 127.0, 53.0, 60.0, 62.0, 76.0, 88.0, 93.0, 108.0, 63.0, 133.0, 166.0, 83.0, 84.0, 200.0, 121.0, 110.0, 71.0, 99.0, 200.0, 110.0, 101.0, 61.0, 119.0, 145.0, 112.0, 79.0, 74.0, 126.0, 57.0, 83.0, 156.0, 200.0, 200.0, 119.0, 131.0, 137.0, 130.0, 200.0, 91.0], "episode_types": ["t", "t", "t", "t", "t", "t", "t", "t", "t", "t", "t", "t", "t", "t", "t", "t", "t", "t", "t", "t", "t", "t", "t", "t", "t", "t", "t", "t", "t", "t", "t", "t", "t", "t", "t", "t", "t", "t", "t", "t", "t", "t", "t", "t", "t", "t", "t", "t", "t", "t", "t", "t", "t", "t", "t", "t", "t", "t", "t", "t", "t", "t", "t", "t", "t", "t", "t", "t", "t", "t", "t", "t", "t", "t", "t", "t", "t", "t", "t", "t", "t", "t", "t", "t", "t", "t", "t", "t", "t", "t", "t", "t", "t", "t", "t", "t", "t", "t", "t", "t"], "initial_reset_timestamp": 1525103116.0977507, "episode_lengths": [125, 102, 68, 73, 90, 85, 200, 78, 200, 200, 123, 125, 165, 200, 200, 196, 69, 177, 200, 188, 200, 84, 92, 127, 144, 151, 95, 74, 56, 170, 87, 86, 116, 192, 200, 104, 200, 70, 57, 68, 200, 102, 56, 61, 74, 200, 126, 200, 104, 200, 200, 165, 96, 107, 187, 148, 166, 95, 200, 111, 200, 127, 53, 60, 62, 76, 88, 93, 108, 63, 133, 166, 83, 84, 200, 121, 110, 71, 99, 200, 110, 101, 61, 119, 145, 112, 79, 74, 126, 57, 83, 156, 200, 200, 119, 131, 137, 130, 200, 91], "timestamps": [1525103119.1947358, 1525103119.3651185, 1525103119.3751547, 1525103119.385626, 1525103119.4022756, 1525103119.4360135, 1525103119.458711, 1525103119.4756427, 1525103119.4983525, 1525103119.5321052, 1525103119.551381, 1525103119.5687864, 1525103119.6013978, 1525103119.6453938, 1525103119.6681557, 1525103119.714762, 1525103119.7295876, 1525103119.7889154, 1525103119.8368554, 1525103119.859944, 1525103119.8843777, 1525103119.9118252, 1525103119.944563, 1525103119.9644122, 1525103119.9829202, 1525103120.0375712, 1525103120.0593257, 1525103120.0813885, 1525103120.089918, 1525103120.1112404, 1525103120.1231046, 1525103120.156099, 1525103120.1742806, 1525103120.212662, 1525103120.2360554, 1525103120.2521966, 1525103120.2747781, 1525103120.2848377, 1525103120.2936573, 1525103120.3189003, 1525103120.341312, 1525103120.3584666, 1525103120.3669136, 1525103120.376109, 1525103120.3978584, 1525103120.420558, 1525103120.4372454, 1525103120.4596298, 1525103120.496961, 1525103120.5302665, 1525103120.555242, 1525103120.5772123, 1525103120.6072042, 1525103120.633334, 1525103120.7076247, 1525103120.7436855, 1525103120.764993, 1525103120.7821548, 1525103120.8105035, 1525103120.8256776, 1525103120.848162, 1525103120.8653972, 1525103120.874154, 1525103120.883203, 1525103120.8924813, 1525103120.9038587, 1525103120.9158347, 1525103120.9465292, 1525103120.962579, 1525103120.9718678, 1525103121.0220249, 1525103121.0449104, 1525103121.0724251, 1525103121.0962203, 1525103121.1187978, 1525103121.1694248, 1525103121.2087162, 1525103121.219044, 1525103121.2329865, 1525103121.256655, 1525103121.2815022, 1525103121.2953863, 1525103121.307104, 1525103121.3224425, 1525103121.3409514, 1525103121.3572621, 1525103121.3686686, 1525103121.379216, 1525103121.407155, 1525103121.4170492, 1525103121.4300678, 1525103121.4506848, 1525103121.4740217, 1525103121.4962387, 1525103121.51262, 1525103121.5677428, 1525103121.5855312, 1525103121.6136823, 1525103121.6364188, 1525103121.6545334]}