{"episode_rewards": [200.0, 200.0, 200.0, 200.0, 200.0, 200.0, 200.0, 195.0, 200.0, 200.0, 194.0, 191.0, 182.0, 200.0, 200.0, 184.0, 200.0, 200.0, 200.0, 200.0, 165.0, 200.0, 200.0, 200.0, 197.0, 172.0, 171.0, 200.0, 200.0, 200.0, 200.0, 200.0, 200.0, 189.0, 194.0, 168.0, 200.0, 200.0, 200.0, 200.0, 200.0, 200.0, 200.0, 200.0, 183.0, 200.0, 192.0, 200.0, 200.0, 200.0, 200.0, 200.0, 200.0, 200.0, 200.0, 200.0, 200.0, 180.0, 200.0, 185.0, 200.0, 200.0, 200.0, 198.0, 200.0, 183.0, 200.0, 200.0, 169.0, 186.0, 200.0, 179.0, 176.0, 181.0, 192.0, 200.0, 200.0, 193.0, 200.0, 166.0, 200.0, 159.0, 181.0, 200.0, 200.0, 177.0, 198.0, 200.0, 200.0, 200.0, 197.0, 200.0, 190.0, 200.0, 190.0, 200.0, 200.0, 167.0, 200.0, 198.0], "episode_types": ["t", "t", "t", "t", "t", "t", "t", "t", "t", "t", "t", "t", "t", "t", "t", "t", "t", "t", "t", "t", "t", "t", "t", "t", "t", "t", "t", "t", "t", "t", "t", "t", "t", "t", "t", "t", "t", "t", "t", "t", "t", "t", "t", "t", "t", "t", "t", "t", "t", "t", "t", "t", "t", "t", "t", "t", "t", "t", "t", "t", "t", "t", "t", "t", "t", "t", "t", "t", "t", "t", "t", "t", "t", "t", "t", "t", "t", "t", "t", "t", "t", "t", "t", "t", "t", "t", "t", "t", "t", "t", "t", "t", "t", "t", "t", "t", "t", "t", "t", "t"], "initial_reset_timestamp": 1525149627.6603744, "episode_lengths": [200, 200, 200, 200, 200, 200, 200, 195, 200, 200, 194, 191, 182, 200, 200, 184, 200, 200, 200, 200, 165, 200, 200, 200, 197, 172, 171, 200, 200, 200, 200, 200, 200, 189, 194, 168, 200, 200, 200, 200, 200, 200, 200, 200, 183, 200, 192, 200, 200, 200, 200, 200, 200, 200, 200, 200, 200, 180, 200, 185, 200, 200, 200, 198, 200, 183, 200, 200, 169, 186, 200, 179, 176, 181, 192, 200, 200, 193, 200, 166, 200, 159, 181, 200, 200, 177, 198, 200, 200, 200, 197, 200, 190, 200, 190, 200, 200, 167, 200, 198], "timestamps": [1525149631.0341215, 1525149631.127257, 1525149631.1367154, 1525149631.146558, 1525149631.1557152, 1525149631.1688325, 1525149631.17748, 1525149631.191078, 1525149631.1997914, 1525149631.2119422, 1525149631.2239032, 1525149631.2374954, 1525149631.251982, 1525149631.2607427, 1525149631.2725737, 1525149631.2838585, 1525149631.2926571, 1525149631.301327, 1525149631.3101196, 1525149631.3229582, 1525149631.3342628, 1525149631.3428187, 1525149631.3524697, 1525149631.3631785, 1525149631.3749096, 1525149631.3841038, 1525149631.3940756, 1525149631.4090106, 1525149631.4183831, 1525149631.4271939, 1525149631.439449, 1525149631.4485981, 1525149631.457523, 1525149631.4705677, 1525149631.480948, 1525149631.4897685, 1525149631.4983752, 1525149631.5086837, 1525149631.5174909, 1525149631.5259416, 1525149631.535248, 1525149631.5453978, 1525149631.554237, 1525149631.5627005, 1525149631.5729659, 1525149631.5825188, 1525149631.5936916, 1525149631.602196, 1525149631.6110191, 1525149631.6195376, 1525149631.6280582, 1525149631.6434972, 1525149631.6522603, 1525149631.6607993, 1525149631.6694944, 1525149631.6783123, 1525149631.6900194, 1525149631.7001002, 1525149631.7099702, 1525149631.7198396, 1525149631.7285438, 1525149631.7376974, 1525149631.7463906, 1525149631.7591066, 1525149631.7676206, 1525149631.7784114, 1525149631.7932684, 1525149631.8017764, 1525149631.811338, 1525149631.82233, 1525149631.8310475, 1525149631.843402, 1525149631.8545904, 1525149631.863438, 1525149631.8740742, 1525149631.8827364, 1525149631.8913078, 1525149631.9055111, 1525149631.914222, 1525149631.922623, 1525149631.9338062, 1525149631.9448042, 1525149631.9537747, 1525149631.9622386, 1525149631.974166, 1525149631.9851594, 1525149631.9942102, 1525149632.0032835, 1525149632.0126398, 1525149632.0214834, 1525149632.033274, 1525149632.0423737, 1525149632.0534904, 1525149632.0620065, 1525149632.0786984, 1525149632.0872326, 1525149632.0960612, 1525149632.1055315, 1525149632.115595, 1525149632.1275592]}