{"episode_rewards": [200.0, 161.0, 155.0, 200.0, 200.0, 195.0, 200.0, 200.0, 200.0, 133.0, 187.0, 171.0, 170.0, 200.0, 152.0, 128.0, 183.0, 113.0, 200.0, 163.0, 109.0, 129.0, 152.0, 135.0, 124.0, 117.0, 134.0, 199.0, 164.0, 165.0, 125.0, 138.0, 200.0, 200.0, 183.0, 121.0, 178.0, 118.0, 145.0, 170.0, 142.0, 200.0, 200.0, 186.0, 159.0, 176.0, 106.0, 184.0, 183.0, 115.0, 186.0, 109.0, 193.0, 200.0, 200.0, 133.0, 104.0, 163.0, 199.0, 200.0, 156.0, 200.0, 190.0, 200.0, 132.0, 188.0, 178.0, 105.0, 192.0, 172.0, 162.0, 126.0, 92.0, 127.0, 101.0, 181.0, 200.0, 148.0, 200.0, 134.0, 156.0, 138.0, 178.0, 200.0, 137.0, 200.0, 200.0, 167.0, 200.0, 139.0, 200.0, 113.0, 158.0, 200.0, 137.0, 121.0, 97.0, 200.0, 140.0, 119.0], "episode_types": ["t", "t", "t", "t", "t", "t", "t", "t", "t", "t", "t", "t", "t", "t", "t", "t", "t", "t", "t", "t", "t", "t", "t", "t", "t", "t", "t", "t", "t", "t", "t", "t", "t", "t", "t", "t", "t", "t", "t", "t", "t", "t", "t", "t", "t", "t", "t", "t", "t", "t", "t", "t", "t", "t", "t", "t", "t", "t", "t", "t", "t", "t", "t", "t", "t", "t", "t", "t", "t", "t", "t", "t", "t", "t", "t", "t", "t", "t", "t", "t", "t", "t", "t", "t", "t", "t", "t", "t", "t", "t", "t", "t", "t", "t", "t", "t", "t", "t", "t", "t"], "initial_reset_timestamp": 1525121955.1175008, "episode_lengths": [200, 161, 155, 200, 200, 195, 200, 200, 200, 133, 187, 171, 170, 200, 152, 128, 183, 113, 200, 163, 109, 129, 152, 135, 124, 117, 134, 199, 164, 165, 125, 138, 200, 200, 183, 121, 178, 118, 145, 170, 142, 200, 200, 186, 159, 176, 106, 184, 183, 115, 186, 109, 193, 200, 200, 133, 104, 163, 199, 200, 156, 200, 190, 200, 132, 188, 178, 105, 192, 172, 162, 126, 92, 127, 101, 181, 200, 148, 200, 134, 156, 138, 178, 200, 137, 200, 200, 167, 200, 139, 200, 113, 158, 200, 137, 121, 97, 200, 140, 119], "timestamps": [1525121961.1474636, 1525121961.3618066, 1525121961.4159274, 1525121961.4630153, 1525121961.5085645, 1525121961.5656471, 1525121961.5905771, 1525121961.6145415, 1525121961.640521, 1525121961.6671355, 1525121961.6993146, 1525121961.7293384, 1525121961.7969472, 1525121961.8313067, 1525121961.8933272, 1525121961.9269044, 1525121961.972795, 1525121962.0110357, 1525121962.0534022, 1525121962.171791, 1525121962.2107124, 1525121962.2658222, 1525121962.3039415, 1525121962.3527317, 1525121962.3966234, 1525121962.4182715, 1525121962.4372983, 1525121962.5028012, 1525121962.540156, 1525121962.575567, 1525121962.60048, 1525121962.6480048, 1525121962.6786234, 1525121962.7308655, 1525121962.7842762, 1525121962.8085485, 1525121962.843082, 1525121962.8763835, 1525121962.924155, 1525121963.0069697, 1525121963.053245, 1525121963.1131032, 1525121963.1864276, 1525121963.293019, 1525121963.3345926, 1525121963.4138236, 1525121963.4511466, 1525121963.4987955, 1525121963.5533347, 1525121963.5918553, 1525121963.6348608, 1525121963.6805422, 1525121963.769897, 1525121963.809839, 1525121963.856906, 1525121963.889724, 1525121963.9075725, 1525121963.954249, 1525121963.9907212, 1525121964.017954, 1525121964.044221, 1525121964.0790515, 1525121964.1162562, 1525121964.2124145, 1525121964.2324452, 1525121964.2639427, 1525121964.2953172, 1525121964.319798, 1525121964.3518214, 1525121964.384528, 1525121964.4195905, 1525121964.4443824, 1525121964.4625769, 1525121964.4965708, 1525121964.5165045, 1525121964.5694513, 1525121964.6098742, 1525121964.634426, 1525121964.6745162, 1525121964.6990516, 1525121964.7470536, 1525121964.7762709, 1525121964.8289096, 1525121964.8656418, 1525121964.9075828, 1525121964.9347425, 1525121964.958188, 1525121964.9838214, 1525121965.018527, 1525121965.0588117, 1525121965.0825756, 1525121965.1070352, 1525121965.135263, 1525121965.1590426, 1525121965.177788, 1525121965.2014515, 1525121965.2192328, 1525121965.2563078, 1525121965.2887707, 1525121965.314131]}