{"episode_rewards": [150.0, 92.0, 193.0, 74.0, 200.0, 70.0, 146.0, 69.0, 193.0, 131.0, 83.0, 200.0, 200.0, 200.0, 88.0, 110.0, 189.0, 87.0, 89.0, 78.0, 102.0, 129.0, 73.0, 87.0, 79.0, 90.0, 200.0, 176.0, 97.0, 151.0, 147.0, 82.0, 106.0, 127.0, 82.0, 96.0, 170.0, 102.0, 125.0, 91.0, 102.0, 68.0, 71.0, 190.0, 67.0, 73.0, 146.0, 200.0, 145.0, 61.0, 100.0, 60.0, 85.0, 65.0, 136.0, 105.0, 200.0, 161.0, 70.0, 200.0, 86.0, 114.0, 69.0, 200.0, 200.0, 129.0, 89.0, 178.0, 98.0, 200.0, 98.0, 172.0, 123.0, 140.0, 129.0, 88.0, 121.0, 121.0, 66.0, 82.0, 164.0, 185.0, 77.0, 200.0, 124.0, 102.0, 75.0, 118.0, 157.0, 85.0, 200.0, 130.0, 75.0, 117.0, 152.0, 116.0, 90.0, 72.0, 181.0, 183.0], "episode_types": ["t", "t", "t", "t", "t", "t", "t", "t", "t", "t", "t", "t", "t", "t", "t", "t", "t", "t", "t", "t", "t", "t", "t", "t", "t", "t", "t", "t", "t", "t", "t", "t", "t", "t", "t", "t", "t", "t", "t", "t", "t", "t", "t", "t", "t", "t", "t", "t", "t", "t", "t", "t", "t", "t", "t", "t", "t", "t", "t", "t", "t", "t", "t", "t", "t", "t", "t", "t", "t", "t", "t", "t", "t", "t", "t", "t", "t", "t", "t", "t", "t", "t", "t", "t", "t", "t", "t", "t", "t", "t", "t", "t", "t", "t", "t", "t", "t", "t", "t", "t"], "initial_reset_timestamp": 1525102741.3548815, "episode_lengths": [150, 92, 193, 74, 200, 70, 146, 69, 193, 131, 83, 200, 200, 200, 88, 110, 189, 87, 89, 78, 102, 129, 73, 87, 79, 90, 200, 176, 97, 151, 147, 82, 106, 127, 82, 96, 170, 102, 125, 91, 102, 68, 71, 190, 67, 73, 146, 200, 145, 61, 100, 60, 85, 65, 136, 105, 200, 161, 70, 200, 86, 114, 69, 200, 200, 129, 89, 178, 98, 200, 98, 172, 123, 140, 129, 88, 121, 121, 66, 82, 164, 185, 77, 200, 124, 102, 75, 118, 157, 85, 200, 130, 75, 117, 152, 116, 90, 72, 181, 183], "timestamps": [1525102745.6845236, 1525102745.9091115, 1525102745.9623506, 1525102745.9806297, 1525102746.0162392, 1525102746.039225, 1525102746.090774, 1525102746.1033304, 1525102746.1368704, 1525102746.1563344, 1525102746.1849966, 1525102746.2115374, 1525102746.2367623, 1525102746.2603686, 1525102746.2993913, 1525102746.3367047, 1525102746.3675961, 1525102746.3913324, 1525102746.4121795, 1525102746.4377267, 1525102746.4716554, 1525102746.5216494, 1525102746.54294, 1525102746.558871, 1525102746.5750997, 1525102746.5974224, 1525102746.6312408, 1525102746.6764717, 1525102746.7071168, 1525102746.7423475, 1525102746.8013432, 1525102746.823376, 1525102746.8517356, 1525102746.9028559, 1525102746.9563007, 1525102746.9824936, 1525102747.042334, 1525102747.1004717, 1525102747.1383898, 1525102747.158784, 1525102747.2042723, 1525102747.2352939, 1525102747.2557976, 1525102747.2989845, 1525102747.319303, 1525102747.3328865, 1525102747.38412, 1525102747.4085126, 1525102747.4337873, 1525102747.4471257, 1525102747.4630256, 1525102747.4865584, 1525102747.5196974, 1525102747.5388598, 1525102747.6001737, 1525102747.6578884, 1525102747.7039723, 1525102747.770078, 1525102747.793763, 1525102747.858327, 1525102747.9121163, 1525102747.9417262, 1525102747.9752479, 1525102748.0123358, 1525102748.0495796, 1525102748.1556337, 1525102748.2058756, 1525102748.2959507, 1525102748.3443053, 1525102748.3820221, 1525102748.4197915, 1525102748.4515278, 1525102748.4780822, 1525102748.5206988, 1525102748.5495594, 1525102748.6054769, 1525102748.6905487, 1525102748.723863, 1525102748.746436, 1525102748.7675714, 1525102748.7966695, 1525102748.877292, 1525102748.8893616, 1525102748.9129608, 1525102748.9468474, 1525102749.0189085, 1525102749.032274, 1525102749.0570388, 1525102749.091976, 1525102749.1234503, 1525102749.1474586, 1525102749.1862793, 1525102749.200107, 1525102749.249657, 1525102749.280089, 1525102749.305718, 1525102749.347142, 1525102749.370306, 1525102749.4533527, 1525102749.4859445]}