{"episode_rewards": [92.0, 136.0, 90.0, 148.0, 88.0, 200.0, 200.0, 200.0, 113.0, 175.0, 87.0, 85.0, 101.0, 135.0, 143.0, 90.0, 85.0, 98.0, 136.0, 108.0, 163.0, 200.0, 200.0, 121.0, 108.0, 136.0, 72.0, 99.0, 200.0, 139.0, 94.0, 142.0, 90.0, 123.0, 200.0, 200.0, 95.0, 171.0, 126.0, 200.0, 95.0, 192.0, 106.0, 95.0, 99.0, 200.0, 138.0, 148.0, 170.0, 160.0, 165.0, 146.0, 103.0, 76.0, 122.0, 133.0, 97.0, 110.0, 122.0, 178.0, 192.0, 200.0, 166.0, 130.0, 126.0, 92.0, 133.0, 170.0, 200.0, 188.0, 166.0, 82.0, 166.0, 166.0, 182.0, 81.0, 200.0, 74.0, 106.0, 116.0, 165.0, 195.0, 170.0, 200.0, 200.0, 196.0, 78.0, 180.0, 111.0, 124.0, 145.0, 124.0, 115.0, 70.0, 63.0, 176.0, 171.0, 93.0, 167.0, 200.0], "episode_types": ["t", "t", "t", "t", "t", "t", "t", "t", "t", "t", "t", "t", "t", "t", "t", "t", "t", "t", "t", "t", "t", "t", "t", "t", "t", "t", "t", "t", "t", "t", "t", "t", "t", "t", "t", "t", "t", "t", "t", "t", "t", "t", "t", "t", "t", "t", "t", "t", "t", "t", "t", "t", "t", "t", "t", "t", "t", "t", "t", "t", "t", "t", "t", "t", "t", "t", "t", "t", "t", "t", "t", "t", "t", "t", "t", "t", "t", "t", "t", "t", "t", "t", "t", "t", "t", "t", "t", "t", "t", "t", "t", "t", "t", "t", "t", "t", "t", "t", "t", "t"], "initial_reset_timestamp": 1525106342.558725, "episode_lengths": [92, 136, 90, 148, 88, 200, 200, 200, 113, 175, 87, 85, 101, 135, 143, 90, 85, 98, 136, 108, 163, 200, 200, 121, 108, 136, 72, 99, 200, 139, 94, 142, 90, 123, 200, 200, 95, 171, 126, 200, 95, 192, 106, 95, 99, 200, 138, 148, 170, 160, 165, 146, 103, 76, 122, 133, 97, 110, 122, 178, 192, 200, 166, 130, 126, 92, 133, 170, 200, 188, 166, 82, 166, 166, 182, 81, 200, 74, 106, 116, 165, 195, 170, 200, 200, 196, 78, 180, 111, 124, 145, 124, 115, 70, 63, 176, 171, 93, 167, 200], "timestamps": [1525106345.055172, 1525106345.3342664, 1525106345.3517208, 1525106345.3759956, 1525106345.4194963, 1525106345.4714885, 1525106345.4997573, 1525106345.5463176, 1525106345.591534, 1525106345.6271186, 1525106345.6535408, 1525106345.6855013, 1525106345.7216005, 1525106345.7447505, 1525106345.7720613, 1525106345.7927935, 1525106345.8135247, 1525106345.845155, 1525106345.903727, 1525106345.9341602, 1525106345.9724898, 1525106346.0026588, 1525106346.041717, 1525106346.0608938, 1525106346.0905585, 1525106346.1342978, 1525106346.1513662, 1525106346.1801624, 1525106346.2424276, 1525106346.305235, 1525106346.3210297, 1525106346.3758714, 1525106346.3955102, 1525106346.4904027, 1525106346.519524, 1525106346.5429435, 1525106346.572079, 1525106346.606529, 1525106346.6448386, 1525106346.668306, 1525106346.6922038, 1525106346.732724, 1525106346.7645097, 1525106346.8105264, 1525106346.8326695, 1525106346.8559208, 1525106346.9051957, 1525106346.9368145, 1525106346.998458, 1525106347.0368638, 1525106347.0691466, 1525106347.139936, 1525106347.1769092, 1525106347.1993034, 1525106347.2213552, 1525106347.2432551, 1525106347.2655673, 1525106347.304067, 1525106347.3551412, 1525106347.4059308, 1525106347.4878438, 1525106347.5113823, 1525106347.5372164, 1525106347.619604, 1525106347.6641734, 1525106347.6911669, 1525106347.7121596, 1525106347.752859, 1525106347.7835305, 1525106347.8418126, 1525106347.8806305, 1525106347.9012694, 1525106347.9393377, 1525106347.976926, 1525106348.009333, 1525106348.0250442, 1525106348.0522628, 1525106348.0680404, 1525106348.0962753, 1525106348.1242163, 1525106348.1502533, 1525106348.1983294, 1525106348.241644, 1525106348.2733116, 1525106348.3379412, 1525106348.4147415, 1525106348.4542232, 1525106348.5087137, 1525106348.540269, 1525106348.5729568, 1525106348.6291149, 1525106348.6823807, 1525106348.702595, 1525106348.7151215, 1525106348.7268734, 1525106348.7527702, 1525106348.824225, 1525106348.8534667, 1525106348.8812184, 1525106348.9111652]}