{"episode_rewards": [200.0, 187.0, 200.0, 200.0, 200.0, 200.0, 190.0, 200.0, 184.0, 200.0, 200.0, 170.0, 200.0, 200.0, 200.0, 200.0, 200.0, 200.0, 200.0, 200.0, 200.0, 177.0, 155.0, 200.0, 200.0, 180.0, 200.0, 185.0, 200.0, 200.0, 200.0, 179.0, 200.0, 200.0, 200.0, 200.0, 200.0, 166.0, 200.0, 200.0, 200.0, 200.0, 200.0, 200.0, 200.0, 200.0, 200.0, 168.0, 200.0, 174.0, 200.0, 200.0, 200.0, 200.0, 200.0, 200.0, 143.0, 200.0, 157.0, 170.0, 200.0, 200.0, 188.0, 200.0, 194.0, 200.0, 200.0, 200.0, 200.0, 159.0, 143.0, 185.0, 200.0, 200.0, 161.0, 200.0, 200.0, 200.0, 180.0, 185.0, 200.0, 200.0, 175.0, 200.0, 200.0, 200.0, 200.0, 200.0, 200.0, 200.0, 200.0, 200.0, 200.0, 200.0, 200.0, 200.0, 200.0, 158.0, 200.0, 200.0], "episode_types": ["t", "t", "t", "t", "t", "t", "t", "t", "t", "t", "t", "t", "t", "t", "t", "t", "t", "t", "t", "t", "t", "t", "t", "t", "t", "t", "t", "t", "t", "t", "t", "t", "t", "t", "t", "t", "t", "t", "t", "t", "t", "t", "t", "t", "t", "t", "t", "t", "t", "t", "t", "t", "t", "t", "t", "t", "t", "t", "t", "t", "t", "t", "t", "t", "t", "t", "t", "t", "t", "t", "t", "t", "t", "t", "t", "t", "t", "t", "t", "t", "t", "t", "t", "t", "t", "t", "t", "t", "t", "t", "t", "t", "t", "t", "t", "t", "t", "t", "t", "t"], "initial_reset_timestamp": 1525147732.9131212, "episode_lengths": [200, 187, 200, 200, 200, 200, 190, 200, 184, 200, 200, 170, 200, 200, 200, 200, 200, 200, 200, 200, 200, 177, 155, 200, 200, 180, 200, 185, 200, 200, 200, 179, 200, 200, 200, 200, 200, 166, 200, 200, 200, 200, 200, 200, 200, 200, 200, 168, 200, 174, 200, 200, 200, 200, 200, 200, 143, 200, 157, 170, 200, 200, 188, 200, 194, 200, 200, 200, 200, 159, 143, 185, 200, 200, 161, 200, 200, 200, 180, 185, 200, 200, 175, 200, 200, 200, 200, 200, 200, 200, 200, 200, 200, 200, 200, 200, 200, 158, 200, 200], "timestamps": [1525147738.229348, 1525147738.453497, 1525147738.5230627, 1525147738.556145, 1525147738.5830178, 1525147738.6090446, 1525147738.647333, 1525147738.6766062, 1525147738.7112055, 1525147738.736339, 1525147738.7622828, 1525147738.7903986, 1525147738.8356261, 1525147738.8631306, 1525147738.8870046, 1525147738.9106977, 1525147738.944814, 1525147738.9915676, 1525147739.030139, 1525147739.0674686, 1525147739.1041427, 1525147739.1496966, 1525147739.1842406, 1525147739.2167032, 1525147739.2517576, 1525147739.2927923, 1525147739.3287919, 1525147739.3822587, 1525147739.4183688, 1525147739.4552436, 1525147739.4916737, 1525147739.5327969, 1525147739.570089, 1525147739.6063907, 1525147739.631642, 1525147739.6548011, 1525147739.6836066, 1525147739.7065098, 1525147739.7351687, 1525147739.7638712, 1525147739.7923667, 1525147739.850073, 1525147739.8877156, 1525147739.9226427, 1525147739.9462836, 1525147739.9769738, 1525147739.9997044, 1525147740.0299394, 1525147740.0527732, 1525147740.0842395, 1525147740.107161, 1525147740.1298695, 1525147740.1529782, 1525147740.1768863, 1525147740.2182095, 1525147740.253747, 1525147740.272508, 1525147740.2958093, 1525147740.318508, 1525147740.3536417, 1525147740.3847735, 1525147740.414175, 1525147740.4471378, 1525147740.4705007, 1525147740.4990466, 1525147740.521794, 1525147740.5447109, 1525147740.5679517, 1525147740.591047, 1525147740.6158075, 1525147740.6348536, 1525147740.6627636, 1525147740.6927903, 1525147740.717232, 1525147740.7444522, 1525147740.781233, 1525147740.8224854, 1525147740.8573015, 1525147740.8892994, 1525147740.9176757, 1525147740.9414797, 1525147740.9657104, 1525147740.9983642, 1525147741.0257907, 1525147741.0516508, 1525147741.0750623, 1525147741.0984273, 1525147741.1232424, 1525147741.146658, 1525147741.1708078, 1525147741.1945722, 1525147741.2195418, 1525147741.2428596, 1525147741.2801387, 1525147741.3219595, 1525147741.3456411, 1525147741.3688815, 1525147741.3920186, 1525147741.4159398, 1525147741.4402313]}