{"episode_rewards": [199.0, 200.0, 200.0, 191.0, 200.0, 200.0, 200.0, 200.0, 200.0, 200.0, 200.0, 200.0, 200.0, 200.0, 200.0, 192.0, 200.0, 200.0, 200.0, 200.0, 200.0, 200.0, 200.0, 194.0, 200.0, 200.0, 200.0, 163.0, 200.0, 155.0, 170.0, 200.0, 200.0, 200.0, 200.0, 200.0, 178.0, 200.0, 200.0, 200.0, 200.0, 200.0, 200.0, 200.0, 200.0, 173.0, 200.0, 200.0, 200.0, 192.0, 200.0, 163.0, 200.0, 200.0, 200.0, 200.0, 200.0, 182.0, 160.0, 200.0, 162.0, 200.0, 200.0, 200.0, 179.0, 200.0, 180.0, 176.0, 198.0, 193.0, 200.0, 200.0, 200.0, 194.0, 200.0, 200.0, 186.0, 200.0, 200.0, 200.0, 200.0, 164.0, 200.0, 200.0, 200.0, 200.0, 200.0, 200.0, 200.0, 200.0, 200.0, 200.0, 175.0, 200.0, 200.0, 168.0, 193.0, 200.0, 169.0, 183.0], "episode_types": ["t", "t", "t", "t", "t", "t", "t", "t", "t", "t", "t", "t", "t", "t", "t", "t", "t", "t", "t", "t", "t", "t", "t", "t", "t", "t", "t", "t", "t", "t", "t", "t", "t", "t", "t", "t", "t", "t", "t", "t", "t", "t", "t", "t", "t", "t", "t", "t", "t", "t", "t", "t", "t", "t", "t", "t", "t", "t", "t", "t", "t", "t", "t", "t", "t", "t", "t", "t", "t", "t", "t", "t", "t", "t", "t", "t", "t", "t", "t", "t", "t", "t", "t", "t", "t", "t", "t", "t", "t", "t", "t", "t", "t", "t", "t", "t", "t", "t", "t", "t"], "initial_reset_timestamp": 1525149204.2110648, "episode_lengths": [199, 200, 200, 191, 200, 200, 200, 200, 200, 200, 200, 200, 200, 200, 200, 192, 200, 200, 200, 200, 200, 200, 200, 194, 200, 200, 200, 163, 200, 155, 170, 200, 200, 200, 200, 200, 178, 200, 200, 200, 200, 200, 200, 200, 200, 173, 200, 200, 200, 192, 200, 163, 200, 200, 200, 200, 200, 182, 160, 200, 162, 200, 200, 200, 179, 200, 180, 176, 198, 193, 200, 200, 200, 194, 200, 200, 186, 200, 200, 200, 200, 164, 200, 200, 200, 200, 200, 200, 200, 200, 200, 200, 175, 200, 200, 168, 193, 200, 169, 183], "timestamps": [1525149208.9492278, 1525149209.1442528, 1525149209.1766622, 1525149209.2097106, 1525149209.2327485, 1525149209.262506, 1525149209.2863643, 1525149209.3154912, 1525149209.3574533, 1525149209.3926933, 1525149209.4155838, 1525149209.4386346, 1525149209.4615476, 1525149209.484846, 1525149209.5130255, 1525149209.5610907, 1525149209.584471, 1525149209.6080496, 1525149209.6310203, 1525149209.653941, 1525149209.6831136, 1525149209.7072124, 1525149209.7312694, 1525149209.7662551, 1525149209.791558, 1525149209.814309, 1525149209.8369553, 1525149209.8614206, 1525149209.8842492, 1525149209.9067812, 1525149209.934478, 1525149209.9576168, 1525149209.9804451, 1525149210.0139587, 1525149210.0367513, 1525149210.0665941, 1525149210.1125107, 1525149210.1373408, 1525149210.1618805, 1525149210.1855116, 1525149210.2098298, 1525149210.2344668, 1525149210.258061, 1525149210.2832675, 1525149210.308025, 1525149210.3337843, 1525149210.3574612, 1525149210.3815756, 1525149210.4200506, 1525149210.469945, 1525149210.4941144, 1525149210.5228498, 1525149210.5487332, 1525149210.5722418, 1525149210.5968897, 1525149210.6223276, 1525149210.6468163, 1525149210.677461, 1525149210.70175, 1525149210.7252722, 1525149210.7514522, 1525149210.7743914, 1525149210.7973926, 1525149210.8203416, 1525149210.860555, 1525149210.8844893, 1525149210.9137704, 1525149210.93804, 1525149210.9692693, 1525149211.0002825, 1525149211.0229716, 1525149211.0458615, 1525149211.0771637, 1525149211.111276, 1525149211.1367583, 1525149211.163661, 1525149211.1913047, 1525149211.2147427, 1525149211.2382028, 1525149211.2622561, 1525149211.2859135, 1525149211.312983, 1525149211.3449762, 1525149211.3694174, 1525149211.3931434, 1525149211.4167662, 1525149211.440584, 1525149211.4703786, 1525149211.5001025, 1525149211.5255084, 1525149211.5542257, 1525149211.5788014, 1525149211.6070445, 1525149211.642984, 1525149211.6660883, 1525149211.7047613, 1525149211.749515, 1525149211.7763076, 1525149211.8016956, 1525149211.8307714]}