{"episode_rewards": [73.0, 137.0, 117.0, 52.0, 143.0, 72.0, 70.0, 119.0, 87.0, 81.0, 72.0, 48.0, 59.0, 98.0, 44.0, 94.0, 64.0, 121.0, 102.0, 55.0, 50.0, 93.0, 112.0, 83.0, 79.0, 134.0, 101.0, 68.0, 129.0, 81.0, 67.0, 116.0, 64.0, 69.0, 145.0, 72.0, 68.0, 72.0, 51.0, 88.0, 129.0, 159.0, 96.0, 67.0, 176.0, 101.0, 116.0, 65.0, 200.0, 58.0, 63.0, 71.0, 144.0, 63.0, 70.0, 84.0, 108.0, 71.0, 57.0, 82.0, 73.0, 108.0, 152.0, 93.0, 129.0, 56.0, 101.0, 51.0, 68.0, 58.0, 152.0, 102.0, 125.0, 70.0, 60.0, 123.0, 79.0, 117.0, 77.0, 106.0, 72.0, 86.0, 96.0, 25.0, 84.0, 73.0, 94.0, 194.0, 61.0, 64.0, 95.0, 93.0, 61.0, 107.0, 79.0, 52.0, 98.0, 68.0, 49.0, 83.0], "episode_types": ["t", "t", "t", "t", "t", "t", "t", "t", "t", "t", "t", "t", "t", "t", "t", "t", "t", "t", "t", "t", "t", "t", "t", "t", "t", "t", "t", "t", "t", "t", "t", "t", "t", "t", "t", "t", "t", "t", "t", "t", "t", "t", "t", "t", "t", "t", "t", "t", "t", "t", "t", "t", "t", "t", "t", "t", "t", "t", "t", "t", "t", "t", "t", "t", "t", "t", "t", "t", "t", "t", "t", "t", "t", "t", "t", "t", "t", "t", "t", "t", "t", "t", "t", "t", "t", "t", "t", "t", "t", "t", "t", "t", "t", "t", "t", "t", "t", "t", "t", "t"], "initial_reset_timestamp": 1525101919.2048526, "episode_lengths": [73, 137, 117, 52, 143, 72, 70, 119, 87, 81, 72, 48, 59, 98, 44, 94, 64, 121, 102, 55, 50, 93, 112, 83, 79, 134, 101, 68, 129, 81, 67, 116, 64, 69, 145, 72, 68, 72, 51, 88, 129, 159, 96, 67, 176, 101, 116, 65, 200, 58, 63, 71, 144, 63, 70, 84, 108, 71, 57, 82, 73, 108, 152, 93, 129, 56, 101, 51, 68, 58, 152, 102, 125, 70, 60, 123, 79, 117, 77, 106, 72, 86, 96, 25, 84, 73, 94, 194, 61, 64, 95, 93, 61, 107, 79, 52, 98, 68, 49, 83], "timestamps": [1525101920.8664253, 1525101920.9654698, 1525101920.984781, 1525101920.989969, 1525101920.999381, 1525101921.0053709, 1525101921.016518, 1525101921.030428, 1525101921.0410233, 1525101921.0538695, 1525101921.066002, 1525101921.0737803, 1525101921.0807588, 1525101921.0911653, 1525101921.0956562, 1525101921.1040754, 1525101921.1128662, 1525101921.12282, 1525101921.1293018, 1525101921.1345856, 1525101921.1398468, 1525101921.1519456, 1525101921.1594715, 1525101921.1696136, 1525101921.1758797, 1525101921.1882088, 1525101921.2032912, 1525101921.2110507, 1525101921.2253401, 1525101921.2393284, 1525101921.2456136, 1525101921.2593484, 1525101921.2691493, 1525101921.2752833, 1525101921.2872908, 1525101921.2946851, 1525101921.3034046, 1525101921.3122945, 1525101921.3165314, 1525101921.328752, 1525101921.339897, 1525101921.359033, 1525101921.3680725, 1525101921.3783, 1525101921.3963397, 1525101921.4038067, 1525101921.4178069, 1525101921.4282866, 1525101921.444066, 1525101921.4510577, 1525101921.45729, 1525101921.4683602, 1525101921.4772973, 1525101921.4841328, 1525101921.495372, 1525101921.5072875, 1525101921.522713, 1525101921.5354536, 1525101921.5411875, 1525101921.5511582, 1525101921.559387, 1525101921.581009, 1525101921.59563, 1525101921.6061418, 1525101921.6186013, 1525101921.6262412, 1525101921.6361165, 1525101921.6422925, 1525101921.6520708, 1525101921.6574461, 1525101921.6799436, 1525101921.6888545, 1525101921.6991081, 1525101921.707705, 1525101921.716639, 1525101921.7318225, 1525101921.7416687, 1525101921.7582526, 1525101921.7704601, 1525101921.78202, 1525101921.7896757, 1525101921.8006296, 1525101921.8113694, 1525101921.814003, 1525101921.8217242, 1525101921.828276, 1525101921.8373652, 1525101921.8528414, 1525101921.8591154, 1525101921.8652818, 1525101921.8746917, 1525101921.8866444, 1525101921.8933496, 1525101921.9135232, 1525101921.9225764, 1525101921.9313502, 1525101921.9456313, 1525101921.9573781, 1525101921.96748, 1525101921.9893322]}