{"episode_rewards": [109.0, 200.0, 144.0, 200.0, 200.0, 115.0, 109.0, 200.0, 200.0, 146.0, 200.0, 200.0, 149.0, 200.0, 200.0, 153.0, 194.0, 188.0, 200.0, 137.0, 150.0, 141.0, 179.0, 108.0, 193.0, 200.0, 124.0, 200.0, 171.0, 138.0, 153.0, 200.0, 115.0, 181.0, 181.0, 81.0, 200.0, 180.0, 126.0, 168.0, 137.0, 176.0, 200.0, 95.0, 200.0, 200.0, 200.0, 200.0, 178.0, 200.0, 198.0, 162.0, 130.0, 169.0, 200.0, 141.0, 200.0, 172.0, 197.0, 155.0, 200.0, 179.0, 112.0, 180.0, 153.0, 199.0, 105.0, 136.0, 200.0, 182.0, 145.0, 144.0, 200.0, 132.0, 200.0, 100.0, 145.0, 194.0, 151.0, 137.0, 121.0, 200.0, 140.0, 200.0, 84.0, 115.0, 109.0, 200.0, 200.0, 162.0, 200.0, 200.0, 200.0, 166.0, 200.0, 200.0, 200.0, 175.0, 112.0, 126.0], "episode_types": ["t", "t", "t", "t", "t", "t", "t", "t", "t", "t", "t", "t", "t", "t", "t", "t", "t", "t", "t", "t", "t", "t", "t", "t", "t", "t", "t", "t", "t", "t", "t", "t", "t", "t", "t", "t", "t", "t", "t", "t", "t", "t", "t", "t", "t", "t", "t", "t", "t", "t", "t", "t", "t", "t", "t", "t", "t", "t", "t", "t", "t", "t", "t", "t", "t", "t", "t", "t", "t", "t", "t", "t", "t", "t", "t", "t", "t", "t", "t", "t", "t", "t", "t", "t", "t", "t", "t", "t", "t", "t", "t", "t", "t", "t", "t", "t", "t", "t", "t", "t"], "initial_reset_timestamp": 1525115218.0882678, "episode_lengths": [109, 200, 144, 200, 200, 115, 109, 200, 200, 146, 200, 200, 149, 200, 200, 153, 194, 188, 200, 137, 150, 141, 179, 108, 193, 200, 124, 200, 171, 138, 153, 200, 115, 181, 181, 81, 200, 180, 126, 168, 137, 176, 200, 95, 200, 200, 200, 200, 178, 200, 198, 162, 130, 169, 200, 141, 200, 172, 197, 155, 200, 179, 112, 180, 153, 199, 105, 136, 200, 182, 145, 144, 200, 132, 200, 100, 145, 194, 151, 137, 121, 200, 140, 200, 84, 115, 109, 200, 200, 162, 200, 200, 200, 166, 200, 200, 200, 175, 112, 126], "timestamps": [1525115221.2963383, 1525115221.6003983, 1525115221.6471124, 1525115221.6889384, 1525115221.7544405, 1525115221.8041947, 1525115221.842038, 1525115221.9063287, 1525115221.9378104, 1525115221.9895766, 1525115222.0200562, 1525115222.0444493, 1525115222.076797, 1525115222.111607, 1525115222.147711, 1525115222.18249, 1525115222.2375102, 1525115222.2891145, 1525115222.313856, 1525115222.361399, 1525115222.3995183, 1525115222.4327223, 1525115222.4860013, 1525115222.5318959, 1525115222.5819628, 1525115222.616936, 1525115222.6496916, 1525115222.674013, 1525115222.704267, 1525115222.7433207, 1525115222.7675638, 1525115222.7940865, 1525115222.8300383, 1525115222.8594868, 1525115222.8900485, 1525115222.9137642, 1525115222.9400694, 1525115222.9936357, 1525115223.041048, 1525115223.0757952, 1525115223.1044722, 1525115223.1715536, 1525115223.1957922, 1525115223.2142406, 1525115223.2542987, 1525115223.285031, 1525115223.3179142, 1525115223.3423147, 1525115223.3793144, 1525115223.4052055, 1525115223.4425662, 1525115223.505472, 1525115223.5301318, 1525115223.602943, 1525115223.632469, 1525115223.676894, 1525115223.7127466, 1525115223.7599583, 1525115223.8033388, 1525115223.8297527, 1525115223.8580217, 1525115223.9097154, 1525115223.9367056, 1525115223.9756024, 1525115224.030075, 1525115224.0746849, 1525115224.0963166, 1525115224.128445, 1525115224.178297, 1525115224.2166846, 1525115224.2563791, 1525115224.2946692, 1525115224.322174, 1525115224.3499162, 1525115224.3743577, 1525115224.396516, 1525115224.4467273, 1525115224.4777281, 1525115224.5095778, 1525115224.5418022, 1525115224.568133, 1525115224.6200767, 1525115224.65951, 1525115224.6985118, 1525115224.7263272, 1525115224.7516947, 1525115224.7754347, 1525115224.803268, 1525115224.832881, 1525115224.8733811, 1525115224.900634, 1525115224.92336, 1525115224.958658, 1525115225.011575, 1525115225.0409174, 1525115225.0668166, 1525115225.101584, 1525115225.1549647, 1525115225.1912007, 1525115225.216609]}