{"episode_rewards": [173.0, 200.0, 157.0, 200.0, 200.0, 179.0, 182.0, 155.0, 146.0, 200.0, 197.0, 171.0, 200.0, 157.0, 150.0, 200.0, 200.0, 142.0, 146.0, 182.0, 200.0, 147.0, 169.0, 200.0, 158.0, 186.0, 160.0, 139.0, 200.0, 200.0, 142.0, 200.0, 200.0, 200.0, 200.0, 154.0, 176.0, 157.0, 148.0, 200.0, 200.0, 200.0, 200.0, 200.0, 140.0, 143.0, 144.0, 200.0, 159.0, 200.0, 200.0, 192.0, 185.0, 150.0, 182.0, 200.0, 156.0, 200.0, 169.0, 200.0, 200.0, 200.0, 117.0, 188.0, 200.0, 156.0, 200.0, 179.0, 200.0, 117.0, 200.0, 132.0, 131.0, 200.0, 164.0, 190.0, 143.0, 200.0, 142.0, 154.0, 170.0, 132.0, 154.0, 194.0, 200.0, 200.0, 158.0, 166.0, 200.0, 165.0, 192.0, 200.0, 197.0, 161.0, 200.0, 171.0, 152.0, 136.0, 162.0, 200.0], "episode_types": ["t", "t", "t", "t", "t", "t", "t", "t", "t", "t", "t", "t", "t", "t", "t", "t", "t", "t", "t", "t", "t", "t", "t", "t", "t", "t", "t", "t", "t", "t", "t", "t", "t", "t", "t", "t", "t", "t", "t", "t", "t", "t", "t", "t", "t", "t", "t", "t", "t", "t", "t", "t", "t", "t", "t", "t", "t", "t", "t", "t", "t", "t", "t", "t", "t", "t", "t", "t", "t", "t", "t", "t", "t", "t", "t", "t", "t", "t", "t", "t", "t", "t", "t", "t", "t", "t", "t", "t", "t", "t", "t", "t", "t", "t", "t", "t", "t", "t", "t", "t"], "initial_reset_timestamp": 1525134617.00429, "episode_lengths": [173, 200, 157, 200, 200, 179, 182, 155, 146, 200, 197, 171, 200, 157, 150, 200, 200, 142, 146, 182, 200, 147, 169, 200, 158, 186, 160, 139, 200, 200, 142, 200, 200, 200, 200, 154, 176, 157, 148, 200, 200, 200, 200, 200, 140, 143, 144, 200, 159, 200, 200, 192, 185, 150, 182, 200, 156, 200, 169, 200, 200, 200, 117, 188, 200, 156, 200, 179, 200, 117, 200, 132, 131, 200, 164, 190, 143, 200, 142, 154, 170, 132, 154, 194, 200, 200, 158, 166, 200, 165, 192, 200, 197, 161, 200, 171, 152, 136, 162, 200], "timestamps": [1525134621.7240434, 1525134621.992417, 1525134622.0279598, 1525134622.0669696, 1525134622.0972996, 1525134622.1517289, 1525134622.1955338, 1525134622.2283468, 1525134622.2663112, 1525134622.2911932, 1525134622.3366416, 1525134622.3680048, 1525134622.4225228, 1525134622.4483442, 1525134622.4788969, 1525134622.5080268, 1525134622.5369236, 1525134622.56585, 1525134622.5982308, 1525134622.6232188, 1525134622.6556644, 1525134622.6909475, 1525134622.7514207, 1525134622.777149, 1525134622.801803, 1525134622.8423939, 1525134622.8873146, 1525134622.918119, 1525134622.9518418, 1525134622.9756453, 1525134623.0015812, 1525134623.0248573, 1525134623.0647273, 1525134623.1051145, 1525134623.135385, 1525134623.1676908, 1525134623.2105372, 1525134623.2405243, 1525134623.2643552, 1525134623.287767, 1525134623.315102, 1525134623.3471022, 1525134623.3751218, 1525134623.3984687, 1525134623.4222317, 1525134623.4553478, 1525134623.505459, 1525134623.5304017, 1525134623.5610518, 1525134623.584674, 1525134623.6081107, 1525134623.6406758, 1525134623.6699328, 1525134623.702979, 1525134623.7275045, 1525134623.7520528, 1525134623.7791176, 1525134623.8111937, 1525134623.8612869, 1525134623.8882496, 1525134623.913208, 1525134623.9371214, 1525134623.95734, 1525134623.9977787, 1525134624.0285838, 1525134624.051717, 1525134624.0798347, 1525134624.1195838, 1525134624.1975527, 1525134624.2219741, 1525134624.2589593, 1525134624.3185458, 1525134624.3613608, 1525134624.3984082, 1525134624.4395971, 1525134624.5432072, 1525134624.5757813, 1525134624.6178195, 1525134624.6595085, 1525134624.6964126, 1525134624.7499082, 1525134624.7737997, 1525134624.8391733, 1525134624.885088, 1525134624.910371, 1525134624.9354308, 1525134624.9674554, 1525134625.0000088, 1525134625.031453, 1525134625.075979, 1525134625.1076064, 1525134625.1428032, 1525134625.1980505, 1525134625.2309299, 1525134625.261201, 1525134625.2995563, 1525134625.3341968, 1525134625.356669, 1525134625.3900204, 1525134625.41298]}