{"episode_rewards": [161.0, 144.0, 122.0, 200.0, 134.0, 148.0, 197.0, 196.0, 154.0, 142.0, 151.0, 183.0, 200.0, 123.0, 200.0, 200.0, 200.0, 147.0, 159.0, 147.0, 200.0, 200.0, 200.0, 200.0, 200.0, 140.0, 200.0, 113.0, 200.0, 198.0, 149.0, 169.0, 143.0, 173.0, 200.0, 171.0, 161.0, 143.0, 200.0, 134.0, 180.0, 183.0, 144.0, 200.0, 186.0, 163.0, 108.0, 142.0, 135.0, 200.0, 145.0, 200.0, 200.0, 200.0, 200.0, 200.0, 185.0, 200.0, 200.0, 198.0, 200.0, 200.0, 200.0, 136.0, 151.0, 153.0, 200.0, 137.0, 193.0, 124.0, 200.0, 115.0, 155.0, 176.0, 200.0, 200.0, 150.0, 200.0, 200.0, 150.0, 159.0, 102.0, 200.0, 197.0, 148.0, 200.0, 187.0, 123.0, 200.0, 200.0, 188.0, 200.0, 160.0, 200.0, 200.0, 200.0, 119.0, 179.0, 200.0, 116.0], "episode_types": ["t", "t", "t", "t", "t", "t", "t", "t", "t", "t", "t", "t", "t", "t", "t", "t", "t", "t", "t", "t", "t", "t", "t", "t", "t", "t", "t", "t", "t", "t", "t", "t", "t", "t", "t", "t", "t", "t", "t", "t", "t", "t", "t", "t", "t", "t", "t", "t", "t", "t", "t", "t", "t", "t", "t", "t", "t", "t", "t", "t", "t", "t", "t", "t", "t", "t", "t", "t", "t", "t", "t", "t", "t", "t", "t", "t", "t", "t", "t", "t", "t", "t", "t", "t", "t", "t", "t", "t", "t", "t", "t", "t", "t", "t", "t", "t", "t", "t", "t", "t"], "initial_reset_timestamp": 1525133221.6514752, "episode_lengths": [161, 144, 122, 200, 134, 148, 197, 196, 154, 142, 151, 183, 200, 123, 200, 200, 200, 147, 159, 147, 200, 200, 200, 200, 200, 140, 200, 113, 200, 198, 149, 169, 143, 173, 200, 171, 161, 143, 200, 134, 180, 183, 144, 200, 186, 163, 108, 142, 135, 200, 145, 200, 200, 200, 200, 200, 185, 200, 200, 198, 200, 200, 200, 136, 151, 153, 200, 137, 193, 124, 200, 115, 155, 176, 200, 200, 150, 200, 200, 150, 159, 102, 200, 197, 148, 200, 187, 123, 200, 200, 188, 200, 160, 200, 200, 200, 119, 179, 200, 116], "timestamps": [1525133226.172309, 1525133226.4005063, 1525133226.4361875, 1525133226.4644313, 1525133226.48734, 1525133226.514734, 1525133226.556563, 1525133226.5905917, 1525133226.620799, 1525133226.6561122, 1525133226.6801343, 1525133226.7140114, 1525133226.7375479, 1525133226.7627099, 1525133226.7930362, 1525133226.8231828, 1525133226.8831913, 1525133226.9140682, 1525133226.9417496, 1525133227.0008059, 1525133227.027184, 1525133227.051236, 1525133227.0877264, 1525133227.122098, 1525133227.151483, 1525133227.177796, 1525133227.2118201, 1525133227.2302656, 1525133227.2595344, 1525133227.3267593, 1525133227.3521733, 1525133227.3868918, 1525133227.425061, 1525133227.4674437, 1525133227.4904935, 1525133227.539477, 1525133227.5653899, 1525133227.597567, 1525133227.6244164, 1525133227.6535501, 1525133227.682258, 1525133227.7393656, 1525133227.7707932, 1525133227.7998734, 1525133227.8530064, 1525133227.8784697, 1525133227.8971796, 1525133227.9245787, 1525133227.9551015, 1525133227.9945395, 1525133228.022417, 1525133228.0479863, 1525133228.0762742, 1525133228.099485, 1525133228.1349683, 1525133228.1913607, 1525133228.2424712, 1525133228.2829242, 1525133228.3221703, 1525133228.372758, 1525133228.409459, 1525133228.4463496, 1525133228.4826815, 1525133228.5313737, 1525133228.5714235, 1525133228.636729, 1525133228.715328, 1525133228.7582793, 1525133228.8247898, 1525133228.8469572, 1525133228.8721259, 1525133228.8905394, 1525133228.9144926, 1525133228.9796216, 1525133229.0159612, 1525133229.0390227, 1525133229.0674586, 1525133229.1037316, 1525133229.127343, 1525133229.1682649, 1525133229.203228, 1525133229.2194893, 1525133229.2504084, 1525133229.278763, 1525133229.3064575, 1525133229.3317456, 1525133229.3680136, 1525133229.3960035, 1525133229.4240463, 1525133229.4640977, 1525133229.4965415, 1525133229.5200386, 1525133229.5525362, 1525133229.5771167, 1525133229.6011937, 1525133229.635009, 1525133229.6584177, 1525133229.6878572, 1525133229.7146, 1525133229.7334876]}