{"episode_rewards": [200.0, 200.0, 200.0, 200.0, 196.0, 200.0, 200.0, 200.0, 157.0, 200.0, 182.0, 200.0, 200.0, 200.0, 200.0, 200.0, 200.0, 200.0, 200.0, 200.0, 200.0, 200.0, 200.0, 200.0, 197.0, 136.0, 200.0, 200.0, 200.0, 200.0, 200.0, 200.0, 200.0, 200.0, 192.0, 200.0, 200.0, 200.0, 200.0, 200.0, 200.0, 200.0, 188.0, 200.0, 200.0, 200.0, 200.0, 196.0, 187.0, 200.0, 200.0, 200.0, 200.0, 187.0, 200.0, 200.0, 183.0, 200.0, 200.0, 196.0, 200.0, 187.0, 200.0, 200.0, 200.0, 200.0, 180.0, 184.0, 200.0, 200.0, 200.0, 200.0, 200.0, 200.0, 200.0, 200.0, 200.0, 200.0, 200.0, 200.0, 200.0, 200.0, 200.0, 200.0, 200.0, 200.0, 200.0, 200.0, 200.0, 178.0, 200.0, 200.0, 161.0, 200.0, 200.0, 200.0, 200.0, 200.0, 200.0, 200.0], "episode_types": ["t", "t", "t", "t", "t", "t", "t", "t", "t", "t", "t", "t", "t", "t", "t", "t", "t", "t", "t", "t", "t", "t", "t", "t", "t", "t", "t", "t", "t", "t", "t", "t", "t", "t", "t", "t", "t", "t", "t", "t", "t", "t", "t", "t", "t", "t", "t", "t", "t", "t", "t", "t", "t", "t", "t", "t", "t", "t", "t", "t", "t", "t", "t", "t", "t", "t", "t", "t", "t", "t", "t", "t", "t", "t", "t", "t", "t", "t", "t", "t", "t", "t", "t", "t", "t", "t", "t", "t", "t", "t", "t", "t", "t", "t", "t", "t", "t", "t", "t", "t"], "initial_reset_timestamp": 1525151985.8827572, "episode_lengths": [200, 200, 200, 200, 196, 200, 200, 200, 157, 200, 182, 200, 200, 200, 200, 200, 200, 200, 200, 200, 200, 200, 200, 200, 197, 136, 200, 200, 200, 200, 200, 200, 200, 200, 192, 200, 200, 200, 200, 200, 200, 200, 188, 200, 200, 200, 200, 196, 187, 200, 200, 200, 200, 187, 200, 200, 183, 200, 200, 196, 200, 187, 200, 200, 200, 200, 180, 184, 200, 200, 200, 200, 200, 200, 200, 200, 200, 200, 200, 200, 200, 200, 200, 200, 200, 200, 200, 200, 200, 178, 200, 200, 161, 200, 200, 200, 200, 200, 200, 200], "timestamps": [1525151989.2456725, 1525151989.3300223, 1525151989.3391123, 1525151989.3479505, 1525151989.3653543, 1525151989.3794062, 1525151989.389633, 1525151989.3990307, 1525151989.409739, 1525151989.4208863, 1525151989.4293501, 1525151989.4386666, 1525151989.4480705, 1525151989.4571629, 1525151989.4662359, 1525151989.475003, 1525151989.4836805, 1525151989.4925835, 1525151989.505357, 1525151989.513977, 1525151989.5229511, 1525151989.5323102, 1525151989.540968, 1525151989.5512872, 1525151989.560451, 1525151989.5678835, 1525151989.576686, 1525151989.5852952, 1525151989.5940754, 1525151989.6026533, 1525151989.6112647, 1525151989.6199923, 1525151989.6285577, 1525151989.6374788, 1525151989.6468153, 1525151989.655966, 1525151989.6646726, 1525151989.6733072, 1525151989.6819184, 1525151989.6906595, 1525151989.7011654, 1525151989.709681, 1525151989.7193012, 1525151989.7289698, 1525151989.737724, 1525151989.7464738, 1525151989.7551115, 1525151989.7653055, 1525151989.7741907, 1525151989.7829947, 1525151989.7963984, 1525151989.8053439, 1525151989.8140264, 1525151989.8229125, 1525151989.8317726, 1525151989.8403723, 1525151989.851677, 1525151989.8601928, 1525151989.869808, 1525151989.8823245, 1525151989.8910537, 1525151989.901357, 1525151989.9102829, 1525151989.9188774, 1525151989.9274457, 1525151989.9367106, 1525151989.948924, 1525151989.9642684, 1525151989.9728765, 1525151989.9814925, 1525151989.9901097, 1525151990.0000887, 1525151990.0090473, 1525151990.018557, 1525151990.0272863, 1525151990.0360758, 1525151990.0446448, 1525151990.0539744, 1525151990.0625548, 1525151990.0718532, 1525151990.080541, 1525151990.0892189, 1525151990.0980265, 1525151990.1067278, 1525151990.1154876, 1525151990.124587, 1525151990.1332316, 1525151990.146406, 1525151990.1565776, 1525151990.16579, 1525151990.1746333, 1525151990.1854856, 1525151990.1934462, 1525151990.2021682, 1525151990.2106473, 1525151990.2191045, 1525151990.227542, 1525151990.2363687, 1525151990.2449403, 1525151990.2539444]}