{"episode_rewards": [177.0, 200.0, 200.0, 200.0, 200.0, 190.0, 200.0, 170.0, 163.0, 158.0, 200.0, 154.0, 200.0, 190.0, 200.0, 194.0, 200.0, 200.0, 200.0, 200.0, 200.0, 200.0, 200.0, 200.0, 175.0, 200.0, 200.0, 200.0, 200.0, 200.0, 200.0, 200.0, 200.0, 200.0, 200.0, 176.0, 200.0, 200.0, 173.0, 200.0, 200.0, 200.0, 200.0, 200.0, 200.0, 200.0, 171.0, 200.0, 200.0, 200.0, 200.0, 200.0, 190.0, 200.0, 200.0, 200.0, 180.0, 176.0, 200.0, 200.0, 200.0, 193.0, 200.0, 200.0, 200.0, 200.0, 172.0, 200.0, 170.0, 194.0, 196.0, 200.0, 200.0, 169.0, 200.0, 200.0, 200.0, 192.0, 200.0, 200.0, 200.0, 183.0, 200.0, 200.0, 199.0, 200.0, 200.0, 185.0, 200.0, 200.0, 200.0, 199.0, 200.0, 179.0, 200.0, 200.0, 200.0, 200.0, 200.0, 190.0], "episode_types": ["t", "t", "t", "t", "t", "t", "t", "t", "t", "t", "t", "t", "t", "t", "t", "t", "t", "t", "t", "t", "t", "t", "t", "t", "t", "t", "t", "t", "t", "t", "t", "t", "t", "t", "t", "t", "t", "t", "t", "t", "t", "t", "t", "t", "t", "t", "t", "t", "t", "t", "t", "t", "t", "t", "t", "t", "t", "t", "t", "t", "t", "t", "t", "t", "t", "t", "t", "t", "t", "t", "t", "t", "t", "t", "t", "t", "t", "t", "t", "t", "t", "t", "t", "t", "t", "t", "t", "t", "t", "t", "t", "t", "t", "t", "t", "t", "t", "t", "t", "t"], "initial_reset_timestamp": 1525149419.284209, "episode_lengths": [177, 200, 200, 200, 200, 190, 200, 170, 163, 158, 200, 154, 200, 190, 200, 194, 200, 200, 200, 200, 200, 200, 200, 200, 175, 200, 200, 200, 200, 200, 200, 200, 200, 200, 200, 176, 200, 200, 173, 200, 200, 200, 200, 200, 200, 200, 171, 200, 200, 200, 200, 200, 190, 200, 200, 200, 180, 176, 200, 200, 200, 193, 200, 200, 200, 200, 172, 200, 170, 194, 196, 200, 200, 169, 200, 200, 200, 192, 200, 200, 200, 183, 200, 200, 199, 200, 200, 185, 200, 200, 200, 199, 200, 179, 200, 200, 200, 200, 200, 190], "timestamps": [1525149422.2699203, 1525149422.3612401, 1525149422.3713188, 1525149422.3801053, 1525149422.3891685, 1525149422.400166, 1525149422.4088542, 1525149422.4207444, 1525149422.4303112, 1525149422.4405856, 1525149422.449633, 1525149422.4582465, 1525149422.466989, 1525149422.4784174, 1525149422.4875112, 1525149422.4981778, 1525149422.5066712, 1525149422.516744, 1525149422.5269005, 1525149422.535412, 1525149422.5507317, 1525149422.5593858, 1525149422.568918, 1525149422.5788667, 1525149422.5886939, 1525149422.5973938, 1525149422.6058886, 1525149422.61663, 1525149422.6252482, 1525149422.6338603, 1525149422.643224, 1525149422.6518743, 1525149422.6608658, 1525149422.6702547, 1525149422.679026, 1525149422.6897728, 1525149422.6984146, 1525149422.7072737, 1525149422.7164433, 1525149422.7251954, 1525149422.7339876, 1525149422.742781, 1525149422.7513902, 1525149422.7603056, 1525149422.7702048, 1525149422.7791014, 1525149422.7888288, 1525149422.7982552, 1525149422.8109477, 1525149422.8213649, 1525149422.830347, 1525149422.8390055, 1525149422.8493981, 1525149422.8602238, 1525149422.8696792, 1525149422.8787646, 1525149422.8881161, 1525149422.8998144, 1525149422.9083726, 1525149422.9179835, 1525149422.9266195, 1525149422.9378734, 1525149422.9486747, 1525149422.9571807, 1525149422.9670012, 1525149422.9762812, 1525149422.985868, 1525149422.9944587, 1525149423.0035717, 1525149423.0128505, 1525149423.0240457, 1525149423.0361295, 1525149423.0448694, 1525149423.0576594, 1525149423.066394, 1525149423.0755513, 1525149423.084144, 1525149423.0956454, 1525149423.1042376, 1525149423.1182628, 1525149423.129527, 1525149423.141809, 1525149423.1504507, 1525149423.1610866, 1525149423.1707041, 1525149423.1799183, 1525149423.188831, 1525149423.1987998, 1525149423.2086825, 1525149423.2193217, 1525149423.2305365, 1525149423.24294, 1525149423.2537217, 1525149423.2640762, 1525149423.2726424, 1525149423.2819543, 1525149423.2905672, 1525149423.301816, 1525149423.314079, 1525149423.3269887]}