{"episode_rewards": [200.0, 200.0, 200.0, 200.0, 200.0, 174.0, 136.0, 200.0, 200.0, 162.0, 171.0, 181.0, 200.0, 200.0, 200.0, 172.0, 200.0, 200.0, 200.0, 161.0, 200.0, 200.0, 181.0, 175.0, 152.0, 173.0, 172.0, 155.0, 197.0, 200.0, 200.0, 200.0, 180.0, 200.0, 200.0, 164.0, 171.0, 200.0, 164.0, 185.0, 200.0, 187.0, 200.0, 176.0, 200.0, 164.0, 200.0, 200.0, 200.0, 134.0, 156.0, 200.0, 200.0, 161.0, 200.0, 200.0, 171.0, 200.0, 151.0, 200.0, 123.0, 200.0, 200.0, 200.0, 200.0, 185.0, 167.0, 200.0, 144.0, 200.0, 138.0, 200.0, 186.0, 200.0, 200.0, 200.0, 163.0, 174.0, 153.0, 200.0, 200.0, 199.0, 185.0, 200.0, 191.0, 200.0, 166.0, 200.0, 200.0, 200.0, 175.0, 200.0, 194.0, 166.0, 162.0, 200.0, 200.0, 200.0, 200.0, 159.0], "episode_types": ["t", "t", "t", "t", "t", "t", "t", "t", "t", "t", "t", "t", "t", "t", "t", "t", "t", "t", "t", "t", "t", "t", "t", "t", "t", "t", "t", "t", "t", "t", "t", "t", "t", "t", "t", "t", "t", "t", "t", "t", "t", "t", "t", "t", "t", "t", "t", "t", "t", "t", "t", "t", "t", "t", "t", "t", "t", "t", "t", "t", "t", "t", "t", "t", "t", "t", "t", "t", "t", "t", "t", "t", "t", "t", "t", "t", "t", "t", "t", "t", "t", "t", "t", "t", "t", "t", "t", "t", "t", "t", "t", "t", "t", "t", "t", "t", "t", "t", "t", "t"], "initial_reset_timestamp": 1525137361.9092493, "episode_lengths": [200, 200, 200, 200, 200, 174, 136, 200, 200, 162, 171, 181, 200, 200, 200, 172, 200, 200, 200, 161, 200, 200, 181, 175, 152, 173, 172, 155, 197, 200, 200, 200, 180, 200, 200, 164, 171, 200, 164, 185, 200, 187, 200, 176, 200, 164, 200, 200, 200, 134, 156, 200, 200, 161, 200, 200, 171, 200, 151, 200, 123, 200, 200, 200, 200, 185, 167, 200, 144, 200, 138, 200, 186, 200, 200, 200, 163, 174, 153, 200, 200, 199, 185, 200, 191, 200, 166, 200, 200, 200, 175, 200, 194, 166, 162, 200, 200, 200, 200, 159], "timestamps": [1525137367.260486, 1525137367.482857, 1525137367.5105486, 1525137367.5343986, 1525137367.559314, 1525137367.5845168, 1525137367.6049702, 1525137367.6336703, 1525137367.6575315, 1525137367.6962636, 1525137367.7336733, 1525137367.7669299, 1525137367.7911367, 1525137367.818298, 1525137367.8419945, 1525137367.8694596, 1525137367.8975291, 1525137367.921084, 1525137367.9546795, 1525137368.0278924, 1525137368.0597625, 1525137368.0843627, 1525137368.1204946, 1525137368.1612952, 1525137368.184735, 1525137368.215776, 1525137368.2533956, 1525137368.2814171, 1525137368.324723, 1525137368.3476954, 1525137368.371097, 1525137368.3971245, 1525137368.4243112, 1525137368.4483113, 1525137368.4795494, 1525137368.5140767, 1525137368.5450351, 1525137368.5682523, 1525137368.5953515, 1525137368.6301777, 1525137368.668551, 1525137368.693684, 1525137368.7417448, 1525137368.7833316, 1525137368.813545, 1525137368.8527815, 1525137368.8866568, 1525137368.9155698, 1525137368.9447916, 1525137368.9675376, 1525137368.993179, 1525137369.0265787, 1525137369.0881004, 1525137369.1281385, 1525137369.152376, 1525137369.1781995, 1525137369.208741, 1525137369.2335508, 1525137369.2588224, 1525137369.281958, 1525137369.3030794, 1525137369.3276818, 1525137369.3599489, 1525137369.3922763, 1525137369.4286966, 1525137369.4713979, 1525137369.5116665, 1525137369.5359967, 1525137369.5638812, 1525137369.5866618, 1525137369.6070065, 1525137369.6304076, 1525137369.6743824, 1525137369.7005482, 1525137369.754653, 1525137369.7807236, 1525137369.815491, 1525137369.8513927, 1525137369.879598, 1525137369.9044006, 1525137369.9378068, 1525137369.969894, 1525137370.0056524, 1525137370.0328023, 1525137370.070128, 1525137370.1141536, 1525137370.1692832, 1525137370.1932425, 1525137370.2165575, 1525137370.2415285, 1525137370.278505, 1525137370.3040242, 1525137370.353897, 1525137370.3932981, 1525137370.4177394, 1525137370.441491, 1525137370.4765267, 1525137370.5139766, 1525137370.539742, 1525137370.5678854]}