{"episode_rewards": [200.0, 169.0, 200.0, 200.0, 200.0, 179.0, 181.0, 191.0, 161.0, 162.0, 193.0, 200.0, 200.0, 181.0, 191.0, 200.0, 200.0, 200.0, 200.0, 200.0, 200.0, 200.0, 200.0, 200.0, 200.0, 200.0, 200.0, 200.0, 200.0, 200.0, 200.0, 200.0, 200.0, 190.0, 200.0, 192.0, 168.0, 200.0, 200.0, 181.0, 168.0, 200.0, 200.0, 160.0, 200.0, 200.0, 200.0, 200.0, 176.0, 200.0, 182.0, 200.0, 200.0, 200.0, 200.0, 200.0, 200.0, 200.0, 166.0, 176.0, 200.0, 181.0, 200.0, 186.0, 174.0, 200.0, 200.0, 200.0, 200.0, 194.0, 200.0, 179.0, 200.0, 200.0, 200.0, 200.0, 200.0, 200.0, 200.0, 200.0, 187.0, 200.0, 200.0, 190.0, 200.0, 200.0, 200.0, 200.0, 178.0, 200.0, 200.0, 177.0, 200.0, 200.0, 183.0, 200.0, 200.0, 199.0, 185.0, 200.0], "episode_types": ["t", "t", "t", "t", "t", "t", "t", "t", "t", "t", "t", "t", "t", "t", "t", "t", "t", "t", "t", "t", "t", "t", "t", "t", "t", "t", "t", "t", "t", "t", "t", "t", "t", "t", "t", "t", "t", "t", "t", "t", "t", "t", "t", "t", "t", "t", "t", "t", "t", "t", "t", "t", "t", "t", "t", "t", "t", "t", "t", "t", "t", "t", "t", "t", "t", "t", "t", "t", "t", "t", "t", "t", "t", "t", "t", "t", "t", "t", "t", "t", "t", "t", "t", "t", "t", "t", "t", "t", "t", "t", "t", "t", "t", "t", "t", "t", "t", "t", "t", "t"], "initial_reset_timestamp": 1525152362.2167525, "episode_lengths": [200, 169, 200, 200, 200, 179, 181, 191, 161, 162, 193, 200, 200, 181, 191, 200, 200, 200, 200, 200, 200, 200, 200, 200, 200, 200, 200, 200, 200, 200, 200, 200, 200, 190, 200, 192, 168, 200, 200, 181, 168, 200, 200, 160, 200, 200, 200, 200, 176, 200, 182, 200, 200, 200, 200, 200, 200, 200, 166, 176, 200, 181, 200, 186, 174, 200, 200, 200, 200, 194, 200, 179, 200, 200, 200, 200, 200, 200, 200, 200, 187, 200, 200, 190, 200, 200, 200, 200, 178, 200, 200, 177, 200, 200, 183, 200, 200, 199, 185, 200], "timestamps": [1525152366.9946446, 1525152367.1558404, 1525152367.1804762, 1525152367.2040224, 1525152367.2277534, 1525152367.2526784, 1525152367.2778068, 1525152367.305014, 1525152367.3283722, 1525152367.3516698, 1525152367.383997, 1525152367.4215326, 1525152367.4449692, 1525152367.4773343, 1525152367.5057182, 1525152367.534046, 1525152367.558031, 1525152367.5812414, 1525152367.6060908, 1525152367.6296813, 1525152367.6540911, 1525152367.6789176, 1525152367.7056398, 1525152367.7296326, 1525152367.7548294, 1525152367.7845907, 1525152367.80985, 1525152367.8342924, 1525152367.8587954, 1525152367.884287, 1525152367.9098535, 1525152367.934437, 1525152367.9580941, 1525152367.9871044, 1525152368.0101624, 1525152368.0614796, 1525152368.0857604, 1525152368.1089005, 1525152368.1359913, 1525152368.1637805, 1525152368.1916296, 1525152368.2162058, 1525152368.2396202, 1525152368.262722, 1525152368.2857409, 1525152368.3088634, 1525152368.3319814, 1525152368.355138, 1525152368.3800297, 1525152368.4050257, 1525152368.4306352, 1525152368.4537838, 1525152368.4769037, 1525152368.5024757, 1525152368.5356445, 1525152368.5598073, 1525152368.5828164, 1525152368.6068666, 1525152368.6311238, 1525152368.658796, 1525152368.682052, 1525152368.7044709, 1525152368.7276394, 1525152368.7570531, 1525152368.7806237, 1525152368.8035772, 1525152368.8265615, 1525152368.855778, 1525152368.8789895, 1525152368.902982, 1525152368.925782, 1525152368.9550538, 1525152368.9780078, 1525152369.0008557, 1525152369.0311797, 1525152369.0559335, 1525152369.0801916, 1525152369.1031635, 1525152369.1277285, 1525152369.150769, 1525152369.1769743, 1525152369.1996946, 1525152369.223304, 1525152369.247599, 1525152369.2778027, 1525152369.300657, 1525152369.3235044, 1525152369.3481297, 1525152369.3728204, 1525152369.39558, 1525152369.4195423, 1525152369.4461539, 1525152369.469212, 1525152369.4921288, 1525152369.5273824, 1525152369.554858, 1525152369.579, 1525152369.6126375, 1525152369.637321, 1525152369.661896]}