{"episode_rewards": [152.0, 164.0, 152.0, 83.0, 101.0, 200.0, 95.0, 90.0, 183.0, 126.0, 157.0, 145.0, 109.0, 147.0, 200.0, 130.0, 110.0, 148.0, 200.0, 90.0, 200.0, 164.0, 200.0, 157.0, 88.0, 87.0, 135.0, 170.0, 200.0, 145.0, 157.0, 105.0, 200.0, 184.0, 200.0, 97.0, 84.0, 74.0, 77.0, 108.0, 80.0, 110.0, 180.0, 123.0, 152.0, 84.0, 129.0, 111.0, 200.0, 159.0, 200.0, 80.0, 107.0, 81.0, 195.0, 200.0, 143.0, 179.0, 195.0, 168.0, 82.0, 91.0, 191.0, 140.0, 200.0, 143.0, 117.0, 143.0, 97.0, 94.0, 200.0, 172.0, 134.0, 133.0, 200.0, 94.0, 200.0, 95.0, 200.0, 95.0, 87.0, 92.0, 105.0, 106.0, 110.0, 200.0, 77.0, 128.0, 87.0, 67.0, 169.0, 95.0, 200.0, 200.0, 200.0, 105.0, 200.0, 200.0, 126.0, 107.0], "episode_types": ["t", "t", "t", "t", "t", "t", "t", "t", "t", "t", "t", "t", "t", "t", "t", "t", "t", "t", "t", "t", "t", "t", "t", "t", "t", "t", "t", "t", "t", "t", "t", "t", "t", "t", "t", "t", "t", "t", "t", "t", "t", "t", "t", "t", "t", "t", "t", "t", "t", "t", "t", "t", "t", "t", "t", "t", "t", "t", "t", "t", "t", "t", "t", "t", "t", "t", "t", "t", "t", "t", "t", "t", "t", "t", "t", "t", "t", "t", "t", "t", "t", "t", "t", "t", "t", "t", "t", "t", "t", "t", "t", "t", "t", "t", "t", "t", "t", "t", "t", "t"], "initial_reset_timestamp": 1525107106.6410575, "episode_lengths": [152, 164, 152, 83, 101, 200, 95, 90, 183, 126, 157, 145, 109, 147, 200, 130, 110, 148, 200, 90, 200, 164, 200, 157, 88, 87, 135, 170, 200, 145, 157, 105, 200, 184, 200, 97, 84, 74, 77, 108, 80, 110, 180, 123, 152, 84, 129, 111, 200, 159, 200, 80, 107, 81, 195, 200, 143, 179, 195, 168, 82, 91, 191, 140, 200, 143, 117, 143, 97, 94, 200, 172, 134, 133, 200, 94, 200, 95, 200, 95, 87, 92, 105, 106, 110, 200, 77, 128, 87, 67, 169, 95, 200, 200, 200, 105, 200, 200, 126, 107], "timestamps": [1525107111.141509, 1525107111.3716717, 1525107111.4020665, 1525107111.4199717, 1525107111.4582524, 1525107111.4903095, 1525107111.5211897, 1525107111.543838, 1525107111.584196, 1525107111.626128, 1525107111.6636016, 1525107111.6903074, 1525107111.7104428, 1525107111.7417302, 1525107111.77107, 1525107111.8404467, 1525107111.8765216, 1525107111.8988595, 1525107111.9303477, 1525107111.9773633, 1525107112.0122232, 1525107112.0814254, 1525107112.115188, 1525107112.1477094, 1525107112.1702595, 1525107112.1894095, 1525107112.2214618, 1525107112.2533674, 1525107112.2798724, 1525107112.31119, 1525107112.35063, 1525107112.392288, 1525107112.4857876, 1525107112.5288665, 1525107112.5656424, 1525107112.6182876, 1525107112.6425335, 1525107112.6640122, 1525107112.6839044, 1525107112.7189486, 1525107112.7552507, 1525107112.8058567, 1525107112.8842556, 1525107112.9532807, 1525107113.0235772, 1525107113.051999, 1525107113.0892246, 1525107113.140949, 1525107113.1698806, 1525107113.2083323, 1525107113.2315273, 1525107113.2675266, 1525107113.3092284, 1525107113.3333807, 1525107113.3740563, 1525107113.3973536, 1525107113.4328191, 1525107113.4902215, 1525107113.5527558, 1525107113.6005154, 1525107113.6371634, 1525107113.686885, 1525107113.733011, 1525107113.8247862, 1525107113.8553996, 1525107113.880135, 1525107113.9025557, 1525107113.9235363, 1525107113.9499698, 1525107113.9777222, 1525107114.0035279, 1525107114.0459192, 1525107114.0797381, 1525107114.131847, 1525107114.1565006, 1525107114.1760087, 1525107114.223138, 1525107114.2425458, 1525107114.2661054, 1525107114.2880445, 1525107114.3103805, 1525107114.338597, 1525107114.3587577, 1525107114.392323, 1525107114.4301846, 1525107114.453905, 1525107114.473568, 1525107114.5065286, 1525107114.537194, 1525107114.565465, 1525107114.6175117, 1525107114.6595743, 1525107114.7008283, 1525107114.7467813, 1525107114.8027585, 1525107114.8227425, 1525107114.8517504, 1525107114.8790305, 1525107114.9127135, 1525107114.9532406]}