{"episode_rewards": [171.0, 197.0, 200.0, 183.0, 200.0, 200.0, 200.0, 200.0, 200.0, 200.0, 200.0, 200.0, 200.0, 200.0, 200.0, 200.0, 184.0, 200.0, 200.0, 178.0, 200.0, 200.0, 200.0, 174.0, 200.0, 200.0, 200.0, 200.0, 200.0, 200.0, 200.0, 200.0, 200.0, 200.0, 153.0, 151.0, 200.0, 200.0, 173.0, 200.0, 200.0, 200.0, 200.0, 200.0, 200.0, 200.0, 200.0, 177.0, 200.0, 200.0, 200.0, 200.0, 200.0, 200.0, 200.0, 200.0, 200.0, 200.0, 200.0, 200.0, 179.0, 200.0, 192.0, 200.0, 185.0, 200.0, 200.0, 200.0, 151.0, 200.0, 200.0, 200.0, 200.0, 166.0, 200.0, 198.0, 200.0, 199.0, 177.0, 200.0, 200.0, 200.0, 200.0, 200.0, 184.0, 200.0, 200.0, 200.0, 200.0, 200.0, 200.0, 158.0, 176.0, 180.0, 200.0, 200.0, 173.0, 200.0, 200.0, 186.0], "episode_types": ["t", "t", "t", "t", "t", "t", "t", "t", "t", "t", "t", "t", "t", "t", "t", "t", "t", "t", "t", "t", "t", "t", "t", "t", "t", "t", "t", "t", "t", "t", "t", "t", "t", "t", "t", "t", "t", "t", "t", "t", "t", "t", "t", "t", "t", "t", "t", "t", "t", "t", "t", "t", "t", "t", "t", "t", "t", "t", "t", "t", "t", "t", "t", "t", "t", "t", "t", "t", "t", "t", "t", "t", "t", "t", "t", "t", "t", "t", "t", "t", "t", "t", "t", "t", "t", "t", "t", "t", "t", "t", "t", "t", "t", "t", "t", "t", "t", "t", "t", "t"], "initial_reset_timestamp": 1525150022.423255, "episode_lengths": [171, 197, 200, 183, 200, 200, 200, 200, 200, 200, 200, 200, 200, 200, 200, 200, 184, 200, 200, 178, 200, 200, 200, 174, 200, 200, 200, 200, 200, 200, 200, 200, 200, 200, 153, 151, 200, 200, 173, 200, 200, 200, 200, 200, 200, 200, 200, 177, 200, 200, 200, 200, 200, 200, 200, 200, 200, 200, 200, 200, 179, 200, 192, 200, 185, 200, 200, 200, 151, 200, 200, 200, 200, 166, 200, 198, 200, 199, 177, 200, 200, 200, 200, 200, 184, 200, 200, 200, 200, 200, 200, 158, 176, 180, 200, 200, 173, 200, 200, 186], "timestamps": [1525150025.2899706, 1525150025.3829134, 1525150025.391789, 1525150025.401853, 1525150025.4108953, 1525150025.4198678, 1525150025.4287002, 1525150025.4382515, 1525150025.4524028, 1525150025.4611015, 1525150025.4725986, 1525150025.4814503, 1525150025.4901233, 1525150025.4990127, 1525150025.507665, 1525150025.5164638, 1525150025.52696, 1525150025.5356054, 1525150025.5448658, 1525150025.5553663, 1525150025.5639997, 1525150025.5726533, 1525150025.5813482, 1525150025.5928411, 1525150025.6045477, 1525150025.6147885, 1525150025.6236145, 1525150025.6323714, 1525150025.6411288, 1525150025.6530554, 1525150025.6625447, 1525150025.6859517, 1525150025.6968427, 1525150025.7056582, 1525150025.7139416, 1525150025.7225087, 1525150025.731064, 1525150025.741596, 1525150025.7517207, 1525150025.7609198, 1525150025.7720718, 1525150025.7891617, 1525150025.7993553, 1525150025.8089485, 1525150025.8186255, 1525150025.8298795, 1525150025.8391786, 1525150025.849935, 1525150025.8590515, 1525150025.8695729, 1525150025.8786206, 1525150025.8883612, 1525150025.897696, 1525150025.907376, 1525150025.9166684, 1525150025.9258118, 1525150025.9415224, 1525150025.9512422, 1525150025.960706, 1525150025.9707105, 1525150025.9817495, 1525150025.9915593, 1525150026.0036404, 1525150026.0131433, 1525150026.0244956, 1525150026.0340598, 1525150026.0433526, 1525150026.0532615, 1525150026.0616996, 1525150026.0712144, 1525150026.0804265, 1525150026.0908306, 1525150026.1000476, 1525150026.1122947, 1525150026.1241636, 1525150026.1365628, 1525150026.1460228, 1525150026.1600535, 1525150026.171198, 1525150026.1847277, 1525150026.2033014, 1525150026.216197, 1525150026.2259164, 1525150026.2357125, 1525150026.2462037, 1525150026.2567453, 1525150026.2670815, 1525150026.2764287, 1525150026.2855992, 1525150026.2946327, 1525150026.3036556, 1525150026.3127475, 1525150026.3231623, 1525150026.3323822, 1525150026.340845, 1525150026.3561018, 1525150026.371692, 1525150026.3805122, 1525150026.3897946, 1525150026.4059515]}