{"episode_rewards": [200.0, 174.0, 146.0, 139.0, 200.0, 200.0, 200.0, 142.0, 129.0, 130.0, 104.0, 200.0, 117.0, 167.0, 140.0, 171.0, 200.0, 200.0, 200.0, 200.0, 179.0, 197.0, 200.0, 200.0, 200.0, 200.0, 171.0, 200.0, 200.0, 156.0, 118.0, 194.0, 125.0, 119.0, 157.0, 133.0, 185.0, 162.0, 182.0, 142.0, 200.0, 200.0, 200.0, 147.0, 116.0, 185.0, 154.0, 189.0, 200.0, 184.0, 133.0, 151.0, 106.0, 198.0, 111.0, 182.0, 200.0, 200.0, 124.0, 116.0, 170.0, 156.0, 189.0, 165.0, 117.0, 175.0, 177.0, 136.0, 190.0, 200.0, 175.0, 200.0, 157.0, 200.0, 165.0, 134.0, 200.0, 144.0, 150.0, 200.0, 200.0, 113.0, 97.0, 200.0, 122.0, 179.0, 117.0, 130.0, 195.0, 134.0, 200.0, 189.0, 200.0, 200.0, 200.0, 128.0, 200.0, 200.0, 200.0, 200.0], "episode_types": ["t", "t", "t", "t", "t", "t", "t", "t", "t", "t", "t", "t", "t", "t", "t", "t", "t", "t", "t", "t", "t", "t", "t", "t", "t", "t", "t", "t", "t", "t", "t", "t", "t", "t", "t", "t", "t", "t", "t", "t", "t", "t", "t", "t", "t", "t", "t", "t", "t", "t", "t", "t", "t", "t", "t", "t", "t", "t", "t", "t", "t", "t", "t", "t", "t", "t", "t", "t", "t", "t", "t", "t", "t", "t", "t", "t", "t", "t", "t", "t", "t", "t", "t", "t", "t", "t", "t", "t", "t", "t", "t", "t", "t", "t", "t", "t", "t", "t", "t", "t"], "initial_reset_timestamp": 1525124793.2885544, "episode_lengths": [200, 174, 146, 139, 200, 200, 200, 142, 129, 130, 104, 200, 117, 167, 140, 171, 200, 200, 200, 200, 179, 197, 200, 200, 200, 200, 171, 200, 200, 156, 118, 194, 125, 119, 157, 133, 185, 162, 182, 142, 200, 200, 200, 147, 116, 185, 154, 189, 200, 184, 133, 151, 106, 198, 111, 182, 200, 200, 124, 116, 170, 156, 189, 165, 117, 175, 177, 136, 190, 200, 175, 200, 157, 200, 165, 134, 200, 144, 150, 200, 200, 113, 97, 200, 122, 179, 117, 130, 195, 134, 200, 189, 200, 200, 200, 128, 200, 200, 200, 200], "timestamps": [1525124800.8906763, 1525124801.1511364, 1525124801.1752212, 1525124801.204423, 1525124801.2315292, 1525124801.2588797, 1525124801.2917266, 1525124801.3343625, 1525124801.37002, 1525124801.423014, 1525124801.4572506, 1525124801.505291, 1525124801.5314355, 1525124801.563275, 1525124801.6007662, 1525124801.649833, 1525124801.712137, 1525124801.7490053, 1525124801.789486, 1525124801.8362827, 1525124801.875505, 1525124801.9250054, 1525124801.9555247, 1525124801.9833918, 1525124802.027997, 1525124802.0616364, 1525124802.115655, 1525124802.1470585, 1525124802.1809816, 1525124802.2074275, 1525124802.2444894, 1525124802.2848976, 1525124802.3166645, 1525124802.34655, 1525124802.4143734, 1525124802.5509555, 1525124802.6703115, 1525124802.7584362, 1525124802.9084816, 1525124802.9432454, 1525124802.9816294, 1525124803.014624, 1525124803.044585, 1525124803.0711513, 1525124803.1024084, 1525124803.141122, 1525124803.1736243, 1525124803.2155669, 1525124803.2414062, 1525124803.286571, 1525124803.3297853, 1525124803.4247527, 1525124803.459326, 1525124803.585355, 1525124803.6121604, 1525124803.6407535, 1525124803.6759887, 1525124803.7158933, 1525124803.7407365, 1525124803.7769413, 1525124803.8272297, 1525124803.8509336, 1525124803.8840349, 1525124803.9439015, 1525124803.9671156, 1525124804.0337377, 1525124804.075286, 1525124804.108542, 1525124804.147222, 1525124804.1722398, 1525124804.2132509, 1525124804.2445364, 1525124804.2881021, 1525124804.320623, 1525124804.3510122, 1525124804.3984296, 1525124804.4529886, 1525124804.4979622, 1525124804.5313394, 1525124804.5800762, 1525124804.6049626, 1525124804.6297348, 1525124804.6461372, 1525124804.6732862, 1525124804.6994333, 1525124804.7349348, 1525124804.7549725, 1525124804.7859101, 1525124804.8332424, 1525124804.8644397, 1525124804.9030888, 1525124804.9806387, 1525124805.027595, 1525124805.0621047, 1525124805.09085, 1525124805.1179307, 1525124805.151685, 1525124805.2341864, 1525124805.2654757, 1525124805.2906604]}