{"episode_rewards": [200.0, 189.0, 200.0, 200.0, 93.0, 84.0, 200.0, 174.0, 165.0, 200.0, 179.0, 132.0, 193.0, 125.0, 112.0, 160.0, 192.0, 200.0, 200.0, 126.0, 93.0, 124.0, 200.0, 139.0, 137.0, 146.0, 106.0, 128.0, 179.0, 200.0, 105.0, 112.0, 101.0, 71.0, 91.0, 113.0, 93.0, 89.0, 96.0, 193.0, 103.0, 98.0, 94.0, 182.0, 181.0, 200.0, 148.0, 173.0, 95.0, 104.0, 96.0, 167.0, 200.0, 120.0, 144.0, 117.0, 117.0, 109.0, 142.0, 121.0, 124.0, 102.0, 200.0, 131.0, 200.0, 119.0, 89.0, 197.0, 185.0, 127.0, 115.0, 139.0, 186.0, 200.0, 190.0, 118.0, 137.0, 197.0, 97.0, 146.0, 162.0, 200.0, 183.0, 200.0, 126.0, 200.0, 159.0, 147.0, 92.0, 104.0, 127.0, 117.0, 84.0, 178.0, 124.0, 195.0, 163.0, 193.0, 178.0, 123.0], "episode_types": ["t", "t", "t", "t", "t", "t", "t", "t", "t", "t", "t", "t", "t", "t", "t", "t", "t", "t", "t", "t", "t", "t", "t", "t", "t", "t", "t", "t", "t", "t", "t", "t", "t", "t", "t", "t", "t", "t", "t", "t", "t", "t", "t", "t", "t", "t", "t", "t", "t", "t", "t", "t", "t", "t", "t", "t", "t", "t", "t", "t", "t", "t", "t", "t", "t", "t", "t", "t", "t", "t", "t", "t", "t", "t", "t", "t", "t", "t", "t", "t", "t", "t", "t", "t", "t", "t", "t", "t", "t", "t", "t", "t", "t", "t", "t", "t", "t", "t", "t", "t"], "initial_reset_timestamp": 1525110935.6087668, "episode_lengths": [200, 189, 200, 200, 93, 84, 200, 174, 165, 200, 179, 132, 193, 125, 112, 160, 192, 200, 200, 126, 93, 124, 200, 139, 137, 146, 106, 128, 179, 200, 105, 112, 101, 71, 91, 113, 93, 89, 96, 193, 103, 98, 94, 182, 181, 200, 148, 173, 95, 104, 96, 167, 200, 120, 144, 117, 117, 109, 142, 121, 124, 102, 200, 131, 200, 119, 89, 197, 185, 127, 115, 139, 186, 200, 190, 118, 137, 197, 97, 146, 162, 200, 183, 200, 126, 200, 159, 147, 92, 104, 127, 117, 84, 178, 124, 195, 163, 193, 178, 123], "timestamps": [1525110940.6779819, 1525110940.9182217, 1525110940.9422126, 1525110940.9655375, 1525110940.9866722, 1525110941.001431, 1525110941.0543103, 1525110941.0977287, 1525110941.1332138, 1525110941.1793668, 1525110941.246899, 1525110941.284954, 1525110941.3162053, 1525110941.343965, 1525110941.3751707, 1525110941.41081, 1525110941.4400434, 1525110941.4664516, 1525110941.5256848, 1525110941.5753229, 1525110941.6036167, 1525110941.6313813, 1525110941.6547673, 1525110941.6935298, 1525110941.7353117, 1525110941.7658665, 1525110941.8005602, 1525110941.8224144, 1525110941.8608868, 1525110941.8941333, 1525110941.920751, 1525110941.9574246, 1525110941.981961, 1525110941.9958904, 1525110942.0214748, 1525110942.0506957, 1525110942.0661032, 1525110942.0828812, 1525110942.1056485, 1525110942.1497805, 1525110942.168569, 1525110942.187928, 1525110942.2219992, 1525110942.274931, 1525110942.3125663, 1525110942.351681, 1525110942.3769534, 1525110942.4075367, 1525110942.4266584, 1525110942.4596093, 1525110942.4780455, 1525110942.5168877, 1525110942.5469897, 1525110942.5904198, 1525110942.637462, 1525110942.6659873, 1525110942.7064624, 1525110942.7383106, 1525110942.7997994, 1525110942.8371055, 1525110942.8740134, 1525110942.8982506, 1525110942.9424763, 1525110942.971401, 1525110942.9974027, 1525110943.034713, 1525110943.074084, 1525110943.143711, 1525110943.2204528, 1525110943.2726018, 1525110943.3084013, 1525110943.3644803, 1525110943.3956065, 1525110943.4188051, 1525110943.448452, 1525110943.477535, 1525110943.5174663, 1525110943.551424, 1525110943.5735636, 1525110943.607749, 1525110943.6455112, 1525110943.6963825, 1525110943.7523596, 1525110943.7764447, 1525110943.8032541, 1525110943.8716547, 1525110943.918183, 1525110943.970734, 1525110943.9894753, 1525110944.0113394, 1525110944.0556197, 1525110944.078788, 1525110944.0954168, 1525110944.1289814, 1525110944.1539445, 1525110944.2058802, 1525110944.2497857, 1525110944.2897596, 1525110944.3223155, 1525110944.3436198]}