{"episode_rewards": [84.0, 82.0, 163.0, 165.0, 200.0, 90.0, 158.0, 145.0, 200.0, 200.0, 106.0, 200.0, 200.0, 168.0, 104.0, 142.0, 151.0, 82.0, 120.0, 78.0, 112.0, 200.0, 129.0, 200.0, 200.0, 183.0, 73.0, 85.0, 113.0, 200.0, 130.0, 117.0, 87.0, 144.0, 147.0, 111.0, 131.0, 181.0, 94.0, 200.0, 139.0, 173.0, 113.0, 84.0, 132.0, 124.0, 68.0, 147.0, 104.0, 142.0, 123.0, 121.0, 200.0, 128.0, 200.0, 80.0, 200.0, 106.0, 107.0, 101.0, 148.0, 187.0, 136.0, 136.0, 200.0, 187.0, 156.0, 147.0, 152.0, 170.0, 168.0, 83.0, 166.0, 200.0, 185.0, 200.0, 138.0, 200.0, 71.0, 187.0, 179.0, 101.0, 200.0, 79.0, 152.0, 200.0, 134.0, 199.0, 107.0, 200.0, 146.0, 125.0, 187.0, 93.0, 105.0, 126.0, 112.0, 161.0, 143.0, 169.0], "episode_types": ["t", "t", "t", "t", "t", "t", "t", "t", "t", "t", "t", "t", "t", "t", "t", "t", "t", "t", "t", "t", "t", "t", "t", "t", "t", "t", "t", "t", "t", "t", "t", "t", "t", "t", "t", "t", "t", "t", "t", "t", "t", "t", "t", "t", "t", "t", "t", "t", "t", "t", "t", "t", "t", "t", "t", "t", "t", "t", "t", "t", "t", "t", "t", "t", "t", "t", "t", "t", "t", "t", "t", "t", "t", "t", "t", "t", "t", "t", "t", "t", "t", "t", "t", "t", "t", "t", "t", "t", "t", "t", "t", "t", "t", "t", "t", "t", "t", "t", "t", "t"], "initial_reset_timestamp": 1525104512.5354977, "episode_lengths": [84, 82, 163, 165, 200, 90, 158, 145, 200, 200, 106, 200, 200, 168, 104, 142, 151, 82, 120, 78, 112, 200, 129, 200, 200, 183, 73, 85, 113, 200, 130, 117, 87, 144, 147, 111, 131, 181, 94, 200, 139, 173, 113, 84, 132, 124, 68, 147, 104, 142, 123, 121, 200, 128, 200, 80, 200, 106, 107, 101, 148, 187, 136, 136, 200, 187, 156, 147, 152, 170, 168, 83, 166, 200, 185, 200, 138, 200, 71, 187, 179, 101, 200, 79, 152, 200, 134, 199, 107, 200, 146, 125, 187, 93, 105, 126, 112, 161, 143, 169], "timestamps": [1525104514.831714, 1525104515.066752, 1525104515.10581, 1525104515.1571527, 1525104515.1940079, 1525104515.223816, 1525104515.2536254, 1525104515.3066812, 1525104515.3517315, 1525104515.3930473, 1525104515.4320724, 1525104515.4667337, 1525104515.4939952, 1525104515.5633247, 1525104515.5841966, 1525104515.6326373, 1525104515.682222, 1525104515.701788, 1525104515.747895, 1525104515.763332, 1525104515.8064904, 1525104515.8293257, 1525104515.8676977, 1525104515.8906176, 1525104515.9369903, 1525104516.0088959, 1525104516.0450714, 1525104516.080384, 1525104516.1217947, 1525104516.1677732, 1525104516.230231, 1525104516.265073, 1525104516.2841096, 1525104516.3035688, 1525104516.332763, 1525104516.3663409, 1525104516.4063747, 1525104516.4546742, 1525104516.4735816, 1525104516.4977078, 1525104516.5328367, 1525104516.5661087, 1525104516.6115315, 1525104516.6295795, 1525104516.6838477, 1525104516.725779, 1525104516.739146, 1525104516.7857857, 1525104516.8417008, 1525104516.880914, 1525104516.9159703, 1525104516.9384997, 1525104516.9622052, 1525104517.0089412, 1525104517.0381107, 1525104517.065597, 1525104517.106954, 1525104517.1305618, 1525104517.1575446, 1525104517.1835103, 1525104517.2037716, 1525104517.2280564, 1525104517.2503288, 1525104517.2756803, 1525104517.2981014, 1525104517.3500087, 1525104517.3840172, 1525104517.4268312, 1525104517.4472492, 1525104517.4814785, 1525104517.5082772, 1525104517.535408, 1525104517.5786147, 1525104517.6030767, 1525104517.6605213, 1525104517.6886542, 1525104517.747863, 1525104517.7964342, 1525104517.8166173, 1525104517.847844, 1525104517.8879237, 1525104517.91656, 1525104517.9430408, 1525104517.964366, 1525104517.990266, 1525104518.016584, 1525104518.0370028, 1525104518.0917315, 1525104518.1381564, 1525104518.1624656, 1525104518.1877248, 1525104518.224328, 1525104518.2670636, 1525104518.2876284, 1525104518.3227746, 1525104518.343321, 1525104518.3894038, 1525104518.4273243, 1525104518.462692, 1525104518.502629]}