{"episode_rewards": [200.0, 116.0, 189.0, 92.0, 107.0, 200.0, 158.0, 175.0, 150.0, 200.0, 200.0, 80.0, 135.0, 148.0, 160.0, 161.0, 141.0, 147.0, 93.0, 91.0, 176.0, 200.0, 100.0, 123.0, 127.0, 85.0, 181.0, 108.0, 119.0, 155.0, 200.0, 113.0, 200.0, 200.0, 111.0, 187.0, 110.0, 121.0, 200.0, 128.0, 175.0, 100.0, 156.0, 169.0, 200.0, 132.0, 114.0, 200.0, 200.0, 152.0, 200.0, 200.0, 162.0, 161.0, 97.0, 124.0, 176.0, 200.0, 119.0, 160.0, 131.0, 152.0, 172.0, 200.0, 133.0, 128.0, 143.0, 94.0, 170.0, 104.0, 200.0, 181.0, 163.0, 105.0, 111.0, 154.0, 115.0, 105.0, 200.0, 198.0, 167.0, 123.0, 187.0, 120.0, 180.0, 151.0, 200.0, 123.0, 200.0, 200.0, 200.0, 123.0, 161.0, 200.0, 107.0, 139.0, 110.0, 120.0, 129.0, 150.0], "episode_types": ["t", "t", "t", "t", "t", "t", "t", "t", "t", "t", "t", "t", "t", "t", "t", "t", "t", "t", "t", "t", "t", "t", "t", "t", "t", "t", "t", "t", "t", "t", "t", "t", "t", "t", "t", "t", "t", "t", "t", "t", "t", "t", "t", "t", "t", "t", "t", "t", "t", "t", "t", "t", "t", "t", "t", "t", "t", "t", "t", "t", "t", "t", "t", "t", "t", "t", "t", "t", "t", "t", "t", "t", "t", "t", "t", "t", "t", "t", "t", "t", "t", "t", "t", "t", "t", "t", "t", "t", "t", "t", "t", "t", "t", "t", "t", "t", "t", "t", "t", "t"], "initial_reset_timestamp": 1525116055.6985395, "episode_lengths": [200, 116, 189, 92, 107, 200, 158, 175, 150, 200, 200, 80, 135, 148, 160, 161, 141, 147, 93, 91, 176, 200, 100, 123, 127, 85, 181, 108, 119, 155, 200, 113, 200, 200, 111, 187, 110, 121, 200, 128, 175, 100, 156, 169, 200, 132, 114, 200, 200, 152, 200, 200, 162, 161, 97, 124, 176, 200, 119, 160, 131, 152, 172, 200, 133, 128, 143, 94, 170, 104, 200, 181, 163, 105, 111, 154, 115, 105, 200, 198, 167, 123, 187, 120, 180, 151, 200, 123, 200, 200, 200, 123, 161, 200, 107, 139, 110, 120, 129, 150], "timestamps": [1525116060.8621063, 1525116061.1537523, 1525116061.1973615, 1525116061.219686, 1525116061.2384408, 1525116061.2708926, 1525116061.306405, 1525116061.365605, 1525116061.39119, 1525116061.422152, 1525116061.452505, 1525116061.468672, 1525116061.5028386, 1525116061.5445, 1525116061.6025505, 1525116061.6509352, 1525116061.7209249, 1525116061.8000803, 1525116061.8297496, 1525116061.8598063, 1525116061.9596446, 1525116061.996908, 1525116062.0321364, 1525116062.0633562, 1525116062.0956419, 1525116062.1168518, 1525116062.1498585, 1525116062.173639, 1525116062.210812, 1525116062.238854, 1525116062.2805016, 1525116062.3083694, 1525116062.3315344, 1525116062.3563707, 1525116062.3862865, 1525116062.4253433, 1525116062.4459395, 1525116062.474356, 1525116062.497845, 1525116062.5400236, 1525116062.5737612, 1525116062.6094303, 1525116062.6703928, 1525116062.720193, 1525116062.7432451, 1525116062.794414, 1525116062.8170936, 1525116062.8457577, 1525116062.8935761, 1525116062.922741, 1525116062.9462385, 1525116062.972348, 1525116063.0061593, 1525116063.0389533, 1525116063.0589795, 1525116063.0817146, 1525116063.1309383, 1525116063.1540236, 1525116063.1909127, 1525116063.2585647, 1525116063.2978177, 1525116063.3293588, 1525116063.3784375, 1525116063.4232578, 1525116063.4574852, 1525116063.4928877, 1525116063.5255868, 1525116063.5480356, 1525116063.5820224, 1525116063.607083, 1525116063.6296308, 1525116063.6655169, 1525116063.6941354, 1525116063.7204027, 1525116063.742326, 1525116063.793555, 1525116063.814341, 1525116063.840613, 1525116063.863787, 1525116063.9283226, 1525116063.967142, 1525116064.0057206, 1525116064.0339358, 1525116064.0655034, 1525116064.0977573, 1525116064.1447506, 1525116064.1841633, 1525116064.2156396, 1525116064.2495573, 1525116064.272409, 1525116064.295397, 1525116064.3226829, 1525116064.3604913, 1525116064.3835256, 1525116064.4085987, 1525116064.4645448, 1525116064.4981916, 1525116064.544568, 1525116064.5717602, 1525116064.6169105]}