{"episode_rewards": [175.0, 200.0, 200.0, 200.0, 140.0, 102.0, 155.0, 129.0, 145.0, 200.0, 200.0, 200.0, 200.0, 200.0, 200.0, 200.0, 200.0, 110.0, 200.0, 195.0, 200.0, 140.0, 200.0, 125.0, 200.0, 126.0, 190.0, 173.0, 200.0, 168.0, 142.0, 200.0, 192.0, 200.0, 116.0, 179.0, 200.0, 200.0, 200.0, 200.0, 131.0, 200.0, 200.0, 185.0, 184.0, 200.0, 186.0, 200.0, 200.0, 195.0, 164.0, 200.0, 184.0, 181.0, 174.0, 156.0, 200.0, 153.0, 173.0, 180.0, 200.0, 171.0, 200.0, 200.0, 198.0, 148.0, 200.0, 200.0, 182.0, 144.0, 140.0, 200.0, 200.0, 200.0, 187.0, 139.0, 176.0, 200.0, 134.0, 171.0, 192.0, 200.0, 200.0, 137.0, 185.0, 192.0, 200.0, 200.0, 199.0, 200.0, 131.0, 200.0, 200.0, 200.0, 154.0, 186.0, 200.0, 200.0, 193.0, 200.0], "episode_types": ["t", "t", "t", "t", "t", "t", "t", "t", "t", "t", "t", "t", "t", "t", "t", "t", "t", "t", "t", "t", "t", "t", "t", "t", "t", "t", "t", "t", "t", "t", "t", "t", "t", "t", "t", "t", "t", "t", "t", "t", "t", "t", "t", "t", "t", "t", "t", "t", "t", "t", "t", "t", "t", "t", "t", "t", "t", "t", "t", "t", "t", "t", "t", "t", "t", "t", "t", "t", "t", "t", "t", "t", "t", "t", "t", "t", "t", "t", "t", "t", "t", "t", "t", "t", "t", "t", "t", "t", "t", "t", "t", "t", "t", "t", "t", "t", "t", "t", "t", "t"], "initial_reset_timestamp": 1525131077.786389, "episode_lengths": [175, 200, 200, 200, 140, 102, 155, 129, 145, 200, 200, 200, 200, 200, 200, 200, 200, 110, 200, 195, 200, 140, 200, 125, 200, 126, 190, 173, 200, 168, 142, 200, 192, 200, 116, 179, 200, 200, 200, 200, 131, 200, 200, 185, 184, 200, 186, 200, 200, 195, 164, 200, 184, 181, 174, 156, 200, 153, 173, 180, 200, 171, 200, 200, 198, 148, 200, 200, 182, 144, 140, 200, 200, 200, 187, 139, 176, 200, 134, 171, 192, 200, 200, 137, 185, 192, 200, 200, 199, 200, 131, 200, 200, 200, 154, 186, 200, 200, 193, 200], "timestamps": [1525131082.9563038, 1525131083.2474887, 1525131083.2729242, 1525131083.2984042, 1525131083.3240123, 1525131083.344858, 1525131083.4098399, 1525131083.452089, 1525131083.5088243, 1525131083.5558748, 1525131083.6416008, 1525131083.664976, 1525131083.7090266, 1525131083.7379704, 1525131083.776452, 1525131083.8120875, 1525131083.839049, 1525131083.856125, 1525131083.8862233, 1525131083.9407864, 1525131083.9850943, 1525131084.0121157, 1525131084.041924, 1525131084.0708058, 1525131084.110548, 1525131084.1632495, 1525131084.1972127, 1525131084.23062, 1525131084.261584, 1525131084.2916155, 1525131084.3150427, 1525131084.3388422, 1525131084.3762372, 1525131084.4048126, 1525131084.447745, 1525131084.4911408, 1525131084.5285175, 1525131084.553113, 1525131084.588094, 1525131084.6136413, 1525131084.6438503, 1525131084.6717432, 1525131084.7050822, 1525131084.7518423, 1525131084.7869444, 1525131084.8195465, 1525131084.8501863, 1525131084.881519, 1525131084.9058309, 1525131084.9430957, 1525131084.9697099, 1525131085.0072162, 1525131085.0624588, 1525131085.1479983, 1525131085.1742923, 1525131085.2012346, 1525131085.2271464, 1525131085.260094, 1525131085.2878942, 1525131085.3293302, 1525131085.3605943, 1525131085.4140592, 1525131085.4509518, 1525131085.4980638, 1525131085.5380769, 1525131085.5778162, 1525131085.6033006, 1525131085.6341538, 1525131085.6656241, 1525131085.6904135, 1525131085.7140324, 1525131085.7411857, 1525131085.765395, 1525131085.7904243, 1525131085.8488617, 1525131085.8693047, 1525131085.904762, 1525131085.9292612, 1525131085.9531064, 1525131086.013563, 1525131086.0558016, 1525131086.0813742, 1525131086.1769195, 1525131086.2079132, 1525131086.2428603, 1525131086.276213, 1525131086.3050652, 1525131086.3296564, 1525131086.3699477, 1525131086.3945594, 1525131086.419871, 1525131086.4513047, 1525131086.4919646, 1525131086.5183778, 1525131086.551016, 1525131086.59452, 1525131086.622385, 1525131086.64861, 1525131086.6889307, 1525131086.7139807]}