{"episode_rewards": [105.0, 200.0, 142.0, 83.0, 126.0, 157.0, 143.0, 105.0, 151.0, 200.0, 95.0, 131.0, 101.0, 200.0, 128.0, 121.0, 193.0, 194.0, 120.0, 107.0, 200.0, 200.0, 110.0, 127.0, 200.0, 157.0, 200.0, 175.0, 200.0, 116.0, 128.0, 168.0, 138.0, 150.0, 182.0, 124.0, 91.0, 98.0, 163.0, 200.0, 186.0, 200.0, 200.0, 200.0, 146.0, 165.0, 184.0, 195.0, 135.0, 160.0, 118.0, 166.0, 109.0, 95.0, 200.0, 174.0, 183.0, 127.0, 192.0, 130.0, 200.0, 122.0, 200.0, 194.0, 200.0, 200.0, 108.0, 180.0, 119.0, 200.0, 200.0, 185.0, 200.0, 200.0, 200.0, 95.0, 187.0, 122.0, 113.0, 87.0, 178.0, 115.0, 158.0, 200.0, 166.0, 181.0, 104.0, 148.0, 147.0, 148.0, 114.0, 145.0, 163.0, 121.0, 123.0, 200.0, 118.0, 143.0, 126.0, 149.0], "episode_types": ["t", "t", "t", "t", "t", "t", "t", "t", "t", "t", "t", "t", "t", "t", "t", "t", "t", "t", "t", "t", "t", "t", "t", "t", "t", "t", "t", "t", "t", "t", "t", "t", "t", "t", "t", "t", "t", "t", "t", "t", "t", "t", "t", "t", "t", "t", "t", "t", "t", "t", "t", "t", "t", "t", "t", "t", "t", "t", "t", "t", "t", "t", "t", "t", "t", "t", "t", "t", "t", "t", "t", "t", "t", "t", "t", "t", "t", "t", "t", "t", "t", "t", "t", "t", "t", "t", "t", "t", "t", "t", "t", "t", "t", "t", "t", "t", "t", "t", "t", "t"], "initial_reset_timestamp": 1525112495.7599254, "episode_lengths": [105, 200, 142, 83, 126, 157, 143, 105, 151, 200, 95, 131, 101, 200, 128, 121, 193, 194, 120, 107, 200, 200, 110, 127, 200, 157, 200, 175, 200, 116, 128, 168, 138, 150, 182, 124, 91, 98, 163, 200, 186, 200, 200, 200, 146, 165, 184, 195, 135, 160, 118, 166, 109, 95, 200, 174, 183, 127, 192, 130, 200, 122, 200, 194, 200, 200, 108, 180, 119, 200, 200, 185, 200, 200, 200, 95, 187, 122, 113, 87, 178, 115, 158, 200, 166, 181, 104, 148, 147, 148, 114, 145, 163, 121, 123, 200, 118, 143, 126, 149], "timestamps": [1525112498.5576484, 1525112498.784511, 1525112498.8271766, 1525112498.8477225, 1525112498.891235, 1525112498.93252, 1525112498.9768302, 1525112499.0218077, 1525112499.0685241, 1525112499.104983, 1525112499.1463158, 1525112499.182005, 1525112499.215844, 1525112499.2577276, 1525112499.2942464, 1525112499.32204, 1525112499.3545866, 1525112499.4101908, 1525112499.4540296, 1525112499.4726007, 1525112499.497784, 1525112499.5384781, 1525112499.5643642, 1525112499.6047645, 1525112499.6509037, 1525112499.7146995, 1525112499.7394392, 1525112499.8065684, 1525112499.8299065, 1525112499.86822, 1525112499.8911624, 1525112499.919527, 1525112499.95099, 1525112499.98247, 1525112500.0197456, 1525112500.0469856, 1525112500.063313, 1525112500.0810573, 1525112500.1495864, 1525112500.1720893, 1525112500.2091794, 1525112500.2354953, 1525112500.2625318, 1525112500.2855635, 1525112500.3105662, 1525112500.3401115, 1525112500.3878706, 1525112500.419695, 1525112500.4577284, 1525112500.5148928, 1525112500.540927, 1525112500.5853264, 1525112500.614809, 1525112500.6347556, 1525112500.6574738, 1525112500.6942368, 1525112500.7306972, 1525112500.75869, 1525112500.798298, 1525112500.8449638, 1525112500.8680918, 1525112500.89285, 1525112500.9168954, 1525112500.9610384, 1525112500.9955432, 1525112501.019118, 1525112501.0432234, 1525112501.0906818, 1525112501.1188235, 1525112501.1419067, 1525112501.1799538, 1525112501.2181823, 1525112501.2607737, 1525112501.2842593, 1525112501.3072357, 1525112501.326936, 1525112501.395223, 1525112501.4268653, 1525112501.4506552, 1525112501.4684994, 1525112501.5179718, 1525112501.5412655, 1525112501.5857344, 1525112501.6093566, 1525112501.6412666, 1525112501.6883256, 1525112501.721181, 1525112501.7569716, 1525112501.7811604, 1525112501.8125663, 1525112501.8478644, 1525112501.889192, 1525112501.9244378, 1525112501.9573133, 1525112501.9877415, 1525112502.0199482, 1525112502.049379, 1525112502.0766137, 1525112502.117903, 1525112502.1534588]}