{"episode_rewards": [200.0, 197.0, 200.0, 200.0, 200.0, 200.0, 200.0, 165.0, 200.0, 152.0, 200.0, 200.0, 200.0, 200.0, 184.0, 200.0, 200.0, 200.0, 200.0, 200.0, 142.0, 200.0, 200.0, 174.0, 200.0, 200.0, 200.0, 200.0, 200.0, 200.0, 200.0, 161.0, 200.0, 157.0, 200.0, 200.0, 200.0, 200.0, 200.0, 200.0, 200.0, 200.0, 182.0, 179.0, 200.0, 200.0, 174.0, 195.0, 150.0, 200.0, 200.0, 170.0, 200.0, 200.0, 200.0, 200.0, 200.0, 187.0, 180.0, 200.0, 200.0, 200.0, 200.0, 200.0, 200.0, 200.0, 200.0, 148.0, 183.0, 200.0, 200.0, 200.0, 195.0, 200.0, 200.0, 162.0, 192.0, 200.0, 200.0, 185.0, 200.0, 200.0, 200.0, 200.0, 200.0, 200.0, 200.0, 184.0, 200.0, 200.0, 200.0, 200.0, 200.0, 200.0, 200.0, 200.0, 185.0, 177.0, 186.0, 200.0], "episode_types": ["t", "t", "t", "t", "t", "t", "t", "t", "t", "t", "t", "t", "t", "t", "t", "t", "t", "t", "t", "t", "t", "t", "t", "t", "t", "t", "t", "t", "t", "t", "t", "t", "t", "t", "t", "t", "t", "t", "t", "t", "t", "t", "t", "t", "t", "t", "t", "t", "t", "t", "t", "t", "t", "t", "t", "t", "t", "t", "t", "t", "t", "t", "t", "t", "t", "t", "t", "t", "t", "t", "t", "t", "t", "t", "t", "t", "t", "t", "t", "t", "t", "t", "t", "t", "t", "t", "t", "t", "t", "t", "t", "t", "t", "t", "t", "t", "t", "t", "t", "t"], "initial_reset_timestamp": 1525148060.8047237, "episode_lengths": [200, 197, 200, 200, 200, 200, 200, 165, 200, 152, 200, 200, 200, 200, 184, 200, 200, 200, 200, 200, 142, 200, 200, 174, 200, 200, 200, 200, 200, 200, 200, 161, 200, 157, 200, 200, 200, 200, 200, 200, 200, 200, 182, 179, 200, 200, 174, 195, 150, 200, 200, 170, 200, 200, 200, 200, 200, 187, 180, 200, 200, 200, 200, 200, 200, 200, 200, 148, 183, 200, 200, 200, 195, 200, 200, 162, 192, 200, 200, 185, 200, 200, 200, 200, 200, 200, 200, 184, 200, 200, 200, 200, 200, 200, 200, 200, 185, 177, 186, 200], "timestamps": [1525148066.213278, 1525148066.430832, 1525148066.455799, 1525148066.480176, 1525148066.50412, 1525148066.5279202, 1525148066.5514328, 1525148066.5800552, 1525148066.603219, 1525148066.630326, 1525148066.656675, 1525148066.711276, 1525148066.734254, 1525148066.7592537, 1525148066.797317, 1525148066.8247287, 1525148066.8488553, 1525148066.8726702, 1525148066.8957794, 1525148066.9194636, 1525148066.9374564, 1525148066.9723845, 1525148067.0278742, 1525148067.0669653, 1525148067.0954537, 1525148067.1193504, 1525148067.1446407, 1525148067.177277, 1525148067.200863, 1525148067.2340162, 1525148067.2804859, 1525148067.3033955, 1525148067.3316247, 1525148067.3530476, 1525148067.3981426, 1525148067.421296, 1525148067.4494543, 1525148067.4749336, 1525148067.4980667, 1525148067.5212824, 1525148067.5508153, 1525148067.5768902, 1525148067.6122384, 1525148067.6377964, 1525148067.6614838, 1525148067.6900265, 1525148067.7160406, 1525148067.7506025, 1525148067.782291, 1525148067.8091717, 1525148067.832435, 1525148067.8623452, 1525148067.8854203, 1525148067.9081314, 1525148067.935454, 1525148067.9586933, 1525148067.9954376, 1525148068.0252042, 1525148068.0743184, 1525148068.113992, 1525148068.1388803, 1525148068.1743531, 1525148068.200942, 1525148068.2256975, 1525148068.2669864, 1525148068.2904177, 1525148068.3140242, 1525148068.3347375, 1525148068.3651872, 1525148068.3901346, 1525148068.413819, 1525148068.437888, 1525148068.4675703, 1525148068.4962292, 1525148068.5198026, 1525148068.5544336, 1525148068.588751, 1525148068.6131837, 1525148068.6365175, 1525148068.6635165, 1525148068.6889856, 1525148068.7131433, 1525148068.7367182, 1525148068.7634866, 1525148068.7942805, 1525148068.8213885, 1525148068.8467283, 1525148068.880899, 1525148068.9037325, 1525148068.926535, 1525148068.9543006, 1525148068.9976723, 1525148069.023894, 1525148069.0557902, 1525148069.079724, 1525148069.107656, 1525148069.1644344, 1525148069.204712, 1525148069.2507238, 1525148069.2871099]}