{"episode_rewards": [164.0, 200.0, 181.0, 175.0, 200.0, 162.0, 200.0, 200.0, 200.0, 200.0, 200.0, 200.0, 200.0, 168.0, 200.0, 179.0, 166.0, 200.0, 200.0, 152.0, 190.0, 200.0, 200.0, 200.0, 200.0, 200.0, 200.0, 182.0, 198.0, 200.0, 200.0, 178.0, 200.0, 200.0, 200.0, 200.0, 200.0, 185.0, 200.0, 200.0, 200.0, 161.0, 200.0, 200.0, 200.0, 196.0, 169.0, 200.0, 200.0, 200.0, 197.0, 184.0, 158.0, 200.0, 200.0, 200.0, 200.0, 200.0, 175.0, 200.0, 200.0, 200.0, 200.0, 200.0, 200.0, 160.0, 200.0, 173.0, 200.0, 200.0, 200.0, 200.0, 179.0, 200.0, 182.0, 186.0, 159.0, 200.0, 187.0, 200.0, 148.0, 200.0, 200.0, 200.0, 200.0, 171.0, 195.0, 200.0, 173.0, 200.0, 200.0, 200.0, 174.0, 200.0, 138.0, 196.0, 200.0, 200.0, 200.0, 200.0], "episode_types": ["t", "t", "t", "t", "t", "t", "t", "t", "t", "t", "t", "t", "t", "t", "t", "t", "t", "t", "t", "t", "t", "t", "t", "t", "t", "t", "t", "t", "t", "t", "t", "t", "t", "t", "t", "t", "t", "t", "t", "t", "t", "t", "t", "t", "t", "t", "t", "t", "t", "t", "t", "t", "t", "t", "t", "t", "t", "t", "t", "t", "t", "t", "t", "t", "t", "t", "t", "t", "t", "t", "t", "t", "t", "t", "t", "t", "t", "t", "t", "t", "t", "t", "t", "t", "t", "t", "t", "t", "t", "t", "t", "t", "t", "t", "t", "t", "t", "t", "t", "t"], "initial_reset_timestamp": 1525142729.9755177, "episode_lengths": [164, 200, 181, 175, 200, 162, 200, 200, 200, 200, 200, 200, 200, 168, 200, 179, 166, 200, 200, 152, 190, 200, 200, 200, 200, 200, 200, 182, 198, 200, 200, 178, 200, 200, 200, 200, 200, 185, 200, 200, 200, 161, 200, 200, 200, 196, 169, 200, 200, 200, 197, 184, 158, 200, 200, 200, 200, 200, 175, 200, 200, 200, 200, 200, 200, 160, 200, 173, 200, 200, 200, 200, 179, 200, 182, 186, 159, 200, 187, 200, 148, 200, 200, 200, 200, 171, 195, 200, 173, 200, 200, 200, 174, 200, 138, 196, 200, 200, 200, 200], "timestamps": [1525142734.5071402, 1525142734.737914, 1525142734.7727225, 1525142734.817576, 1525142734.8444846, 1525142734.8731492, 1525142734.897942, 1525142734.9207892, 1525142734.9462936, 1525142734.9832137, 1525142735.0068862, 1525142735.0312092, 1525142735.0561044, 1525142735.0843496, 1525142735.1076007, 1525142735.1397417, 1525142735.1721635, 1525142735.2013793, 1525142735.2453837, 1525142735.2964299, 1525142735.3253605, 1525142735.3647068, 1525142735.3882565, 1525142735.4154484, 1525142735.445842, 1525142735.4723644, 1525142735.4964325, 1525142735.5299187, 1525142735.56248, 1525142735.5918846, 1525142735.6211243, 1525142735.649114, 1525142735.6767123, 1525142735.7003298, 1525142735.7247398, 1525142735.7568088, 1525142735.7818594, 1525142735.8143349, 1525142735.83937, 1525142735.8752465, 1525142735.9045973, 1525142735.9301834, 1525142735.9560447, 1525142735.9831152, 1525142736.0112307, 1525142736.0435524, 1525142736.0758622, 1525142736.0988913, 1525142736.1264284, 1525142736.1540196, 1525142736.1915169, 1525142736.241171, 1525142736.2708712, 1525142736.2970068, 1525142736.3199687, 1525142736.344377, 1525142736.367622, 1525142736.394111, 1525142736.4213078, 1525142736.4538226, 1525142736.4770675, 1525142736.5026011, 1525142736.5332727, 1525142736.5687609, 1525142736.595302, 1525142736.6222942, 1525142736.6454349, 1525142736.6710882, 1525142736.6976047, 1525142736.7300675, 1525142736.7536497, 1525142736.7774403, 1525142736.8135536, 1525142736.841076, 1525142736.8816092, 1525142736.9200084, 1525142736.9479513, 1525142736.9874787, 1525142737.014775, 1525142737.0451686, 1525142737.0731728, 1525142737.131337, 1525142737.16879, 1525142737.2012453, 1525142737.2338629, 1525142737.2790504, 1525142737.3404524, 1525142737.3639581, 1525142737.3917322, 1525142737.428938, 1525142737.4570968, 1525142737.4801598, 1525142737.5139763, 1525142737.544026, 1525142737.564929, 1525142737.613321, 1525142737.6369789, 1525142737.6606953, 1525142737.684162, 1525142737.7109437]}