{"episode_rewards": [190.0, 200.0, 200.0, 200.0, 200.0, 200.0, 200.0, 200.0, 200.0, 200.0, 187.0, 182.0, 200.0, 200.0, 200.0, 200.0, 200.0, 200.0, 200.0, 200.0, 170.0, 200.0, 200.0, 163.0, 190.0, 197.0, 200.0, 200.0, 200.0, 200.0, 200.0, 185.0, 190.0, 184.0, 200.0, 200.0, 200.0, 182.0, 184.0, 199.0, 200.0, 200.0, 200.0, 193.0, 200.0, 200.0, 200.0, 200.0, 200.0, 197.0, 200.0, 200.0, 200.0, 195.0, 200.0, 200.0, 200.0, 200.0, 200.0, 180.0, 200.0, 200.0, 200.0, 200.0, 200.0, 194.0, 200.0, 200.0, 200.0, 200.0, 200.0, 200.0, 200.0, 200.0, 200.0, 200.0, 200.0, 200.0, 200.0, 178.0, 200.0, 200.0, 200.0, 200.0, 195.0, 183.0, 200.0, 200.0, 200.0, 200.0, 200.0, 200.0, 177.0, 200.0, 200.0, 200.0, 200.0, 200.0, 195.0, 200.0], "episode_types": ["t", "t", "t", "t", "t", "t", "t", "t", "t", "t", "t", "t", "t", "t", "t", "t", "t", "t", "t", "t", "t", "t", "t", "t", "t", "t", "t", "t", "t", "t", "t", "t", "t", "t", "t", "t", "t", "t", "t", "t", "t", "t", "t", "t", "t", "t", "t", "t", "t", "t", "t", "t", "t", "t", "t", "t", "t", "t", "t", "t", "t", "t", "t", "t", "t", "t", "t", "t", "t", "t", "t", "t", "t", "t", "t", "t", "t", "t", "t", "t", "t", "t", "t", "t", "t", "t", "t", "t", "t", "t", "t", "t", "t", "t", "t", "t", "t", "t", "t", "t"], "initial_reset_timestamp": 1525150963.6444314, "episode_lengths": [190, 200, 200, 200, 200, 200, 200, 200, 200, 200, 187, 182, 200, 200, 200, 200, 200, 200, 200, 200, 170, 200, 200, 163, 190, 197, 200, 200, 200, 200, 200, 185, 190, 184, 200, 200, 200, 182, 184, 199, 200, 200, 200, 193, 200, 200, 200, 200, 200, 197, 200, 200, 200, 195, 200, 200, 200, 200, 200, 180, 200, 200, 200, 200, 200, 194, 200, 200, 200, 200, 200, 200, 200, 200, 200, 200, 200, 200, 200, 178, 200, 200, 200, 200, 195, 183, 200, 200, 200, 200, 200, 200, 177, 200, 200, 200, 200, 200, 195, 200], "timestamps": [1525150966.8489285, 1525150966.9557564, 1525150966.9656897, 1525150966.9761922, 1525150966.9856653, 1525150966.9952173, 1525150967.00676, 1525150967.0161033, 1525150967.026231, 1525150967.035525, 1525150967.0481896, 1525150967.0585368, 1525150967.0676641, 1525150967.0790415, 1525150967.0875938, 1525150967.0967095, 1525150967.1055787, 1525150967.1177065, 1525150967.1279047, 1525150967.1364198, 1525150967.1454906, 1525150967.1543338, 1525150967.1628766, 1525150967.1717765, 1525150967.1836848, 1525150967.1966224, 1525150967.205483, 1525150967.2144065, 1525150967.2232885, 1525150967.231839, 1525150967.2442546, 1525150967.254, 1525150967.2637656, 1525150967.2740188, 1525150967.2826068, 1525150967.2911897, 1525150967.2999034, 1525150967.30956, 1525150967.3180432, 1525150967.3293846, 1525150967.3408382, 1525150967.349378, 1525150967.3582537, 1525150967.3720717, 1525150967.3814142, 1525150967.3899202, 1525150967.3984802, 1525150967.407499, 1525150967.4162436, 1525150967.4275126, 1525150967.4362981, 1525150967.444812, 1525150967.4535365, 1525150967.4635699, 1525150967.4719982, 1525150967.4806027, 1525150967.4890962, 1525150967.498801, 1525150967.5080707, 1525150967.5186908, 1525150967.5287998, 1525150967.5375545, 1525150967.547233, 1525150967.5558076, 1525150967.5643082, 1525150967.5733619, 1525150967.5830789, 1525150967.591621, 1525150967.6002269, 1525150967.608779, 1525150967.6174583, 1525150967.6261678, 1525150967.6377997, 1525150967.6477165, 1525150967.656245, 1525150967.664807, 1525150967.6734548, 1525150967.6821232, 1525150967.692943, 1525150967.7036595, 1525150967.7128274, 1525150967.7219722, 1525150967.7307525, 1525150967.7394302, 1525150967.7493827, 1525150967.7596135, 1525150967.768481, 1525150967.7770057, 1525150967.785736, 1525150967.7944582, 1525150967.8030515, 1525150967.8118706, 1525150967.8225367, 1525150967.8313148, 1525150967.8404403, 1525150967.8491387, 1525150967.8577056, 1525150967.8666456, 1525150967.878958, 1525150967.8875012]}