{"episode_rewards": [130.0, 178.0, 200.0, 200.0, 200.0, 200.0, 189.0, 200.0, 200.0, 195.0, 198.0, 198.0, 200.0, 200.0, 200.0, 200.0, 200.0, 200.0, 200.0, 200.0, 200.0, 167.0, 185.0, 200.0, 190.0, 179.0, 200.0, 150.0, 195.0, 200.0, 200.0, 200.0, 200.0, 176.0, 144.0, 189.0, 173.0, 200.0, 171.0, 135.0, 200.0, 200.0, 132.0, 124.0, 200.0, 200.0, 200.0, 200.0, 200.0, 200.0, 200.0, 200.0, 200.0, 179.0, 200.0, 182.0, 184.0, 200.0, 200.0, 200.0, 200.0, 159.0, 157.0, 200.0, 159.0, 155.0, 200.0, 200.0, 200.0, 200.0, 185.0, 190.0, 200.0, 176.0, 200.0, 196.0, 200.0, 200.0, 200.0, 191.0, 200.0, 200.0, 140.0, 200.0, 200.0, 194.0, 198.0, 159.0, 200.0, 200.0, 200.0, 194.0, 126.0, 200.0, 199.0, 200.0, 200.0, 140.0, 200.0, 174.0], "episode_types": ["t", "t", "t", "t", "t", "t", "t", "t", "t", "t", "t", "t", "t", "t", "t", "t", "t", "t", "t", "t", "t", "t", "t", "t", "t", "t", "t", "t", "t", "t", "t", "t", "t", "t", "t", "t", "t", "t", "t", "t", "t", "t", "t", "t", "t", "t", "t", "t", "t", "t", "t", "t", "t", "t", "t", "t", "t", "t", "t", "t", "t", "t", "t", "t", "t", "t", "t", "t", "t", "t", "t", "t", "t", "t", "t", "t", "t", "t", "t", "t", "t", "t", "t", "t", "t", "t", "t", "t", "t", "t", "t", "t", "t", "t", "t", "t", "t", "t", "t", "t"], "initial_reset_timestamp": 1525143507.5841105, "episode_lengths": [130, 178, 200, 200, 200, 200, 189, 200, 200, 195, 198, 198, 200, 200, 200, 200, 200, 200, 200, 200, 200, 167, 185, 200, 190, 179, 200, 150, 195, 200, 200, 200, 200, 176, 144, 189, 173, 200, 171, 135, 200, 200, 132, 124, 200, 200, 200, 200, 200, 200, 200, 200, 200, 179, 200, 182, 184, 200, 200, 200, 200, 159, 157, 200, 159, 155, 200, 200, 200, 200, 185, 190, 200, 176, 200, 196, 200, 200, 200, 191, 200, 200, 140, 200, 200, 194, 198, 159, 200, 200, 200, 194, 126, 200, 199, 200, 200, 140, 200, 174], "timestamps": [1525143511.2179518, 1525143511.5301828, 1525143511.5652244, 1525143511.5882907, 1525143511.611808, 1525143511.6367967, 1525143511.6688585, 1525143511.6921868, 1525143511.7198348, 1525143511.758974, 1525143511.8029587, 1525143511.833138, 1525143511.856359, 1525143511.883407, 1525143511.9069076, 1525143511.9306102, 1525143511.9545815, 1525143512.0112503, 1525143512.0362754, 1525143512.0623517, 1525143512.0920699, 1525143512.117302, 1525143512.1519501, 1525143512.1813817, 1525143512.2212417, 1525143512.2597852, 1525143512.2852516, 1525143512.3078032, 1525143512.3371563, 1525143512.3603444, 1525143512.3835874, 1525143512.4070127, 1525143512.43495, 1525143512.4636035, 1525143512.4920166, 1525143512.537877, 1525143512.5814307, 1525143512.6047552, 1525143512.637376, 1525143512.6590586, 1525143512.7012618, 1525143512.7311168, 1525143512.7519226, 1525143512.772246, 1525143512.813548, 1525143512.843388, 1525143512.8663638, 1525143512.8985374, 1525143512.922101, 1525143512.9461348, 1525143512.9699135, 1525143512.9995039, 1525143513.022611, 1525143513.0528216, 1525143513.0924137, 1525143513.1363878, 1525143513.1712375, 1525143513.1996822, 1525143513.2233586, 1525143513.2470024, 1525143513.2701852, 1525143513.2943661, 1525143513.3201878, 1525143513.3437839, 1525143513.3648, 1525143513.394311, 1525143513.4315, 1525143513.4595664, 1525143513.4834106, 1525143513.5120058, 1525143513.5645616, 1525143513.5968654, 1525143513.6308289, 1525143513.6608315, 1525143513.6861823, 1525143513.7170882, 1525143513.7419775, 1525143513.7652369, 1525143513.7882938, 1525143513.8347871, 1525143513.8582423, 1525143513.881992, 1525143513.9021907, 1525143513.9266472, 1525143513.953678, 1525143513.994711, 1525143514.0444453, 1525143514.0725873, 1525143514.101359, 1525143514.1383848, 1525143514.1655958, 1525143514.2164555, 1525143514.2362442, 1525143514.2592525, 1525143514.2954583, 1525143514.3184404, 1525143514.3429968, 1525143514.3666673, 1525143514.3896883, 1525143514.4154465]}