{"episode_rewards": [188.0, 180.0, 200.0, 200.0, 200.0, 200.0, 200.0, 200.0, 179.0, 200.0, 200.0, 200.0, 200.0, 200.0, 200.0, 200.0, 200.0, 197.0, 200.0, 200.0, 200.0, 180.0, 187.0, 128.0, 200.0, 200.0, 200.0, 196.0, 196.0, 186.0, 198.0, 200.0, 200.0, 200.0, 192.0, 200.0, 200.0, 174.0, 197.0, 154.0, 200.0, 200.0, 200.0, 200.0, 200.0, 200.0, 200.0, 200.0, 200.0, 200.0, 200.0, 200.0, 200.0, 190.0, 200.0, 200.0, 200.0, 200.0, 200.0, 179.0, 200.0, 178.0, 200.0, 200.0, 200.0, 200.0, 200.0, 168.0, 200.0, 200.0, 193.0, 159.0, 200.0, 200.0, 200.0, 195.0, 192.0, 161.0, 170.0, 182.0, 200.0, 200.0, 179.0, 200.0, 152.0, 200.0, 200.0, 193.0, 163.0, 200.0, 200.0, 196.0, 200.0, 198.0, 191.0, 200.0, 148.0, 190.0, 200.0, 198.0], "episode_types": ["t", "t", "t", "t", "t", "t", "t", "t", "t", "t", "t", "t", "t", "t", "t", "t", "t", "t", "t", "t", "t", "t", "t", "t", "t", "t", "t", "t", "t", "t", "t", "t", "t", "t", "t", "t", "t", "t", "t", "t", "t", "t", "t", "t", "t", "t", "t", "t", "t", "t", "t", "t", "t", "t", "t", "t", "t", "t", "t", "t", "t", "t", "t", "t", "t", "t", "t", "t", "t", "t", "t", "t", "t", "t", "t", "t", "t", "t", "t", "t", "t", "t", "t", "t", "t", "t", "t", "t", "t", "t", "t", "t", "t", "t", "t", "t", "t", "t", "t", "t"], "initial_reset_timestamp": 1525149040.4425802, "episode_lengths": [188, 180, 200, 200, 200, 200, 200, 200, 179, 200, 200, 200, 200, 200, 200, 200, 200, 197, 200, 200, 200, 180, 187, 128, 200, 200, 200, 196, 196, 186, 198, 200, 200, 200, 192, 200, 200, 174, 197, 154, 200, 200, 200, 200, 200, 200, 200, 200, 200, 200, 200, 200, 200, 190, 200, 200, 200, 200, 200, 179, 200, 178, 200, 200, 200, 200, 200, 168, 200, 200, 193, 159, 200, 200, 200, 195, 192, 161, 170, 182, 200, 200, 179, 200, 152, 200, 200, 193, 163, 200, 200, 196, 200, 198, 191, 200, 148, 190, 200, 198], "timestamps": [1525149044.8240755, 1525149045.0302582, 1525149045.0725377, 1525149045.096301, 1525149045.1226473, 1525149045.1481698, 1525149045.1716883, 1525149045.1961782, 1525149045.223669, 1525149045.2479162, 1525149045.2713723, 1525149045.3000062, 1525149045.3253527, 1525149045.349097, 1525149045.380826, 1525149045.4045997, 1525149045.4336486, 1525149045.4636853, 1525149045.487242, 1525149045.511171, 1525149045.5346844, 1525149045.560683, 1525149045.5872097, 1525149045.609961, 1525149045.6338072, 1525149045.658368, 1525149045.6812887, 1525149045.7071068, 1525149045.7376533, 1525149045.7633147, 1525149045.7907836, 1525149045.8151662, 1525149045.8449867, 1525149045.8698716, 1525149045.8967853, 1525149045.9219964, 1525149045.9489458, 1525149045.9758525, 1525149046.0074837, 1525149046.036184, 1525149046.0600607, 1525149046.0832005, 1525149046.1069534, 1525149046.1298406, 1525149046.1534429, 1525149046.1907659, 1525149046.2177322, 1525149046.2405627, 1525149046.263544, 1525149046.286644, 1525149046.3096514, 1525149046.3326457, 1525149046.3596961, 1525149046.3870008, 1525149046.4103487, 1525149046.4338248, 1525149046.4576645, 1525149046.4806285, 1525149046.505234, 1525149046.5342534, 1525149046.5662324, 1525149046.5949512, 1525149046.6185672, 1525149046.6424904, 1525149046.6654878, 1525149046.6901588, 1525149046.7181835, 1525149046.7424815, 1525149046.7708972, 1525149046.7977786, 1525149046.8224099, 1525149046.8502, 1525149046.8731852, 1525149046.8963385, 1525149046.919519, 1525149046.9485712, 1525149046.98042, 1525149047.0151272, 1525149047.0412397, 1525149047.0732455, 1525149047.0977092, 1525149047.1210053, 1525149047.1461923, 1525149047.1694407, 1525149047.194251, 1525149047.2170928, 1525149047.2403133, 1525149047.27791, 1525149047.3027203, 1525149047.3261158, 1525149047.356466, 1525149047.391501, 1525149047.416175, 1525149047.4451423, 1525149047.4751797, 1525149047.501574, 1525149047.5197604, 1525149047.545969, 1525149047.5692046, 1525149047.5976613]}