{"episode_rewards": [200.0, 196.0, 200.0, 200.0, 200.0, 200.0, 200.0, 200.0, 200.0, 200.0, 200.0, 200.0, 195.0, 200.0, 180.0, 200.0, 191.0, 192.0, 200.0, 183.0, 200.0, 200.0, 200.0, 194.0, 200.0, 200.0, 200.0, 200.0, 200.0, 200.0, 200.0, 163.0, 200.0, 199.0, 200.0, 200.0, 200.0, 200.0, 200.0, 200.0, 200.0, 200.0, 200.0, 170.0, 200.0, 200.0, 200.0, 190.0, 200.0, 200.0, 200.0, 200.0, 181.0, 200.0, 197.0, 200.0, 200.0, 200.0, 200.0, 200.0, 200.0, 200.0, 200.0, 200.0, 190.0, 194.0, 200.0, 200.0, 196.0, 200.0, 200.0, 200.0, 179.0, 200.0, 200.0, 179.0, 174.0, 200.0, 199.0, 200.0, 198.0, 200.0, 185.0, 200.0, 200.0, 200.0, 197.0, 187.0, 200.0, 180.0, 200.0, 200.0, 196.0, 163.0, 196.0, 198.0, 197.0, 200.0, 188.0, 200.0], "episode_types": ["t", "t", "t", "t", "t", "t", "t", "t", "t", "t", "t", "t", "t", "t", "t", "t", "t", "t", "t", "t", "t", "t", "t", "t", "t", "t", "t", "t", "t", "t", "t", "t", "t", "t", "t", "t", "t", "t", "t", "t", "t", "t", "t", "t", "t", "t", "t", "t", "t", "t", "t", "t", "t", "t", "t", "t", "t", "t", "t", "t", "t", "t", "t", "t", "t", "t", "t", "t", "t", "t", "t", "t", "t", "t", "t", "t", "t", "t", "t", "t", "t", "t", "t", "t", "t", "t", "t", "t", "t", "t", "t", "t", "t", "t", "t", "t", "t", "t", "t", "t"], "initial_reset_timestamp": 1525150558.0828993, "episode_lengths": [200, 196, 200, 200, 200, 200, 200, 200, 200, 200, 200, 200, 195, 200, 180, 200, 191, 192, 200, 183, 200, 200, 200, 194, 200, 200, 200, 200, 200, 200, 200, 163, 200, 199, 200, 200, 200, 200, 200, 200, 200, 200, 200, 170, 200, 200, 200, 190, 200, 200, 200, 200, 181, 200, 197, 200, 200, 200, 200, 200, 200, 200, 200, 200, 190, 194, 200, 200, 196, 200, 200, 200, 179, 200, 200, 179, 174, 200, 199, 200, 198, 200, 185, 200, 200, 200, 197, 187, 200, 180, 200, 200, 196, 163, 196, 198, 197, 200, 188, 200], "timestamps": [1525150561.4498248, 1525150561.561685, 1525150561.575056, 1525150561.5847552, 1525150561.5951939, 1525150561.6046407, 1525150561.6146874, 1525150561.6248024, 1525150561.6354377, 1525150561.6470368, 1525150561.659753, 1525150561.6690223, 1525150561.6824145, 1525150561.6920168, 1525150561.702156, 1525150561.712803, 1525150561.7241325, 1525150561.737337, 1525150561.7476633, 1525150561.758116, 1525150561.7668483, 1525150561.7755835, 1525150561.784487, 1525150561.7958937, 1525150561.8048408, 1525150561.8204243, 1525150561.8289979, 1525150561.83795, 1525150561.8471854, 1525150561.8563182, 1525150561.8651822, 1525150561.8740692, 1525150561.8834112, 1525150561.8950014, 1525150561.903724, 1525150561.9126027, 1525150561.9212406, 1525150561.9301825, 1525150561.9409485, 1525150561.9533246, 1525150561.9629154, 1525150561.9715347, 1525150561.9800882, 1525150561.9902568, 1525150561.9988706, 1525150562.007765, 1525150562.0167105, 1525150562.0267317, 1525150562.0352793, 1525150562.0444825, 1525150562.0539947, 1525150562.0627182, 1525150562.0721214, 1525150562.081242, 1525150562.093068, 1525150562.1019373, 1525150562.1124363, 1525150562.1211383, 1525150562.129671, 1525150562.1396081, 1525150562.1539264, 1525150562.1624684, 1525150562.1738963, 1525150562.1850996, 1525150562.1959991, 1525150562.2085867, 1525150562.217203, 1525150562.2257335, 1525150562.2364225, 1525150562.2450628, 1525150562.2543008, 1525150562.2667944, 1525150562.277773, 1525150562.2862449, 1525150562.2950976, 1525150562.3064082, 1525150562.3150969, 1525150562.3238597, 1525150562.3396466, 1525150562.348223, 1525150562.3592908, 1525150562.3678942, 1525150562.3810785, 1525150562.389649, 1525150562.398405, 1525150562.4078915, 1525150562.4201043, 1525150562.4342735, 1525150562.4435477, 1525150562.4539177, 1525150562.4625444, 1525150562.4726145, 1525150562.4836655, 1525150562.4935124, 1525150562.5040638, 1525150562.5188866, 1525150562.531714, 1525150562.5404894, 1525150562.5526354, 1525150562.569118]}