{"episode_rewards": [200.0, 200.0, 200.0, 200.0, 200.0, 144.0, 200.0, 135.0, 200.0, 145.0, 179.0, 191.0, 139.0, 200.0, 200.0, 150.0, 154.0, 186.0, 169.0, 147.0, 185.0, 200.0, 200.0, 200.0, 200.0, 200.0, 200.0, 200.0, 165.0, 200.0, 141.0, 181.0, 200.0, 200.0, 200.0, 200.0, 183.0, 200.0, 200.0, 200.0, 200.0, 186.0, 200.0, 163.0, 171.0, 200.0, 200.0, 177.0, 169.0, 200.0, 200.0, 200.0, 200.0, 200.0, 200.0, 200.0, 193.0, 157.0, 200.0, 130.0, 200.0, 200.0, 156.0, 188.0, 200.0, 189.0, 200.0, 167.0, 200.0, 174.0, 200.0, 200.0, 173.0, 200.0, 200.0, 180.0, 200.0, 200.0, 200.0, 200.0, 167.0, 197.0, 178.0, 200.0, 190.0, 177.0, 200.0, 156.0, 200.0, 200.0, 200.0, 200.0, 200.0, 200.0, 200.0, 145.0, 150.0, 200.0, 200.0, 200.0], "episode_types": ["t", "t", "t", "t", "t", "t", "t", "t", "t", "t", "t", "t", "t", "t", "t", "t", "t", "t", "t", "t", "t", "t", "t", "t", "t", "t", "t", "t", "t", "t", "t", "t", "t", "t", "t", "t", "t", "t", "t", "t", "t", "t", "t", "t", "t", "t", "t", "t", "t", "t", "t", "t", "t", "t", "t", "t", "t", "t", "t", "t", "t", "t", "t", "t", "t", "t", "t", "t", "t", "t", "t", "t", "t", "t", "t", "t", "t", "t", "t", "t", "t", "t", "t", "t", "t", "t", "t", "t", "t", "t", "t", "t", "t", "t", "t", "t", "t", "t", "t", "t"], "initial_reset_timestamp": 1525139767.073497, "episode_lengths": [200, 200, 200, 200, 200, 144, 200, 135, 200, 145, 179, 191, 139, 200, 200, 150, 154, 186, 169, 147, 185, 200, 200, 200, 200, 200, 200, 200, 165, 200, 141, 181, 200, 200, 200, 200, 183, 200, 200, 200, 200, 186, 200, 163, 171, 200, 200, 177, 169, 200, 200, 200, 200, 200, 200, 200, 193, 157, 200, 130, 200, 200, 156, 188, 200, 189, 200, 167, 200, 174, 200, 200, 173, 200, 200, 180, 200, 200, 200, 200, 167, 197, 178, 200, 190, 177, 200, 156, 200, 200, 200, 200, 200, 200, 200, 145, 150, 200, 200, 200], "timestamps": [1525139772.5753207, 1525139772.79057, 1525139772.8138757, 1525139772.844414, 1525139772.8854165, 1525139772.9132974, 1525139772.9557793, 1525139772.975301, 1525139773.0009782, 1525139773.0371983, 1525139773.1102393, 1525139773.1817164, 1525139773.2168896, 1525139773.2544603, 1525139773.2906685, 1525139773.3299706, 1525139773.37245, 1525139773.4406505, 1525139773.4983137, 1525139773.5483413, 1525139773.5935874, 1525139773.6280918, 1525139773.6522458, 1525139773.6757817, 1525139773.704309, 1525139773.727326, 1525139773.7510414, 1525139773.7828906, 1525139773.8133266, 1525139773.8363926, 1525139773.8605242, 1525139773.8862936, 1525139773.9092352, 1525139773.9373398, 1525139773.9664228, 1525139773.9899535, 1525139774.0192325, 1525139774.043036, 1525139774.086714, 1525139774.1101916, 1525139774.1354117, 1525139774.1776526, 1525139774.2019763, 1525139774.2534895, 1525139774.30138, 1525139774.3845057, 1525139774.4086015, 1525139774.4501715, 1525139774.4938943, 1525139774.533574, 1525139774.5593185, 1525139774.5905206, 1525139774.6138813, 1525139774.637418, 1525139774.6610403, 1525139774.687611, 1525139774.7262597, 1525139774.7533042, 1525139774.7819593, 1525139774.8009202, 1525139774.8242493, 1525139774.8748217, 1525139774.9152222, 1525139774.955775, 1525139774.979425, 1525139775.0184891, 1525139775.0420747, 1525139775.080959, 1525139775.1325583, 1525139775.1728048, 1525139775.1962254, 1525139775.2206647, 1525139775.246695, 1525139775.2794828, 1525139775.315172, 1525139775.371941, 1525139775.3955595, 1525139775.4205115, 1525139775.4453354, 1525139775.4704275, 1525139775.5154204, 1525139775.5508654, 1525139775.5786808, 1525139775.6126862, 1525139775.6531272, 1525139775.6824596, 1525139775.7054937, 1525139775.7341979, 1525139775.775363, 1525139775.7992446, 1525139775.8227956, 1525139775.8463867, 1525139775.8732889, 1525139775.8999124, 1525139775.9231246, 1525139775.9423332, 1525139775.974161, 1525139775.9992554, 1525139776.0228162, 1525139776.046117]}