{"episode_rewards": [191.0, 128.0, 104.0, 102.0, 171.0, 166.0, 137.0, 200.0, 186.0, 119.0, 200.0, 167.0, 162.0, 133.0, 200.0, 200.0, 191.0, 196.0, 200.0, 165.0, 118.0, 200.0, 119.0, 200.0, 200.0, 134.0, 200.0, 200.0, 200.0, 200.0, 108.0, 155.0, 197.0, 142.0, 200.0, 176.0, 200.0, 109.0, 200.0, 200.0, 144.0, 200.0, 182.0, 200.0, 153.0, 200.0, 200.0, 200.0, 121.0, 200.0, 200.0, 200.0, 135.0, 187.0, 153.0, 157.0, 142.0, 200.0, 140.0, 158.0, 187.0, 178.0, 200.0, 200.0, 200.0, 200.0, 200.0, 171.0, 173.0, 200.0, 167.0, 200.0, 200.0, 200.0, 200.0, 200.0, 125.0, 167.0, 200.0, 114.0, 144.0, 134.0, 188.0, 200.0, 200.0, 200.0, 180.0, 151.0, 200.0, 200.0, 127.0, 155.0, 153.0, 145.0, 119.0, 139.0, 200.0, 200.0, 200.0, 90.0], "episode_types": ["t", "t", "t", "t", "t", "t", "t", "t", "t", "t", "t", "t", "t", "t", "t", "t", "t", "t", "t", "t", "t", "t", "t", "t", "t", "t", "t", "t", "t", "t", "t", "t", "t", "t", "t", "t", "t", "t", "t", "t", "t", "t", "t", "t", "t", "t", "t", "t", "t", "t", "t", "t", "t", "t", "t", "t", "t", "t", "t", "t", "t", "t", "t", "t", "t", "t", "t", "t", "t", "t", "t", "t", "t", "t", "t", "t", "t", "t", "t", "t", "t", "t", "t", "t", "t", "t", "t", "t", "t", "t", "t", "t", "t", "t", "t", "t", "t", "t", "t", "t"], "initial_reset_timestamp": 1525128274.3585758, "episode_lengths": [191, 128, 104, 102, 171, 166, 137, 200, 186, 119, 200, 167, 162, 133, 200, 200, 191, 196, 200, 165, 118, 200, 119, 200, 200, 134, 200, 200, 200, 200, 108, 155, 197, 142, 200, 176, 200, 109, 200, 200, 144, 200, 182, 200, 153, 200, 200, 200, 121, 200, 200, 200, 135, 187, 153, 157, 142, 200, 140, 158, 187, 178, 200, 200, 200, 200, 200, 171, 173, 200, 167, 200, 200, 200, 200, 200, 125, 167, 200, 114, 144, 134, 188, 200, 200, 200, 180, 151, 200, 200, 127, 155, 153, 145, 119, 139, 200, 200, 200, 90], "timestamps": [1525128279.4779592, 1525128279.7272425, 1525128279.7465808, 1525128279.7692823, 1525128279.8069797, 1525128279.841549, 1525128279.8765402, 1525128279.913418, 1525128279.9449694, 1525128279.967517, 1525128279.995239, 1525128280.0301304, 1525128280.0792654, 1525128280.1010056, 1525128280.1269445, 1525128280.1559196, 1525128280.200224, 1525128280.249036, 1525128280.273109, 1525128280.3285341, 1525128280.3496423, 1525128280.3847506, 1525128280.4040346, 1525128280.4344544, 1525128280.4588673, 1525128280.4868805, 1525128280.513797, 1525128280.5732741, 1525128280.6029665, 1525128280.6264238, 1525128280.6467085, 1525128280.6717098, 1525128280.7134848, 1525128280.740838, 1525128280.7636745, 1525128280.8101058, 1525128280.8356683, 1525128280.8538563, 1525128280.8768754, 1525128280.9291031, 1525128280.9527915, 1525128280.9801843, 1525128281.0097785, 1525128281.033455, 1525128281.0834677, 1525128281.1082282, 1525128281.142895, 1525128281.1691198, 1525128281.196993, 1525128281.2288663, 1525128281.252163, 1525128281.2753665, 1525128281.3061697, 1525128281.3423965, 1525128281.3827164, 1525128281.4287512, 1525128281.4507236, 1525128281.477788, 1525128281.5129235, 1525128281.5786438, 1525128281.6189067, 1525128281.6549249, 1525128281.6903117, 1525128281.752351, 1525128281.7885551, 1525128281.8404806, 1525128281.8890498, 1525128281.9255493, 1525128281.9545388, 1525128281.9965003, 1525128282.0226245, 1525128282.054011, 1525128282.081905, 1525128282.1068673, 1525128282.131673, 1525128282.155191, 1525128282.1763978, 1525128282.2281039, 1525128282.2515514, 1525128282.274807, 1525128282.3077102, 1525128282.352955, 1525128282.3822916, 1525128282.4050498, 1525128282.4518592, 1525128282.4773529, 1525128282.515383, 1525128282.5646977, 1525128282.605756, 1525128282.6360264, 1525128282.6611845, 1525128282.6988914, 1525128282.7381737, 1525128282.7663014, 1525128282.78702, 1525128282.8083613, 1525128282.8344178, 1525128282.8576953, 1525128282.8880515, 1525128282.9038656]}