{"episode_rewards": [200.0, 186.0, 200.0, 134.0, 149.0, 200.0, 169.0, 200.0, 184.0, 200.0, 200.0, 200.0, 200.0, 170.0, 191.0, 200.0, 191.0, 200.0, 156.0, 139.0, 159.0, 147.0, 200.0, 173.0, 172.0, 200.0, 200.0, 172.0, 200.0, 200.0, 200.0, 200.0, 200.0, 200.0, 133.0, 199.0, 140.0, 200.0, 160.0, 136.0, 200.0, 168.0, 200.0, 134.0, 126.0, 188.0, 200.0, 200.0, 200.0, 164.0, 200.0, 156.0, 200.0, 200.0, 144.0, 198.0, 135.0, 200.0, 200.0, 200.0, 200.0, 135.0, 200.0, 130.0, 189.0, 193.0, 136.0, 190.0, 181.0, 185.0, 200.0, 200.0, 200.0, 161.0, 200.0, 176.0, 200.0, 200.0, 167.0, 166.0, 200.0, 200.0, 176.0, 146.0, 200.0, 182.0, 200.0, 200.0, 200.0, 200.0, 200.0, 192.0, 200.0, 137.0, 187.0, 200.0, 200.0, 159.0, 200.0, 156.0], "episode_types": ["t", "t", "t", "t", "t", "t", "t", "t", "t", "t", "t", "t", "t", "t", "t", "t", "t", "t", "t", "t", "t", "t", "t", "t", "t", "t", "t", "t", "t", "t", "t", "t", "t", "t", "t", "t", "t", "t", "t", "t", "t", "t", "t", "t", "t", "t", "t", "t", "t", "t", "t", "t", "t", "t", "t", "t", "t", "t", "t", "t", "t", "t", "t", "t", "t", "t", "t", "t", "t", "t", "t", "t", "t", "t", "t", "t", "t", "t", "t", "t", "t", "t", "t", "t", "t", "t", "t", "t", "t", "t", "t", "t", "t", "t", "t", "t", "t", "t", "t", "t"], "initial_reset_timestamp": 1525136833.8820906, "episode_lengths": [200, 186, 200, 134, 149, 200, 169, 200, 184, 200, 200, 200, 200, 170, 191, 200, 191, 200, 156, 139, 159, 147, 200, 173, 172, 200, 200, 172, 200, 200, 200, 200, 200, 200, 133, 199, 140, 200, 160, 136, 200, 168, 200, 134, 126, 188, 200, 200, 200, 164, 200, 156, 200, 200, 144, 198, 135, 200, 200, 200, 200, 135, 200, 130, 189, 193, 136, 190, 181, 185, 200, 200, 200, 161, 200, 176, 200, 200, 167, 166, 200, 200, 176, 146, 200, 182, 200, 200, 200, 200, 200, 192, 200, 137, 187, 200, 200, 159, 200, 156], "timestamps": [1525136839.2383115, 1525136839.4972088, 1525136839.526314, 1525136839.550579, 1525136839.595135, 1525136839.6401603, 1525136839.677024, 1525136839.7021291, 1525136839.747492, 1525136839.7719698, 1525136839.7970052, 1525136839.8452451, 1525136839.8689601, 1525136839.9064314, 1525136839.94578, 1525136839.9721591, 1525136840.0248153, 1525136840.0493627, 1525136840.0828438, 1525136840.1129107, 1525136840.144144, 1525136840.1738298, 1525136840.197228, 1525136840.2519603, 1525136840.2983294, 1525136840.3228633, 1525136840.3462856, 1525136840.3766158, 1525136840.4017253, 1525136840.4250386, 1525136840.451365, 1525136840.4761293, 1525136840.4999156, 1525136840.543296, 1525136840.567685, 1525136840.6021774, 1525136840.6356008, 1525136840.6690695, 1525136840.6946228, 1525136840.7238307, 1525136840.771576, 1525136840.8141453, 1525136840.8565495, 1525136840.8901486, 1525136840.9186206, 1525136840.9685533, 1525136841.0237234, 1525136841.0544698, 1525136841.0932794, 1525136841.119581, 1525136841.1807685, 1525136841.2329783, 1525136841.2644696, 1525136841.2923646, 1525136841.3180668, 1525136841.3781419, 1525136841.4032302, 1525136841.4272919, 1525136841.4520116, 1525136841.4852638, 1525136841.5097184, 1525136841.5349934, 1525136841.5579271, 1525136841.5770228, 1525136841.6083164, 1525136841.6365561, 1525136841.657416, 1525136841.6949122, 1525136841.7568157, 1525136841.822446, 1525136841.8454456, 1525136841.868699, 1525136841.8941803, 1525136841.9285402, 1525136841.9538646, 1525136841.9922364, 1525136842.0293896, 1525136842.052916, 1525136842.0878959, 1525136842.1138725, 1525136842.1398132, 1525136842.1640687, 1525136842.1947165, 1525136842.2259908, 1525136842.2588625, 1525136842.298541, 1525136842.3265858, 1525136842.3499715, 1525136842.3733659, 1525136842.3987176, 1525136842.4533842, 1525136842.505148, 1525136842.5287275, 1525136842.5646682, 1525136842.6022038, 1525136842.6326308, 1525136842.6560113, 1525136842.6916625, 1525136842.738396, 1525136842.8033762]}