{"episode_rewards": [187.0, 200.0, 196.0, 200.0, 200.0, 200.0, 200.0, 200.0, 191.0, 176.0, 200.0, 200.0, 200.0, 200.0, 180.0, 200.0, 200.0, 178.0, 200.0, 198.0, 200.0, 200.0, 200.0, 200.0, 200.0, 200.0, 200.0, 185.0, 200.0, 199.0, 181.0, 200.0, 200.0, 200.0, 200.0, 200.0, 200.0, 200.0, 200.0, 200.0, 200.0, 200.0, 175.0, 155.0, 195.0, 200.0, 184.0, 200.0, 200.0, 189.0, 200.0, 161.0, 183.0, 162.0, 153.0, 188.0, 200.0, 200.0, 200.0, 200.0, 200.0, 200.0, 200.0, 200.0, 200.0, 200.0, 200.0, 200.0, 200.0, 195.0, 163.0, 200.0, 200.0, 200.0, 159.0, 200.0, 200.0, 200.0, 200.0, 200.0, 200.0, 169.0, 179.0, 200.0, 200.0, 200.0, 198.0, 184.0, 187.0, 181.0, 200.0, 200.0, 195.0, 200.0, 200.0, 200.0, 200.0, 195.0, 200.0, 158.0], "timestamps": [1526378777.374571, 1526378777.8186452, 1526378778.041416, 1526378778.2598114, 1526378778.4915802, 1526378778.7133698, 1526378778.9491947, 1526378779.1745126, 1526378779.3827145, 1526378779.5663145, 1526378779.8097079, 1526378780.037126, 1526378780.2562525, 1526378780.4656348, 1526378780.652448, 1526378780.8883479, 1526378781.1082883, 1526378781.3113885, 1526378781.520902, 1526378781.7424257, 1526378781.9453387, 1526378782.2100077, 1526378782.5768456, 1526378782.8817525, 1526378783.2140396, 1526378783.479869, 1526378783.828212, 1526378784.1252482, 1526378784.426248, 1526378784.7758524, 1526378785.2044642, 1526378785.5641315, 1526378785.8773305, 1526378786.1302454, 1526378786.427176, 1526378786.7379115, 1526378786.9989917, 1526378787.2951605, 1526378787.5748994, 1526378787.9046266, 1526378788.2357843, 1526378788.5658076, 1526378788.8511496, 1526378789.1059036, 1526378789.3434224, 1526378789.6205857, 1526378789.820982, 1526378790.230588, 1526378790.5900342, 1526378790.900171, 1526378791.1585693, 1526378791.3561287, 1526378791.5505352, 1526378791.7516088, 1526378791.9762292, 1526378792.1899037, 1526378792.4314883, 1526378792.7027051, 1526378792.9432225, 1526378793.2780256, 1526378793.5702941, 1526378793.7669652, 1526378793.9934464, 1526378794.2727473, 1526378794.5905356, 1526378794.8476553, 1526378795.1043942, 1526378795.309397, 1526378795.5559978, 1526378795.800411, 1526378795.998198, 1526378796.2681468, 1526378796.588573, 1526378796.7883296, 1526378796.961694, 1526378797.1882277, 1526378797.480827, 1526378797.769509, 1526378797.9864373, 1526378798.2283416, 1526378798.4361, 1526378798.61128, 1526378798.8220284, 1526378799.0763364, 1526378799.2679217, 1526378799.531294, 1526378799.75534, 1526378799.9613292, 1526378800.2060719, 1526378800.4270122, 1526378800.6755605, 1526378800.9057329, 1526378801.138858, 1526378801.3452945, 1526378801.5941095, 1526378801.8208742, 1526378802.072762, 1526378802.3440359, 1526378802.5661767, 1526378802.7214599], "episode_lengths": [187, 200, 196, 200, 200, 200, 200, 200, 191, 176, 200, 200, 200, 200, 180, 200, 200, 178, 200, 198, 200, 200, 200, 200, 200, 200, 200, 185, 200, 199, 181, 200, 200, 200, 200, 200, 200, 200, 200, 200, 200, 200, 175, 155, 195, 200, 184, 200, 200, 189, 200, 161, 183, 162, 153, 188, 200, 200, 200, 200, 200, 200, 200, 200, 200, 200, 200, 200, 200, 195, 163, 200, 200, 200, 159, 200, 200, 200, 200, 200, 200, 169, 179, 200, 200, 200, 198, 184, 187, 181, 200, 200, 195, 200, 200, 200, 200, 195, 200, 158], "initial_reset_timestamp": 1526378771.7410161, "episode_types": ["t", "t", "t", "t", "t", "t", "t", "t", "t", "t", "t", "t", "t", "t", "t", "t", "t", "t", "t", "t", "t", "t", "t", "t", "t", "t", "t", "t", "t", "t", "t", "t", "t", "t", "t", "t", "t", "t", "t", "t", "t", "t", "t", "t", "t", "t", "t", "t", "t", "t", "t", "t", "t", "t", "t", "t", "t", "t", "t", "t", "t", "t", "t", "t", "t", "t", "t", "t", "t", "t", "t", "t", "t", "t", "t", "t", "t", "t", "t", "t", "t", "t", "t", "t", "t", "t", "t", "t", "t", "t", "t", "t", "t", "t", "t", "t", "t", "t", "t", "t"]}