{"episode_rewards": [171.0, 169.0, 172.0, 168.0, 177.0, 196.0, 175.0, 187.0, 176.0, 185.0, 191.0, 188.0, 166.0, 174.0, 172.0, 167.0, 166.0, 181.0, 185.0, 191.0, 173.0, 182.0, 180.0, 173.0, 181.0, 172.0, 179.0, 179.0, 174.0, 174.0, 171.0, 183.0, 171.0, 169.0, 181.0, 175.0, 171.0, 181.0, 165.0, 178.0, 176.0, 179.0, 176.0, 195.0, 166.0, 187.0, 174.0, 181.0, 166.0, 177.0, 186.0, 168.0, 173.0, 177.0, 175.0, 176.0, 171.0, 183.0, 178.0, 162.0, 174.0, 181.0, 198.0, 179.0, 170.0, 180.0, 172.0, 189.0, 189.0, 190.0, 172.0, 177.0, 183.0, 177.0, 174.0, 186.0, 173.0, 178.0, 183.0, 189.0, 184.0, 177.0, 167.0, 170.0, 178.0, 178.0, 174.0, 185.0, 170.0, 171.0, 177.0, 189.0, 173.0, 178.0, 172.0, 179.0, 187.0, 174.0, 171.0, 170.0], "timestamps": [1526385385.5050268, 1526385385.9233136, 1526385386.0883162, 1526385386.275658, 1526385386.785216, 1526385387.1764846, 1526385387.518359, 1526385387.761346, 1526385387.9603176, 1526385388.249111, 1526385388.5898244, 1526385388.9545424, 1526385389.155899, 1526385389.3353848, 1526385389.5156665, 1526385389.6978247, 1526385389.896519, 1526385390.1052594, 1526385390.3360946, 1526385390.6182222, 1526385390.8433084, 1526385391.1055384, 1526385391.3355281, 1526385391.5165536, 1526385391.733149, 1526385391.924464, 1526385392.1202505, 1526385392.334757, 1526385392.4993968, 1526385392.7217557, 1526385392.8996618, 1526385393.0948575, 1526385393.265758, 1526385393.4456434, 1526385393.629908, 1526385393.8171093, 1526385394.0142918, 1526385394.270044, 1526385394.4804, 1526385394.7546632, 1526385394.9793139, 1526385395.1689472, 1526385395.3389173, 1526385395.5277953, 1526385395.7239501, 1526385395.9036803, 1526385396.0968623, 1526385396.2798657, 1526385396.4424367, 1526385396.612822, 1526385396.8438587, 1526385397.0108998, 1526385397.2129393, 1526385397.392606, 1526385397.5620236, 1526385397.773059, 1526385397.957364, 1526385398.1593714, 1526385398.3497758, 1526385398.5057607, 1526385398.6934445, 1526385398.8895588, 1526385399.0853832, 1526385399.2705228, 1526385399.4520035, 1526385399.649703, 1526385399.8513894, 1526385400.047715, 1526385400.2350419, 1526385400.4240887, 1526385400.592304, 1526385400.797106, 1526385400.9909213, 1526385401.1858332, 1526385401.376678, 1526385401.5660844, 1526385401.7481108, 1526385401.9396887, 1526385402.122705, 1526385402.3108213, 1526385402.5079606, 1526385402.6923432, 1526385402.8677642, 1526385403.0980759, 1526385403.3044665, 1526385403.5055325, 1526385403.7107189, 1526385403.912667, 1526385404.0913708, 1526385404.270326, 1526385404.4430351, 1526385404.632661, 1526385404.8341782, 1526385405.0367038, 1526385405.2114165, 1526385405.417735, 1526385405.7299037, 1526385405.9451075, 1526385406.1468072, 1526385406.3262827], "episode_lengths": [171, 169, 172, 168, 177, 196, 175, 187, 176, 185, 191, 188, 166, 174, 172, 167, 166, 181, 185, 191, 173, 182, 180, 173, 181, 172, 179, 179, 174, 174, 171, 183, 171, 169, 181, 175, 171, 181, 165, 178, 176, 179, 176, 195, 166, 187, 174, 181, 166, 177, 186, 168, 173, 177, 175, 176, 171, 183, 178, 162, 174, 181, 198, 179, 170, 180, 172, 189, 189, 190, 172, 177, 183, 177, 174, 186, 173, 178, 183, 189, 184, 177, 167, 170, 178, 178, 174, 185, 170, 171, 177, 189, 173, 178, 172, 179, 187, 174, 171, 170], "initial_reset_timestamp": 1526385380.5048664, "episode_types": ["t", "t", "t", "t", "t", "t", "t", "t", "t", "t", "t", "t", "t", "t", "t", "t", "t", "t", "t", "t", "t", "t", "t", "t", "t", "t", "t", "t", "t", "t", "t", "t", "t", "t", "t", "t", "t", "t", "t", "t", "t", "t", "t", "t", "t", "t", "t", "t", "t", "t", "t", "t", "t", "t", "t", "t", "t", "t", "t", "t", "t", "t", "t", "t", "t", "t", "t", "t", "t", "t", "t", "t", "t", "t", "t", "t", "t", "t", "t", "t", "t", "t", "t", "t", "t", "t", "t", "t", "t", "t", "t", "t", "t", "t", "t", "t", "t", "t", "t", "t"]}