{"episode_rewards": [200.0, 200.0, 200.0, 200.0, 200.0, 200.0, 200.0, 200.0, 200.0, 200.0, 200.0, 200.0, 200.0, 200.0, 200.0, 200.0, 200.0, 200.0, 200.0, 200.0, 200.0, 200.0, 200.0, 200.0, 200.0, 200.0, 200.0, 200.0, 200.0, 200.0, 200.0, 200.0, 200.0, 200.0, 200.0, 200.0, 200.0, 200.0, 200.0, 200.0, 200.0, 200.0, 200.0, 200.0, 200.0, 200.0, 200.0, 200.0, 200.0, 200.0, 200.0, 200.0, 200.0, 200.0, 200.0, 200.0, 200.0, 200.0, 200.0, 200.0, 200.0, 200.0, 200.0, 200.0, 200.0, 200.0, 200.0, 200.0, 200.0, 200.0, 200.0, 200.0, 200.0, 200.0, 200.0, 200.0, 200.0, 200.0, 200.0, 200.0, 200.0, 200.0, 200.0, 200.0, 200.0, 200.0, 200.0, 200.0, 200.0, 200.0, 200.0, 200.0, 200.0, 200.0, 200.0, 200.0, 200.0, 200.0, 200.0, 200.0], "timestamps": [1526385004.9431612, 1526385005.316082, 1526385005.5490053, 1526385005.7495236, 1526385005.9570997, 1526385006.1599798, 1526385006.3726103, 1526385006.5930216, 1526385006.7909513, 1526385006.9963138, 1526385007.2065494, 1526385007.4084957, 1526385007.6716006, 1526385007.8873568, 1526385008.126193, 1526385008.3296251, 1526385008.5568972, 1526385008.7724195, 1526385008.988743, 1526385009.2159672, 1526385009.4246137, 1526385009.6536689, 1526385009.8723695, 1526385010.0823514, 1526385010.2894487, 1526385010.562642, 1526385010.794015, 1526385011.0370042, 1526385011.2467778, 1526385011.465808, 1526385011.6869578, 1526385011.8936186, 1526385012.1323242, 1526385012.368702, 1526385012.595698, 1526385012.7941911, 1526385013.0075774, 1526385013.2021718, 1526385013.3999004, 1526385013.640874, 1526385013.8381913, 1526385014.0467942, 1526385014.2430415, 1526385014.445882, 1526385014.6637828, 1526385014.8639543, 1526385015.0723374, 1526385015.2831488, 1526385015.508409, 1526385015.7279205, 1526385015.9617205, 1526385016.168357, 1526385016.370975, 1526385016.5998573, 1526385016.7925532, 1526385017.0114048, 1526385017.2275703, 1526385017.4286346, 1526385017.635626, 1526385017.848484, 1526385018.0562344, 1526385018.2672799, 1526385018.5154843, 1526385018.732156, 1526385018.940074, 1526385019.179034, 1526385019.3826752, 1526385019.6182706, 1526385019.8513093, 1526385020.061066, 1526385020.258727, 1526385020.4924605, 1526385020.7257123, 1526385020.9370067, 1526385021.1542912, 1526385021.3743439, 1526385021.6117196, 1526385021.8047585, 1526385022.014242, 1526385022.2265272, 1526385022.432595, 1526385022.647931, 1526385022.8715916, 1526385023.1010017, 1526385023.3406622, 1526385023.6130764, 1526385023.843039, 1526385024.0890234, 1526385024.3015041, 1526385024.5418942, 1526385024.7557876, 1526385024.9843462, 1526385025.195488, 1526385025.4031472, 1526385025.673883, 1526385025.8789814, 1526385026.091864, 1526385026.304235, 1526385026.5248213, 1526385026.7606068], "episode_lengths": [200, 200, 200, 200, 200, 200, 200, 200, 200, 200, 200, 200, 200, 200, 200, 200, 200, 200, 200, 200, 200, 200, 200, 200, 200, 200, 200, 200, 200, 200, 200, 200, 200, 200, 200, 200, 200, 200, 200, 200, 200, 200, 200, 200, 200, 200, 200, 200, 200, 200, 200, 200, 200, 200, 200, 200, 200, 200, 200, 200, 200, 200, 200, 200, 200, 200, 200, 200, 200, 200, 200, 200, 200, 200, 200, 200, 200, 200, 200, 200, 200, 200, 200, 200, 200, 200, 200, 200, 200, 200, 200, 200, 200, 200, 200, 200, 200, 200, 200, 200], "initial_reset_timestamp": 1526384999.9253962, "episode_types": ["t", "t", "t", "t", "t", "t", "t", "t", "t", "t", "t", "t", "t", "t", "t", "t", "t", "t", "t", "t", "t", "t", "t", "t", "t", "t", "t", "t", "t", "t", "t", "t", "t", "t", "t", "t", "t", "t", "t", "t", "t", "t", "t", "t", "t", "t", "t", "t", "t", "t", "t", "t", "t", "t", "t", "t", "t", "t", "t", "t", "t", "t", "t", "t", "t", "t", "t", "t", "t", "t", "t", "t", "t", "t", "t", "t", "t", "t", "t", "t", "t", "t", "t", "t", "t", "t", "t", "t", "t", "t", "t", "t", "t", "t", "t", "t", "t", "t", "t", "t"]}