{"episode_rewards": [164.0, 163.0, 167.0, 170.0, 164.0, 162.0, 165.0, 160.0, 173.0, 160.0, 162.0, 166.0, 172.0, 164.0, 169.0, 167.0, 170.0, 176.0, 165.0, 169.0, 167.0, 166.0, 162.0, 167.0, 169.0, 165.0, 164.0, 159.0, 170.0, 166.0, 167.0, 171.0, 166.0, 170.0, 163.0, 159.0, 161.0, 169.0, 162.0, 168.0, 168.0, 169.0, 167.0, 172.0, 166.0, 174.0, 167.0, 163.0, 164.0, 165.0, 166.0, 167.0, 170.0, 167.0, 173.0, 160.0, 165.0, 165.0, 162.0, 168.0, 168.0, 163.0, 158.0, 161.0, 172.0, 159.0, 169.0, 171.0, 160.0, 175.0, 164.0, 164.0, 167.0, 163.0, 169.0, 169.0, 168.0, 166.0, 167.0, 160.0, 167.0, 166.0, 160.0, 168.0, 167.0, 170.0, 174.0, 166.0, 169.0, 160.0, 163.0, 170.0, 169.0, 170.0, 167.0, 166.0, 161.0, 171.0, 163.0, 164.0], "timestamps": [1526386623.5926156, 1526386624.0765426, 1526386624.32255, 1526386624.5358858, 1526386624.7526922, 1526386625.0100813, 1526386625.2257798, 1526386625.4602885, 1526386625.6936243, 1526386625.9165776, 1526386626.0914638, 1526386626.3262353, 1526386626.5692601, 1526386626.8282783, 1526386627.0758488, 1526386627.4204202, 1526386627.6725657, 1526386627.9244392, 1526386628.282048, 1526386628.6042297, 1526386628.8940043, 1526386629.1432226, 1526386629.4407, 1526386629.7580714, 1526386630.0575264, 1526386630.3441796, 1526386630.600378, 1526386630.8831878, 1526386631.1204562, 1526386631.353212, 1526386631.6613996, 1526386631.9652648, 1526386632.2738707, 1526386632.5894687, 1526386632.931878, 1526386633.2349074, 1526386633.4414713, 1526386633.6456625, 1526386633.8479216, 1526386634.045379, 1526386634.2662883, 1526386634.4561071, 1526386634.6619387, 1526386634.9211307, 1526386635.13316, 1526386635.3111222, 1526386635.5402505, 1526386635.7832174, 1526386636.055312, 1526386636.3192065, 1526386636.5758462, 1526386636.8187714, 1526386637.156929, 1526386637.3258288, 1526386637.4993265, 1526386637.693569, 1526386637.9131465, 1526386638.1363156, 1526386638.2978134, 1526386638.5294578, 1526386638.7589343, 1526386638.9691212, 1526386639.1842494, 1526386639.3440943, 1526386639.5388906, 1526386639.7088795, 1526386639.8972538, 1526386640.1160307, 1526386640.2949324, 1526386640.4849784, 1526386640.6510856, 1526386640.8273914, 1526386641.0123646, 1526386641.1948445, 1526386641.360327, 1526386641.5477724, 1526386641.720533, 1526386641.906274, 1526386642.0966685, 1526386642.2567964, 1526386642.452424, 1526386642.6177535, 1526386642.8351228, 1526386643.018699, 1526386643.1994417, 1526386643.3958712, 1526386643.5924566, 1526386643.7614794, 1526386643.9546075, 1526386644.1102822, 1526386644.284688, 1526386644.4897752, 1526386644.677739, 1526386644.875513, 1526386645.0571172, 1526386645.239854, 1526386645.4102724, 1526386645.6179285, 1526386645.7888556, 1526386645.990803], "episode_lengths": [164, 163, 167, 170, 164, 162, 165, 160, 173, 160, 162, 166, 172, 164, 169, 167, 170, 176, 165, 169, 167, 166, 162, 167, 169, 165, 164, 159, 170, 166, 167, 171, 166, 170, 163, 159, 161, 169, 162, 168, 168, 169, 167, 172, 166, 174, 167, 163, 164, 165, 166, 167, 170, 167, 173, 160, 165, 165, 162, 168, 168, 163, 158, 161, 172, 159, 169, 171, 160, 175, 164, 164, 167, 163, 169, 169, 168, 166, 167, 160, 167, 166, 160, 168, 167, 170, 174, 166, 169, 160, 163, 170, 169, 170, 167, 166, 161, 171, 163, 164], "initial_reset_timestamp": 1526386618.695698, "episode_types": ["t", "t", "t", "t", "t", "t", "t", "t", "t", "t", "t", "t", "t", "t", "t", "t", "t", "t", "t", "t", "t", "t", "t", "t", "t", "t", "t", "t", "t", "t", "t", "t", "t", "t", "t", "t", "t", "t", "t", "t", "t", "t", "t", "t", "t", "t", "t", "t", "t", "t", "t", "t", "t", "t", "t", "t", "t", "t", "t", "t", "t", "t", "t", "t", "t", "t", "t", "t", "t", "t", "t", "t", "t", "t", "t", "t", "t", "t", "t", "t", "t", "t", "t", "t", "t", "t", "t", "t", "t", "t", "t", "t", "t", "t", "t", "t", "t", "t", "t", "t"]}