{"episode_rewards": [200.0, 200.0, 200.0, 200.0, 200.0, 200.0, 200.0, 200.0, 200.0, 200.0, 200.0, 200.0, 200.0, 200.0, 200.0, 200.0, 200.0, 200.0, 200.0, 200.0, 200.0, 200.0, 200.0, 200.0, 200.0, 200.0, 200.0, 200.0, 200.0, 200.0, 200.0, 200.0, 200.0, 200.0, 200.0, 200.0, 200.0, 200.0, 200.0, 200.0, 200.0, 200.0, 200.0, 200.0, 200.0, 200.0, 200.0, 200.0, 200.0, 200.0, 200.0, 200.0, 200.0, 200.0, 200.0, 200.0, 200.0, 200.0, 200.0, 200.0, 200.0, 200.0, 200.0, 200.0, 200.0, 200.0, 200.0, 200.0, 200.0, 200.0, 200.0, 200.0, 200.0, 200.0, 200.0, 200.0, 200.0, 200.0, 200.0, 200.0, 200.0, 200.0, 200.0, 200.0, 200.0, 200.0, 200.0, 200.0, 200.0, 200.0, 200.0, 200.0, 200.0, 200.0, 200.0, 200.0, 200.0, 200.0, 200.0, 200.0], "timestamps": [1526384545.496292, 1526384546.511632, 1526384546.9671822, 1526384547.518334, 1526384547.996045, 1526384548.462906, 1526384548.9289608, 1526384549.4836826, 1526384549.963913, 1526384550.4023674, 1526384550.706373, 1526384551.0020864, 1526384551.3060856, 1526384551.6442819, 1526384551.945766, 1526384552.2787254, 1526384552.6296608, 1526384553.015906, 1526384553.4460738, 1526384553.808793, 1526384554.1414692, 1526384554.6136425, 1526384554.9500933, 1526384555.346324, 1526384555.7913337, 1526384556.3324082, 1526384556.77185, 1526384557.111591, 1526384557.4126394, 1526384557.7489245, 1526384558.0328205, 1526384558.349663, 1526384558.679569, 1526384559.000321, 1526384559.306766, 1526384559.6522071, 1526384559.9653773, 1526384560.2634711, 1526384560.6132262, 1526384560.9360294, 1526384561.3104303, 1526384561.675075, 1526384561.9685748, 1526384562.2776077, 1526384562.6095142, 1526384562.9353077, 1526384563.2663157, 1526384563.6489098, 1526384563.9680684, 1526384564.2772286, 1526384564.6725254, 1526384565.0181193, 1526384565.3359, 1526384565.6856368, 1526384566.0353196, 1526384566.3674946, 1526384566.6849456, 1526384566.9898715, 1526384567.2913156, 1526384567.7179072, 1526384568.0305786, 1526384568.3514128, 1526384568.7357745, 1526384569.0816903, 1526384569.3674076, 1526384569.8078241, 1526384570.1480298, 1526384570.458838, 1526384570.7834208, 1526384571.109453, 1526384571.414019, 1526384571.7748132, 1526384572.105601, 1526384572.3920426, 1526384572.7865505, 1526384573.0909421, 1526384573.410275, 1526384573.769418, 1526384574.0978873, 1526384574.3962116, 1526384574.8094864, 1526384575.1738112, 1526384575.565067, 1526384575.9346986, 1526384576.2090113, 1526384576.5581067, 1526384576.8609724, 1526384577.131295, 1526384577.4169, 1526384577.7565372, 1526384578.0572972, 1526384578.3821626, 1526384578.773249, 1526384579.1461697, 1526384579.4350274, 1526384579.8069146, 1526384580.1190953, 1526384580.452911, 1526384580.8260686, 1526384581.1403944], "episode_lengths": [200, 200, 200, 200, 200, 200, 200, 200, 200, 200, 200, 200, 200, 200, 200, 200, 200, 200, 200, 200, 200, 200, 200, 200, 200, 200, 200, 200, 200, 200, 200, 200, 200, 200, 200, 200, 200, 200, 200, 200, 200, 200, 200, 200, 200, 200, 200, 200, 200, 200, 200, 200, 200, 200, 200, 200, 200, 200, 200, 200, 200, 200, 200, 200, 200, 200, 200, 200, 200, 200, 200, 200, 200, 200, 200, 200, 200, 200, 200, 200, 200, 200, 200, 200, 200, 200, 200, 200, 200, 200, 200, 200, 200, 200, 200, 200, 200, 200, 200, 200], "initial_reset_timestamp": 1526384536.564202, "episode_types": ["t", "t", "t", "t", "t", "t", "t", "t", "t", "t", "t", "t", "t", "t", "t", "t", "t", "t", "t", "t", "t", "t", "t", "t", "t", "t", "t", "t", "t", "t", "t", "t", "t", "t", "t", "t", "t", "t", "t", "t", "t", "t", "t", "t", "t", "t", "t", "t", "t", "t", "t", "t", "t", "t", "t", "t", "t", "t", "t", "t", "t", "t", "t", "t", "t", "t", "t", "t", "t", "t", "t", "t", "t", "t", "t", "t", "t", "t", "t", "t", "t", "t", "t", "t", "t", "t", "t", "t", "t", "t", "t", "t", "t", "t", "t", "t", "t", "t", "t", "t"]}