{"episode_rewards": [159.0, 172.0, 169.0, 172.0, 165.0, 171.0, 174.0, 162.0, 153.0, 165.0, 171.0, 171.0, 176.0, 171.0, 167.0, 161.0, 172.0, 163.0, 169.0, 162.0, 164.0, 174.0, 156.0, 167.0, 164.0, 165.0, 165.0, 170.0, 172.0, 164.0, 172.0, 167.0, 175.0, 167.0, 157.0, 179.0, 165.0, 173.0, 160.0, 179.0, 155.0, 156.0, 163.0, 169.0, 161.0, 160.0, 163.0, 174.0, 162.0, 164.0, 179.0, 170.0, 162.0, 171.0, 174.0, 159.0, 171.0, 184.0, 175.0, 157.0, 161.0, 163.0, 166.0, 169.0, 160.0, 174.0, 168.0, 162.0, 165.0, 177.0, 184.0, 168.0, 165.0, 174.0, 168.0, 170.0, 165.0, 182.0, 166.0, 160.0, 163.0, 172.0, 170.0, 152.0, 152.0, 179.0, 169.0, 174.0, 160.0, 174.0, 172.0, 178.0, 163.0, 165.0, 182.0, 169.0, 168.0, 164.0, 168.0, 166.0], "timestamps": [1526384274.9636014, 1526384275.4280834, 1526384275.6408975, 1526384275.862245, 1526384276.0873432, 1526384276.3404253, 1526384276.6027412, 1526384276.7897482, 1526384276.9999542, 1526384277.2053034, 1526384277.4454892, 1526384277.69974, 1526384277.9068317, 1526384278.1203208, 1526384278.3740778, 1526384278.59682, 1526384278.788668, 1526384278.9817479, 1526384279.1916127, 1526384279.4309952, 1526384279.6397736, 1526384279.8817263, 1526384280.1129942, 1526384280.3363836, 1526384280.5582292, 1526384280.774789, 1526384280.9817882, 1526384281.2064612, 1526384281.4138227, 1526384281.6015265, 1526384281.8449032, 1526384282.0631752, 1526384282.3007011, 1526384282.5349026, 1526384282.7310827, 1526384282.9762425, 1526384283.242007, 1526384283.491422, 1526384283.6999807, 1526384283.9331517, 1526384284.1229022, 1526384284.3539605, 1526384284.574229, 1526384284.7959611, 1526384285.0089552, 1526384285.213073, 1526384285.4360945, 1526384285.6812694, 1526384285.8807273, 1526384286.0996938, 1526384286.3426788, 1526384286.5642965, 1526384286.7827103, 1526384286.9936798, 1526384287.229759, 1526384287.4687183, 1526384287.7079642, 1526384287.9283648, 1526384288.1385136, 1526384288.366803, 1526384288.592007, 1526384288.795924, 1526384289.0030262, 1526384289.2124796, 1526384289.4362729, 1526384289.6517136, 1526384289.8450513, 1526384290.0511944, 1526384290.2749312, 1526384290.5060792, 1526384290.7265897, 1526384290.9250522, 1526384291.1492715, 1526384291.411696, 1526384291.664518, 1526384291.8578246, 1526384292.0642695, 1526384292.367187, 1526384292.583163, 1526384292.817991, 1526384293.0394742, 1526384293.277505, 1526384293.5000768, 1526384293.7118397, 1526384293.9118915, 1526384294.1392648, 1526384294.3578382, 1526384294.600801, 1526384294.8211234, 1526384295.0597813, 1526384295.2734125, 1526384295.5051436, 1526384295.710977, 1526384295.9082706, 1526384296.1350024, 1526384296.3655117, 1526384296.5758717, 1526384296.7811952, 1526384296.9839804, 1526384297.204846], "episode_lengths": [159, 172, 169, 172, 165, 171, 174, 162, 153, 165, 171, 171, 176, 171, 167, 161, 172, 163, 169, 162, 164, 174, 156, 167, 164, 165, 165, 170, 172, 164, 172, 167, 175, 167, 157, 179, 165, 173, 160, 179, 155, 156, 163, 169, 161, 160, 163, 174, 162, 164, 179, 170, 162, 171, 174, 159, 171, 184, 175, 157, 161, 163, 166, 169, 160, 174, 168, 162, 165, 177, 184, 168, 165, 174, 168, 170, 165, 182, 166, 160, 163, 172, 170, 152, 152, 179, 169, 174, 160, 174, 172, 178, 163, 165, 182, 169, 168, 164, 168, 166], "initial_reset_timestamp": 1526384270.4212263, "episode_types": ["t", "t", "t", "t", "t", "t", "t", "t", "t", "t", "t", "t", "t", "t", "t", "t", "t", "t", "t", "t", "t", "t", "t", "t", "t", "t", "t", "t", "t", "t", "t", "t", "t", "t", "t", "t", "t", "t", "t", "t", "t", "t", "t", "t", "t", "t", "t", "t", "t", "t", "t", "t", "t", "t", "t", "t", "t", "t", "t", "t", "t", "t", "t", "t", "t", "t", "t", "t", "t", "t", "t", "t", "t", "t", "t", "t", "t", "t", "t", "t", "t", "t", "t", "t", "t", "t", "t", "t", "t", "t", "t", "t", "t", "t", "t", "t", "t", "t", "t", "t"]}