{"episode_rewards": [200.0, 200.0, 200.0, 200.0, 200.0, 200.0, 200.0, 200.0, 200.0, 200.0, 200.0, 200.0, 200.0, 200.0, 200.0, 200.0, 200.0, 200.0, 200.0, 200.0, 200.0, 200.0, 200.0, 200.0, 200.0, 200.0, 200.0, 200.0, 200.0, 200.0, 200.0, 200.0, 200.0, 200.0, 200.0, 200.0, 200.0, 200.0, 200.0, 200.0, 200.0, 200.0, 200.0, 200.0, 200.0, 200.0, 200.0, 200.0, 200.0, 200.0, 200.0, 200.0, 200.0, 200.0, 200.0, 200.0, 200.0, 200.0, 200.0, 200.0, 200.0, 200.0, 200.0, 200.0, 200.0, 200.0, 200.0, 200.0, 200.0, 200.0, 200.0, 200.0, 200.0, 200.0, 200.0, 200.0, 200.0, 200.0, 200.0, 200.0, 200.0, 200.0, 200.0, 200.0, 200.0, 200.0, 200.0, 200.0, 200.0, 200.0, 200.0, 200.0, 200.0, 200.0, 200.0, 200.0, 200.0, 200.0, 200.0, 200.0], "timestamps": [1526389894.5923412, 1526389895.017, 1526389895.2286236, 1526389895.4501162, 1526389895.6710207, 1526389895.92025, 1526389896.165232, 1526389896.3918476, 1526389896.599006, 1526389896.81943, 1526389897.0644975, 1526389897.3005507, 1526389897.5281036, 1526389897.7366188, 1526389897.9723482, 1526389898.2174733, 1526389898.5484178, 1526389898.9949772, 1526389899.2494628, 1526389899.467454, 1526389899.6907485, 1526389899.9658039, 1526389900.177639, 1526389900.3865888, 1526389900.6290555, 1526389900.919991, 1526389901.1412241, 1526389901.3577218, 1526389901.5692103, 1526389901.767132, 1526389901.9961698, 1526389902.2186894, 1526389902.4289389, 1526389902.6434705, 1526389902.841278, 1526389903.0915265, 1526389903.33588, 1526389903.580131, 1526389903.9011846, 1526389904.1971765, 1526389904.463774, 1526389904.678784, 1526389904.8838286, 1526389905.107756, 1526389905.3155525, 1526389905.5277243, 1526389905.7478168, 1526389905.9732509, 1526389906.1795466, 1526389906.3904755, 1526389906.62445, 1526389906.8288512, 1526389907.0556867, 1526389907.2903945, 1526389907.5785282, 1526389907.921593, 1526389908.2737563, 1526389908.4898436, 1526389908.7401063, 1526389908.9692247, 1526389909.1962202, 1526389909.464835, 1526389909.6885853, 1526389909.934275, 1526389910.1649435, 1526389910.5258272, 1526389910.801469, 1526389911.0862436, 1526389911.3276222, 1526389911.5687385, 1526389911.818474, 1526389912.0680606, 1526389912.284816, 1526389912.4860334, 1526389912.686957, 1526389912.9619155, 1526389913.2547667, 1526389913.5725389, 1526389913.8742847, 1526389914.2350023, 1526389914.6443503, 1526389915.1690066, 1526389915.515243, 1526389915.8493526, 1526389916.2482283, 1526389917.038757, 1526389917.5776896, 1526389917.9809668, 1526389918.2978816, 1526389918.6468985, 1526389919.0208664, 1526389919.421555, 1526389919.7826269, 1526389920.1462157, 1526389920.6103587, 1526389920.95386, 1526389921.2855039, 1526389921.6588473, 1526389921.9282598, 1526389922.1656668], "episode_lengths": [200, 200, 200, 200, 200, 200, 200, 200, 200, 200, 200, 200, 200, 200, 200, 200, 200, 200, 200, 200, 200, 200, 200, 200, 200, 200, 200, 200, 200, 200, 200, 200, 200, 200, 200, 200, 200, 200, 200, 200, 200, 200, 200, 200, 200, 200, 200, 200, 200, 200, 200, 200, 200, 200, 200, 200, 200, 200, 200, 200, 200, 200, 200, 200, 200, 200, 200, 200, 200, 200, 200, 200, 200, 200, 200, 200, 200, 200, 200, 200, 200, 200, 200, 200, 200, 200, 200, 200, 200, 200, 200, 200, 200, 200, 200, 200, 200, 200, 200, 200], "initial_reset_timestamp": 1526389889.4314604, "episode_types": ["t", "t", "t", "t", "t", "t", "t", "t", "t", "t", "t", "t", "t", "t", "t", "t", "t", "t", "t", "t", "t", "t", "t", "t", "t", "t", "t", "t", "t", "t", "t", "t", "t", "t", "t", "t", "t", "t", "t", "t", "t", "t", "t", "t", "t", "t", "t", "t", "t", "t", "t", "t", "t", "t", "t", "t", "t", "t", "t", "t", "t", "t", "t", "t", "t", "t", "t", "t", "t", "t", "t", "t", "t", "t", "t", "t", "t", "t", "t", "t", "t", "t", "t", "t", "t", "t", "t", "t", "t", "t", "t", "t", "t", "t", "t", "t", "t", "t", "t", "t"]}