{"episode_rewards": [117.0, 115.0, 114.0, 119.0, 119.0, 114.0, 118.0, 116.0, 120.0, 119.0, 116.0, 111.0, 114.0, 119.0, 113.0, 116.0, 116.0, 117.0, 115.0, 114.0, 117.0, 112.0, 110.0, 118.0, 114.0, 112.0, 117.0, 114.0, 117.0, 113.0, 115.0, 113.0, 114.0, 118.0, 114.0, 117.0, 116.0, 114.0, 112.0, 115.0, 113.0, 119.0, 114.0, 117.0, 116.0, 116.0, 118.0, 112.0, 113.0, 111.0, 115.0, 116.0, 116.0, 118.0, 113.0, 117.0, 117.0, 118.0, 118.0, 116.0, 115.0, 116.0, 118.0, 117.0, 112.0, 117.0, 115.0, 116.0, 116.0, 114.0, 112.0, 113.0, 114.0, 116.0, 113.0, 116.0, 114.0, 114.0, 111.0, 113.0, 117.0, 118.0, 113.0, 114.0, 119.0, 119.0, 118.0, 115.0, 116.0, 119.0, 114.0, 120.0, 117.0, 117.0, 115.0, 116.0, 115.0, 120.0, 115.0, 118.0], "timestamps": [1526388229.4670997, 1526388229.7754695, 1526388229.8987477, 1526388230.0177076, 1526388230.4418895, 1526388230.5866175, 1526388230.7569094, 1526388230.965478, 1526388231.2631702, 1526388231.5272684, 1526388231.6865656, 1526388231.9492824, 1526388232.1040952, 1526388232.2444456, 1526388232.354886, 1526388232.4656818, 1526388232.584983, 1526388232.7001314, 1526388232.8158605, 1526388232.9301567, 1526388233.053182, 1526388233.1639888, 1526388233.304494, 1526388233.426779, 1526388233.5475478, 1526388233.6757228, 1526388233.794806, 1526388233.9135802, 1526388234.0746026, 1526388234.3393443, 1526388234.450435, 1526388234.5697923, 1526388234.7233155, 1526388234.8476162, 1526388234.9694297, 1526388235.2329986, 1526388235.3750846, 1526388235.501127, 1526388235.6176693, 1526388235.7466443, 1526388235.8616388, 1526388235.981766, 1526388236.0919209, 1526388236.2298353, 1526388236.4673245, 1526388236.606179, 1526388236.746833, 1526388236.8748455, 1526388237.0248234, 1526388237.246752, 1526388237.418501, 1526388237.5379636, 1526388237.6589737, 1526388237.7917345, 1526388237.95177, 1526388238.1083312, 1526388238.3027277, 1526388238.4931512, 1526388238.6198237, 1526388238.732375, 1526388238.8702734, 1526388239.1196368, 1526388239.4019167, 1526388239.6288133, 1526388239.8483527, 1526388240.0630636, 1526388240.3515847, 1526388240.585299, 1526388240.7257283, 1526388240.9348333, 1526388241.174574, 1526388241.411315, 1526388241.6027913, 1526388241.8299932, 1526388241.96809, 1526388242.2688327, 1526388242.4974446, 1526388242.7017248, 1526388242.9060512, 1526388243.151682, 1526388243.3726404, 1526388243.52842, 1526388243.6467776, 1526388243.7759674, 1526388243.9164097, 1526388244.0523224, 1526388244.206362, 1526388244.3443475, 1526388244.482215, 1526388244.627456, 1526388244.791306, 1526388244.9568725, 1526388245.1290882, 1526388245.3341064, 1526388245.5089903, 1526388245.6693606, 1526388245.8089294, 1526388245.9457357, 1526388246.0761454, 1526388246.2015116], "episode_lengths": [117, 115, 114, 119, 119, 114, 118, 116, 120, 119, 116, 111, 114, 119, 113, 116, 116, 117, 115, 114, 117, 112, 110, 118, 114, 112, 117, 114, 117, 113, 115, 113, 114, 118, 114, 117, 116, 114, 112, 115, 113, 119, 114, 117, 116, 116, 118, 112, 113, 111, 115, 116, 116, 118, 113, 117, 117, 118, 118, 116, 115, 116, 118, 117, 112, 117, 115, 116, 116, 114, 112, 113, 114, 116, 113, 116, 114, 114, 111, 113, 117, 118, 113, 114, 119, 119, 118, 115, 116, 119, 114, 120, 117, 117, 115, 116, 115, 120, 115, 118], "initial_reset_timestamp": 1526388226.5026157, "episode_types": ["t", "t", "t", "t", "t", "t", "t", "t", "t", "t", "t", "t", "t", "t", "t", "t", "t", "t", "t", "t", "t", "t", "t", "t", "t", "t", "t", "t", "t", "t", "t", "t", "t", "t", "t", "t", "t", "t", "t", "t", "t", "t", "t", "t", "t", "t", "t", "t", "t", "t", "t", "t", "t", "t", "t", "t", "t", "t", "t", "t", "t", "t", "t", "t", "t", "t", "t", "t", "t", "t", "t", "t", "t", "t", "t", "t", "t", "t", "t", "t", "t", "t", "t", "t", "t", "t", "t", "t", "t", "t", "t", "t", "t", "t", "t", "t", "t", "t", "t", "t"]}