{"episode_rewards": [200.0, 200.0, 200.0, 200.0, 200.0, 200.0, 200.0, 200.0, 198.0, 200.0, 200.0, 200.0, 200.0, 200.0, 200.0, 200.0, 200.0, 200.0, 200.0, 200.0, 200.0, 200.0, 200.0, 200.0, 200.0, 200.0, 200.0, 200.0, 200.0, 200.0, 200.0, 200.0, 200.0, 200.0, 200.0, 200.0, 200.0, 200.0, 200.0, 200.0, 200.0, 200.0, 200.0, 200.0, 200.0, 200.0, 200.0, 200.0, 200.0, 200.0, 200.0, 200.0, 200.0, 200.0, 200.0, 200.0, 200.0, 200.0, 200.0, 200.0, 200.0, 200.0, 200.0, 200.0, 200.0, 200.0, 200.0, 200.0, 200.0, 200.0, 200.0, 200.0, 200.0, 200.0, 200.0, 200.0, 200.0, 190.0, 200.0, 200.0, 200.0, 200.0, 200.0, 200.0, 200.0, 200.0, 200.0, 200.0, 200.0, 200.0, 200.0, 200.0, 200.0, 200.0, 200.0, 200.0, 200.0, 200.0, 200.0, 200.0], "timestamps": [1526379482.9701931, 1526379483.4368014, 1526379483.6457348, 1526379483.8763762, 1526379484.0787303, 1526379484.3694594, 1526379484.6563122, 1526379484.948642, 1526379485.2177415, 1526379485.4349267, 1526379485.6434536, 1526379485.8599217, 1526379486.071281, 1526379486.335696, 1526379486.635079, 1526379486.918994, 1526379487.193932, 1526379487.4134808, 1526379487.6188028, 1526379487.8382752, 1526379488.0472186, 1526379488.2520504, 1526379488.4552803, 1526379488.6681316, 1526379488.9775546, 1526379489.3491929, 1526379489.708393, 1526379490.0609503, 1526379490.4612606, 1526379490.7799923, 1526379491.0975268, 1526379491.409547, 1526379491.835532, 1526379492.291214, 1526379492.6214974, 1526379492.9374733, 1526379493.2338428, 1526379493.5124042, 1526379493.8161469, 1526379494.0558913, 1526379494.3125198, 1526379494.5790086, 1526379494.8298202, 1526379495.2104135, 1526379495.56753, 1526379495.9820225, 1526379496.419828, 1526379496.6703713, 1526379496.8961134, 1526379497.1008759, 1526379497.3553252, 1526379497.5809722, 1526379497.8412063, 1526379498.0985422, 1526379498.367248, 1526379498.6676905, 1526379498.8949473, 1526379499.1315556, 1526379499.4653144, 1526379499.6988332, 1526379499.9742148, 1526379500.2437787, 1526379500.4590933, 1526379500.6699874, 1526379500.898713, 1526379501.1800833, 1526379501.4406984, 1526379501.718017, 1526379501.9922402, 1526379502.2795594, 1526379502.524344, 1526379502.7680142, 1526379503.021934, 1526379503.3155036, 1526379503.5363777, 1526379503.7662854, 1526379503.9920704, 1526379504.1723673, 1526379504.3994012, 1526379504.740071, 1526379504.9619164, 1526379505.1875722, 1526379505.4112852, 1526379505.6225092, 1526379505.820947, 1526379506.0384917, 1526379506.2320836, 1526379506.452759, 1526379506.6486545, 1526379506.865103, 1526379507.0611255, 1526379507.2696352, 1526379507.4846413, 1526379507.6849558, 1526379507.8915403, 1526379508.1028838, 1526379508.3013225, 1526379508.5151234, 1526379508.713619, 1526379508.966853], "episode_lengths": [200, 200, 200, 200, 200, 200, 200, 200, 198, 200, 200, 200, 200, 200, 200, 200, 200, 200, 200, 200, 200, 200, 200, 200, 200, 200, 200, 200, 200, 200, 200, 200, 200, 200, 200, 200, 200, 200, 200, 200, 200, 200, 200, 200, 200, 200, 200, 200, 200, 200, 200, 200, 200, 200, 200, 200, 200, 200, 200, 200, 200, 200, 200, 200, 200, 200, 200, 200, 200, 200, 200, 200, 200, 200, 200, 200, 200, 190, 200, 200, 200, 200, 200, 200, 200, 200, 200, 200, 200, 200, 200, 200, 200, 200, 200, 200, 200, 200, 200, 200], "initial_reset_timestamp": 1526379477.197333, "episode_types": ["t", "t", "t", "t", "t", "t", "t", "t", "t", "t", "t", "t", "t", "t", "t", "t", "t", "t", "t", "t", "t", "t", "t", "t", "t", "t", "t", "t", "t", "t", "t", "t", "t", "t", "t", "t", "t", "t", "t", "t", "t", "t", "t", "t", "t", "t", "t", "t", "t", "t", "t", "t", "t", "t", "t", "t", "t", "t", "t", "t", "t", "t", "t", "t", "t", "t", "t", "t", "t", "t", "t", "t", "t", "t", "t", "t", "t", "t", "t", "t", "t", "t", "t", "t", "t", "t", "t", "t", "t", "t", "t", "t", "t", "t", "t", "t", "t", "t", "t", "t"]}