{"episode_rewards": [200.0, 200.0, 200.0, 200.0, 200.0, 200.0, 200.0, 200.0, 200.0, 200.0, 200.0, 200.0, 200.0, 200.0, 200.0, 200.0, 200.0, 200.0, 200.0, 200.0, 200.0, 200.0, 200.0, 200.0, 200.0, 200.0, 200.0, 200.0, 200.0, 200.0, 200.0, 200.0, 200.0, 200.0, 200.0, 200.0, 200.0, 200.0, 200.0, 200.0, 200.0, 200.0, 200.0, 200.0, 200.0, 200.0, 200.0, 200.0, 200.0, 200.0, 200.0, 200.0, 200.0, 200.0, 200.0, 200.0, 200.0, 200.0, 200.0, 200.0, 200.0, 200.0, 200.0, 200.0, 200.0, 200.0, 200.0, 200.0, 200.0, 200.0, 200.0, 200.0, 200.0, 200.0, 200.0, 200.0, 200.0, 200.0, 200.0, 200.0, 200.0, 200.0, 200.0, 200.0, 200.0, 200.0, 200.0, 200.0, 200.0, 200.0, 200.0, 200.0, 200.0, 200.0, 200.0, 200.0, 200.0, 200.0, 200.0, 200.0], "timestamps": [1526388099.4132304, 1526388099.8099306, 1526388100.003317, 1526388100.2445898, 1526388100.4742513, 1526388100.724754, 1526388100.9564638, 1526388101.1970534, 1526388101.41805, 1526388101.658084, 1526388101.8768265, 1526388102.0757785, 1526388102.294651, 1526388102.4878755, 1526388102.7203412, 1526388102.9372108, 1526388103.2231834, 1526388103.4310086, 1526388103.6645079, 1526388103.8830962, 1526388104.1345944, 1526388104.3780465, 1526388104.5746994, 1526388104.7739692, 1526388104.9781811, 1526388105.2113342, 1526388105.4191182, 1526388105.6457388, 1526388105.854221, 1526388106.0722437, 1526388106.288956, 1526388106.5106232, 1526388106.7529912, 1526388106.996202, 1526388107.2449262, 1526388107.4486163, 1526388107.6637335, 1526388107.8679109, 1526388108.0672297, 1526388108.305463, 1526388108.52187, 1526388108.7514558, 1526388108.9672732, 1526388109.2116551, 1526388109.4149826, 1526388109.6249287, 1526388109.8329976, 1526388110.0431716, 1526388110.2784622, 1526388110.4756799, 1526388110.679432, 1526388110.895338, 1526388111.1440303, 1526388111.4361365, 1526388111.6811056, 1526388111.9370224, 1526388112.1827903, 1526388112.4182847, 1526388112.6541827, 1526388112.8668897, 1526388113.078291, 1526388113.3074746, 1526388113.5163286, 1526388113.7447617, 1526388113.9598763, 1526388114.261638, 1526388114.5616212, 1526388114.8287826, 1526388115.3274221, 1526388115.5460474, 1526388115.8030403, 1526388116.1613524, 1526388116.4357226, 1526388116.6635711, 1526388116.8701956, 1526388117.0811012, 1526388117.2986424, 1526388117.6446548, 1526388117.9625432, 1526388118.2991319, 1526388118.621437, 1526388118.8939414, 1526388119.2234597, 1526388119.513022, 1526388119.8113537, 1526388120.1020486, 1526388120.448626, 1526388120.690534, 1526388121.0305655, 1526388121.3998604, 1526388121.7276368, 1526388121.9359188, 1526388122.1308973, 1526388122.448552, 1526388122.741009, 1526388123.013763, 1526388123.3632538, 1526388123.7285502, 1526388124.0004582, 1526388124.2361696], "episode_lengths": [200, 200, 200, 200, 200, 200, 200, 200, 200, 200, 200, 200, 200, 200, 200, 200, 200, 200, 200, 200, 200, 200, 200, 200, 200, 200, 200, 200, 200, 200, 200, 200, 200, 200, 200, 200, 200, 200, 200, 200, 200, 200, 200, 200, 200, 200, 200, 200, 200, 200, 200, 200, 200, 200, 200, 200, 200, 200, 200, 200, 200, 200, 200, 200, 200, 200, 200, 200, 200, 200, 200, 200, 200, 200, 200, 200, 200, 200, 200, 200, 200, 200, 200, 200, 200, 200, 200, 200, 200, 200, 200, 200, 200, 200, 200, 200, 200, 200, 200, 200], "initial_reset_timestamp": 1526388094.0182154, "episode_types": ["t", "t", "t", "t", "t", "t", "t", "t", "t", "t", "t", "t", "t", "t", "t", "t", "t", "t", "t", "t", "t", "t", "t", "t", "t", "t", "t", "t", "t", "t", "t", "t", "t", "t", "t", "t", "t", "t", "t", "t", "t", "t", "t", "t", "t", "t", "t", "t", "t", "t", "t", "t", "t", "t", "t", "t", "t", "t", "t", "t", "t", "t", "t", "t", "t", "t", "t", "t", "t", "t", "t", "t", "t", "t", "t", "t", "t", "t", "t", "t", "t", "t", "t", "t", "t", "t", "t", "t", "t", "t", "t", "t", "t", "t", "t", "t", "t", "t", "t", "t"]}