{"episode_rewards": [200.0, 200.0, 200.0, 200.0, 200.0, 200.0, 200.0, 200.0, 200.0, 200.0, 200.0, 200.0, 200.0, 200.0, 200.0, 200.0, 200.0, 200.0, 200.0, 200.0, 200.0, 200.0, 200.0, 200.0, 200.0, 200.0, 200.0, 200.0, 200.0, 200.0, 200.0, 200.0, 200.0, 200.0, 200.0, 200.0, 200.0, 200.0, 200.0, 200.0, 200.0, 200.0, 200.0, 200.0, 200.0, 200.0, 200.0, 200.0, 200.0, 200.0, 200.0, 200.0, 200.0, 200.0, 200.0, 200.0, 200.0, 200.0, 200.0, 200.0, 200.0, 200.0, 200.0, 200.0, 200.0, 200.0, 200.0, 200.0, 200.0, 200.0, 200.0, 200.0, 200.0, 200.0, 200.0, 200.0, 200.0, 200.0, 200.0, 200.0, 200.0, 200.0, 200.0, 200.0, 200.0, 200.0, 200.0, 200.0, 200.0, 200.0, 200.0, 200.0, 200.0, 200.0, 200.0, 200.0, 200.0, 200.0, 200.0, 200.0], "timestamps": [1526387960.6940758, 1526387961.1506834, 1526387961.4695244, 1526387961.7030013, 1526387961.918004, 1526387962.135807, 1526387962.3623369, 1526387962.6970718, 1526387963.0427926, 1526387963.3088975, 1526387963.732897, 1526387964.0510747, 1526387964.3069305, 1526387964.5227032, 1526387964.72693, 1526387964.9304647, 1526387965.1650255, 1526387965.3729382, 1526387965.5764806, 1526387965.7765927, 1526387965.9895046, 1526387966.4114327, 1526387966.873721, 1526387967.3205347, 1526387967.7904158, 1526387968.165275, 1526387968.5326679, 1526387969.0105946, 1526387969.3752348, 1526387969.7066479, 1526387970.048244, 1526387970.3607228, 1526387970.681748, 1526387971.0822005, 1526387971.3083076, 1526387971.5575354, 1526387971.9762876, 1526387972.4336627, 1526387972.84628, 1526387973.1397533, 1526387973.3939505, 1526387973.6167877, 1526387973.843683, 1526387974.0907362, 1526387974.3102307, 1526387974.5242136, 1526387974.7564588, 1526387974.9730425, 1526387975.1849315, 1526387975.3939834, 1526387975.634229, 1526387975.8366838, 1526387976.0440083, 1526387976.252841, 1526387976.475171, 1526387976.6715007, 1526387976.886004, 1526387977.1277285, 1526387977.3243275, 1526387977.5486035, 1526387977.7635906, 1526387977.9668899, 1526387978.1933427, 1526387978.4106026, 1526387978.642654, 1526387978.846223, 1526387979.08315, 1526387979.2897415, 1526387979.5084262, 1526387979.7248726, 1526387979.9201772, 1526387980.1411648, 1526387980.3491726, 1526387980.5618486, 1526387980.7996747, 1526387981.038188, 1526387981.2625673, 1526387981.4848816, 1526387981.7174733, 1526387981.9443548, 1526387982.4115498, 1526387982.7587996, 1526387983.136568, 1526387983.4827883, 1526387983.799072, 1526387984.0748594, 1526387984.3226695, 1526387984.5492158, 1526387984.8028505, 1526387985.0406494, 1526387985.2629921, 1526387985.4863837, 1526387985.6886113, 1526387985.9314826, 1526387986.1672022, 1526387986.3962176, 1526387986.596796, 1526387986.8216064, 1526387987.0598192, 1526387987.3055513], "episode_lengths": [200, 200, 200, 200, 200, 200, 200, 200, 200, 200, 200, 200, 200, 200, 200, 200, 200, 200, 200, 200, 200, 200, 200, 200, 200, 200, 200, 200, 200, 200, 200, 200, 200, 200, 200, 200, 200, 200, 200, 200, 200, 200, 200, 200, 200, 200, 200, 200, 200, 200, 200, 200, 200, 200, 200, 200, 200, 200, 200, 200, 200, 200, 200, 200, 200, 200, 200, 200, 200, 200, 200, 200, 200, 200, 200, 200, 200, 200, 200, 200, 200, 200, 200, 200, 200, 200, 200, 200, 200, 200, 200, 200, 200, 200, 200, 200, 200, 200, 200, 200], "initial_reset_timestamp": 1526387955.7045188, "episode_types": ["t", "t", "t", "t", "t", "t", "t", "t", "t", "t", "t", "t", "t", "t", "t", "t", "t", "t", "t", "t", "t", "t", "t", "t", "t", "t", "t", "t", "t", "t", "t", "t", "t", "t", "t", "t", "t", "t", "t", "t", "t", "t", "t", "t", "t", "t", "t", "t", "t", "t", "t", "t", "t", "t", "t", "t", "t", "t", "t", "t", "t", "t", "t", "t", "t", "t", "t", "t", "t", "t", "t", "t", "t", "t", "t", "t", "t", "t", "t", "t", "t", "t", "t", "t", "t", "t", "t", "t", "t", "t", "t", "t", "t", "t", "t", "t", "t", "t", "t", "t"]}