{"episode_rewards": [200.0, 200.0, 200.0, 200.0, 200.0, 200.0, 200.0, 200.0, 200.0, 200.0, 200.0, 200.0, 200.0, 200.0, 200.0, 200.0, 200.0, 200.0, 200.0, 200.0, 200.0, 200.0, 200.0, 200.0, 200.0, 200.0, 200.0, 200.0, 200.0, 200.0, 200.0, 200.0, 200.0, 200.0, 200.0, 200.0, 200.0, 200.0, 200.0, 200.0, 200.0, 200.0, 200.0, 200.0, 200.0, 200.0, 200.0, 200.0, 200.0, 200.0, 200.0, 200.0, 200.0, 200.0, 200.0, 200.0, 200.0, 200.0, 200.0, 200.0, 200.0, 200.0, 200.0, 200.0, 200.0, 200.0, 200.0, 200.0, 200.0, 200.0, 200.0, 189.0, 200.0, 200.0, 200.0, 200.0, 200.0, 200.0, 192.0, 200.0, 200.0, 200.0, 200.0, 200.0, 200.0, 200.0, 200.0, 200.0, 200.0, 200.0, 200.0, 200.0, 200.0, 200.0, 200.0, 200.0, 200.0, 200.0, 200.0, 200.0], "timestamps": [1526378632.4245362, 1526378632.903034, 1526378633.147719, 1526378633.4095469, 1526378633.6994383, 1526378633.9078634, 1526378634.1656437, 1526378634.4016619, 1526378634.6528158, 1526378634.8659654, 1526378635.228392, 1526378635.5816057, 1526378635.9523602, 1526378636.2500153, 1526378636.4958854, 1526378636.8435996, 1526378637.155403, 1526378637.5738792, 1526378637.864275, 1526378638.1178901, 1526378638.3258052, 1526378638.5644608, 1526378638.9253337, 1526378639.2231147, 1526378639.523383, 1526378639.774652, 1526378640.005258, 1526378640.2400641, 1526378640.452789, 1526378640.6662133, 1526378640.887628, 1526378641.1456902, 1526378641.3705294, 1526378641.605874, 1526378641.82008, 1526378642.037994, 1526378642.2397919, 1526378642.4478662, 1526378642.653886, 1526378642.8580377, 1526378643.073133, 1526378643.3230383, 1526378643.518973, 1526378643.7156804, 1526378643.9158113, 1526378644.141709, 1526378644.3591487, 1526378644.5846791, 1526378644.7870417, 1526378645.0408762, 1526378645.2624342, 1526378645.6282265, 1526378645.9656975, 1526378646.306189, 1526378646.5633483, 1526378646.808573, 1526378647.155971, 1526378647.4705493, 1526378647.7994738, 1526378648.0347073, 1526378648.2928352, 1526378648.4915626, 1526378648.7376835, 1526378649.0531282, 1526378649.335458, 1526378649.649946, 1526378649.9121516, 1526378650.1558359, 1526378650.3731308, 1526378650.6012337, 1526378650.8395667, 1526378651.093758, 1526378651.4260254, 1526378651.647238, 1526378651.896533, 1526378652.2440495, 1526378652.5505614, 1526378652.7798505, 1526378653.0271194, 1526378653.282037, 1526378653.533339, 1526378653.8217332, 1526378654.0926592, 1526378654.406532, 1526378654.7124372, 1526378654.9511209, 1526378655.2061808, 1526378655.4222012, 1526378655.6706316, 1526378656.1085248, 1526378656.5139039, 1526378656.8965116, 1526378657.1459286, 1526378657.3692012, 1526378657.6185238, 1526378657.9151313, 1526378658.2791424, 1526378658.630111, 1526378658.8970342, 1526378659.1938727], "episode_lengths": [200, 200, 200, 200, 200, 200, 200, 200, 200, 200, 200, 200, 200, 200, 200, 200, 200, 200, 200, 200, 200, 200, 200, 200, 200, 200, 200, 200, 200, 200, 200, 200, 200, 200, 200, 200, 200, 200, 200, 200, 200, 200, 200, 200, 200, 200, 200, 200, 200, 200, 200, 200, 200, 200, 200, 200, 200, 200, 200, 200, 200, 200, 200, 200, 200, 200, 200, 200, 200, 200, 200, 189, 200, 200, 200, 200, 200, 200, 192, 200, 200, 200, 200, 200, 200, 200, 200, 200, 200, 200, 200, 200, 200, 200, 200, 200, 200, 200, 200, 200], "initial_reset_timestamp": 1526378625.6064363, "episode_types": ["t", "t", "t", "t", "t", "t", "t", "t", "t", "t", "t", "t", "t", "t", "t", "t", "t", "t", "t", "t", "t", "t", "t", "t", "t", "t", "t", "t", "t", "t", "t", "t", "t", "t", "t", "t", "t", "t", "t", "t", "t", "t", "t", "t", "t", "t", "t", "t", "t", "t", "t", "t", "t", "t", "t", "t", "t", "t", "t", "t", "t", "t", "t", "t", "t", "t", "t", "t", "t", "t", "t", "t", "t", "t", "t", "t", "t", "t", "t", "t", "t", "t", "t", "t", "t", "t", "t", "t", "t", "t", "t", "t", "t", "t", "t", "t", "t", "t", "t", "t"]}