{"episode_rewards": [200.0, 200.0, 200.0, 200.0, 200.0, 200.0, 200.0, 200.0, 200.0, 200.0, 200.0, 200.0, 200.0, 200.0, 200.0, 200.0, 200.0, 200.0, 200.0, 200.0, 200.0, 200.0, 200.0, 200.0, 200.0, 200.0, 200.0, 200.0, 200.0, 200.0, 200.0, 200.0, 200.0, 200.0, 200.0, 200.0, 200.0, 200.0, 200.0, 200.0, 200.0, 200.0, 200.0, 200.0, 200.0, 200.0, 200.0, 200.0, 200.0, 200.0, 200.0, 200.0, 200.0, 200.0, 200.0, 200.0, 200.0, 200.0, 200.0, 200.0, 200.0, 200.0, 200.0, 200.0, 200.0, 200.0, 200.0, 200.0, 200.0, 200.0, 200.0, 200.0, 200.0, 200.0, 200.0, 200.0, 200.0, 200.0, 200.0, 200.0, 200.0, 200.0, 200.0, 200.0, 200.0, 200.0, 200.0, 200.0, 200.0, 200.0, 200.0, 200.0, 200.0, 200.0, 200.0, 200.0, 200.0, 200.0, 200.0, 200.0], "timestamps": [1526387283.230981, 1526387283.6878216, 1526387283.9010024, 1526387284.1319396, 1526387284.3463674, 1526387284.5647163, 1526387284.780702, 1526387285.0195894, 1526387285.246596, 1526387285.4556844, 1526387285.6526585, 1526387285.853324, 1526387286.08665, 1526387286.2898393, 1526387286.5322502, 1526387286.7413986, 1526387286.9669878, 1526387287.1584017, 1526387287.3513474, 1526387287.577727, 1526387287.7835495, 1526387288.024795, 1526387288.2290678, 1526387288.4324713, 1526387288.6486478, 1526387288.8446188, 1526387289.0769053, 1526387289.281663, 1526387289.5232973, 1526387289.7319887, 1526387289.9583657, 1526387290.1764712, 1526387290.4010234, 1526387290.6206455, 1526387290.8367832, 1526387291.0666742, 1526387291.2777088, 1526387291.525071, 1526387291.77446, 1526387291.9966083, 1526387292.2326438, 1526387292.4968858, 1526387292.7172875, 1526387292.954986, 1526387293.1648552, 1526387293.3731222, 1526387293.5883284, 1526387293.7850342, 1526387294.0288358, 1526387294.2279375, 1526387294.4468586, 1526387294.6435504, 1526387294.842453, 1526387295.081694, 1526387295.2922795, 1526387295.500867, 1526387295.7227805, 1526387295.9712217, 1526387296.1694362, 1526387296.384827, 1526387296.6164072, 1526387296.8134127, 1526387297.057049, 1526387297.264509, 1526387297.4810722, 1526387297.6930757, 1526387297.892251, 1526387298.1098306, 1526387298.315933, 1526387298.5324695, 1526387298.7528489, 1526387298.9761024, 1526387299.1781955, 1526387299.3728373, 1526387299.6260877, 1526387299.82614, 1526387300.0769317, 1526387300.2917895, 1526387300.503357, 1526387300.7145915, 1526387300.956077, 1526387301.1733294, 1526387301.4096484, 1526387301.6495554, 1526387301.8774266, 1526387302.0942345, 1526387302.3001776, 1526387302.520732, 1526387302.8038573, 1526387303.1240342, 1526387303.3299007, 1526387303.5519524, 1526387303.7524192, 1526387304.0214627, 1526387304.2387908, 1526387304.4547894, 1526387304.6859407, 1526387304.9248016, 1526387305.2249532, 1526387305.5406053], "episode_lengths": [200, 200, 200, 200, 200, 200, 200, 200, 200, 200, 200, 200, 200, 200, 200, 200, 200, 200, 200, 200, 200, 200, 200, 200, 200, 200, 200, 200, 200, 200, 200, 200, 200, 200, 200, 200, 200, 200, 200, 200, 200, 200, 200, 200, 200, 200, 200, 200, 200, 200, 200, 200, 200, 200, 200, 200, 200, 200, 200, 200, 200, 200, 200, 200, 200, 200, 200, 200, 200, 200, 200, 200, 200, 200, 200, 200, 200, 200, 200, 200, 200, 200, 200, 200, 200, 200, 200, 200, 200, 200, 200, 200, 200, 200, 200, 200, 200, 200, 200, 200], "initial_reset_timestamp": 1526387278.307881, "episode_types": ["t", "t", "t", "t", "t", "t", "t", "t", "t", "t", "t", "t", "t", "t", "t", "t", "t", "t", "t", "t", "t", "t", "t", "t", "t", "t", "t", "t", "t", "t", "t", "t", "t", "t", "t", "t", "t", "t", "t", "t", "t", "t", "t", "t", "t", "t", "t", "t", "t", "t", "t", "t", "t", "t", "t", "t", "t", "t", "t", "t", "t", "t", "t", "t", "t", "t", "t", "t", "t", "t", "t", "t", "t", "t", "t", "t", "t", "t", "t", "t", "t", "t", "t", "t", "t", "t", "t", "t", "t", "t", "t", "t", "t", "t", "t", "t", "t", "t", "t", "t"]}