{"episode_rewards": [200.0, 200.0, 200.0, 200.0, 200.0, 200.0, 200.0, 200.0, 200.0, 200.0, 200.0, 200.0, 200.0, 200.0, 200.0, 200.0, 200.0, 200.0, 200.0, 200.0, 200.0, 200.0, 200.0, 200.0, 200.0, 200.0, 200.0, 200.0, 200.0, 200.0, 200.0, 200.0, 200.0, 200.0, 200.0, 200.0, 200.0, 200.0, 200.0, 200.0, 200.0, 200.0, 200.0, 200.0, 200.0, 200.0, 200.0, 200.0, 200.0, 200.0, 200.0, 200.0, 200.0, 200.0, 200.0, 200.0, 200.0, 200.0, 200.0, 200.0, 200.0, 200.0, 200.0, 200.0, 200.0, 200.0, 200.0, 200.0, 200.0, 200.0, 200.0, 200.0, 200.0, 200.0, 200.0, 200.0, 200.0, 200.0, 200.0, 200.0, 200.0, 200.0, 200.0, 200.0, 200.0, 200.0, 200.0, 200.0, 200.0, 200.0, 200.0, 200.0, 200.0, 200.0, 200.0, 200.0, 200.0, 200.0, 200.0, 200.0], "timestamps": [1526382340.6393116, 1526382341.1297507, 1526382341.4259758, 1526382341.7142117, 1526382342.005274, 1526382342.3265064, 1526382342.6085613, 1526382342.8564377, 1526382343.1542559, 1526382343.4594948, 1526382343.7329526, 1526382344.0165095, 1526382344.3226728, 1526382344.5827284, 1526382344.891862, 1526382345.1860363, 1526382345.465238, 1526382345.728238, 1526382345.9992838, 1526382346.3156023, 1526382346.5942063, 1526382346.8726506, 1526382347.1969237, 1526382347.524461, 1526382347.7803566, 1526382348.0874808, 1526382348.3796294, 1526382348.6717844, 1526382348.9774299, 1526382349.2761886, 1526382349.5669117, 1526382349.8621013, 1526382350.176563, 1526382350.476669, 1526382350.7562792, 1526382351.0536165, 1526382351.350864, 1526382351.6197984, 1526382351.9093945, 1526382352.2002478, 1526382352.4954681, 1526382352.7763674, 1526382353.0880444, 1526382353.3789544, 1526382353.6730814, 1526382353.9460986, 1526382354.2430947, 1526382354.5244846, 1526382354.7900813, 1526382355.0783567, 1526382355.3604217, 1526382355.6492143, 1526382355.923842, 1526382356.2255733, 1526382356.5044978, 1526382356.8053174, 1526382357.1093435, 1526382357.380183, 1526382357.6680603, 1526382357.9447513, 1526382358.2366753, 1526382358.5202384, 1526382358.790647, 1526382359.09465, 1526382359.3712475, 1526382359.670611, 1526382359.9388216, 1526382360.2277932, 1526382360.5227852, 1526382360.7863479, 1526382361.0841048, 1526382361.373653, 1526382361.654784, 1526382361.9222188, 1526382362.2103958, 1526382362.5046961, 1526382362.7904644, 1526382363.104312, 1526382363.4732697, 1526382363.7519777, 1526382364.0504744, 1526382364.3552206, 1526382364.6287951, 1526382364.9086192, 1526382365.2103975, 1526382365.5242546, 1526382365.7834938, 1526382366.0906167, 1526382366.3756595, 1526382366.6731682, 1526382366.9436166, 1526382367.2458308, 1526382367.5288656, 1526382367.8126657, 1526382368.129491, 1526382368.4011905, 1526382368.6857018, 1526382368.95669, 1526382369.245281, 1526382369.5324416], "episode_lengths": [200, 200, 200, 200, 200, 200, 200, 200, 200, 200, 200, 200, 200, 200, 200, 200, 200, 200, 200, 200, 200, 200, 200, 200, 200, 200, 200, 200, 200, 200, 200, 200, 200, 200, 200, 200, 200, 200, 200, 200, 200, 200, 200, 200, 200, 200, 200, 200, 200, 200, 200, 200, 200, 200, 200, 200, 200, 200, 200, 200, 200, 200, 200, 200, 200, 200, 200, 200, 200, 200, 200, 200, 200, 200, 200, 200, 200, 200, 200, 200, 200, 200, 200, 200, 200, 200, 200, 200, 200, 200, 200, 200, 200, 200, 200, 200, 200, 200, 200, 200], "initial_reset_timestamp": 1526382334.7839048, "episode_types": ["t", "t", "t", "t", "t", "t", "t", "t", "t", "t", "t", "t", "t", "t", "t", "t", "t", "t", "t", "t", "t", "t", "t", "t", "t", "t", "t", "t", "t", "t", "t", "t", "t", "t", "t", "t", "t", "t", "t", "t", "t", "t", "t", "t", "t", "t", "t", "t", "t", "t", "t", "t", "t", "t", "t", "t", "t", "t", "t", "t", "t", "t", "t", "t", "t", "t", "t", "t", "t", "t", "t", "t", "t", "t", "t", "t", "t", "t", "t", "t", "t", "t", "t", "t", "t", "t", "t", "t", "t", "t", "t", "t", "t", "t", "t", "t", "t", "t", "t", "t"]}