{"episode_rewards": [200.0, 200.0, 200.0, 200.0, 200.0, 200.0, 200.0, 200.0, 200.0, 200.0, 200.0, 200.0, 200.0, 200.0, 200.0, 200.0, 200.0, 200.0, 200.0, 200.0, 200.0, 200.0, 200.0, 200.0, 200.0, 200.0, 200.0, 200.0, 200.0, 200.0, 200.0, 200.0, 200.0, 200.0, 200.0, 198.0, 200.0, 200.0, 200.0, 200.0, 200.0, 200.0, 200.0, 200.0, 200.0, 200.0, 200.0, 200.0, 200.0, 200.0, 200.0, 200.0, 200.0, 200.0, 200.0, 200.0, 200.0, 200.0, 200.0, 200.0, 200.0, 200.0, 200.0, 200.0, 200.0, 200.0, 200.0, 200.0, 200.0, 200.0, 200.0, 200.0, 200.0, 200.0, 200.0, 200.0, 200.0, 200.0, 200.0, 200.0, 200.0, 200.0, 200.0, 200.0, 200.0, 200.0, 200.0, 200.0, 200.0, 200.0, 200.0, 200.0, 200.0, 200.0, 200.0, 200.0, 200.0, 200.0, 200.0, 200.0], "timestamps": [1526380598.283958, 1526380598.8293526, 1526380599.1537611, 1526380599.4673445, 1526380599.7521696, 1526380600.029569, 1526380600.3509262, 1526380600.656875, 1526380600.9714339, 1526380601.3743346, 1526380601.7580225, 1526380602.1508908, 1526380602.461693, 1526380602.718072, 1526380603.0084283, 1526380603.3360345, 1526380603.6455743, 1526380603.9544013, 1526380604.2883, 1526380604.5949142, 1526380604.8996446, 1526380605.2219543, 1526380605.6030977, 1526380605.9511147, 1526380606.2637947, 1526380606.5536919, 1526380606.8493974, 1526380607.1363652, 1526380607.517226, 1526380607.8514764, 1526380608.150645, 1526380608.4697351, 1526380608.7686093, 1526380609.076624, 1526380609.4456136, 1526380609.7829032, 1526380610.094152, 1526380610.4875035, 1526380610.7975228, 1526380611.220374, 1526380611.597525, 1526380611.9977531, 1526380612.3983464, 1526380612.7243302, 1526380613.0456572, 1526380613.4825284, 1526380613.9726043, 1526380614.4285433, 1526380614.7625058, 1526380615.084302, 1526380615.5009453, 1526380615.9419682, 1526380616.360406, 1526380616.7378519, 1526380617.0710769, 1526380617.474119, 1526380617.9190695, 1526380618.3849971, 1526380618.9434783, 1526380619.5021555, 1526380619.931508, 1526380620.2870767, 1526380620.5838087, 1526380620.8784297, 1526380621.2813659, 1526380621.6136353, 1526380621.9093997, 1526380622.2340097, 1526380622.5344422, 1526380622.8278284, 1526380623.315671, 1526380623.7218533, 1526380624.0901334, 1526380624.5534062, 1526380625.0095284, 1526380625.5656502, 1526380625.9261274, 1526380626.284387, 1526380626.6977124, 1526380627.1318815, 1526380627.7441306, 1526380628.1349025, 1526380628.4767377, 1526380628.891791, 1526380629.1981237, 1526380629.4609652, 1526380629.7137542, 1526380630.0136828, 1526380630.2831097, 1526380630.5994544, 1526380631.0142043, 1526380631.283711, 1526380631.5830414, 1526380631.8562214, 1526380632.1804361, 1526380632.4035802, 1526380632.628744, 1526380632.8725564, 1526380633.1774712, 1526380633.448417], "episode_lengths": [200, 200, 200, 200, 200, 200, 200, 200, 200, 200, 200, 200, 200, 200, 200, 200, 200, 200, 200, 200, 200, 200, 200, 200, 200, 200, 200, 200, 200, 200, 200, 200, 200, 200, 200, 198, 200, 200, 200, 200, 200, 200, 200, 200, 200, 200, 200, 200, 200, 200, 200, 200, 200, 200, 200, 200, 200, 200, 200, 200, 200, 200, 200, 200, 200, 200, 200, 200, 200, 200, 200, 200, 200, 200, 200, 200, 200, 200, 200, 200, 200, 200, 200, 200, 200, 200, 200, 200, 200, 200, 200, 200, 200, 200, 200, 200, 200, 200, 200, 200], "initial_reset_timestamp": 1526380592.0781004, "episode_types": ["t", "t", "t", "t", "t", "t", "t", "t", "t", "t", "t", "t", "t", "t", "t", "t", "t", "t", "t", "t", "t", "t", "t", "t", "t", "t", "t", "t", "t", "t", "t", "t", "t", "t", "t", "t", "t", "t", "t", "t", "t", "t", "t", "t", "t", "t", "t", "t", "t", "t", "t", "t", "t", "t", "t", "t", "t", "t", "t", "t", "t", "t", "t", "t", "t", "t", "t", "t", "t", "t", "t", "t", "t", "t", "t", "t", "t", "t", "t", "t", "t", "t", "t", "t", "t", "t", "t", "t", "t", "t", "t", "t", "t", "t", "t", "t", "t", "t", "t", "t"]}