{"episode_rewards": [200.0, 200.0, 200.0, 200.0, 200.0, 200.0, 200.0, 200.0, 200.0, 200.0, 200.0, 200.0, 200.0, 200.0, 200.0, 200.0, 200.0, 200.0, 200.0, 200.0, 200.0, 200.0, 200.0, 200.0, 200.0, 200.0, 200.0, 200.0, 200.0, 200.0, 200.0, 200.0, 200.0, 200.0, 200.0, 200.0, 200.0, 200.0, 200.0, 200.0, 200.0, 200.0, 200.0, 200.0, 200.0, 200.0, 200.0, 200.0, 200.0, 200.0, 200.0, 200.0, 200.0, 200.0, 200.0, 200.0, 200.0, 200.0, 200.0, 200.0, 200.0, 200.0, 200.0, 200.0, 200.0, 200.0, 200.0, 200.0, 200.0, 200.0, 200.0, 200.0, 200.0, 200.0, 200.0, 200.0, 200.0, 200.0, 200.0, 200.0, 200.0, 200.0, 200.0, 200.0, 200.0, 200.0, 200.0, 200.0, 200.0, 200.0, 200.0, 200.0, 200.0, 200.0, 200.0, 200.0, 200.0, 200.0, 200.0, 200.0], "timestamps": [1526385131.749391, 1526385132.3317127, 1526385132.6490014, 1526385132.9677377, 1526385133.2795215, 1526385133.640604, 1526385133.8805008, 1526385134.0723777, 1526385134.2632465, 1526385134.4594471, 1526385134.6693637, 1526385134.8704774, 1526385135.070372, 1526385135.262764, 1526385135.4529746, 1526385135.6793487, 1526385135.876801, 1526385136.077273, 1526385136.284506, 1526385136.4800775, 1526385136.7029157, 1526385136.9560716, 1526385137.2598698, 1526385137.5618234, 1526385137.8718457, 1526385138.1772947, 1526385138.4738872, 1526385138.7874959, 1526385139.090546, 1526385139.386321, 1526385139.7025492, 1526385139.999219, 1526385140.2803266, 1526385140.47083, 1526385140.6806128, 1526385140.8858128, 1526385141.0908911, 1526385141.2914975, 1526385141.490794, 1526385141.744919, 1526385141.9389083, 1526385142.16012, 1526385142.3884487, 1526385142.6113958, 1526385142.8061812, 1526385143.0088134, 1526385143.2155724, 1526385143.4056327, 1526385143.6219306, 1526385143.822089, 1526385144.0307634, 1526385144.2326956, 1526385144.4237218, 1526385144.6409817, 1526385144.8537621, 1526385145.0586798, 1526385145.2519364, 1526385145.4436665, 1526385145.6846323, 1526385145.8873255, 1526385146.0925853, 1526385146.305556, 1526385146.4991498, 1526385146.7149928, 1526385146.9340544, 1526385147.1397424, 1526385147.3426528, 1526385147.5429833, 1526385147.7777178, 1526385147.9891107, 1526385148.1868458, 1526385148.399417, 1526385148.620181, 1526385148.8372345, 1526385149.04401, 1526385149.2562063, 1526385149.461043, 1526385149.6962328, 1526385149.9036744, 1526385150.1230257, 1526385150.3170578, 1526385150.50714, 1526385150.724767, 1526385150.9202046, 1526385151.127289, 1526385151.350867, 1526385151.5419652, 1526385151.754528, 1526385151.959874, 1526385152.189898, 1526385152.3958876, 1526385152.606815, 1526385152.7996943, 1526385152.993288, 1526385153.2022843, 1526385153.4246156, 1526385153.6598628, 1526385153.8596258, 1526385154.0542011, 1526385154.255231], "episode_lengths": [200, 200, 200, 200, 200, 200, 200, 200, 200, 200, 200, 200, 200, 200, 200, 200, 200, 200, 200, 200, 200, 200, 200, 200, 200, 200, 200, 200, 200, 200, 200, 200, 200, 200, 200, 200, 200, 200, 200, 200, 200, 200, 200, 200, 200, 200, 200, 200, 200, 200, 200, 200, 200, 200, 200, 200, 200, 200, 200, 200, 200, 200, 200, 200, 200, 200, 200, 200, 200, 200, 200, 200, 200, 200, 200, 200, 200, 200, 200, 200, 200, 200, 200, 200, 200, 200, 200, 200, 200, 200, 200, 200, 200, 200, 200, 200, 200, 200, 200, 200], "initial_reset_timestamp": 1526385125.297297, "episode_types": ["t", "t", "t", "t", "t", "t", "t", "t", "t", "t", "t", "t", "t", "t", "t", "t", "t", "t", "t", "t", "t", "t", "t", "t", "t", "t", "t", "t", "t", "t", "t", "t", "t", "t", "t", "t", "t", "t", "t", "t", "t", "t", "t", "t", "t", "t", "t", "t", "t", "t", "t", "t", "t", "t", "t", "t", "t", "t", "t", "t", "t", "t", "t", "t", "t", "t", "t", "t", "t", "t", "t", "t", "t", "t", "t", "t", "t", "t", "t", "t", "t", "t", "t", "t", "t", "t", "t", "t", "t", "t", "t", "t", "t", "t", "t", "t", "t", "t", "t", "t"]}