{"episode_rewards": [104.0, 107.0, 111.0, 104.0, 108.0, 111.0, 106.0, 112.0, 104.0, 114.0, 110.0, 116.0, 105.0, 110.0, 104.0, 103.0, 106.0, 107.0, 110.0, 106.0, 108.0, 105.0, 104.0, 111.0, 112.0, 107.0, 105.0, 113.0, 105.0, 112.0, 110.0, 105.0, 104.0, 106.0, 110.0, 101.0, 107.0, 106.0, 112.0, 111.0, 108.0, 107.0, 107.0, 105.0, 111.0, 105.0, 105.0, 104.0, 107.0, 108.0, 108.0, 105.0, 104.0, 101.0, 104.0, 108.0, 105.0, 113.0, 107.0, 104.0, 112.0, 111.0, 110.0, 107.0, 109.0, 108.0, 102.0, 111.0, 111.0, 108.0, 106.0, 108.0, 104.0, 115.0, 108.0, 106.0, 107.0, 113.0, 107.0, 104.0, 102.0, 112.0, 108.0, 102.0, 105.0, 107.0, 107.0, 103.0, 103.0, 113.0, 101.0, 108.0, 108.0, 109.0, 106.0, 107.0, 108.0, 110.0, 107.0, 110.0], "timestamps": [1526388979.2722957, 1526388979.5879004, 1526388979.7175982, 1526388979.8326406, 1526388979.970637, 1526388980.0781105, 1526388980.250572, 1526388980.4156687, 1526388980.5619304, 1526388980.6729412, 1526388980.7942424, 1526388980.9500673, 1526388981.06861, 1526388981.212499, 1526388981.373087, 1526388981.5193822, 1526388981.66897, 1526388981.8838048, 1526388982.1215827, 1526388982.3218136, 1526388982.5100176, 1526388982.6757798, 1526388982.860591, 1526388983.057224, 1526388983.287043, 1526388983.427614, 1526388983.5795329, 1526388983.749258, 1526388983.9053974, 1526388984.0878558, 1526388984.27152, 1526388984.4203491, 1526388984.5762615, 1526388984.7366102, 1526388984.9510016, 1526388985.0762048, 1526388985.210734, 1526388985.3165674, 1526388985.459026, 1526388985.5698233, 1526388985.6944973, 1526388985.8094752, 1526388985.9444253, 1526388986.0464826, 1526388986.1856115, 1526388986.3213582, 1526388986.4703789, 1526388986.6094062, 1526388986.734361, 1526388986.8831046, 1526388987.002356, 1526388987.115938, 1526388987.239775, 1526388987.370733, 1526388987.5169778, 1526388987.6415274, 1526388987.7534497, 1526388987.8760927, 1526388988.0245745, 1526388988.1463253, 1526388988.2900548, 1526388988.4975362, 1526388988.631914, 1526388988.7514598, 1526388988.9564333, 1526388989.1257703, 1526388989.2721953, 1526388989.4359057, 1526388989.5850668, 1526388989.742498, 1526388989.9276893, 1526388990.0763025, 1526388990.2525275, 1526388990.4310312, 1526388990.6096818, 1526388990.7578225, 1526388990.9525106, 1526388991.1303134, 1526388991.2521627, 1526388991.3765395, 1526388991.4796953, 1526388991.640969, 1526388991.824041, 1526388992.0160725, 1526388992.1856887, 1526388992.3651745, 1526388992.502257, 1526388992.602429, 1526388992.7704532, 1526388992.9929285, 1526388993.1493826, 1526388993.303171, 1526388993.4529104, 1526388993.596284, 1526388993.7373798, 1526388993.8633573, 1526388994.0600617, 1526388994.201983, 1526388994.3188038, 1526388994.4579818], "episode_lengths": [104, 107, 111, 104, 108, 111, 106, 112, 104, 114, 110, 116, 105, 110, 104, 103, 106, 107, 110, 106, 108, 105, 104, 111, 112, 107, 105, 113, 105, 112, 110, 105, 104, 106, 110, 101, 107, 106, 112, 111, 108, 107, 107, 105, 111, 105, 105, 104, 107, 108, 108, 105, 104, 101, 104, 108, 105, 113, 107, 104, 112, 111, 110, 107, 109, 108, 102, 111, 111, 108, 106, 108, 104, 115, 108, 106, 107, 113, 107, 104, 102, 112, 108, 102, 105, 107, 107, 103, 103, 113, 101, 108, 108, 109, 106, 107, 108, 110, 107, 110], "initial_reset_timestamp": 1526388976.557999, "episode_types": ["t", "t", "t", "t", "t", "t", "t", "t", "t", "t", "t", "t", "t", "t", "t", "t", "t", "t", "t", "t", "t", "t", "t", "t", "t", "t", "t", "t", "t", "t", "t", "t", "t", "t", "t", "t", "t", "t", "t", "t", "t", "t", "t", "t", "t", "t", "t", "t", "t", "t", "t", "t", "t", "t", "t", "t", "t", "t", "t", "t", "t", "t", "t", "t", "t", "t", "t", "t", "t", "t", "t", "t", "t", "t", "t", "t", "t", "t", "t", "t", "t", "t", "t", "t", "t", "t", "t", "t", "t", "t", "t", "t", "t", "t", "t", "t", "t", "t", "t", "t"]}