{"episode_rewards": [159.0, 160.0, 161.0, 157.0, 154.0, 164.0, 161.0, 161.0, 157.0, 157.0, 157.0, 157.0, 162.0, 155.0, 157.0, 157.0, 155.0, 169.0, 155.0, 167.0, 162.0, 160.0, 157.0, 158.0, 159.0, 158.0, 164.0, 162.0, 160.0, 161.0, 158.0, 169.0, 160.0, 159.0, 166.0, 158.0, 164.0, 161.0, 167.0, 163.0, 158.0, 154.0, 160.0, 154.0, 161.0, 158.0, 159.0, 160.0, 155.0, 162.0, 169.0, 169.0, 161.0, 164.0, 157.0, 163.0, 169.0, 156.0, 161.0, 158.0, 159.0, 160.0, 160.0, 167.0, 160.0, 163.0, 156.0, 159.0, 166.0, 163.0, 158.0, 159.0, 161.0, 164.0, 155.0, 162.0, 155.0, 165.0, 161.0, 165.0, 159.0, 160.0, 163.0, 163.0, 162.0, 161.0, 160.0, 167.0, 164.0, 158.0, 167.0, 161.0, 154.0, 158.0, 160.0, 157.0, 156.0, 157.0, 154.0, 153.0], "timestamps": [1526390457.953142, 1526390458.3098764, 1526390458.4724383, 1526390458.6351933, 1526390458.782117, 1526390458.941393, 1526390459.1150477, 1526390459.3035603, 1526390459.4680173, 1526390459.6534271, 1526390459.8719559, 1526390460.0309854, 1526390460.2258577, 1526390460.3945386, 1526390460.5853062, 1526390460.7546973, 1526390460.9147084, 1526390461.102975, 1526390461.289136, 1526390461.46735, 1526390461.648493, 1526390461.862567, 1526390462.0540617, 1526390462.2557483, 1526390462.4237309, 1526390462.6194942, 1526390462.8067055, 1526390462.9919372, 1526390463.19285, 1526390463.3762925, 1526390463.5493271, 1526390463.733204, 1526390463.9059787, 1526390464.0788205, 1526390464.2845328, 1526390464.4874017, 1526390464.67239, 1526390464.8592236, 1526390465.05267, 1526390465.2296367, 1526390465.403392, 1526390465.5734828, 1526390465.7457283, 1526390465.9259331, 1526390466.0860455, 1526390466.2977655, 1526390466.4769192, 1526390466.6555219, 1526390466.8168936, 1526390466.9977589, 1526390467.1911569, 1526390467.550072, 1526390467.8028302, 1526390467.9630833, 1526390468.1230373, 1526390468.3009675, 1526390468.4813752, 1526390468.6853454, 1526390468.8544123, 1526390469.0133543, 1526390469.2077138, 1526390469.3796232, 1526390469.5414839, 1526390469.7301643, 1526390469.8895178, 1526390470.060263, 1526390470.2306542, 1526390470.3856242, 1526390470.5477533, 1526390470.759385, 1526390470.9133391, 1526390471.0705445, 1526390471.2645478, 1526390471.4271371, 1526390471.5786374, 1526390471.7511191, 1526390471.913704, 1526390472.072184, 1526390472.3380315, 1526390472.7080219, 1526390473.137511, 1526390473.5539284, 1526390473.8549, 1526390474.154807, 1526390474.416378, 1526390474.674667, 1526390474.94762, 1526390475.2461107, 1526390475.5654187, 1526390475.85078, 1526390476.055696, 1526390476.288357, 1526390476.5343552, 1526390476.796992, 1526390477.0526013, 1526390477.3329666, 1526390477.6326604, 1526390477.9822881, 1526390478.2468247, 1526390478.4791672], "episode_lengths": [159, 160, 161, 157, 154, 164, 161, 161, 157, 157, 157, 157, 162, 155, 157, 157, 155, 169, 155, 167, 162, 160, 157, 158, 159, 158, 164, 162, 160, 161, 158, 169, 160, 159, 166, 158, 164, 161, 167, 163, 158, 154, 160, 154, 161, 158, 159, 160, 155, 162, 169, 169, 161, 164, 157, 163, 169, 156, 161, 158, 159, 160, 160, 167, 160, 163, 156, 159, 166, 163, 158, 159, 161, 164, 155, 162, 155, 165, 161, 165, 159, 160, 163, 163, 162, 161, 160, 167, 164, 158, 167, 161, 154, 158, 160, 157, 156, 157, 154, 153], "initial_reset_timestamp": 1526390453.8555188, "episode_types": ["t", "t", "t", "t", "t", "t", "t", "t", "t", "t", "t", "t", "t", "t", "t", "t", "t", "t", "t", "t", "t", "t", "t", "t", "t", "t", "t", "t", "t", "t", "t", "t", "t", "t", "t", "t", "t", "t", "t", "t", "t", "t", "t", "t", "t", "t", "t", "t", "t", "t", "t", "t", "t", "t", "t", "t", "t", "t", "t", "t", "t", "t", "t", "t", "t", "t", "t", "t", "t", "t", "t", "t", "t", "t", "t", "t", "t", "t", "t", "t", "t", "t", "t", "t", "t", "t", "t", "t", "t", "t", "t", "t", "t", "t", "t", "t", "t", "t", "t", "t"]}