{"episode_rewards": [200.0, 200.0, 200.0, 200.0, 200.0, 200.0, 200.0, 200.0, 200.0, 200.0, 179.0, 200.0, 200.0, 200.0, 200.0, 187.0, 171.0, 200.0, 200.0, 200.0, 200.0, 200.0, 200.0, 200.0, 192.0, 200.0, 200.0, 200.0, 200.0, 200.0, 200.0, 200.0, 200.0, 200.0, 200.0, 200.0, 185.0, 200.0, 200.0, 200.0, 200.0, 200.0, 200.0, 200.0, 200.0, 200.0, 200.0, 192.0, 200.0, 200.0, 200.0, 194.0, 196.0, 172.0, 200.0, 200.0, 200.0, 188.0, 193.0, 200.0, 200.0, 200.0, 200.0, 168.0, 200.0, 200.0, 188.0, 200.0, 200.0, 200.0, 200.0, 200.0, 200.0, 200.0, 200.0, 200.0, 200.0, 200.0, 180.0, 187.0, 199.0, 200.0, 200.0, 200.0, 200.0, 200.0, 165.0, 198.0, 200.0, 200.0, 200.0, 169.0, 200.0, 200.0, 200.0, 198.0, 200.0, 200.0, 200.0, 199.0], "timestamps": [1526378917.731381, 1526378918.3275082, 1526378918.6300662, 1526378918.9301112, 1526378919.2825124, 1526378919.5712101, 1526378919.929739, 1526378920.2399898, 1526378920.5273795, 1526378920.8307047, 1526378921.1457596, 1526378921.498068, 1526378921.751194, 1526378921.9980788, 1526378922.260197, 1526378922.5470126, 1526378922.78409, 1526378923.0559065, 1526378923.33008, 1526378923.623559, 1526378923.8577802, 1526378924.1300325, 1526378924.4009771, 1526378924.716843, 1526378925.007658, 1526378925.3158453, 1526378925.6166334, 1526378925.9401298, 1526378926.2679768, 1526378926.5694804, 1526378926.883235, 1526378927.1591005, 1526378927.3958752, 1526378927.664519, 1526378927.904133, 1526378928.1394382, 1526378928.3699365, 1526378928.5836875, 1526378928.788928, 1526378929.0138443, 1526378929.2572734, 1526378929.476033, 1526378929.7029676, 1526378929.9165418, 1526378930.1511748, 1526378930.3932898, 1526378930.663252, 1526378930.9220386, 1526378931.1731753, 1526378931.406853, 1526378931.686346, 1526378931.8877363, 1526378932.0899253, 1526378932.2753458, 1526378932.498484, 1526378932.7542882, 1526378932.972007, 1526378933.2603831, 1526378933.4806707, 1526378933.7517526, 1526378933.9628186, 1526378934.2487295, 1526378934.5006397, 1526378934.7260983, 1526378934.9812303, 1526378935.2323024, 1526378935.428862, 1526378935.6822402, 1526378935.9158895, 1526378936.1909935, 1526378936.4152205, 1526378936.6562696, 1526378936.903403, 1526378937.1828678, 1526378937.3994985, 1526378937.6659944, 1526378937.8765647, 1526378938.1098523, 1526378938.3409057, 1526378938.567033, 1526378938.7968123, 1526378939.0291905, 1526378939.3047833, 1526378939.554339, 1526378939.770175, 1526378940.0064383, 1526378940.2091424, 1526378940.455512, 1526378940.6863644, 1526378940.943334, 1526378941.21523, 1526378941.4319754, 1526378941.6730552, 1526378941.9558995, 1526378942.2232847, 1526378942.5066094, 1526378942.7310667, 1526378942.9493735, 1526378943.2814305, 1526378943.5162745], "episode_lengths": [200, 200, 200, 200, 200, 200, 200, 200, 200, 200, 179, 200, 200, 200, 200, 187, 171, 200, 200, 200, 200, 200, 200, 200, 192, 200, 200, 200, 200, 200, 200, 200, 200, 200, 200, 200, 185, 200, 200, 200, 200, 200, 200, 200, 200, 200, 200, 192, 200, 200, 200, 194, 196, 172, 200, 200, 200, 188, 193, 200, 200, 200, 200, 168, 200, 200, 188, 200, 200, 200, 200, 200, 200, 200, 200, 200, 200, 200, 180, 187, 199, 200, 200, 200, 200, 200, 165, 198, 200, 200, 200, 169, 200, 200, 200, 198, 200, 200, 200, 199], "initial_reset_timestamp": 1526378912.1607513, "episode_types": ["t", "t", "t", "t", "t", "t", "t", "t", "t", "t", "t", "t", "t", "t", "t", "t", "t", "t", "t", "t", "t", "t", "t", "t", "t", "t", "t", "t", "t", "t", "t", "t", "t", "t", "t", "t", "t", "t", "t", "t", "t", "t", "t", "t", "t", "t", "t", "t", "t", "t", "t", "t", "t", "t", "t", "t", "t", "t", "t", "t", "t", "t", "t", "t", "t", "t", "t", "t", "t", "t", "t", "t", "t", "t", "t", "t", "t", "t", "t", "t", "t", "t", "t", "t", "t", "t", "t", "t", "t", "t", "t", "t", "t", "t", "t", "t", "t", "t", "t", "t"]}