{"episode_rewards": [200.0, 200.0, 200.0, 200.0, 200.0, 200.0, 200.0, 200.0, 200.0, 200.0, 200.0, 200.0, 200.0, 200.0, 200.0, 200.0, 200.0, 200.0, 200.0, 200.0, 200.0, 200.0, 200.0, 200.0, 200.0, 200.0, 200.0, 200.0, 200.0, 200.0, 200.0, 200.0, 200.0, 200.0, 200.0, 200.0, 200.0, 200.0, 200.0, 200.0, 200.0, 200.0, 200.0, 200.0, 200.0, 200.0, 200.0, 200.0, 200.0, 200.0, 200.0, 200.0, 200.0, 200.0, 200.0, 200.0, 200.0, 200.0, 200.0, 200.0, 200.0, 200.0, 200.0, 200.0, 200.0, 200.0, 200.0, 200.0, 200.0, 200.0, 200.0, 200.0, 200.0, 200.0, 200.0, 200.0, 200.0, 200.0, 200.0, 200.0, 200.0, 200.0, 200.0, 200.0, 200.0, 200.0, 200.0, 200.0, 200.0, 200.0, 200.0, 200.0, 200.0, 200.0, 200.0, 200.0, 200.0, 200.0, 200.0, 200.0], "timestamps": [1526389217.624932, 1526389218.042567, 1526389218.2810867, 1526389218.5246794, 1526389218.7401063, 1526389218.969632, 1526389219.1916816, 1526389219.4235644, 1526389219.6402037, 1526389219.8470001, 1526389220.0807219, 1526389220.274614, 1526389220.5069296, 1526389220.711701, 1526389220.930008, 1526389221.1751719, 1526389221.3944068, 1526389221.6132696, 1526389221.839165, 1526389222.0775833, 1526389222.297489, 1526389222.5335941, 1526389222.7307107, 1526389222.9379492, 1526389223.1570492, 1526389223.3792157, 1526389223.5768478, 1526389223.7853248, 1526389224.0019648, 1526389224.218308, 1526389224.443094, 1526389224.6600535, 1526389224.8691764, 1526389225.1062722, 1526389225.3337529, 1526389225.549352, 1526389225.785287, 1526389226.0437665, 1526389226.2557645, 1526389226.4705207, 1526389226.6777184, 1526389226.8830423, 1526389227.0998697, 1526389227.3088238, 1526389227.5200348, 1526389227.733461, 1526389227.951243, 1526389228.194667, 1526389228.4083552, 1526389228.6374547, 1526389228.8503244, 1526389229.0828052, 1526389229.3033004, 1526389229.5245051, 1526389229.7343132, 1526389229.953339, 1526389230.1808197, 1526389230.3944962, 1526389230.6319373, 1526389230.829023, 1526389231.062064, 1526389231.278073, 1526389231.4873226, 1526389231.6888258, 1526389231.8888783, 1526389232.114544, 1526389232.3184774, 1526389232.5474946, 1526389232.7497325, 1526389232.9937422, 1526389233.21728, 1526389233.4436612, 1526389233.6621826, 1526389233.8706098, 1526389234.1215413, 1526389234.335536, 1526389234.5621915, 1526389234.7698543, 1526389234.997493, 1526389235.2306821, 1526389235.4647064, 1526389235.6788392, 1526389235.9029222, 1526389236.1367805, 1526389236.3521907, 1526389236.5700781, 1526389236.8063228, 1526389237.046337, 1526389237.2590773, 1526389237.4868646, 1526389237.6948686, 1526389237.9079535, 1526389238.1408312, 1526389238.368126, 1526389238.5813766, 1526389238.7724283, 1526389239.004223, 1526389239.2298677, 1526389239.462143, 1526389239.6774054], "episode_lengths": [200, 200, 200, 200, 200, 200, 200, 200, 200, 200, 200, 200, 200, 200, 200, 200, 200, 200, 200, 200, 200, 200, 200, 200, 200, 200, 200, 200, 200, 200, 200, 200, 200, 200, 200, 200, 200, 200, 200, 200, 200, 200, 200, 200, 200, 200, 200, 200, 200, 200, 200, 200, 200, 200, 200, 200, 200, 200, 200, 200, 200, 200, 200, 200, 200, 200, 200, 200, 200, 200, 200, 200, 200, 200, 200, 200, 200, 200, 200, 200, 200, 200, 200, 200, 200, 200, 200, 200, 200, 200, 200, 200, 200, 200, 200, 200, 200, 200, 200, 200], "initial_reset_timestamp": 1526389212.7011023, "episode_types": ["t", "t", "t", "t", "t", "t", "t", "t", "t", "t", "t", "t", "t", "t", "t", "t", "t", "t", "t", "t", "t", "t", "t", "t", "t", "t", "t", "t", "t", "t", "t", "t", "t", "t", "t", "t", "t", "t", "t", "t", "t", "t", "t", "t", "t", "t", "t", "t", "t", "t", "t", "t", "t", "t", "t", "t", "t", "t", "t", "t", "t", "t", "t", "t", "t", "t", "t", "t", "t", "t", "t", "t", "t", "t", "t", "t", "t", "t", "t", "t", "t", "t", "t", "t", "t", "t", "t", "t", "t", "t", "t", "t", "t", "t", "t", "t", "t", "t", "t", "t"]}