{"episode_rewards": [200.0, 200.0, 200.0, 200.0, 200.0, 200.0, 200.0, 200.0, 200.0, 200.0, 200.0, 200.0, 200.0, 200.0, 200.0, 200.0, 200.0, 200.0, 200.0, 200.0, 200.0, 200.0, 200.0, 200.0, 200.0, 200.0, 200.0, 200.0, 200.0, 200.0, 200.0, 200.0, 200.0, 200.0, 200.0, 200.0, 200.0, 200.0, 200.0, 200.0, 200.0, 200.0, 200.0, 200.0, 200.0, 200.0, 200.0, 200.0, 200.0, 200.0, 200.0, 200.0, 200.0, 200.0, 200.0, 200.0, 200.0, 200.0, 200.0, 200.0, 200.0, 200.0, 200.0, 200.0, 200.0, 200.0, 200.0, 200.0, 200.0, 200.0, 200.0, 200.0, 200.0, 200.0, 200.0, 200.0, 200.0, 200.0, 200.0, 200.0, 200.0, 200.0, 200.0, 200.0, 200.0, 200.0, 200.0, 200.0, 200.0, 200.0, 200.0, 200.0, 200.0, 200.0, 200.0, 200.0, 200.0, 200.0, 200.0, 200.0], "timestamps": [1526380247.9587271, 1526380248.4109457, 1526380248.710526, 1526380249.0711584, 1526380249.3499994, 1526380249.6168478, 1526380249.871399, 1526380250.0847008, 1526380250.3161752, 1526380250.5805557, 1526380250.863957, 1526380251.0842881, 1526380251.3011076, 1526380251.4951425, 1526380251.7048965, 1526380251.9437692, 1526380252.1394486, 1526380252.3358386, 1526380252.5283177, 1526380252.740024, 1526380252.9698486, 1526380253.1885169, 1526380253.3949764, 1526380253.669221, 1526380254.0126839, 1526380254.2455544, 1526380254.4614189, 1526380254.6809442, 1526380254.941566, 1526380255.2561996, 1526380255.5596898, 1526380255.859764, 1526380256.0693455, 1526380256.3661885, 1526380256.6867862, 1526380256.9919422, 1526380257.2214205, 1526380257.4571178, 1526380257.6949878, 1526380257.9361181, 1526380258.1709697, 1526380258.4711888, 1526380258.6638317, 1526380258.8754714, 1526380259.0962121, 1526380259.3154175, 1526380259.5165536, 1526380259.7079237, 1526380259.9490626, 1526380260.1501536, 1526380260.349563, 1526380260.5666184, 1526380260.7762065, 1526380261.0050936, 1526380261.21306, 1526380261.4046404, 1526380261.6031518, 1526380261.820414, 1526380262.0399275, 1526380262.249064, 1526380262.4484882, 1526380262.6460416, 1526380262.8755047, 1526380263.1297643, 1526380263.3797035, 1526380263.581976, 1526380263.86792, 1526380264.106438, 1526380264.3238666, 1526380264.5596194, 1526380264.7867935, 1526380265.0170977, 1526380265.217386, 1526380265.51517, 1526380265.7314014, 1526380266.0092466, 1526380266.220211, 1526380266.500848, 1526380266.7837093, 1526380267.055839, 1526380267.3151677, 1526380267.580448, 1526380267.8475125, 1526380268.163517, 1526380268.435232, 1526380268.752448, 1526380269.0503561, 1526380269.2608178, 1526380269.4845655, 1526380269.6811116, 1526380269.926756, 1526380270.1412137, 1526380270.3327644, 1526380270.5222397, 1526380270.716059, 1526380270.954857, 1526380271.2019727, 1526380271.4517221, 1526380271.6891127, 1526380271.959968], "episode_lengths": [200, 200, 200, 200, 200, 200, 200, 200, 200, 200, 200, 200, 200, 200, 200, 200, 200, 200, 200, 200, 200, 200, 200, 200, 200, 200, 200, 200, 200, 200, 200, 200, 200, 200, 200, 200, 200, 200, 200, 200, 200, 200, 200, 200, 200, 200, 200, 200, 200, 200, 200, 200, 200, 200, 200, 200, 200, 200, 200, 200, 200, 200, 200, 200, 200, 200, 200, 200, 200, 200, 200, 200, 200, 200, 200, 200, 200, 200, 200, 200, 200, 200, 200, 200, 200, 200, 200, 200, 200, 200, 200, 200, 200, 200, 200, 200, 200, 200, 200, 200], "initial_reset_timestamp": 1526380242.73585, "episode_types": ["t", "t", "t", "t", "t", "t", "t", "t", "t", "t", "t", "t", "t", "t", "t", "t", "t", "t", "t", "t", "t", "t", "t", "t", "t", "t", "t", "t", "t", "t", "t", "t", "t", "t", "t", "t", "t", "t", "t", "t", "t", "t", "t", "t", "t", "t", "t", "t", "t", "t", "t", "t", "t", "t", "t", "t", "t", "t", "t", "t", "t", "t", "t", "t", "t", "t", "t", "t", "t", "t", "t", "t", "t", "t", "t", "t", "t", "t", "t", "t", "t", "t", "t", "t", "t", "t", "t", "t", "t", "t", "t", "t", "t", "t", "t", "t", "t", "t", "t", "t"]}