{"episode_rewards": [200.0, 200.0, 200.0, 200.0, 200.0, 200.0, 200.0, 200.0, 200.0, 200.0, 200.0, 200.0, 200.0, 200.0, 200.0, 200.0, 200.0, 200.0, 200.0, 200.0, 200.0, 200.0, 200.0, 200.0, 200.0, 200.0, 200.0, 200.0, 200.0, 200.0, 200.0, 200.0, 200.0, 200.0, 200.0, 200.0, 200.0, 200.0, 200.0, 200.0, 200.0, 200.0, 200.0, 200.0, 200.0, 200.0, 200.0, 200.0, 200.0, 200.0, 200.0, 200.0, 200.0, 200.0, 200.0, 200.0, 200.0, 200.0, 200.0, 200.0, 200.0, 200.0, 200.0, 200.0, 200.0, 200.0, 200.0, 200.0, 200.0, 200.0, 200.0, 200.0, 200.0, 200.0, 200.0, 200.0, 200.0, 200.0, 200.0, 200.0, 200.0, 200.0, 200.0, 200.0, 200.0, 200.0, 200.0, 200.0, 200.0, 200.0, 200.0, 200.0, 200.0, 200.0, 200.0, 200.0, 200.0, 200.0, 200.0, 200.0], "timestamps": [1526390168.394441, 1526390168.7797074, 1526390168.9903467, 1526390169.2147117, 1526390169.450512, 1526390169.7326035, 1526390170.035417, 1526390170.316051, 1526390170.6133296, 1526390170.8397775, 1526390171.0958352, 1526390171.3054886, 1526390171.540956, 1526390171.784907, 1526390172.0289319, 1526390172.255977, 1526390172.4746573, 1526390172.70727, 1526390172.9399042, 1526390173.2201967, 1526390173.4683537, 1526390173.694122, 1526390173.9098911, 1526390174.1555648, 1526390174.3791447, 1526390174.5783596, 1526390174.7867346, 1526390174.979319, 1526390175.2188933, 1526390175.429147, 1526390175.6583977, 1526390175.8644724, 1526390176.0876062, 1526390176.3194788, 1526390176.5472538, 1526390176.7878885, 1526390177.0368667, 1526390177.2542274, 1526390177.465499, 1526390177.716249, 1526390177.9742553, 1526390178.2238524, 1526390178.4454536, 1526390178.6763263, 1526390178.8899343, 1526390179.1484845, 1526390179.3612354, 1526390179.6074622, 1526390179.8474865, 1526390180.078714, 1526390180.3095682, 1526390180.5315685, 1526390180.7441025, 1526390180.9525228, 1526390181.1789927, 1526390181.3874643, 1526390181.6677575, 1526390181.8704448, 1526390182.0827796, 1526390182.3261244, 1526390182.5713093, 1526390182.8437257, 1526390183.1561453, 1526390183.4509082, 1526390183.7423918, 1526390183.9664314, 1526390184.4490974, 1526390184.6620715, 1526390184.8654835, 1526390185.4548945, 1526390185.8241124, 1526390186.45471, 1526390186.6879015, 1526390186.8842785, 1526390187.1288977, 1526390187.32613, 1526390187.5235248, 1526390187.7242885, 1526390187.9197056, 1526390188.187984, 1526390188.3882635, 1526390188.5906148, 1526390188.8645127, 1526390189.4879367, 1526390189.8687606, 1526390190.287472, 1526390190.6041546, 1526390190.940532, 1526390191.4233615, 1526390191.786925, 1526390192.1251116, 1526390192.433158, 1526390192.7476895, 1526390193.0750084, 1526390193.6240842, 1526390194.0415428, 1526390194.4442594, 1526390194.851074, 1526390195.1390772, 1526390195.3417907], "episode_lengths": [200, 200, 200, 200, 200, 200, 200, 200, 200, 200, 200, 200, 200, 200, 200, 200, 200, 200, 200, 200, 200, 200, 200, 200, 200, 200, 200, 200, 200, 200, 200, 200, 200, 200, 200, 200, 200, 200, 200, 200, 200, 200, 200, 200, 200, 200, 200, 200, 200, 200, 200, 200, 200, 200, 200, 200, 200, 200, 200, 200, 200, 200, 200, 200, 200, 200, 200, 200, 200, 200, 200, 200, 200, 200, 200, 200, 200, 200, 200, 200, 200, 200, 200, 200, 200, 200, 200, 200, 200, 200, 200, 200, 200, 200, 200, 200, 200, 200, 200, 200], "initial_reset_timestamp": 1526390163.3610094, "episode_types": ["t", "t", "t", "t", "t", "t", "t", "t", "t", "t", "t", "t", "t", "t", "t", "t", "t", "t", "t", "t", "t", "t", "t", "t", "t", "t", "t", "t", "t", "t", "t", "t", "t", "t", "t", "t", "t", "t", "t", "t", "t", "t", "t", "t", "t", "t", "t", "t", "t", "t", "t", "t", "t", "t", "t", "t", "t", "t", "t", "t", "t", "t", "t", "t", "t", "t", "t", "t", "t", "t", "t", "t", "t", "t", "t", "t", "t", "t", "t", "t", "t", "t", "t", "t", "t", "t", "t", "t", "t", "t", "t", "t", "t", "t", "t", "t", "t", "t", "t", "t"]}