{"episode_rewards": [200.0, 200.0, 200.0, 200.0, 200.0, 200.0, 200.0, 200.0, 200.0, 200.0, 200.0, 200.0, 200.0, 200.0, 200.0, 200.0, 200.0, 200.0, 200.0, 200.0, 200.0, 200.0, 200.0, 200.0, 200.0, 200.0, 200.0, 200.0, 200.0, 200.0, 200.0, 200.0, 200.0, 200.0, 200.0, 200.0, 200.0, 200.0, 200.0, 200.0, 200.0, 200.0, 200.0, 200.0, 200.0, 200.0, 200.0, 200.0, 200.0, 200.0, 200.0, 200.0, 200.0, 200.0, 200.0, 200.0, 200.0, 200.0, 200.0, 200.0, 200.0, 200.0, 200.0, 200.0, 200.0, 200.0, 200.0, 200.0, 200.0, 200.0, 200.0, 200.0, 200.0, 200.0, 200.0, 200.0, 200.0, 200.0, 200.0, 200.0, 200.0, 200.0, 200.0, 200.0, 200.0, 200.0, 200.0, 200.0, 200.0, 200.0, 200.0, 200.0, 200.0, 200.0, 200.0, 200.0, 200.0, 200.0, 200.0, 200.0], "timestamps": [1526382942.1204162, 1526382942.6203356, 1526382942.8952749, 1526382943.202274, 1526382943.5117218, 1526382943.8091347, 1526382944.0927763, 1526382944.4226704, 1526382944.6913276, 1526382944.9618068, 1526382945.2289557, 1526382945.548117, 1526382945.8255033, 1526382946.0822673, 1526382946.4018395, 1526382946.6699514, 1526382946.9228995, 1526382947.2123253, 1526382947.5332134, 1526382947.825958, 1526382948.1204164, 1526382948.44995, 1526382948.7230139, 1526382949.076067, 1526382949.3793132, 1526382949.6462593, 1526382949.9214902, 1526382950.1925194, 1526382950.4930704, 1526382950.7484725, 1526382951.0255296, 1526382951.344464, 1526382951.6159725, 1526382951.890096, 1526382952.1775997, 1526382952.4800394, 1526382952.7477975, 1526382953.0206537, 1526382953.3194668, 1526382953.5997405, 1526382953.8860495, 1526382954.1782737, 1526382954.4956038, 1526382954.747586, 1526382955.0354338, 1526382955.377632, 1526382955.6537874, 1526382955.9279094, 1526382956.2020981, 1526382956.5119858, 1526382956.839246, 1526382957.129965, 1526382957.4428766, 1526382957.7287662, 1526382957.97308, 1526382958.2520268, 1526382958.5475662, 1526382958.821802, 1526382959.1027315, 1526382959.42107, 1526382959.7145603, 1526382959.9878511, 1526382960.268098, 1526382960.5729747, 1526382960.8642662, 1526382961.1729298, 1526382961.479428, 1526382961.7677763, 1526382962.0567243, 1526382962.3865087, 1526382962.7263963, 1526382963.0290124, 1526382963.3951523, 1526382963.648934, 1526382963.9071918, 1526382964.153719, 1526382964.4708188, 1526382964.7411175, 1526382965.010638, 1526382965.304616, 1526382965.6086633, 1526382965.8946545, 1526382966.1730509, 1526382966.478315, 1526382966.7668195, 1526382967.05453, 1526382967.3696423, 1526382967.6649094, 1526382967.931179, 1526382968.2112544, 1526382968.5274892, 1526382968.8072958, 1526382969.1004057, 1526382969.4216483, 1526382969.698565, 1526382969.9894228, 1526382970.263841, 1526382970.5689292, 1526382970.8366635, 1526382971.1063573], "episode_lengths": [200, 200, 200, 200, 200, 200, 200, 200, 200, 200, 200, 200, 200, 200, 200, 200, 200, 200, 200, 200, 200, 200, 200, 200, 200, 200, 200, 200, 200, 200, 200, 200, 200, 200, 200, 200, 200, 200, 200, 200, 200, 200, 200, 200, 200, 200, 200, 200, 200, 200, 200, 200, 200, 200, 200, 200, 200, 200, 200, 200, 200, 200, 200, 200, 200, 200, 200, 200, 200, 200, 200, 200, 200, 200, 200, 200, 200, 200, 200, 200, 200, 200, 200, 200, 200, 200, 200, 200, 200, 200, 200, 200, 200, 200, 200, 200, 200, 200, 200, 200], "initial_reset_timestamp": 1526382936.3419347, "episode_types": ["t", "t", "t", "t", "t", "t", "t", "t", "t", "t", "t", "t", "t", "t", "t", "t", "t", "t", "t", "t", "t", "t", "t", "t", "t", "t", "t", "t", "t", "t", "t", "t", "t", "t", "t", "t", "t", "t", "t", "t", "t", "t", "t", "t", "t", "t", "t", "t", "t", "t", "t", "t", "t", "t", "t", "t", "t", "t", "t", "t", "t", "t", "t", "t", "t", "t", "t", "t", "t", "t", "t", "t", "t", "t", "t", "t", "t", "t", "t", "t", "t", "t", "t", "t", "t", "t", "t", "t", "t", "t", "t", "t", "t", "t", "t", "t", "t", "t", "t", "t"]}