{"episode_rewards": [200.0, 200.0, 200.0, 200.0, 200.0, 200.0, 200.0, 200.0, 200.0, 200.0, 200.0, 200.0, 200.0, 200.0, 200.0, 200.0, 200.0, 200.0, 200.0, 200.0, 200.0, 200.0, 200.0, 200.0, 200.0, 200.0, 200.0, 200.0, 200.0, 200.0, 200.0, 200.0, 200.0, 200.0, 200.0, 200.0, 200.0, 200.0, 200.0, 200.0, 200.0, 200.0, 200.0, 200.0, 200.0, 200.0, 200.0, 200.0, 200.0, 200.0, 200.0, 200.0, 200.0, 200.0, 200.0, 200.0, 200.0, 200.0, 200.0, 200.0, 200.0, 200.0, 200.0, 200.0, 200.0, 200.0, 200.0, 200.0, 200.0, 200.0, 200.0, 200.0, 200.0, 200.0, 200.0, 200.0, 200.0, 200.0, 200.0, 200.0, 200.0, 200.0, 200.0, 200.0, 200.0, 200.0, 200.0, 200.0, 200.0, 200.0, 200.0, 200.0, 200.0, 200.0, 200.0, 200.0, 200.0, 200.0, 200.0, 200.0], "timestamps": [1526382642.5946836, 1526382643.1054685, 1526382643.4236479, 1526382643.7031095, 1526382644.0036945, 1526382644.3173811, 1526382644.595027, 1526382644.8937488, 1526382645.2025337, 1526382645.4934886, 1526382645.7706175, 1526382646.057624, 1526382646.3479753, 1526382646.638374, 1526382646.907144, 1526382647.2399378, 1526382647.504687, 1526382647.785885, 1526382648.0525718, 1526382648.3433776, 1526382648.6056569, 1526382648.8808799, 1526382649.1782434, 1526382649.4592109, 1526382649.733758, 1526382650.0040627, 1526382650.2968264, 1526382650.5868528, 1526382650.873654, 1526382651.1555178, 1526382651.4369965, 1526382651.724405, 1526382652.0015962, 1526382652.3044887, 1526382652.5794897, 1526382652.8624325, 1526382653.1401634, 1526382653.4441478, 1526382653.7399924, 1526382654.0137498, 1526382654.318698, 1526382654.5801885, 1526382654.9171178, 1526382655.246041, 1526382655.5202801, 1526382655.7934778, 1526382656.0760088, 1526382656.3918133, 1526382656.6940703, 1526382656.9584515, 1526382657.2524765, 1526382657.533222, 1526382657.8214722, 1526382658.1046786, 1526382658.4006064, 1526382658.6727035, 1526382658.941936, 1526382659.2500496, 1526382659.516676, 1526382659.8203883, 1526382660.0780087, 1526382660.3966568, 1526382660.6753712, 1526382660.9756348, 1526382661.2574337, 1526382661.520781, 1526382661.8110003, 1526382662.0907655, 1526382662.3773394, 1526382662.6260526, 1526382662.9010856, 1526382663.1894255, 1526382663.5187352, 1526382663.8002696, 1526382664.0805433, 1526382664.3612075, 1526382664.622331, 1526382664.920234, 1526382665.2096283, 1526382665.4775586, 1526382665.7743788, 1526382666.0663745, 1526382666.3750172, 1526382666.6367254, 1526382666.92837, 1526382667.2256413, 1526382667.5096025, 1526382667.7737923, 1526382668.0706158, 1526382668.3843954, 1526382668.6484637, 1526382668.911809, 1526382669.2048094, 1526382669.4780338, 1526382669.7211068, 1526382669.9915543, 1526382670.258743, 1526382670.5401576, 1526382670.8253396, 1526382671.108585], "episode_lengths": [200, 200, 200, 200, 200, 200, 200, 200, 200, 200, 200, 200, 200, 200, 200, 200, 200, 200, 200, 200, 200, 200, 200, 200, 200, 200, 200, 200, 200, 200, 200, 200, 200, 200, 200, 200, 200, 200, 200, 200, 200, 200, 200, 200, 200, 200, 200, 200, 200, 200, 200, 200, 200, 200, 200, 200, 200, 200, 200, 200, 200, 200, 200, 200, 200, 200, 200, 200, 200, 200, 200, 200, 200, 200, 200, 200, 200, 200, 200, 200, 200, 200, 200, 200, 200, 200, 200, 200, 200, 200, 200, 200, 200, 200, 200, 200, 200, 200, 200, 200], "initial_reset_timestamp": 1526382636.7253492, "episode_types": ["t", "t", "t", "t", "t", "t", "t", "t", "t", "t", "t", "t", "t", "t", "t", "t", "t", "t", "t", "t", "t", "t", "t", "t", "t", "t", "t", "t", "t", "t", "t", "t", "t", "t", "t", "t", "t", "t", "t", "t", "t", "t", "t", "t", "t", "t", "t", "t", "t", "t", "t", "t", "t", "t", "t", "t", "t", "t", "t", "t", "t", "t", "t", "t", "t", "t", "t", "t", "t", "t", "t", "t", "t", "t", "t", "t", "t", "t", "t", "t", "t", "t", "t", "t", "t", "t", "t", "t", "t", "t", "t", "t", "t", "t", "t", "t", "t", "t", "t", "t"]}