{"episode_rewards": [166.0, 163.0, 154.0, 157.0, 151.0, 161.0, 152.0, 152.0, 160.0, 161.0, 154.0, 170.0, 153.0, 157.0, 147.0, 152.0, 157.0, 147.0, 152.0, 151.0, 148.0, 150.0, 153.0, 153.0, 155.0, 156.0, 164.0, 154.0, 161.0, 156.0, 164.0, 145.0, 159.0, 148.0, 152.0, 159.0, 165.0, 160.0, 156.0, 158.0, 163.0, 147.0, 163.0, 152.0, 160.0, 154.0, 166.0, 152.0, 144.0, 160.0, 158.0, 146.0, 163.0, 160.0, 162.0, 160.0, 155.0, 150.0, 147.0, 163.0, 155.0, 155.0, 164.0, 149.0, 160.0, 151.0, 159.0, 150.0, 165.0, 151.0, 160.0, 150.0, 143.0, 169.0, 155.0, 169.0, 151.0, 160.0, 156.0, 152.0, 168.0, 157.0, 158.0, 156.0, 159.0, 155.0, 159.0, 148.0, 159.0, 160.0, 158.0, 153.0, 149.0, 166.0, 154.0, 156.0, 151.0, 146.0, 150.0, 154.0], "timestamps": [1526388345.7823205, 1526388346.1602695, 1526388346.3418872, 1526388346.5022871, 1526388346.6559837, 1526388346.8163342, 1526388346.977668, 1526388347.1535168, 1526388347.343023, 1526388347.5128586, 1526388347.6753771, 1526388347.854931, 1526388348.01423, 1526388348.1660123, 1526388348.3356357, 1526388348.5020626, 1526388348.669889, 1526388348.8396711, 1526388349.0437891, 1526388349.192407, 1526388349.357508, 1526388349.519505, 1526388349.6911366, 1526388349.8425617, 1526388350.0115495, 1526388350.1821291, 1526388350.3759124, 1526388350.5261707, 1526388350.6996026, 1526388350.8717828, 1526388351.0468261, 1526388351.2106912, 1526388351.398303, 1526388351.5425913, 1526388351.7275047, 1526388351.9011788, 1526388352.0767567, 1526388352.240103, 1526388352.4120886, 1526388352.5657852, 1526388352.749343, 1526388352.9304388, 1526388353.120894, 1526388353.3209074, 1526388353.5055852, 1526388353.6735365, 1526388353.8526719, 1526388354.022629, 1526388354.1731417, 1526388354.3777335, 1526388354.551126, 1526388354.7228782, 1526388354.8961034, 1526388355.056686, 1526388355.2313538, 1526388355.42382, 1526388355.5905702, 1526388355.7633712, 1526388355.930553, 1526388356.107915, 1526388356.310996, 1526388356.4843974, 1526388356.6798897, 1526388356.836617, 1526388357.0179307, 1526388357.189489, 1526388357.4138424, 1526388357.5722451, 1526388357.7527277, 1526388357.921169, 1526388358.0889895, 1526388358.2560272, 1526388358.4393058, 1526388358.638508, 1526388358.804431, 1526388358.969255, 1526388359.137466, 1526388359.334633, 1526388359.489458, 1526388359.67481, 1526388359.8540113, 1526388360.0179358, 1526388360.2094998, 1526388360.4169197, 1526388360.5793564, 1526388360.7609668, 1526388360.944106, 1526388361.092403, 1526388361.2542121, 1526388361.4272895, 1526388361.594818, 1526388361.785406, 1526388361.9497054, 1526388362.1476443, 1526388362.343252, 1526388362.4969823, 1526388362.6829123, 1526388362.8433688, 1526388362.9957712, 1526388363.1668866], "episode_lengths": [166, 163, 154, 157, 151, 161, 152, 152, 160, 161, 154, 170, 153, 157, 147, 152, 157, 147, 152, 151, 148, 150, 153, 153, 155, 156, 164, 154, 161, 156, 164, 145, 159, 148, 152, 159, 165, 160, 156, 158, 163, 147, 163, 152, 160, 154, 166, 152, 144, 160, 158, 146, 163, 160, 162, 160, 155, 150, 147, 163, 155, 155, 164, 149, 160, 151, 159, 150, 165, 151, 160, 150, 143, 169, 155, 169, 151, 160, 156, 152, 168, 157, 158, 156, 159, 155, 159, 148, 159, 160, 158, 153, 149, 166, 154, 156, 151, 146, 150, 154], "initial_reset_timestamp": 1526388341.6679122, "episode_types": ["t", "t", "t", "t", "t", "t", "t", "t", "t", "t", "t", "t", "t", "t", "t", "t", "t", "t", "t", "t", "t", "t", "t", "t", "t", "t", "t", "t", "t", "t", "t", "t", "t", "t", "t", "t", "t", "t", "t", "t", "t", "t", "t", "t", "t", "t", "t", "t", "t", "t", "t", "t", "t", "t", "t", "t", "t", "t", "t", "t", "t", "t", "t", "t", "t", "t", "t", "t", "t", "t", "t", "t", "t", "t", "t", "t", "t", "t", "t", "t", "t", "t", "t", "t", "t", "t", "t", "t", "t", "t", "t", "t", "t", "t", "t", "t", "t", "t", "t", "t"]}