{"episode_rewards": [200.0, 200.0, 200.0, 200.0, 200.0, 200.0, 200.0, 200.0, 200.0, 200.0, 200.0, 200.0, 200.0, 200.0, 200.0, 200.0, 200.0, 200.0, 200.0, 200.0, 200.0, 200.0, 200.0, 200.0, 200.0, 200.0, 200.0, 200.0, 200.0, 200.0, 200.0, 200.0, 200.0, 200.0, 200.0, 200.0, 200.0, 200.0, 200.0, 200.0, 200.0, 200.0, 200.0, 200.0, 200.0, 200.0, 200.0, 200.0, 200.0, 200.0, 200.0, 200.0, 200.0, 200.0, 200.0, 200.0, 200.0, 200.0, 200.0, 200.0, 200.0, 200.0, 200.0, 200.0, 200.0, 200.0, 200.0, 200.0, 200.0, 200.0, 200.0, 200.0, 200.0, 200.0, 200.0, 200.0, 200.0, 200.0, 200.0, 200.0, 200.0, 200.0, 200.0, 200.0, 200.0, 200.0, 200.0, 200.0, 200.0, 200.0, 200.0, 200.0, 200.0, 200.0, 200.0, 200.0, 200.0, 200.0, 200.0, 200.0], "timestamps": [1526382492.940528, 1526382493.4885664, 1526382493.784634, 1526382494.0720403, 1526382494.392981, 1526382494.6759665, 1526382494.9552815, 1526382495.2701938, 1526382495.568828, 1526382495.850929, 1526382496.1615114, 1526382496.4794052, 1526382496.7855253, 1526382497.07063, 1526382497.3969936, 1526382497.6731923, 1526382497.9387915, 1526382498.2378654, 1526382498.5136027, 1526382498.7962487, 1526382499.069626, 1526382499.3790767, 1526382499.6783197, 1526382499.940183, 1526382500.2764628, 1526382500.5542023, 1526382500.8406727, 1526382501.1257925, 1526382501.4385812, 1526382501.7112541, 1526382501.9919202, 1526382502.2991726, 1526382502.5777981, 1526382502.8671257, 1526382503.1719408, 1526382503.4464962, 1526382503.7115207, 1526382503.9948225, 1526382504.276786, 1526382504.5656085, 1526382504.8513052, 1526382505.1547852, 1526382505.4394293, 1526382505.7382424, 1526382506.040764, 1526382506.3675852, 1526382506.6697605, 1526382506.9553142, 1526382507.2606165, 1526382507.5332549, 1526382507.8206453, 1526382508.1390204, 1526382508.4104934, 1526382508.6552536, 1526382508.9079044, 1526382509.1918745, 1526382509.46282, 1526382509.7280374, 1526382510.0028183, 1526382510.2995043, 1526382510.5630827, 1526382510.836588, 1526382511.1388528, 1526382511.413701, 1526382511.6878784, 1526382511.9711711, 1526382512.2899413, 1526382512.5704732, 1526382512.8456557, 1526382513.1443915, 1526382513.4193392, 1526382513.6910756, 1526382513.9750595, 1526382514.2741606, 1526382514.554588, 1526382514.8523211, 1526382515.1606197, 1526382515.4368837, 1526382515.7228017, 1526382515.9907253, 1526382516.286018, 1526382516.5886848, 1526382516.8859403, 1526382517.2030983, 1526382517.489513, 1526382517.7720485, 1526382518.0459917, 1526382518.3951077, 1526382518.6612594, 1526382518.9285104, 1526382519.2278235, 1526382519.5367527, 1526382519.8272324, 1526382520.1399457, 1526382520.4271078, 1526382520.7208111, 1526382520.9853387, 1526382521.2779076, 1526382521.5717225, 1526382521.86298], "episode_lengths": [200, 200, 200, 200, 200, 200, 200, 200, 200, 200, 200, 200, 200, 200, 200, 200, 200, 200, 200, 200, 200, 200, 200, 200, 200, 200, 200, 200, 200, 200, 200, 200, 200, 200, 200, 200, 200, 200, 200, 200, 200, 200, 200, 200, 200, 200, 200, 200, 200, 200, 200, 200, 200, 200, 200, 200, 200, 200, 200, 200, 200, 200, 200, 200, 200, 200, 200, 200, 200, 200, 200, 200, 200, 200, 200, 200, 200, 200, 200, 200, 200, 200, 200, 200, 200, 200, 200, 200, 200, 200, 200, 200, 200, 200, 200, 200, 200, 200, 200, 200], "initial_reset_timestamp": 1526382487.0873597, "episode_types": ["t", "t", "t", "t", "t", "t", "t", "t", "t", "t", "t", "t", "t", "t", "t", "t", "t", "t", "t", "t", "t", "t", "t", "t", "t", "t", "t", "t", "t", "t", "t", "t", "t", "t", "t", "t", "t", "t", "t", "t", "t", "t", "t", "t", "t", "t", "t", "t", "t", "t", "t", "t", "t", "t", "t", "t", "t", "t", "t", "t", "t", "t", "t", "t", "t", "t", "t", "t", "t", "t", "t", "t", "t", "t", "t", "t", "t", "t", "t", "t", "t", "t", "t", "t", "t", "t", "t", "t", "t", "t", "t", "t", "t", "t", "t", "t", "t", "t", "t", "t"]}