{"episode_rewards": [200.0, 200.0, 200.0, 200.0, 200.0, 200.0, 200.0, 200.0, 200.0, 200.0, 200.0, 200.0, 200.0, 200.0, 200.0, 200.0, 200.0, 200.0, 200.0, 200.0, 200.0, 200.0, 200.0, 200.0, 200.0, 200.0, 200.0, 200.0, 200.0, 200.0, 200.0, 200.0, 200.0, 200.0, 200.0, 200.0, 200.0, 200.0, 200.0, 200.0, 200.0, 200.0, 200.0, 200.0, 200.0, 200.0, 200.0, 200.0, 200.0, 200.0, 200.0, 200.0, 200.0, 200.0, 200.0, 200.0, 200.0, 200.0, 200.0, 200.0, 200.0, 200.0, 200.0, 200.0, 200.0, 200.0, 200.0, 200.0, 200.0, 200.0, 200.0, 200.0, 200.0, 200.0, 200.0, 200.0, 200.0, 200.0, 200.0, 200.0, 200.0, 200.0, 200.0, 200.0, 200.0, 200.0, 200.0, 200.0, 200.0, 200.0, 200.0, 200.0, 200.0, 200.0, 200.0, 200.0, 200.0, 200.0, 200.0, 200.0], "timestamps": [1526390892.8939545, 1526390893.28249, 1526390893.522035, 1526390893.7320678, 1526390893.9500234, 1526390894.1852837, 1526390894.4275043, 1526390894.6757379, 1526390894.8776622, 1526390895.097534, 1526390895.2915869, 1526390895.4903138, 1526390895.7148786, 1526390895.9209564, 1526390896.1348565, 1526390896.349534, 1526390896.5700471, 1526390896.7701871, 1526390896.997513, 1526390897.2034056, 1526390897.4009705, 1526390897.6385357, 1526390897.8642936, 1526390898.1430447, 1526390898.396468, 1526390898.7285426, 1526390899.040524, 1526390899.4233074, 1526390899.8091338, 1526390900.1768026, 1526390900.5358875, 1526390900.8673017, 1526390901.229354, 1526390901.6084938, 1526390901.9624658, 1526390902.3260972, 1526390902.734531, 1526390903.0062513, 1526390903.2515943, 1526390903.537375, 1526390903.8927066, 1526390904.2629461, 1526390904.685407, 1526390905.0684936, 1526390905.4398813, 1526390905.7765017, 1526390906.063143, 1526390906.3899996, 1526390906.67719, 1526390906.9097347, 1526390907.1949372, 1526390907.5512667, 1526390907.8804364, 1526390908.1202502, 1526390908.4307067, 1526390908.7215836, 1526390909.0298433, 1526390909.3095968, 1526390909.6138546, 1526390909.888091, 1526390910.179279, 1526390910.5765166, 1526390910.858028, 1526390911.118549, 1526390911.3516257, 1526390911.604978, 1526390911.8462498, 1526390912.0807338, 1526390912.3109968, 1526390912.5576837, 1526390912.79497, 1526390913.0090692, 1526390913.2445154, 1526390913.4699442, 1526390913.707084, 1526390913.924863, 1526390914.1564462, 1526390914.4053967, 1526390914.693127, 1526390915.0144424, 1526390915.322624, 1526390915.5870073, 1526390915.8024392, 1526390916.058206, 1526390916.3820019, 1526390916.7181187, 1526390917.0985951, 1526390917.4413822, 1526390917.7719717, 1526390918.0991707, 1526390918.4182632, 1526390918.7513754, 1526390919.0800881, 1526390919.4031098, 1526390919.7642317, 1526390920.07294, 1526390920.3944104, 1526390920.726282, 1526390921.0496347, 1526390921.38125], "episode_lengths": [200, 200, 200, 200, 200, 200, 200, 200, 200, 200, 200, 200, 200, 200, 200, 200, 200, 200, 200, 200, 200, 200, 200, 200, 200, 200, 200, 200, 200, 200, 200, 200, 200, 200, 200, 200, 200, 200, 200, 200, 200, 200, 200, 200, 200, 200, 200, 200, 200, 200, 200, 200, 200, 200, 200, 200, 200, 200, 200, 200, 200, 200, 200, 200, 200, 200, 200, 200, 200, 200, 200, 200, 200, 200, 200, 200, 200, 200, 200, 200, 200, 200, 200, 200, 200, 200, 200, 200, 200, 200, 200, 200, 200, 200, 200, 200, 200, 200, 200, 200], "initial_reset_timestamp": 1526390887.9514399, "episode_types": ["t", "t", "t", "t", "t", "t", "t", "t", "t", "t", "t", "t", "t", "t", "t", "t", "t", "t", "t", "t", "t", "t", "t", "t", "t", "t", "t", "t", "t", "t", "t", "t", "t", "t", "t", "t", "t", "t", "t", "t", "t", "t", "t", "t", "t", "t", "t", "t", "t", "t", "t", "t", "t", "t", "t", "t", "t", "t", "t", "t", "t", "t", "t", "t", "t", "t", "t", "t", "t", "t", "t", "t", "t", "t", "t", "t", "t", "t", "t", "t", "t", "t", "t", "t", "t", "t", "t", "t", "t", "t", "t", "t", "t", "t", "t", "t", "t", "t", "t", "t"]}