{"episode_rewards": [200.0, 200.0, 200.0, 200.0, 200.0, 200.0, 200.0, 200.0, 200.0, 200.0, 200.0, 200.0, 200.0, 200.0, 200.0, 200.0, 200.0, 200.0, 200.0, 200.0, 200.0, 200.0, 200.0, 200.0, 200.0, 200.0, 200.0, 200.0, 200.0, 200.0, 200.0, 200.0, 200.0, 200.0, 200.0, 200.0, 200.0, 200.0, 200.0, 200.0, 200.0, 200.0, 200.0, 200.0, 200.0, 200.0, 200.0, 200.0, 200.0, 200.0, 200.0, 200.0, 200.0, 200.0, 200.0, 200.0, 200.0, 200.0, 200.0, 200.0, 200.0, 200.0, 200.0, 200.0, 200.0, 200.0, 200.0, 200.0, 200.0, 200.0, 200.0, 200.0, 200.0, 200.0, 200.0, 200.0, 200.0, 200.0, 200.0, 200.0, 200.0, 200.0, 200.0, 200.0, 200.0, 200.0, 200.0, 200.0, 200.0, 200.0, 200.0, 200.0, 200.0, 200.0, 200.0, 200.0, 200.0, 200.0, 200.0, 200.0], "timestamps": [1526384407.152039, 1526384407.5956984, 1526384407.8537855, 1526384408.1342454, 1526384408.4283779, 1526384408.6887956, 1526384408.9705598, 1526384409.231726, 1526384409.5555718, 1526384409.8264318, 1526384410.0771859, 1526384410.3648424, 1526384410.6295857, 1526384410.8770545, 1526384411.14197, 1526384411.4363244, 1526384411.6906996, 1526384411.933609, 1526384412.184787, 1526384412.5287535, 1526384412.8206084, 1526384413.0705707, 1526384413.3618155, 1526384413.6622574, 1526384413.9076734, 1526384414.1635385, 1526384414.4578717, 1526384414.73212, 1526384414.9796352, 1526384415.2369535, 1526384415.5349526, 1526384415.7978294, 1526384416.047129, 1526384416.352505, 1526384416.5925388, 1526384416.8623173, 1526384417.1100595, 1526384417.3862295, 1526384417.640809, 1526384417.909297, 1526384418.1698081, 1526384418.4392104, 1526384418.6853018, 1526384418.9310863, 1526384419.178308, 1526384419.4711695, 1526384419.7233164, 1526384419.952927, 1526384420.2073178, 1526384420.4946842, 1526384420.7514858, 1526384421.0192225, 1526384421.2866943, 1526384421.5761104, 1526384421.8465266, 1526384422.0981967, 1526384422.4085948, 1526384422.6739314, 1526384422.92348, 1526384423.1766675, 1526384423.464716, 1526384423.708926, 1526384423.929473, 1526384424.1833508, 1526384424.4595213, 1526384424.7229266, 1526384424.951329, 1526384425.2154763, 1526384425.4983928, 1526384425.7613683, 1526384426.0425406, 1526384426.2974842, 1526384426.544826, 1526384426.8018732, 1526384427.03834, 1526384427.3129623, 1526384427.5703368, 1526384427.8176105, 1526384428.063603, 1526384428.3561375, 1526384428.619358, 1526384428.8665075, 1526384429.1289768, 1526384429.4038575, 1526384429.6602447, 1526384429.8799748, 1526384430.1483002, 1526384430.4382808, 1526384430.70325, 1526384430.9823565, 1526384431.2452624, 1526384431.543809, 1526384431.8115418, 1526384432.0825474, 1526384432.3876002, 1526384432.727215, 1526384433.0416882, 1526384433.3719442, 1526384433.6608021, 1526384433.9418478], "episode_lengths": [200, 200, 200, 200, 200, 200, 200, 200, 200, 200, 200, 200, 200, 200, 200, 200, 200, 200, 200, 200, 200, 200, 200, 200, 200, 200, 200, 200, 200, 200, 200, 200, 200, 200, 200, 200, 200, 200, 200, 200, 200, 200, 200, 200, 200, 200, 200, 200, 200, 200, 200, 200, 200, 200, 200, 200, 200, 200, 200, 200, 200, 200, 200, 200, 200, 200, 200, 200, 200, 200, 200, 200, 200, 200, 200, 200, 200, 200, 200, 200, 200, 200, 200, 200, 200, 200, 200, 200, 200, 200, 200, 200, 200, 200, 200, 200, 200, 200, 200, 200], "initial_reset_timestamp": 1526384401.6365705, "episode_types": ["t", "t", "t", "t", "t", "t", "t", "t", "t", "t", "t", "t", "t", "t", "t", "t", "t", "t", "t", "t", "t", "t", "t", "t", "t", "t", "t", "t", "t", "t", "t", "t", "t", "t", "t", "t", "t", "t", "t", "t", "t", "t", "t", "t", "t", "t", "t", "t", "t", "t", "t", "t", "t", "t", "t", "t", "t", "t", "t", "t", "t", "t", "t", "t", "t", "t", "t", "t", "t", "t", "t", "t", "t", "t", "t", "t", "t", "t", "t", "t", "t", "t", "t", "t", "t", "t", "t", "t", "t", "t", "t", "t", "t", "t", "t", "t", "t", "t", "t", "t"]}