{"episode_rewards": [153.0, 143.0, 152.0, 159.0, 153.0, 151.0, 152.0, 153.0, 150.0, 152.0, 159.0, 150.0, 150.0, 152.0, 158.0, 160.0, 152.0, 160.0, 154.0, 155.0, 156.0, 153.0, 148.0, 158.0, 152.0, 153.0, 156.0, 153.0, 160.0, 152.0, 160.0, 149.0, 157.0, 157.0, 146.0, 154.0, 157.0, 146.0, 161.0, 150.0, 151.0, 152.0, 149.0, 154.0, 154.0, 149.0, 158.0, 158.0, 154.0, 154.0, 155.0, 159.0, 149.0, 160.0, 160.0, 159.0, 154.0, 153.0, 158.0, 164.0, 149.0, 151.0, 159.0, 155.0, 152.0, 150.0, 152.0, 147.0, 150.0, 160.0, 162.0, 165.0, 159.0, 148.0, 160.0, 152.0, 157.0, 146.0, 163.0, 150.0, 155.0, 156.0, 150.0, 153.0, 148.0, 153.0, 150.0, 160.0, 154.0, 158.0, 161.0, 150.0, 154.0, 152.0, 162.0, 148.0, 152.0, 154.0, 156.0, 148.0], "timestamps": [1526388714.6022873, 1526388715.0013137, 1526388715.2081962, 1526388715.4332626, 1526388715.6468318, 1526388715.8571794, 1526388716.0752323, 1526388716.2991266, 1526388716.461164, 1526388716.6189892, 1526388716.8705373, 1526388717.0253968, 1526388717.2533314, 1526388717.4316072, 1526388717.6792243, 1526388717.887432, 1526388718.0856545, 1526388718.2961264, 1526388718.485082, 1526388718.700036, 1526388718.9100738, 1526388719.0976825, 1526388719.3801248, 1526388719.5596747, 1526388719.764599, 1526388719.9801238, 1526388720.1754217, 1526388720.3584108, 1526388720.5355115, 1526388720.742243, 1526388720.946367, 1526388721.1715267, 1526388721.3568275, 1526388721.5338209, 1526388721.7788305, 1526388722.0665174, 1526388722.3044257, 1526388722.5115914, 1526388722.7338853, 1526388722.943429, 1526388723.1652405, 1526388723.333532, 1526388723.5422506, 1526388723.728344, 1526388723.8948016, 1526388724.0676672, 1526388724.319599, 1526388724.5260181, 1526388724.7421055, 1526388724.9932852, 1526388725.2009027, 1526388725.5068161, 1526388725.6694438, 1526388725.9007635, 1526388726.0901492, 1526388726.3408253, 1526388726.5231025, 1526388726.6711185, 1526388726.8994253, 1526388727.1413097, 1526388727.2915363, 1526388727.5309653, 1526388727.765258, 1526388727.9781747, 1526388728.1584525, 1526388728.3487325, 1526388728.6377082, 1526388728.910336, 1526388729.1309378, 1526388729.3479788, 1526388729.5339415, 1526388729.7541761, 1526388729.9349017, 1526388730.1644235, 1526388730.3648374, 1526388730.5555208, 1526388730.7559254, 1526388730.9283116, 1526388731.1119137, 1526388731.286479, 1526388731.4556966, 1526388731.6774619, 1526388731.8692453, 1526388732.0484135, 1526388732.2289855, 1526388732.4628909, 1526388732.669003, 1526388732.8996549, 1526388733.0912876, 1526388733.292139, 1526388733.5009189, 1526388733.692166, 1526388733.925974, 1526388734.0749195, 1526388734.2611809, 1526388734.4492495, 1526388734.6308455, 1526388734.8460732, 1526388735.0341735, 1526388735.2775137], "episode_lengths": [153, 143, 152, 159, 153, 151, 152, 153, 150, 152, 159, 150, 150, 152, 158, 160, 152, 160, 154, 155, 156, 153, 148, 158, 152, 153, 156, 153, 160, 152, 160, 149, 157, 157, 146, 154, 157, 146, 161, 150, 151, 152, 149, 154, 154, 149, 158, 158, 154, 154, 155, 159, 149, 160, 160, 159, 154, 153, 158, 164, 149, 151, 159, 155, 152, 150, 152, 147, 150, 160, 162, 165, 159, 148, 160, 152, 157, 146, 163, 150, 155, 156, 150, 153, 148, 153, 150, 160, 154, 158, 161, 150, 154, 152, 162, 148, 152, 154, 156, 148], "initial_reset_timestamp": 1526388710.859539, "episode_types": ["t", "t", "t", "t", "t", "t", "t", "t", "t", "t", "t", "t", "t", "t", "t", "t", "t", "t", "t", "t", "t", "t", "t", "t", "t", "t", "t", "t", "t", "t", "t", "t", "t", "t", "t", "t", "t", "t", "t", "t", "t", "t", "t", "t", "t", "t", "t", "t", "t", "t", "t", "t", "t", "t", "t", "t", "t", "t", "t", "t", "t", "t", "t", "t", "t", "t", "t", "t", "t", "t", "t", "t", "t", "t", "t", "t", "t", "t", "t", "t", "t", "t", "t", "t", "t", "t", "t", "t", "t", "t", "t", "t", "t", "t", "t", "t", "t", "t", "t", "t"]}