{"episode_rewards": [142.0, 141.0, 146.0, 140.0, 145.0, 148.0, 149.0, 134.0, 151.0, 145.0, 144.0, 146.0, 147.0, 145.0, 148.0, 145.0, 147.0, 144.0, 137.0, 142.0, 156.0, 148.0, 148.0, 140.0, 147.0, 150.0, 145.0, 153.0, 146.0, 141.0, 149.0, 145.0, 139.0, 153.0, 140.0, 144.0, 139.0, 149.0, 146.0, 146.0, 148.0, 145.0, 140.0, 137.0, 150.0, 141.0, 139.0, 135.0, 153.0, 134.0, 147.0, 142.0, 140.0, 133.0, 141.0, 145.0, 139.0, 141.0, 138.0, 132.0, 135.0, 140.0, 135.0, 151.0, 150.0, 145.0, 140.0, 149.0, 141.0, 144.0, 139.0, 142.0, 138.0, 148.0, 137.0, 149.0, 146.0, 154.0, 147.0, 137.0, 139.0, 146.0, 134.0, 144.0, 141.0, 145.0, 144.0, 151.0, 141.0, 141.0, 146.0, 136.0, 143.0, 142.0, 145.0, 150.0, 141.0, 143.0, 139.0, 140.0], "timestamps": [1526387155.4243057, 1526387156.0220313, 1526387156.333771, 1526387156.560852, 1526387156.8237464, 1526387157.0607994, 1526387157.3286433, 1526387157.5656464, 1526387157.834426, 1526387158.070739, 1526387158.4181228, 1526387158.6085296, 1526387158.8094363, 1526387158.9944093, 1526387159.1799953, 1526387159.3650095, 1526387159.6377482, 1526387159.7982306, 1526387159.9346852, 1526387160.0899637, 1526387160.2958734, 1526387160.4449158, 1526387160.6120148, 1526387160.7564168, 1526387160.911938, 1526387161.073077, 1526387161.2585642, 1526387161.4125357, 1526387161.5688057, 1526387161.7180402, 1526387161.8644624, 1526387162.006662, 1526387162.2162735, 1526387162.3807364, 1526387162.5387976, 1526387162.7140312, 1526387162.8784218, 1526387163.0693512, 1526387163.343671, 1526387163.5235415, 1526387163.8624923, 1526387164.0201595, 1526387164.209781, 1526387164.4128106, 1526387164.6219501, 1526387164.7937894, 1526387164.9846675, 1526387165.1825128, 1526387165.3365824, 1526387165.5446475, 1526387165.7135534, 1526387165.858011, 1526387166.004226, 1526387166.1751287, 1526387166.393593, 1526387166.6255748, 1526387166.7755103, 1526387166.9402704, 1526387167.07648, 1526387167.2406058, 1526387167.4003263, 1526387167.5723383, 1526387167.7196653, 1526387167.917852, 1526387168.0923545, 1526387168.3070338, 1526387168.462382, 1526387168.6271026, 1526387168.8160946, 1526387169.031037, 1526387169.246781, 1526387169.4487467, 1526387169.628659, 1526387169.9203725, 1526387170.1047955, 1526387170.5752413, 1526387170.7763884, 1526387171.0453842, 1526387171.2459252, 1526387171.530868, 1526387171.7333891, 1526387171.8974671, 1526387172.1103387, 1526387172.4516227, 1526387172.6500356, 1526387172.9703455, 1526387173.2460706, 1526387173.445026, 1526387173.6572974, 1526387173.8913577, 1526387174.1214266, 1526387174.327323, 1526387174.4890196, 1526387174.685828, 1526387174.8615365, 1526387175.0828493, 1526387175.4185708, 1526387175.6856976, 1526387175.9203587, 1526387176.0980904], "episode_lengths": [142, 141, 146, 140, 145, 148, 149, 134, 151, 145, 144, 146, 147, 145, 148, 145, 147, 144, 137, 142, 156, 148, 148, 140, 147, 150, 145, 153, 146, 141, 149, 145, 139, 153, 140, 144, 139, 149, 146, 146, 148, 145, 140, 137, 150, 141, 139, 135, 153, 134, 147, 142, 140, 133, 141, 145, 139, 141, 138, 132, 135, 140, 135, 151, 150, 145, 140, 149, 141, 144, 139, 142, 138, 148, 137, 149, 146, 154, 147, 137, 139, 146, 134, 144, 141, 145, 144, 151, 141, 141, 146, 136, 143, 142, 145, 150, 141, 143, 139, 140], "initial_reset_timestamp": 1526387151.1364996, "episode_types": ["t", "t", "t", "t", "t", "t", "t", "t", "t", "t", "t", "t", "t", "t", "t", "t", "t", "t", "t", "t", "t", "t", "t", "t", "t", "t", "t", "t", "t", "t", "t", "t", "t", "t", "t", "t", "t", "t", "t", "t", "t", "t", "t", "t", "t", "t", "t", "t", "t", "t", "t", "t", "t", "t", "t", "t", "t", "t", "t", "t", "t", "t", "t", "t", "t", "t", "t", "t", "t", "t", "t", "t", "t", "t", "t", "t", "t", "t", "t", "t", "t", "t", "t", "t", "t", "t", "t", "t", "t", "t", "t", "t", "t", "t", "t", "t", "t", "t", "t", "t"]}