{"episode_rewards": [200.0, 182.0, 200.0, 200.0, 157.0, 161.0, 131.0, 200.0, 157.0, 116.0, 200.0, 193.0, 200.0, 129.0, 200.0, 131.0, 200.0, 178.0, 160.0, 200.0, 190.0, 162.0, 161.0, 200.0, 153.0, 110.0, 200.0, 200.0, 113.0, 181.0, 179.0, 178.0, 200.0, 123.0, 200.0, 200.0, 200.0, 200.0, 200.0, 124.0, 200.0, 137.0, 169.0, 200.0, 137.0, 180.0, 112.0, 132.0, 200.0, 101.0, 150.0, 200.0, 200.0, 200.0, 200.0, 125.0, 142.0, 110.0, 200.0, 125.0, 139.0, 185.0, 141.0, 151.0, 156.0, 155.0, 165.0, 170.0, 154.0, 160.0, 178.0, 200.0, 200.0, 151.0, 200.0, 167.0, 200.0, 162.0, 161.0, 175.0, 197.0, 200.0, 200.0, 200.0, 131.0, 200.0, 180.0, 200.0, 175.0, 172.0, 200.0, 188.0, 200.0, 200.0, 167.0, 200.0, 143.0, 153.0, 179.0, 200.0], "timestamps": [1526377910.9967067, 1526377911.4108546, 1526377911.6173089, 1526377911.819247, 1526377911.971619, 1526377912.175931, 1526377912.3010025, 1526377912.5059834, 1526377912.6710732, 1526377912.7863307, 1526377912.992928, 1526377913.2147832, 1526377913.4274936, 1526377913.560008, 1526377913.7828496, 1526377913.9242902, 1526377914.1793735, 1526377914.374301, 1526377914.5589595, 1526377914.7751188, 1526377914.982925, 1526377915.1608014, 1526377915.3512526, 1526377915.5490963, 1526377915.7456446, 1526377915.8573487, 1526377916.06393, 1526377916.275737, 1526377916.394986, 1526377916.6264331, 1526377916.8888683, 1526377917.0684648, 1526377917.2906241, 1526377917.4073274, 1526377917.6584878, 1526377917.8522165, 1526377918.0494518, 1526377918.2787914, 1526377918.4879024, 1526377918.615899, 1526377918.8186302, 1526377918.9608939, 1526377919.1483333, 1526377919.3642006, 1526377919.5081446, 1526377919.6964762, 1526377919.810167, 1526377919.9391255, 1526377920.19089, 1526377920.3056738, 1526377920.4639046, 1526377920.658678, 1526377920.9124966, 1526377921.1420078, 1526377921.3761036, 1526377921.5093622, 1526377921.6924958, 1526377921.8124533, 1526377922.049114, 1526377922.1998641, 1526377922.358149, 1526377922.5711524, 1526377922.7449214, 1526377922.9124813, 1526377923.081408, 1526377923.328982, 1526377923.509756, 1526377923.738588, 1526377923.9259531, 1526377924.1315186, 1526377924.3359845, 1526377924.5841365, 1526377924.8402894, 1526377925.0072548, 1526377925.2773654, 1526377925.480389, 1526377925.7348385, 1526377925.9434593, 1526377926.1714137, 1526377926.390988, 1526377926.6543994, 1526377926.9083478, 1526377927.178466, 1526377927.4424534, 1526377927.6159148, 1526377927.8728435, 1526377928.0790927, 1526377928.3420331, 1526377928.5618684, 1526377928.770366, 1526377929.0206206, 1526377929.2574692, 1526377929.5198624, 1526377929.7829144, 1526377929.9785984, 1526377930.2598286, 1526377930.4440975, 1526377930.648557, 1526377930.8931787, 1526377931.1656547], "episode_lengths": [200, 182, 200, 200, 157, 161, 131, 200, 157, 116, 200, 193, 200, 129, 200, 131, 200, 178, 160, 200, 190, 162, 161, 200, 153, 110, 200, 200, 113, 181, 179, 178, 200, 123, 200, 200, 200, 200, 200, 124, 200, 137, 169, 200, 137, 180, 112, 132, 200, 101, 150, 200, 200, 200, 200, 125, 142, 110, 200, 125, 139, 185, 141, 151, 156, 155, 165, 170, 154, 160, 178, 200, 200, 151, 200, 167, 200, 162, 161, 175, 197, 200, 200, 200, 131, 200, 180, 200, 175, 172, 200, 188, 200, 200, 167, 200, 143, 153, 179, 200], "initial_reset_timestamp": 1526377905.9287798, "episode_types": ["t", "t", "t", "t", "t", "t", "t", "t", "t", "t", "t", "t", "t", "t", "t", "t", "t", "t", "t", "t", "t", "t", "t", "t", "t", "t", "t", "t", "t", "t", "t", "t", "t", "t", "t", "t", "t", "t", "t", "t", "t", "t", "t", "t", "t", "t", "t", "t", "t", "t", "t", "t", "t", "t", "t", "t", "t", "t", "t", "t", "t", "t", "t", "t", "t", "t", "t", "t", "t", "t", "t", "t", "t", "t", "t", "t", "t", "t", "t", "t", "t", "t", "t", "t", "t", "t", "t", "t", "t", "t", "t", "t", "t", "t", "t", "t", "t", "t", "t", "t"]}