{"episode_rewards": [200.0, 200.0, 200.0, 200.0, 200.0, 200.0, 200.0, 200.0, 200.0, 200.0, 200.0, 200.0, 200.0, 200.0, 200.0, 200.0, 200.0, 200.0, 200.0, 200.0, 200.0, 200.0, 200.0, 200.0, 200.0, 200.0, 200.0, 200.0, 200.0, 200.0, 200.0, 200.0, 200.0, 200.0, 200.0, 200.0, 200.0, 200.0, 200.0, 200.0, 200.0, 200.0, 200.0, 200.0, 200.0, 200.0, 200.0, 200.0, 200.0, 200.0, 200.0, 200.0, 200.0, 200.0, 200.0, 200.0, 200.0, 200.0, 200.0, 200.0, 200.0, 200.0, 200.0, 200.0, 200.0, 200.0, 200.0, 200.0, 200.0, 200.0, 200.0, 200.0, 200.0, 200.0, 200.0, 200.0, 200.0, 200.0, 200.0, 200.0, 200.0, 200.0, 200.0, 200.0, 200.0, 200.0, 200.0, 200.0, 200.0, 200.0, 200.0, 200.0, 200.0, 200.0, 200.0, 200.0, 200.0, 200.0, 200.0, 200.0], "timestamps": [1526389096.2535975, 1526389096.6425905, 1526389096.855543, 1526389097.1163247, 1526389097.3435793, 1526389097.5356493, 1526389097.733749, 1526389097.954286, 1526389098.163109, 1526389098.3704112, 1526389098.5863397, 1526389098.7851417, 1526389099.0468748, 1526389099.2609942, 1526389099.5003846, 1526389099.7180452, 1526389099.9730198, 1526389100.1869867, 1526389100.412097, 1526389100.6463, 1526389100.8511837, 1526389101.0660095, 1526389101.2774625, 1526389101.5039177, 1526389101.7264967, 1526389101.9869561, 1526389102.2295973, 1526389102.4591289, 1526389102.6944587, 1526389102.9031227, 1526389103.1522114, 1526389103.3989315, 1526389103.6049035, 1526389103.8390257, 1526389104.0676248, 1526389104.2682645, 1526389104.489225, 1526389104.6832623, 1526389104.8947175, 1526389105.1236954, 1526389105.3679883, 1526389105.586078, 1526389105.80764, 1526389106.0874186, 1526389106.296877, 1526389106.5228703, 1526389106.724074, 1526389106.9742339, 1526389107.1851377, 1526389107.4123666, 1526389107.6493392, 1526389107.8535552, 1526389108.0760877, 1526389108.2820027, 1526389108.5110888, 1526389108.7034018, 1526389108.9311028, 1526389109.1687102, 1526389109.4152255, 1526389109.6285946, 1526389109.8516119, 1526389110.0978029, 1526389110.3101792, 1526389110.5382373, 1526389110.7382839, 1526389110.981335, 1526389111.2137446, 1526389111.434092, 1526389111.6558123, 1526389111.8574886, 1526389112.084798, 1526389112.3069172, 1526389112.530146, 1526389112.7291853, 1526389112.9784272, 1526389113.1779509, 1526389113.4255834, 1526389113.6606617, 1526389113.8593802, 1526389114.089278, 1526389114.2969253, 1526389114.5511622, 1526389114.772908, 1526389115.0131564, 1526389115.2351384, 1526389115.4642751, 1526389115.6950374, 1526389115.8971236, 1526389116.136538, 1526389116.3451884, 1526389116.5652733, 1526389116.7891426, 1526389117.0348644, 1526389117.2508628, 1526389117.4677024, 1526389117.6982913, 1526389117.914715, 1526389118.163918, 1526389118.3715482, 1526389118.593116], "episode_lengths": [200, 200, 200, 200, 200, 200, 200, 200, 200, 200, 200, 200, 200, 200, 200, 200, 200, 200, 200, 200, 200, 200, 200, 200, 200, 200, 200, 200, 200, 200, 200, 200, 200, 200, 200, 200, 200, 200, 200, 200, 200, 200, 200, 200, 200, 200, 200, 200, 200, 200, 200, 200, 200, 200, 200, 200, 200, 200, 200, 200, 200, 200, 200, 200, 200, 200, 200, 200, 200, 200, 200, 200, 200, 200, 200, 200, 200, 200, 200, 200, 200, 200, 200, 200, 200, 200, 200, 200, 200, 200, 200, 200, 200, 200, 200, 200, 200, 200, 200, 200], "initial_reset_timestamp": 1526389091.3043294, "episode_types": ["t", "t", "t", "t", "t", "t", "t", "t", "t", "t", "t", "t", "t", "t", "t", "t", "t", "t", "t", "t", "t", "t", "t", "t", "t", "t", "t", "t", "t", "t", "t", "t", "t", "t", "t", "t", "t", "t", "t", "t", "t", "t", "t", "t", "t", "t", "t", "t", "t", "t", "t", "t", "t", "t", "t", "t", "t", "t", "t", "t", "t", "t", "t", "t", "t", "t", "t", "t", "t", "t", "t", "t", "t", "t", "t", "t", "t", "t", "t", "t", "t", "t", "t", "t", "t", "t", "t", "t", "t", "t", "t", "t", "t", "t", "t", "t", "t", "t", "t", "t"]}