{"episode_rewards": [200.0, 200.0, 200.0, 200.0, 200.0, 200.0, 200.0, 200.0, 200.0, 200.0, 200.0, 200.0, 200.0, 200.0, 200.0, 200.0, 200.0, 200.0, 200.0, 200.0, 200.0, 200.0, 200.0, 200.0, 200.0, 200.0, 200.0, 200.0, 200.0, 200.0, 200.0, 200.0, 200.0, 200.0, 200.0, 200.0, 200.0, 200.0, 200.0, 200.0, 200.0, 200.0, 200.0, 200.0, 200.0, 200.0, 200.0, 200.0, 200.0, 200.0, 200.0, 200.0, 200.0, 200.0, 200.0, 200.0, 200.0, 200.0, 200.0, 200.0, 200.0, 200.0, 200.0, 200.0, 200.0, 200.0, 200.0, 200.0, 200.0, 200.0, 200.0, 200.0, 200.0, 200.0, 200.0, 200.0, 200.0, 200.0, 200.0, 200.0, 200.0, 200.0, 200.0, 200.0, 200.0, 200.0, 200.0, 200.0, 200.0, 200.0, 200.0, 200.0, 200.0, 200.0, 200.0, 200.0, 200.0, 200.0, 200.0, 200.0], "timestamps": [1526389315.7728925, 1526389315.933861, 1526389316.0103962, 1526389316.130402, 1526389316.2130291, 1526389316.290702, 1526389316.390535, 1526389316.4730463, 1526389316.5933785, 1526389316.6821392, 1526389316.7594073, 1526389316.8586745, 1526389316.939148, 1526389317.0160706, 1526389317.1075633, 1526389317.199805, 1526389317.2891953, 1526389317.4078712, 1526389317.5148246, 1526389317.606567, 1526389317.7102528, 1526389317.8010883, 1526389317.89799, 1526389317.986265, 1526389318.1020412, 1526389318.196777, 1526389318.3074956, 1526389318.4109287, 1526389318.5111136, 1526389318.6082602, 1526389318.7154348, 1526389318.819641, 1526389318.928682, 1526389319.030019, 1526389319.1620498, 1526389319.2793927, 1526389319.382008, 1526389319.4874568, 1526389319.5916572, 1526389319.7024775, 1526389319.8258817, 1526389319.945479, 1526389320.0569851, 1526389320.150475, 1526389320.2292202, 1526389320.3057652, 1526389320.4000232, 1526389320.497119, 1526389320.5800676, 1526389320.6717308, 1526389320.7540376, 1526389320.844943, 1526389320.9304075, 1526389321.007622, 1526389321.104474, 1526389321.1863787, 1526389321.2729642, 1526389321.359273, 1526389321.4505389, 1526389321.5278077, 1526389321.6108887, 1526389321.6964142, 1526389321.7726626, 1526389321.8607047, 1526389321.9465184, 1526389322.039201, 1526389322.1261249, 1526389322.2039132, 1526389322.2810526, 1526389322.3727512, 1526389322.4628935, 1526389322.5396523, 1526389322.6314778, 1526389322.720837, 1526389322.8116748, 1526389322.8961966, 1526389322.9730523, 1526389323.0636756, 1526389323.1595328, 1526389323.2774775, 1526389323.364276, 1526389323.4511735, 1526389323.5415666, 1526389323.625834, 1526389323.7054656, 1526389323.7975874, 1526389323.8931446, 1526389323.978036, 1526389324.0836036, 1526389324.1611364, 1526389324.2381227, 1526389324.3180254, 1526389324.4007378, 1526389324.4907942, 1526389324.586802, 1526389324.66464, 1526389324.7487993, 1526389324.834458, 1526389324.9131346, 1526389324.9903789], "episode_lengths": [200, 200, 200, 200, 200, 200, 200, 200, 200, 200, 200, 200, 200, 200, 200, 200, 200, 200, 200, 200, 200, 200, 200, 200, 200, 200, 200, 200, 200, 200, 200, 200, 200, 200, 200, 200, 200, 200, 200, 200, 200, 200, 200, 200, 200, 200, 200, 200, 200, 200, 200, 200, 200, 200, 200, 200, 200, 200, 200, 200, 200, 200, 200, 200, 200, 200, 200, 200, 200, 200, 200, 200, 200, 200, 200, 200, 200, 200, 200, 200, 200, 200, 200, 200, 200, 200, 200, 200, 200, 200, 200, 200, 200, 200, 200, 200, 200, 200, 200, 200], "initial_reset_timestamp": 1526389312.4080372, "episode_types": ["t", "t", "t", "t", "t", "t", "t", "t", "t", "t", "t", "t", "t", "t", "t", "t", "t", "t", "t", "t", "t", "t", "t", "t", "t", "t", "t", "t", "t", "t", "t", "t", "t", "t", "t", "t", "t", "t", "t", "t", "t", "t", "t", "t", "t", "t", "t", "t", "t", "t", "t", "t", "t", "t", "t", "t", "t", "t", "t", "t", "t", "t", "t", "t", "t", "t", "t", "t", "t", "t", "t", "t", "t", "t", "t", "t", "t", "t", "t", "t", "t", "t", "t", "t", "t", "t", "t", "t", "t", "t", "t", "t", "t", "t", "t", "t", "t", "t", "t", "t"]}