{"episode_rewards": [200.0, 161.0, 200.0, 178.0, 182.0, 192.0, 163.0, 191.0, 181.0, 200.0, 179.0, 176.0, 188.0, 194.0, 176.0, 181.0, 190.0, 200.0, 182.0, 199.0, 185.0, 193.0, 176.0, 191.0, 199.0, 193.0, 166.0, 171.0, 178.0, 190.0, 200.0, 174.0, 196.0, 199.0, 171.0, 170.0, 182.0, 184.0, 180.0, 184.0, 185.0, 198.0, 200.0, 195.0, 188.0, 200.0, 194.0, 200.0, 182.0, 159.0, 193.0, 200.0, 200.0, 200.0, 173.0, 200.0, 200.0, 191.0, 173.0, 182.0, 200.0, 189.0, 200.0, 197.0, 200.0, 188.0, 182.0, 200.0, 175.0, 168.0, 188.0, 193.0, 175.0, 190.0, 172.0, 173.0, 178.0, 192.0, 172.0, 192.0, 181.0, 178.0, 165.0, 173.0, 200.0, 168.0, 187.0, 181.0, 200.0, 188.0, 180.0, 181.0, 189.0, 200.0, 162.0, 200.0, 172.0, 197.0, 178.0, 200.0], "timestamps": [1526389397.5155642, 1526389397.8828406, 1526389398.124476, 1526389398.3119788, 1526389398.5249066, 1526389398.711234, 1526389398.8971803, 1526389399.0863008, 1526389399.2930071, 1526389399.5169957, 1526389399.7127976, 1526389399.9074535, 1526389400.1249754, 1526389400.331534, 1526389400.5200217, 1526389400.726613, 1526389400.955921, 1526389401.1888204, 1526389401.3946142, 1526389401.6110408, 1526389401.804732, 1526389402.015767, 1526389402.2160604, 1526389402.4196656, 1526389402.62033, 1526389402.814157, 1526389403.0124967, 1526389403.2197063, 1526389403.429352, 1526389403.6498172, 1526389403.874037, 1526389404.0551202, 1526389404.285991, 1526389404.5070772, 1526389404.6838233, 1526389404.871258, 1526389405.051659, 1526389405.2858098, 1526389405.474319, 1526389405.6821222, 1526389405.9072878, 1526389406.132547, 1526389406.3412845, 1526389406.5431237, 1526389406.7603693, 1526389406.9857, 1526389407.2123008, 1526389407.4524293, 1526389407.6398032, 1526389407.831134, 1526389408.0421882, 1526389408.2602353, 1526389408.5090075, 1526389408.7370462, 1526389408.9249623, 1526389409.1505542, 1526389409.3663886, 1526389409.5699618, 1526389409.7656999, 1526389409.9584181, 1526389410.1972501, 1526389410.3953128, 1526389410.6293604, 1526389410.8487902, 1526389411.0556803, 1526389411.2759995, 1526389411.48194, 1526389411.7070875, 1526389411.8949282, 1526389412.066829, 1526389412.2824683, 1526389412.500301, 1526389412.724071, 1526389412.9522028, 1526389413.14608, 1526389413.353487, 1526389413.5280993, 1526389413.7378497, 1526389413.9300475, 1526389414.1568692, 1526389414.371861, 1526389414.5763493, 1526389414.760179, 1526389414.9646077, 1526389415.1751552, 1526389415.368883, 1526389415.565859, 1526389415.758224, 1526389415.9741554, 1526389416.1965246, 1526389416.3939579, 1526389416.5867913, 1526389416.8140767, 1526389417.0465367, 1526389417.2462142, 1526389417.468146, 1526389417.6602466, 1526389417.872805, 1526389418.0584397, 1526389418.2881765], "episode_lengths": [200, 161, 200, 178, 182, 192, 163, 191, 181, 200, 179, 176, 188, 194, 176, 181, 190, 200, 182, 199, 185, 193, 176, 191, 199, 193, 166, 171, 178, 190, 200, 174, 196, 199, 171, 170, 182, 184, 180, 184, 185, 198, 200, 195, 188, 200, 194, 200, 182, 159, 193, 200, 200, 200, 173, 200, 200, 191, 173, 182, 200, 189, 200, 197, 200, 188, 182, 200, 175, 168, 188, 193, 175, 190, 172, 173, 178, 192, 172, 192, 181, 178, 165, 173, 200, 168, 187, 181, 200, 188, 180, 181, 189, 200, 162, 200, 172, 197, 178, 200], "initial_reset_timestamp": 1526389392.6092267, "episode_types": ["t", "t", "t", "t", "t", "t", "t", "t", "t", "t", "t", "t", "t", "t", "t", "t", "t", "t", "t", "t", "t", "t", "t", "t", "t", "t", "t", "t", "t", "t", "t", "t", "t", "t", "t", "t", "t", "t", "t", "t", "t", "t", "t", "t", "t", "t", "t", "t", "t", "t", "t", "t", "t", "t", "t", "t", "t", "t", "t", "t", "t", "t", "t", "t", "t", "t", "t", "t", "t", "t", "t", "t", "t", "t", "t", "t", "t", "t", "t", "t", "t", "t", "t", "t", "t", "t", "t", "t", "t", "t", "t", "t", "t", "t", "t", "t", "t", "t", "t", "t"]}