{"episode_rewards": [145.0, 110.0, 110.0, 150.0, 120.0, 200.0, 183.0, 107.0, 180.0, 78.0, 175.0, 153.0, 106.0, 106.0, 114.0, 138.0, 99.0, 103.0, 128.0, 94.0, 98.0, 87.0, 83.0, 128.0, 80.0, 122.0, 136.0, 91.0, 98.0, 98.0, 118.0, 102.0, 124.0, 125.0, 146.0, 102.0, 132.0, 200.0, 84.0, 98.0, 200.0, 96.0, 80.0, 160.0, 176.0, 82.0, 90.0, 126.0, 112.0, 108.0, 118.0, 121.0, 112.0, 112.0, 148.0, 94.0, 148.0, 108.0, 107.0, 125.0, 200.0, 107.0, 101.0, 126.0, 150.0, 92.0, 200.0, 82.0, 110.0, 95.0, 105.0, 142.0, 170.0, 128.0, 100.0, 90.0, 200.0, 118.0, 90.0, 88.0, 145.0, 200.0, 93.0, 102.0, 90.0, 130.0, 134.0, 98.0, 200.0, 91.0, 73.0, 197.0, 200.0, 110.0, 83.0, 194.0, 152.0, 113.0, 104.0, 200.0], "timestamps": [1526377802.305444, 1526377802.6343088, 1526377802.7413821, 1526377802.9026465, 1526377803.0218196, 1526377803.3161895, 1526377803.514972, 1526377803.6565819, 1526377803.8495653, 1526377803.9271808, 1526377804.1383076, 1526377804.288871, 1526377804.3931634, 1526377804.5197442, 1526377804.659105, 1526377804.7991068, 1526377804.9046183, 1526377805.0053995, 1526377805.150587, 1526377805.2544763, 1526377805.362632, 1526377805.4567568, 1526377805.5391388, 1526377805.6843994, 1526377805.7619226, 1526377805.879418, 1526377806.0169454, 1526377806.1428518, 1526377806.2387707, 1526377806.339185, 1526377806.4661531, 1526377806.5750074, 1526377806.7000732, 1526377806.8288574, 1526377806.9821243, 1526377807.1179414, 1526377807.2666533, 1526377807.493161, 1526377807.5778365, 1526377807.689192, 1526377807.9119186, 1526377808.015737, 1526377808.111988, 1526377808.276173, 1526377808.4785764, 1526377808.5667708, 1526377808.678903, 1526377808.8121622, 1526377808.926793, 1526377809.053623, 1526377809.1851237, 1526377809.3416753, 1526377809.4713397, 1526377809.5829875, 1526377809.740497, 1526377809.855782, 1526377810.0002928, 1526377810.1563864, 1526377810.2600935, 1526377810.3806894, 1526377810.59449, 1526377810.7019656, 1526377810.7984965, 1526377810.9303622, 1526377811.1013992, 1526377811.1981905, 1526377811.4321375, 1526377811.5174375, 1526377811.637596, 1526377811.7294555, 1526377811.8296359, 1526377811.9709506, 1526377812.2027256, 1526377812.3391666, 1526377812.459643, 1526377812.5554461, 1526377812.7625463, 1526377812.8900685, 1526377812.9771094, 1526377813.0830677, 1526377813.235121, 1526377813.4425929, 1526377813.5347893, 1526377813.6508694, 1526377813.7434509, 1526377813.8795588, 1526377814.0225139, 1526377814.137101, 1526377814.3295622, 1526377814.422544, 1526377814.5017796, 1526377814.707497, 1526377814.913184, 1526377815.0404367, 1526377815.1527195, 1526377815.3698797, 1526377815.5338297, 1526377815.6582656, 1526377815.7619205, 1526377815.9688463], "episode_lengths": [145, 110, 110, 150, 120, 200, 183, 107, 180, 78, 175, 153, 106, 106, 114, 138, 99, 103, 128, 94, 98, 87, 83, 128, 80, 122, 136, 91, 98, 98, 118, 102, 124, 125, 146, 102, 132, 200, 84, 98, 200, 96, 80, 160, 176, 82, 90, 126, 112, 108, 118, 121, 112, 112, 148, 94, 148, 108, 107, 125, 200, 107, 101, 126, 150, 92, 200, 82, 110, 95, 105, 142, 170, 128, 100, 90, 200, 118, 90, 88, 145, 200, 93, 102, 90, 130, 134, 98, 200, 91, 73, 197, 200, 110, 83, 194, 152, 113, 104, 200], "initial_reset_timestamp": 1526377798.5592978, "episode_types": ["t", "t", "t", "t", "t", "t", "t", "t", "t", "t", "t", "t", "t", "t", "t", "t", "t", "t", "t", "t", "t", "t", "t", "t", "t", "t", "t", "t", "t", "t", "t", "t", "t", "t", "t", "t", "t", "t", "t", "t", "t", "t", "t", "t", "t", "t", "t", "t", "t", "t", "t", "t", "t", "t", "t", "t", "t", "t", "t", "t", "t", "t", "t", "t", "t", "t", "t", "t", "t", "t", "t", "t", "t", "t", "t", "t", "t", "t", "t", "t", "t", "t", "t", "t", "t", "t", "t", "t", "t", "t", "t", "t", "t", "t", "t", "t", "t", "t", "t", "t"]}