{"episode_rewards": [200.0, 200.0, 200.0, 200.0, 200.0, 200.0, 200.0, 200.0, 200.0, 200.0, 200.0, 200.0, 200.0, 200.0, 200.0, 200.0, 200.0, 200.0, 200.0, 200.0, 200.0, 200.0, 200.0, 200.0, 200.0, 200.0, 200.0, 200.0, 200.0, 200.0, 200.0, 200.0, 200.0, 200.0, 200.0, 200.0, 200.0, 200.0, 200.0, 200.0, 200.0, 200.0, 200.0, 200.0, 200.0, 200.0, 200.0, 200.0, 200.0, 200.0, 200.0, 200.0, 200.0, 200.0, 200.0, 200.0, 200.0, 200.0, 200.0, 200.0, 200.0, 200.0, 200.0, 200.0, 200.0, 200.0, 200.0, 200.0, 200.0, 200.0, 200.0, 200.0, 200.0, 200.0, 200.0, 200.0, 200.0, 200.0, 200.0, 200.0, 200.0, 200.0, 200.0, 200.0, 200.0, 200.0, 200.0, 200.0, 200.0, 200.0, 200.0, 200.0, 200.0, 200.0, 200.0, 200.0, 200.0, 200.0, 200.0, 200.0], "timestamps": [1526382184.0127237, 1526382184.5518844, 1526382184.8766382, 1526382185.1539261, 1526382185.4262218, 1526382185.7111259, 1526382186.0254643, 1526382186.3127217, 1526382186.5992432, 1526382186.8761091, 1526382187.1453495, 1526382187.4222624, 1526382187.7077563, 1526382188.0052752, 1526382188.297873, 1526382188.5818403, 1526382188.8836358, 1526382189.178823, 1526382189.4559267, 1526382189.744914, 1526382190.026864, 1526382190.3205667, 1526382190.5885882, 1526382190.8545203, 1526382191.1567326, 1526382191.449717, 1526382191.7370803, 1526382192.0160596, 1526382192.3542528, 1526382192.6299632, 1526382192.908436, 1526382193.1869261, 1526382193.4735892, 1526382193.737499, 1526382194.0290232, 1526382194.3283954, 1526382194.6031291, 1526382194.8640802, 1526382195.1538727, 1526382195.4584246, 1526382195.7375388, 1526382196.044532, 1526382196.325822, 1526382196.6159134, 1526382196.9349759, 1526382197.2242002, 1526382197.5198488, 1526382197.7843988, 1526382198.0759332, 1526382198.3685997, 1526382198.6437027, 1526382198.936766, 1526382199.2255538, 1526382199.518061, 1526382199.7789817, 1526382200.091141, 1526382200.384765, 1526382200.6691995, 1526382200.9704003, 1526382201.2544808, 1526382201.5349512, 1526382201.7915154, 1526382202.104061, 1526382202.4066262, 1526382202.678805, 1526382202.9543025, 1526382203.2467391, 1526382203.5454814, 1526382203.8172495, 1526382204.0958784, 1526382204.385133, 1526382204.6640742, 1526382204.9586153, 1526382205.2448256, 1526382205.5418303, 1526382205.8131373, 1526382206.1138158, 1526382206.414498, 1526382206.7010548, 1526382206.995743, 1526382207.2716138, 1526382207.537903, 1526382207.7872071, 1526382208.0719655, 1526382208.3609016, 1526382208.6369002, 1526382208.9195716, 1526382209.2058742, 1526382209.5126035, 1526382209.776327, 1526382210.050997, 1526382210.341239, 1526382210.6842391, 1526382210.9932203, 1526382211.262777, 1526382211.5520506, 1526382211.828116, 1526382212.1287367, 1526382212.4101377, 1526382212.6919565], "episode_lengths": [200, 200, 200, 200, 200, 200, 200, 200, 200, 200, 200, 200, 200, 200, 200, 200, 200, 200, 200, 200, 200, 200, 200, 200, 200, 200, 200, 200, 200, 200, 200, 200, 200, 200, 200, 200, 200, 200, 200, 200, 200, 200, 200, 200, 200, 200, 200, 200, 200, 200, 200, 200, 200, 200, 200, 200, 200, 200, 200, 200, 200, 200, 200, 200, 200, 200, 200, 200, 200, 200, 200, 200, 200, 200, 200, 200, 200, 200, 200, 200, 200, 200, 200, 200, 200, 200, 200, 200, 200, 200, 200, 200, 200, 200, 200, 200, 200, 200, 200, 200], "initial_reset_timestamp": 1526382178.1040945, "episode_types": ["t", "t", "t", "t", "t", "t", "t", "t", "t", "t", "t", "t", "t", "t", "t", "t", "t", "t", "t", "t", "t", "t", "t", "t", "t", "t", "t", "t", "t", "t", "t", "t", "t", "t", "t", "t", "t", "t", "t", "t", "t", "t", "t", "t", "t", "t", "t", "t", "t", "t", "t", "t", "t", "t", "t", "t", "t", "t", "t", "t", "t", "t", "t", "t", "t", "t", "t", "t", "t", "t", "t", "t", "t", "t", "t", "t", "t", "t", "t", "t", "t", "t", "t", "t", "t", "t", "t", "t", "t", "t", "t", "t", "t", "t", "t", "t", "t", "t", "t", "t"]}