{"episode_rewards": [200.0, 200.0, 200.0, 200.0, 200.0, 200.0, 200.0, 200.0, 200.0, 200.0, 200.0, 200.0, 198.0, 200.0, 200.0, 200.0, 200.0, 200.0, 200.0, 200.0, 200.0, 200.0, 200.0, 200.0, 200.0, 200.0, 200.0, 200.0, 200.0, 200.0, 200.0, 200.0, 200.0, 200.0, 200.0, 200.0, 200.0, 200.0, 200.0, 200.0, 200.0, 200.0, 200.0, 200.0, 200.0, 200.0, 200.0, 200.0, 200.0, 200.0, 200.0, 200.0, 200.0, 200.0, 200.0, 200.0, 200.0, 200.0, 200.0, 200.0, 200.0, 200.0, 200.0, 200.0, 200.0, 200.0, 200.0, 200.0, 200.0, 200.0, 200.0, 200.0, 200.0, 200.0, 200.0, 200.0, 200.0, 200.0, 200.0, 200.0, 200.0, 200.0, 200.0, 200.0, 200.0, 200.0, 200.0, 200.0, 200.0, 200.0, 200.0, 200.0, 200.0, 200.0, 200.0, 200.0, 200.0, 200.0, 200.0, 200.0], "timestamps": [1526383099.6767998, 1526383100.1773264, 1526383100.6205199, 1526383100.9958057, 1526383101.2907078, 1526383101.5737782, 1526383101.822221, 1526383102.1102488, 1526383102.359091, 1526383102.6426966, 1526383102.901761, 1526383103.1935542, 1526383103.4327726, 1526383103.6856463, 1526383103.975853, 1526383104.2540638, 1526383104.5010684, 1526383104.7991407, 1526383105.0865583, 1526383105.3431277, 1526383105.5822465, 1526383105.8089237, 1526383106.0815678, 1526383106.3265233, 1526383106.5978458, 1526383106.8645754, 1526383107.151319, 1526383107.4561968, 1526383107.790559, 1526383108.0855465, 1526383108.3287327, 1526383108.576334, 1526383108.8313015, 1526383109.1343699, 1526383109.3735754, 1526383109.6356995, 1526383109.889241, 1526383110.1515324, 1526383110.384509, 1526383110.6539106, 1526383110.8919725, 1526383111.1840036, 1526383111.4585223, 1526383111.765845, 1526383112.0643706, 1526383112.2952619, 1526383112.5212364, 1526383112.7680032, 1526383113.0368717, 1526383113.2898252, 1526383113.5626123, 1526383113.820438, 1526383114.1045668, 1526383114.3592577, 1526383114.6067657, 1526383114.8765125, 1526383115.1399963, 1526383115.3902745, 1526383115.6618552, 1526383115.906006, 1526383116.2125623, 1526383116.4496915, 1526383116.680332, 1526383116.9923275, 1526383117.2389045, 1526383117.5437584, 1526383117.8113177, 1526383118.0955184, 1526383118.33628, 1526383118.5807908, 1526383118.8301573, 1526383119.1093357, 1526383119.373586, 1526383119.626875, 1526383119.8865676, 1526383120.176377, 1526383120.4162579, 1526383120.692201, 1526383120.948517, 1526383121.2328203, 1526383121.4760814, 1526383121.7415016, 1526383122.0157592, 1526383122.2881439, 1526383122.5744646, 1526383122.8194792, 1526383123.0926673, 1526383123.3536632, 1526383123.594851, 1526383123.8258615, 1526383124.1136706, 1526383124.364406, 1526383124.6020017, 1526383124.8539705, 1526383125.1509213, 1526383125.413812, 1526383125.6413236, 1526383125.884459, 1526383126.1266835, 1526383126.3665576], "episode_lengths": [200, 200, 200, 200, 200, 200, 200, 200, 200, 200, 200, 200, 198, 200, 200, 200, 200, 200, 200, 200, 200, 200, 200, 200, 200, 200, 200, 200, 200, 200, 200, 200, 200, 200, 200, 200, 200, 200, 200, 200, 200, 200, 200, 200, 200, 200, 200, 200, 200, 200, 200, 200, 200, 200, 200, 200, 200, 200, 200, 200, 200, 200, 200, 200, 200, 200, 200, 200, 200, 200, 200, 200, 200, 200, 200, 200, 200, 200, 200, 200, 200, 200, 200, 200, 200, 200, 200, 200, 200, 200, 200, 200, 200, 200, 200, 200, 200, 200, 200, 200], "initial_reset_timestamp": 1526383093.3803132, "episode_types": ["t", "t", "t", "t", "t", "t", "t", "t", "t", "t", "t", "t", "t", "t", "t", "t", "t", "t", "t", "t", "t", "t", "t", "t", "t", "t", "t", "t", "t", "t", "t", "t", "t", "t", "t", "t", "t", "t", "t", "t", "t", "t", "t", "t", "t", "t", "t", "t", "t", "t", "t", "t", "t", "t", "t", "t", "t", "t", "t", "t", "t", "t", "t", "t", "t", "t", "t", "t", "t", "t", "t", "t", "t", "t", "t", "t", "t", "t", "t", "t", "t", "t", "t", "t", "t", "t", "t", "t", "t", "t", "t", "t", "t", "t", "t", "t", "t", "t", "t", "t"]}