{"episode_rewards": [193.0, 198.0, 192.0, 198.0, 188.0, 200.0, 195.0, 200.0, 200.0, 200.0, 196.0, 200.0, 185.0, 200.0, 200.0, 186.0, 180.0, 196.0, 187.0, 200.0, 189.0, 197.0, 181.0, 191.0, 200.0, 200.0, 200.0, 197.0, 200.0, 190.0, 198.0, 191.0, 189.0, 200.0, 199.0, 200.0, 196.0, 197.0, 200.0, 192.0, 200.0, 200.0, 200.0, 192.0, 184.0, 200.0, 200.0, 200.0, 200.0, 200.0, 187.0, 200.0, 192.0, 196.0, 200.0, 200.0, 200.0, 181.0, 200.0, 191.0, 178.0, 200.0, 189.0, 200.0, 187.0, 197.0, 199.0, 194.0, 182.0, 199.0, 183.0, 200.0, 200.0, 200.0, 199.0, 182.0, 199.0, 187.0, 200.0, 198.0, 200.0, 197.0, 200.0, 200.0, 200.0, 200.0, 182.0, 190.0, 192.0, 195.0, 200.0, 200.0, 200.0, 200.0, 200.0, 198.0, 200.0, 200.0, 200.0, 189.0], "timestamps": [1526388464.2770205, 1526388464.7111459, 1526388464.908383, 1526388465.1098652, 1526388465.3015885, 1526388465.5078878, 1526388465.7610078, 1526388465.9542394, 1526388466.1617498, 1526388466.382731, 1526388466.622264, 1526388466.8285306, 1526388467.0087345, 1526388467.2394204, 1526388467.4682171, 1526388467.698602, 1526388467.9088633, 1526388468.144094, 1526388468.3378677, 1526388468.5550988, 1526388468.7632902, 1526388468.9622507, 1526388469.151083, 1526388469.3352337, 1526388469.533079, 1526388469.7585566, 1526388469.978341, 1526388470.1868513, 1526388470.3844912, 1526388470.606612, 1526388470.8104534, 1526388471.030809, 1526388471.2192092, 1526388471.4300313, 1526388471.6692448, 1526388471.87323, 1526388472.0815175, 1526388472.2896469, 1526388472.4864902, 1526388472.7139928, 1526388472.9163027, 1526388473.1569903, 1526388473.3713024, 1526388473.5985913, 1526388473.7841418, 1526388473.9791453, 1526388474.1935287, 1526388474.4055665, 1526388474.6133301, 1526388474.8286483, 1526388475.0370202, 1526388475.2632878, 1526388475.4487486, 1526388475.70167, 1526388475.9074516, 1526388476.1122406, 1526388476.3367581, 1526388476.5162704, 1526388476.8259826, 1526388477.0229392, 1526388477.2083218, 1526388477.4205368, 1526388477.6459928, 1526388477.8516018, 1526388478.0640757, 1526388478.2821515, 1526388478.5014412, 1526388478.7465372, 1526388478.9427161, 1526388479.150705, 1526388479.3475516, 1526388479.564646, 1526388479.810097, 1526388480.033276, 1526388480.2593844, 1526388480.456376, 1526388480.6788332, 1526388480.8872304, 1526388481.1065946, 1526388481.301447, 1526388481.5304494, 1526388481.7591593, 1526388481.9631252, 1526388482.1862645, 1526388482.3956833, 1526388482.631161, 1526388482.8779554, 1526388483.0961223, 1526388483.3696332, 1526388483.5683763, 1526388483.7972143, 1526388484.0076773, 1526388484.224049, 1526388484.4397683, 1526388484.6790612, 1526388484.8958263, 1526388485.1176383, 1526388485.3226314, 1526388485.5268047, 1526388485.765726], "episode_lengths": [193, 198, 192, 198, 188, 200, 195, 200, 200, 200, 196, 200, 185, 200, 200, 186, 180, 196, 187, 200, 189, 197, 181, 191, 200, 200, 200, 197, 200, 190, 198, 191, 189, 200, 199, 200, 196, 197, 200, 192, 200, 200, 200, 192, 184, 200, 200, 200, 200, 200, 187, 200, 192, 196, 200, 200, 200, 181, 200, 191, 178, 200, 189, 200, 187, 197, 199, 194, 182, 199, 183, 200, 200, 200, 199, 182, 199, 187, 200, 198, 200, 197, 200, 200, 200, 200, 182, 190, 192, 195, 200, 200, 200, 200, 200, 198, 200, 200, 200, 189], "initial_reset_timestamp": 1526388459.5520587, "episode_types": ["t", "t", "t", "t", "t", "t", "t", "t", "t", "t", "t", "t", "t", "t", "t", "t", "t", "t", "t", "t", "t", "t", "t", "t", "t", "t", "t", "t", "t", "t", "t", "t", "t", "t", "t", "t", "t", "t", "t", "t", "t", "t", "t", "t", "t", "t", "t", "t", "t", "t", "t", "t", "t", "t", "t", "t", "t", "t", "t", "t", "t", "t", "t", "t", "t", "t", "t", "t", "t", "t", "t", "t", "t", "t", "t", "t", "t", "t", "t", "t", "t", "t", "t", "t", "t", "t", "t", "t", "t", "t", "t", "t", "t", "t", "t", "t", "t", "t", "t", "t"]}