{"episode_rewards": [200.0, 200.0, 200.0, 200.0, 200.0, 200.0, 200.0, 200.0, 200.0, 200.0, 200.0, 200.0, 200.0, 200.0, 200.0, 200.0, 200.0, 200.0, 200.0, 200.0, 200.0, 200.0, 200.0, 200.0, 200.0, 200.0, 200.0, 200.0, 200.0, 200.0, 200.0, 200.0, 200.0, 200.0, 200.0, 200.0, 200.0, 200.0, 200.0, 200.0, 200.0, 200.0, 200.0, 200.0, 200.0, 200.0, 200.0, 200.0, 200.0, 200.0, 200.0, 200.0, 200.0, 200.0, 200.0, 200.0, 200.0, 200.0, 200.0, 200.0, 200.0, 200.0, 200.0, 200.0, 200.0, 200.0, 200.0, 200.0, 200.0, 200.0, 200.0, 200.0, 200.0, 200.0, 200.0, 200.0, 200.0, 200.0, 200.0, 200.0, 200.0, 200.0, 200.0, 200.0, 200.0, 200.0, 200.0, 200.0, 200.0, 200.0, 200.0, 200.0, 200.0, 200.0, 200.0, 200.0, 200.0, 200.0, 200.0, 200.0], "timestamps": [1526391165.8034143, 1526391166.2229111, 1526391166.4384012, 1526391166.6704524, 1526391166.889241, 1526391167.0989273, 1526391167.319778, 1526391167.5172408, 1526391167.7464697, 1526391167.966152, 1526391168.1812637, 1526391168.4073374, 1526391168.6189966, 1526391168.837159, 1526391169.0478358, 1526391169.2694438, 1526391169.483044, 1526391169.7019253, 1526391170.0216842, 1526391170.2547696, 1526391170.4962118, 1526391170.7631478, 1526391170.9842143, 1526391171.201925, 1526391171.4218998, 1526391171.6933904, 1526391171.97848, 1526391172.192877, 1526391172.4593158, 1526391172.675413, 1526391172.9056275, 1526391173.1661928, 1526391173.3757071, 1526391173.6088398, 1526391173.8590362, 1526391174.1032414, 1526391174.3077292, 1526391174.5197332, 1526391174.7469664, 1526391175.0075326, 1526391175.225158, 1526391175.4865382, 1526391175.742345, 1526391176.0800996, 1526391176.3887353, 1526391176.7305322, 1526391177.025199, 1526391177.4059794, 1526391177.6323185, 1526391177.8404024, 1526391178.074067, 1526391178.315828, 1526391178.5274177, 1526391178.8015428, 1526391179.0512483, 1526391179.2968946, 1526391179.5353994, 1526391179.735829, 1526391179.979243, 1526391180.2131848, 1526391180.457588, 1526391180.6776032, 1526391180.8919115, 1526391181.1373422, 1526391181.366576, 1526391181.6173918, 1526391181.9001374, 1526391182.1461744, 1526391182.3786743, 1526391182.5874724, 1526391182.779949, 1526391183.0194736, 1526391183.245183, 1526391183.491964, 1526391183.6869774, 1526391183.9106019, 1526391184.12608, 1526391184.3858778, 1526391184.6274104, 1526391184.8472302, 1526391185.0872397, 1526391185.332197, 1526391185.592615, 1526391185.8392084, 1526391186.0722375, 1526391186.2855413, 1526391186.5091443, 1526391186.7321982, 1526391186.9839137, 1526391187.2114348, 1526391187.4560378, 1526391187.6518023, 1526391187.886614, 1526391188.1461642, 1526391188.445791, 1526391188.684481, 1526391188.9107928, 1526391189.2231605, 1526391189.4441988, 1526391189.7951262], "episode_lengths": [200, 200, 200, 200, 200, 200, 200, 200, 200, 200, 200, 200, 200, 200, 200, 200, 200, 200, 200, 200, 200, 200, 200, 200, 200, 200, 200, 200, 200, 200, 200, 200, 200, 200, 200, 200, 200, 200, 200, 200, 200, 200, 200, 200, 200, 200, 200, 200, 200, 200, 200, 200, 200, 200, 200, 200, 200, 200, 200, 200, 200, 200, 200, 200, 200, 200, 200, 200, 200, 200, 200, 200, 200, 200, 200, 200, 200, 200, 200, 200, 200, 200, 200, 200, 200, 200, 200, 200, 200, 200, 200, 200, 200, 200, 200, 200, 200, 200, 200, 200], "initial_reset_timestamp": 1526391160.6770108, "episode_types": ["t", "t", "t", "t", "t", "t", "t", "t", "t", "t", "t", "t", "t", "t", "t", "t", "t", "t", "t", "t", "t", "t", "t", "t", "t", "t", "t", "t", "t", "t", "t", "t", "t", "t", "t", "t", "t", "t", "t", "t", "t", "t", "t", "t", "t", "t", "t", "t", "t", "t", "t", "t", "t", "t", "t", "t", "t", "t", "t", "t", "t", "t", "t", "t", "t", "t", "t", "t", "t", "t", "t", "t", "t", "t", "t", "t", "t", "t", "t", "t", "t", "t", "t", "t", "t", "t", "t", "t", "t", "t", "t", "t", "t", "t", "t", "t", "t", "t", "t", "t"]}