{"episode_rewards": [200.0, 200.0, 200.0, 200.0, 200.0, 200.0, 200.0, 200.0, 200.0, 200.0, 200.0, 200.0, 200.0, 200.0, 200.0, 200.0, 200.0, 200.0, 200.0, 200.0, 200.0, 200.0, 200.0, 200.0, 200.0, 200.0, 200.0, 200.0, 200.0, 200.0, 200.0, 200.0, 200.0, 200.0, 200.0, 200.0, 200.0, 200.0, 200.0, 200.0, 200.0, 200.0, 200.0, 200.0, 200.0, 200.0, 200.0, 200.0, 200.0, 200.0, 200.0, 200.0, 200.0, 200.0, 200.0, 200.0, 200.0, 200.0, 200.0, 200.0, 200.0, 200.0, 200.0, 200.0, 200.0, 200.0, 200.0, 200.0, 200.0, 200.0, 200.0, 200.0, 200.0, 200.0, 200.0, 200.0, 200.0, 200.0, 200.0, 200.0, 200.0, 200.0, 200.0, 200.0, 200.0, 200.0, 200.0, 200.0, 200.0, 200.0, 200.0, 200.0, 200.0, 200.0, 200.0, 200.0, 200.0, 200.0, 200.0, 200.0], "timestamps": [1526381242.7307158, 1526381243.2523153, 1526381243.5667033, 1526381243.8422997, 1526381244.1158412, 1526381244.3944478, 1526381244.703508, 1526381244.9786139, 1526381245.270809, 1526381245.5675342, 1526381245.84252, 1526381246.1342838, 1526381246.406978, 1526381246.7046206, 1526381247.0146253, 1526381247.2923732, 1526381247.6012104, 1526381247.9025724, 1526381248.1613388, 1526381248.4344215, 1526381248.7143745, 1526381248.9862714, 1526381249.265338, 1526381249.5511494, 1526381249.8267612, 1526381250.1096473, 1526381250.3730133, 1526381250.6694114, 1526381250.9623346, 1526381251.2720048, 1526381251.5705245, 1526381251.8432937, 1526381252.1004095, 1526381252.3832715, 1526381252.6829917, 1526381252.9832795, 1526381253.2839074, 1526381253.60634, 1526381253.9102116, 1526381254.2113621, 1526381254.5049088, 1526381254.7781243, 1526381255.058047, 1526381255.3254182, 1526381255.6041298, 1526381255.8741877, 1526381256.1526332, 1526381256.463412, 1526381256.740801, 1526381257.0299156, 1526381257.3038304, 1526381257.5982554, 1526381257.873737, 1526381258.162266, 1526381258.4431775, 1526381258.7435026, 1526381259.0287554, 1526381259.3177893, 1526381259.5973275, 1526381259.8580906, 1526381260.1481457, 1526381260.4277906, 1526381260.7378964, 1526381261.0227127, 1526381261.3068783, 1526381261.6117308, 1526381261.8949046, 1526381262.1663916, 1526381262.450918, 1526381262.7280128, 1526381263.0003262, 1526381263.287125, 1526381263.5705128, 1526381263.851796, 1526381264.1560185, 1526381264.445186, 1526381264.7469487, 1526381265.0425954, 1526381265.3296154, 1526381265.62141, 1526381265.894257, 1526381266.1681666, 1526381266.4947708, 1526381266.7794263, 1526381267.068878, 1526381267.3671224, 1526381267.6830983, 1526381267.9709585, 1526381268.268753, 1526381268.5920696, 1526381268.8848724, 1526381269.1414318, 1526381269.4286485, 1526381269.7406833, 1526381269.9983876, 1526381270.3104396, 1526381270.606108, 1526381270.899592, 1526381271.1907458, 1526381271.485527], "episode_lengths": [200, 200, 200, 200, 200, 200, 200, 200, 200, 200, 200, 200, 200, 200, 200, 200, 200, 200, 200, 200, 200, 200, 200, 200, 200, 200, 200, 200, 200, 200, 200, 200, 200, 200, 200, 200, 200, 200, 200, 200, 200, 200, 200, 200, 200, 200, 200, 200, 200, 200, 200, 200, 200, 200, 200, 200, 200, 200, 200, 200, 200, 200, 200, 200, 200, 200, 200, 200, 200, 200, 200, 200, 200, 200, 200, 200, 200, 200, 200, 200, 200, 200, 200, 200, 200, 200, 200, 200, 200, 200, 200, 200, 200, 200, 200, 200, 200, 200, 200, 200], "initial_reset_timestamp": 1526381236.9267528, "episode_types": ["t", "t", "t", "t", "t", "t", "t", "t", "t", "t", "t", "t", "t", "t", "t", "t", "t", "t", "t", "t", "t", "t", "t", "t", "t", "t", "t", "t", "t", "t", "t", "t", "t", "t", "t", "t", "t", "t", "t", "t", "t", "t", "t", "t", "t", "t", "t", "t", "t", "t", "t", "t", "t", "t", "t", "t", "t", "t", "t", "t", "t", "t", "t", "t", "t", "t", "t", "t", "t", "t", "t", "t", "t", "t", "t", "t", "t", "t", "t", "t", "t", "t", "t", "t", "t", "t", "t", "t", "t", "t", "t", "t", "t", "t", "t", "t", "t", "t", "t", "t"]}