{"episode_rewards": [200.0, 200.0, 200.0, 200.0, 200.0, 200.0, 200.0, 200.0, 200.0, 200.0, 200.0, 200.0, 200.0, 200.0, 200.0, 200.0, 200.0, 200.0, 200.0, 200.0, 200.0, 200.0, 200.0, 200.0, 200.0, 200.0, 200.0, 200.0, 200.0, 200.0, 200.0, 200.0, 200.0, 200.0, 200.0, 200.0, 200.0, 200.0, 200.0, 200.0, 200.0, 200.0, 200.0, 200.0, 200.0, 200.0, 200.0, 200.0, 200.0, 200.0, 200.0, 200.0, 200.0, 200.0, 200.0, 200.0, 200.0, 200.0, 200.0, 200.0, 200.0, 200.0, 200.0, 200.0, 200.0, 200.0, 200.0, 200.0, 200.0, 200.0, 200.0, 200.0, 200.0, 200.0, 200.0, 200.0, 200.0, 200.0, 200.0, 200.0, 200.0, 200.0, 200.0, 200.0, 200.0, 200.0, 200.0, 200.0, 200.0, 200.0, 200.0, 200.0, 200.0, 200.0, 200.0, 200.0, 200.0, 200.0, 200.0, 200.0], "timestamps": [1526387544.8694854, 1526387545.7592978, 1526387546.1598184, 1526387546.5756392, 1526387547.2078247, 1526387547.644147, 1526387548.229471, 1526387549.0800114, 1526387549.6699486, 1526387550.067037, 1526387550.5377564, 1526387550.9603333, 1526387551.4411407, 1526387551.9634323, 1526387552.3131285, 1526387552.5931265, 1526387552.8384616, 1526387553.0897083, 1526387553.3037233, 1526387553.527926, 1526387553.7389054, 1526387553.9489784, 1526387554.2569175, 1526387554.5460725, 1526387554.99209, 1526387555.5212493, 1526387555.927486, 1526387556.2632108, 1526387556.6302788, 1526387556.9645424, 1526387557.3499484, 1526387557.826815, 1526387558.30323, 1526387558.5998533, 1526387559.0535626, 1526387559.452004, 1526387559.8117676, 1526387560.1119206, 1526387560.3667057, 1526387560.6506183, 1526387560.9192805, 1526387561.2392783, 1526387561.721743, 1526387562.0901372, 1526387562.523998, 1526387562.999447, 1526387563.5120687, 1526387563.9765007, 1526387564.4899404, 1526387564.9696727, 1526387565.302394, 1526387565.8130355, 1526387566.2433972, 1526387566.7837343, 1526387567.2445848, 1526387567.6988237, 1526387568.185986, 1526387568.5710154, 1526387569.1989064, 1526387569.8302612, 1526387570.3883028, 1526387570.9678552, 1526387571.532929, 1526387571.8904436, 1526387572.1038258, 1526387572.3280125, 1526387572.554717, 1526387572.783289, 1526387572.9914691, 1526387573.2097197, 1526387573.4975286, 1526387573.7404656, 1526387573.9444666, 1526387574.166705, 1526387574.3598208, 1526387574.5527756, 1526387574.7851036, 1526387574.9964728, 1526387575.189784, 1526387575.4189792, 1526387575.6252322, 1526387575.880877, 1526387576.112808, 1526387576.3423142, 1526387576.5512366, 1526387576.7787418, 1526387576.9787529, 1526387577.1855757, 1526387577.4051967, 1526387577.6301095, 1526387577.8665686, 1526387578.1241171, 1526387578.441419, 1526387578.682815, 1526387578.911033, 1526387579.124174, 1526387579.3348048, 1526387579.5302768, 1526387579.7692273, 1526387579.9710712], "episode_lengths": [200, 200, 200, 200, 200, 200, 200, 200, 200, 200, 200, 200, 200, 200, 200, 200, 200, 200, 200, 200, 200, 200, 200, 200, 200, 200, 200, 200, 200, 200, 200, 200, 200, 200, 200, 200, 200, 200, 200, 200, 200, 200, 200, 200, 200, 200, 200, 200, 200, 200, 200, 200, 200, 200, 200, 200, 200, 200, 200, 200, 200, 200, 200, 200, 200, 200, 200, 200, 200, 200, 200, 200, 200, 200, 200, 200, 200, 200, 200, 200, 200, 200, 200, 200, 200, 200, 200, 200, 200, 200, 200, 200, 200, 200, 200, 200, 200, 200, 200, 200], "initial_reset_timestamp": 1526387537.128845, "episode_types": ["t", "t", "t", "t", "t", "t", "t", "t", "t", "t", "t", "t", "t", "t", "t", "t", "t", "t", "t", "t", "t", "t", "t", "t", "t", "t", "t", "t", "t", "t", "t", "t", "t", "t", "t", "t", "t", "t", "t", "t", "t", "t", "t", "t", "t", "t", "t", "t", "t", "t", "t", "t", "t", "t", "t", "t", "t", "t", "t", "t", "t", "t", "t", "t", "t", "t", "t", "t", "t", "t", "t", "t", "t", "t", "t", "t", "t", "t", "t", "t", "t", "t", "t", "t", "t", "t", "t", "t", "t", "t", "t", "t", "t", "t", "t", "t", "t", "t", "t", "t"]}