{"episode_rewards": [200.0, 200.0, 200.0, 200.0, 200.0, 200.0, 200.0, 200.0, 200.0, 200.0, 200.0, 200.0, 200.0, 200.0, 200.0, 200.0, 200.0, 200.0, 200.0, 200.0, 200.0, 200.0, 200.0, 200.0, 200.0, 200.0, 200.0, 200.0, 200.0, 200.0, 200.0, 200.0, 200.0, 200.0, 200.0, 200.0, 200.0, 200.0, 200.0, 200.0, 200.0, 200.0, 200.0, 200.0, 200.0, 200.0, 200.0, 200.0, 200.0, 200.0, 200.0, 200.0, 200.0, 200.0, 200.0, 200.0, 200.0, 200.0, 200.0, 200.0, 200.0, 200.0, 200.0, 200.0, 200.0, 200.0, 200.0, 200.0, 200.0, 200.0, 200.0, 200.0, 200.0, 200.0, 200.0, 200.0, 200.0, 200.0, 200.0, 200.0, 200.0, 200.0, 200.0, 200.0, 200.0, 200.0, 200.0, 200.0, 200.0, 200.0, 200.0, 200.0, 200.0, 200.0, 200.0, 200.0, 200.0, 200.0, 200.0, 200.0], "timestamps": [1526384084.8335025, 1526384085.3344636, 1526384085.6055286, 1526384085.867227, 1526384086.119828, 1526384086.4227462, 1526384086.665205, 1526384086.9404721, 1526384087.2130806, 1526384087.471113, 1526384087.7637599, 1526384088.0220008, 1526384088.2801526, 1526384088.5250638, 1526384088.7980251, 1526384089.0424817, 1526384089.3105671, 1526384089.5971406, 1526384089.857533, 1526384090.1058316, 1526384090.387098, 1526384090.624548, 1526384090.9105368, 1526384091.16436, 1526384091.4270432, 1526384091.690835, 1526384091.9437616, 1526384092.2341566, 1526384092.533065, 1526384092.8019662, 1526384093.046253, 1526384093.339527, 1526384093.593411, 1526384093.824325, 1526384094.0622597, 1526384094.346302, 1526384094.5918, 1526384094.8421369, 1526384095.0891662, 1526384095.335772, 1526384095.6225152, 1526384095.888512, 1526384096.1269176, 1526384096.4088638, 1526384096.6611447, 1526384096.8972793, 1526384097.1286216, 1526384097.4102614, 1526384097.66815, 1526384097.9281676, 1526384098.1608548, 1526384098.4493027, 1526384098.696843, 1526384098.959395, 1526384099.2457733, 1526384099.49915, 1526384099.7671156, 1526384100.053637, 1526384100.3323915, 1526384100.602217, 1526384100.8549182, 1526384101.0961332, 1526384101.3662386, 1526384101.6443017, 1526384101.8800325, 1526384102.137079, 1526384102.4706836, 1526384102.7222795, 1526384102.9517272, 1526384103.3061676, 1526384103.5612357, 1526384103.7881632, 1526384104.014818, 1526384104.3400156, 1526384104.5966833, 1526384104.865602, 1526384105.1104488, 1526384105.3763564, 1526384105.6153488, 1526384105.8761454, 1526384106.1105046, 1526384106.430777, 1526384106.6858494, 1526384106.9625056, 1526384107.2509172, 1526384107.5173702, 1526384107.8145123, 1526384108.043482, 1526384108.3054075, 1526384108.578169, 1526384108.8399723, 1526384109.0904784, 1526384109.3772721, 1526384109.610816, 1526384109.8658197, 1526384110.098181, 1526384110.3961809, 1526384110.664136, 1526384110.9641144, 1526384111.2659647], "episode_lengths": [200, 200, 200, 200, 200, 200, 200, 200, 200, 200, 200, 200, 200, 200, 200, 200, 200, 200, 200, 200, 200, 200, 200, 200, 200, 200, 200, 200, 200, 200, 200, 200, 200, 200, 200, 200, 200, 200, 200, 200, 200, 200, 200, 200, 200, 200, 200, 200, 200, 200, 200, 200, 200, 200, 200, 200, 200, 200, 200, 200, 200, 200, 200, 200, 200, 200, 200, 200, 200, 200, 200, 200, 200, 200, 200, 200, 200, 200, 200, 200, 200, 200, 200, 200, 200, 200, 200, 200, 200, 200, 200, 200, 200, 200, 200, 200, 200, 200, 200, 200], "initial_reset_timestamp": 1526384079.0954006, "episode_types": ["t", "t", "t", "t", "t", "t", "t", "t", "t", "t", "t", "t", "t", "t", "t", "t", "t", "t", "t", "t", "t", "t", "t", "t", "t", "t", "t", "t", "t", "t", "t", "t", "t", "t", "t", "t", "t", "t", "t", "t", "t", "t", "t", "t", "t", "t", "t", "t", "t", "t", "t", "t", "t", "t", "t", "t", "t", "t", "t", "t", "t", "t", "t", "t", "t", "t", "t", "t", "t", "t", "t", "t", "t", "t", "t", "t", "t", "t", "t", "t", "t", "t", "t", "t", "t", "t", "t", "t", "t", "t", "t", "t", "t", "t", "t", "t", "t", "t", "t", "t"]}