{"episode_rewards": [200.0, 200.0, 200.0, 200.0, 200.0, 200.0, 200.0, 200.0, 200.0, 200.0, 200.0, 200.0, 200.0, 200.0, 200.0, 200.0, 200.0, 200.0, 200.0, 200.0, 200.0, 200.0, 200.0, 200.0, 200.0, 200.0, 200.0, 200.0, 200.0, 200.0, 200.0, 200.0, 200.0, 200.0, 200.0, 200.0, 200.0, 200.0, 200.0, 200.0, 200.0, 200.0, 200.0, 200.0, 200.0, 200.0, 200.0, 200.0, 200.0, 200.0, 200.0, 200.0, 200.0, 200.0, 200.0, 200.0, 200.0, 200.0, 200.0, 200.0, 200.0, 200.0, 200.0, 200.0, 200.0, 200.0, 200.0, 200.0, 200.0, 200.0, 200.0, 200.0, 200.0, 200.0, 200.0, 200.0, 200.0, 200.0, 200.0, 200.0, 200.0, 200.0, 200.0, 200.0, 200.0, 200.0, 200.0, 200.0, 200.0, 200.0, 200.0, 200.0, 200.0, 200.0, 200.0, 200.0, 200.0, 200.0, 196.0, 200.0], "timestamps": [1526390311.8042407, 1526390312.351719, 1526390312.673476, 1526390312.9590392, 1526390313.2616413, 1526390313.590496, 1526390313.92912, 1526390314.2617426, 1526390314.5631094, 1526390314.9099016, 1526390315.2180405, 1526390315.5470273, 1526390315.8125818, 1526390316.0385365, 1526390316.3200245, 1526390316.5521657, 1526390316.8150425, 1526390317.0210679, 1526390317.2432384, 1526390317.4532006, 1526390317.6897297, 1526390317.9017725, 1526390318.1351912, 1526390318.353303, 1526390318.57524, 1526390318.7854967, 1526390318.988619, 1526390319.2368085, 1526390319.4816551, 1526390319.7445204, 1526390320.027026, 1526390320.2887661, 1526390320.5174823, 1526390320.7512407, 1526390320.9922647, 1526390321.3496466, 1526390321.649509, 1526390322.0166645, 1526390322.4195588, 1526390322.690442, 1526390323.0465336, 1526390323.3678243, 1526390323.6478133, 1526390323.8823686, 1526390324.1127546, 1526390324.3548417, 1526390324.5541754, 1526390324.7793484, 1526390324.99673, 1526390325.2539413, 1526390325.46326, 1526390325.673395, 1526390325.8907144, 1526390326.1456847, 1526390326.3668926, 1526390326.5830898, 1526390326.80987, 1526390327.0285022, 1526390327.293262, 1526390327.7582548, 1526390327.967399, 1526390328.294335, 1526390328.6108403, 1526390328.8440456, 1526390329.075935, 1526390329.3585315, 1526390329.5945544, 1526390329.8246722, 1526390330.0561922, 1526390330.3282168, 1526390330.5487652, 1526390330.7822614, 1526390331.0072622, 1526390331.26888, 1526390331.500569, 1526390331.8209143, 1526390332.080144, 1526390332.64063, 1526390333.1940212, 1526390333.8856347, 1526390334.257278, 1526390334.573901, 1526390334.8811653, 1526390335.218737, 1526390335.8654754, 1526390336.365365, 1526390336.9135282, 1526390337.3107152, 1526390337.660378, 1526390337.9821534, 1526390338.4450915, 1526390338.9555616, 1526390339.3629615, 1526390339.6843321, 1526390340.053878, 1526390340.456451, 1526390340.83568, 1526390341.3402002, 1526390341.7491145, 1526390342.2082114], "episode_lengths": [200, 200, 200, 200, 200, 200, 200, 200, 200, 200, 200, 200, 200, 200, 200, 200, 200, 200, 200, 200, 200, 200, 200, 200, 200, 200, 200, 200, 200, 200, 200, 200, 200, 200, 200, 200, 200, 200, 200, 200, 200, 200, 200, 200, 200, 200, 200, 200, 200, 200, 200, 200, 200, 200, 200, 200, 200, 200, 200, 200, 200, 200, 200, 200, 200, 200, 200, 200, 200, 200, 200, 200, 200, 200, 200, 200, 200, 200, 200, 200, 200, 200, 200, 200, 200, 200, 200, 200, 200, 200, 200, 200, 200, 200, 200, 200, 200, 200, 196, 200], "initial_reset_timestamp": 1526390305.7084098, "episode_types": ["t", "t", "t", "t", "t", "t", "t", "t", "t", "t", "t", "t", "t", "t", "t", "t", "t", "t", "t", "t", "t", "t", "t", "t", "t", "t", "t", "t", "t", "t", "t", "t", "t", "t", "t", "t", "t", "t", "t", "t", "t", "t", "t", "t", "t", "t", "t", "t", "t", "t", "t", "t", "t", "t", "t", "t", "t", "t", "t", "t", "t", "t", "t", "t", "t", "t", "t", "t", "t", "t", "t", "t", "t", "t", "t", "t", "t", "t", "t", "t", "t", "t", "t", "t", "t", "t", "t", "t", "t", "t", "t", "t", "t", "t", "t", "t", "t", "t", "t", "t"]}