{"episode_rewards": [200.0, 200.0, 200.0, 200.0, 200.0, 200.0, 200.0, 200.0, 200.0, 200.0, 200.0, 200.0, 200.0, 200.0, 200.0, 200.0, 200.0, 200.0, 200.0, 200.0, 200.0, 200.0, 200.0, 200.0, 200.0, 200.0, 200.0, 200.0, 200.0, 200.0, 200.0, 200.0, 200.0, 200.0, 200.0, 200.0, 200.0, 200.0, 200.0, 200.0, 200.0, 200.0, 200.0, 200.0, 200.0, 200.0, 200.0, 200.0, 200.0, 200.0, 200.0, 200.0, 200.0, 200.0, 200.0, 200.0, 200.0, 200.0, 200.0, 200.0, 200.0, 200.0, 200.0, 200.0, 200.0, 200.0, 200.0, 200.0, 200.0, 200.0, 200.0, 200.0, 200.0, 200.0, 200.0, 200.0, 200.0, 200.0, 200.0, 200.0, 200.0, 200.0, 200.0, 200.0, 200.0, 200.0, 200.0, 200.0, 200.0, 200.0, 200.0, 200.0, 200.0, 200.0, 200.0, 200.0, 200.0, 200.0, 200.0, 200.0], "timestamps": [1526384181.3732567, 1526384181.5548656, 1526384181.6525984, 1526384181.7330158, 1526384181.8193882, 1526384181.9054897, 1526384181.9920883, 1526384182.0743473, 1526384182.2147079, 1526384182.3092282, 1526384182.3972282, 1526384182.4791079, 1526384182.5654445, 1526384182.656408, 1526384182.7487507, 1526384182.8339503, 1526384182.919271, 1526384183.018953, 1526384183.1178548, 1526384183.2295632, 1526384183.3282921, 1526384183.4273431, 1526384183.511235, 1526384183.5927107, 1526384183.6835952, 1526384183.7923064, 1526384183.9053435, 1526384183.9961026, 1526384184.0962968, 1526384184.1972938, 1526384184.298812, 1526384184.3827043, 1526384184.4619477, 1526384184.5505772, 1526384184.6368535, 1526384184.7188416, 1526384184.8223755, 1526384184.9063773, 1526384184.9989927, 1526384185.0911582, 1526384185.174572, 1526384185.300168, 1526384185.4019446, 1526384185.4958913, 1526384185.5843008, 1526384185.6750405, 1526384185.7724066, 1526384185.8686967, 1526384185.9495833, 1526384186.0573776, 1526384186.164709, 1526384186.2751207, 1526384186.3664827, 1526384186.4509451, 1526384186.5409343, 1526384186.6289248, 1526384186.7267642, 1526384186.8186903, 1526384186.9114366, 1526384187.031528, 1526384187.1396344, 1526384187.2461498, 1526384187.3403435, 1526384187.422938, 1526384187.5181403, 1526384187.6051712, 1526384187.6996207, 1526384187.7930713, 1526384187.8791769, 1526384187.9911966, 1526384188.0834343, 1526384188.1935992, 1526384188.2938597, 1526384188.4006293, 1526384188.4994864, 1526384188.5839021, 1526384188.6778681, 1526384188.7997017, 1526384188.8880615, 1526384188.9793873, 1526384189.0727985, 1526384189.1686182, 1526384189.261655, 1526384189.3443358, 1526384189.4539156, 1526384189.535431, 1526384189.6193922, 1526384189.7125585, 1526384189.8001847, 1526384189.8911898, 1526384189.9909275, 1526384190.0766656, 1526384190.1693938, 1526384190.2861114, 1526384190.3730123, 1526384190.4692628, 1526384190.5536406, 1526384190.6485314, 1526384190.7549782, 1526384190.8618221], "episode_lengths": [200, 200, 200, 200, 200, 200, 200, 200, 200, 200, 200, 200, 200, 200, 200, 200, 200, 200, 200, 200, 200, 200, 200, 200, 200, 200, 200, 200, 200, 200, 200, 200, 200, 200, 200, 200, 200, 200, 200, 200, 200, 200, 200, 200, 200, 200, 200, 200, 200, 200, 200, 200, 200, 200, 200, 200, 200, 200, 200, 200, 200, 200, 200, 200, 200, 200, 200, 200, 200, 200, 200, 200, 200, 200, 200, 200, 200, 200, 200, 200, 200, 200, 200, 200, 200, 200, 200, 200, 200, 200, 200, 200, 200, 200, 200, 200, 200, 200, 200, 200], "initial_reset_timestamp": 1526384177.9969044, "episode_types": ["t", "t", "t", "t", "t", "t", "t", "t", "t", "t", "t", "t", "t", "t", "t", "t", "t", "t", "t", "t", "t", "t", "t", "t", "t", "t", "t", "t", "t", "t", "t", "t", "t", "t", "t", "t", "t", "t", "t", "t", "t", "t", "t", "t", "t", "t", "t", "t", "t", "t", "t", "t", "t", "t", "t", "t", "t", "t", "t", "t", "t", "t", "t", "t", "t", "t", "t", "t", "t", "t", "t", "t", "t", "t", "t", "t", "t", "t", "t", "t", "t", "t", "t", "t", "t", "t", "t", "t", "t", "t", "t", "t", "t", "t", "t", "t", "t", "t", "t", "t"]}