{"episode_rewards": [200.0, 200.0, 200.0, 200.0, 200.0, 200.0, 200.0, 200.0, 200.0, 200.0, 200.0, 200.0, 200.0, 200.0, 200.0, 200.0, 200.0, 200.0, 200.0, 200.0, 200.0, 200.0, 200.0, 200.0, 200.0, 200.0, 200.0, 200.0, 200.0, 200.0, 200.0, 200.0, 200.0, 200.0, 200.0, 200.0, 200.0, 200.0, 200.0, 200.0, 200.0, 200.0, 200.0, 200.0, 200.0, 200.0, 200.0, 200.0, 200.0, 200.0, 200.0, 200.0, 200.0, 200.0, 200.0, 200.0, 200.0, 200.0, 200.0, 200.0, 200.0, 200.0, 200.0, 200.0, 200.0, 200.0, 200.0, 200.0, 200.0, 200.0, 200.0, 200.0, 200.0, 200.0, 200.0, 200.0, 200.0, 200.0, 200.0, 200.0, 200.0, 200.0, 200.0, 200.0, 200.0, 200.0, 200.0, 200.0, 200.0, 200.0, 200.0, 200.0, 200.0, 200.0, 200.0, 200.0, 200.0, 200.0, 200.0, 200.0], "timestamps": [1526390755.757757, 1526390756.1725817, 1526390756.4963458, 1526390756.697259, 1526390756.8983526, 1526390757.0985215, 1526390757.2963414, 1526390757.6191459, 1526390757.8811638, 1526390758.1338444, 1526390758.4078598, 1526390758.6610532, 1526390758.9275432, 1526390759.2294893, 1526390759.5892935, 1526390759.8427982, 1526390760.1711297, 1526390760.4898467, 1526390760.789272, 1526390761.0433297, 1526390761.2731493, 1526390761.5215693, 1526390761.7613816, 1526390762.0184739, 1526390762.369695, 1526390762.66314, 1526390762.9368944, 1526390763.1525724, 1526390763.4159024, 1526390763.7576394, 1526390763.9787772, 1526390764.2748554, 1526390764.563801, 1526390764.766611, 1526390765.0074313, 1526390765.260182, 1526390765.5463617, 1526390765.7875123, 1526390766.048446, 1526390766.3678944, 1526390766.755453, 1526390767.0890899, 1526390767.3655548, 1526390767.6688206, 1526390767.9598575, 1526390768.1951864, 1526390768.4250245, 1526390768.697474, 1526390768.9305472, 1526390769.1821086, 1526390769.4177377, 1526390769.6700494, 1526390770.026904, 1526390770.2394977, 1526390770.5369022, 1526390770.7698784, 1526390771.0036862, 1526390771.3134558, 1526390771.5989194, 1526390771.868488, 1526390772.1673372, 1526390772.6072063, 1526390772.955546, 1526390773.3334916, 1526390773.6753366, 1526390774.0347345, 1526390774.265965, 1526390774.5644078, 1526390774.782922, 1526390775.008285, 1526390775.2220414, 1526390775.42626, 1526390775.6454782, 1526390775.8555634, 1526390776.106164, 1526390776.3291874, 1526390776.5821614, 1526390776.8020136, 1526390777.0477526, 1526390777.264971, 1526390777.6272197, 1526390777.9006531, 1526390778.1538355, 1526390778.3684494, 1526390778.6620548, 1526390778.8920228, 1526390779.2196531, 1526390779.4587238, 1526390779.6925678, 1526390779.9595468, 1526390780.2166162, 1526390780.4728045, 1526390780.6932588, 1526390780.8869886, 1526390781.1035802, 1526390781.339252, 1526390781.6126745, 1526390781.8295631, 1526390782.078887, 1526390782.3224382], "episode_lengths": [200, 200, 200, 200, 200, 200, 200, 200, 200, 200, 200, 200, 200, 200, 200, 200, 200, 200, 200, 200, 200, 200, 200, 200, 200, 200, 200, 200, 200, 200, 200, 200, 200, 200, 200, 200, 200, 200, 200, 200, 200, 200, 200, 200, 200, 200, 200, 200, 200, 200, 200, 200, 200, 200, 200, 200, 200, 200, 200, 200, 200, 200, 200, 200, 200, 200, 200, 200, 200, 200, 200, 200, 200, 200, 200, 200, 200, 200, 200, 200, 200, 200, 200, 200, 200, 200, 200, 200, 200, 200, 200, 200, 200, 200, 200, 200, 200, 200, 200, 200], "initial_reset_timestamp": 1526390749.6018813, "episode_types": ["t", "t", "t", "t", "t", "t", "t", "t", "t", "t", "t", "t", "t", "t", "t", "t", "t", "t", "t", "t", "t", "t", "t", "t", "t", "t", "t", "t", "t", "t", "t", "t", "t", "t", "t", "t", "t", "t", "t", "t", "t", "t", "t", "t", "t", "t", "t", "t", "t", "t", "t", "t", "t", "t", "t", "t", "t", "t", "t", "t", "t", "t", "t", "t", "t", "t", "t", "t", "t", "t", "t", "t", "t", "t", "t", "t", "t", "t", "t", "t", "t", "t", "t", "t", "t", "t", "t", "t", "t", "t", "t", "t", "t", "t", "t", "t", "t", "t", "t", "t"]}