{"episode_rewards": [200.0, 200.0, 200.0, 200.0, 200.0, 200.0, 200.0, 200.0, 200.0, 200.0, 200.0, 200.0, 200.0, 200.0, 200.0, 200.0, 200.0, 200.0, 200.0, 200.0, 200.0, 200.0, 200.0, 200.0, 200.0, 200.0, 200.0, 200.0, 200.0, 200.0, 200.0, 200.0, 200.0, 200.0, 200.0, 200.0, 200.0, 200.0, 200.0, 200.0, 200.0, 198.0, 200.0, 200.0, 200.0, 200.0, 200.0, 200.0, 200.0, 200.0, 200.0, 200.0, 200.0, 200.0, 200.0, 200.0, 200.0, 200.0, 200.0, 200.0, 200.0, 200.0, 200.0, 200.0, 200.0, 200.0, 200.0, 200.0, 200.0, 200.0, 200.0, 200.0, 200.0, 200.0, 200.0, 200.0, 200.0, 200.0, 200.0, 200.0, 200.0, 200.0, 200.0, 200.0, 200.0, 200.0, 200.0, 200.0, 200.0, 200.0, 200.0, 200.0, 200.0, 200.0, 200.0, 200.0, 200.0, 200.0, 200.0, 200.0], "timestamps": [1526380756.3006127, 1526380756.7557437, 1526380757.0635402, 1526380757.4112847, 1526380757.72599, 1526380758.0412767, 1526380758.3773317, 1526380758.6923156, 1526380758.98994, 1526380759.3299863, 1526380759.634516, 1526380759.966496, 1526380760.3026865, 1526380760.6183782, 1526380761.2717414, 1526380761.7085068, 1526380762.2729301, 1526380762.590524, 1526380762.904036, 1526380763.2311828, 1526380763.5648673, 1526380764.017248, 1526380764.3567784, 1526380764.6732552, 1526380765.001639, 1526380765.382558, 1526380765.7161906, 1526380766.097118, 1526380766.4759083, 1526380766.810323, 1526380767.2291322, 1526380767.5537987, 1526380767.8844302, 1526380768.254427, 1526380768.5594215, 1526380768.8813531, 1526380769.2429898, 1526380769.5356877, 1526380769.8532667, 1526380770.2507086, 1526380770.6069016, 1526380770.9290829, 1526380771.2425144, 1526380771.5457926, 1526380771.8416514, 1526380772.1480322, 1526380772.4218206, 1526380772.7177105, 1526380773.0899482, 1526380773.465165, 1526380773.782333, 1526380774.108477, 1526380774.429897, 1526380774.6911666, 1526380774.9842803, 1526380775.3616073, 1526380775.633393, 1526380775.9193914, 1526380776.2379599, 1526380776.5192788, 1526380776.8305447, 1526380777.1415734, 1526380777.5103133, 1526380777.8893309, 1526380778.3737023, 1526380778.7979796, 1526380779.246511, 1526380779.594796, 1526380779.9859717, 1526380780.4369922, 1526380780.8441317, 1526380781.325094, 1526380781.689215, 1526380782.0990038, 1526380782.5167894, 1526380782.9284744, 1526380783.3783803, 1526380783.744071, 1526380784.1735237, 1526380784.5472841, 1526380784.970587, 1526380785.4372115, 1526380785.7802587, 1526380786.083742, 1526380786.3870006, 1526380786.681856, 1526380786.990237, 1526380787.2938778, 1526380787.5830238, 1526380787.922972, 1526380788.332068, 1526380788.6502159, 1526380788.9428983, 1526380789.2527988, 1526380789.5504525, 1526380789.8385108, 1526380790.1013415, 1526380790.3789673, 1526380790.6364696, 1526380790.9372685], "episode_lengths": [200, 200, 200, 200, 200, 200, 200, 200, 200, 200, 200, 200, 200, 200, 200, 200, 200, 200, 200, 200, 200, 200, 200, 200, 200, 200, 200, 200, 200, 200, 200, 200, 200, 200, 200, 200, 200, 200, 200, 200, 200, 198, 200, 200, 200, 200, 200, 200, 200, 200, 200, 200, 200, 200, 200, 200, 200, 200, 200, 200, 200, 200, 200, 200, 200, 200, 200, 200, 200, 200, 200, 200, 200, 200, 200, 200, 200, 200, 200, 200, 200, 200, 200, 200, 200, 200, 200, 200, 200, 200, 200, 200, 200, 200, 200, 200, 200, 200, 200, 200], "initial_reset_timestamp": 1526380750.8164172, "episode_types": ["t", "t", "t", "t", "t", "t", "t", "t", "t", "t", "t", "t", "t", "t", "t", "t", "t", "t", "t", "t", "t", "t", "t", "t", "t", "t", "t", "t", "t", "t", "t", "t", "t", "t", "t", "t", "t", "t", "t", "t", "t", "t", "t", "t", "t", "t", "t", "t", "t", "t", "t", "t", "t", "t", "t", "t", "t", "t", "t", "t", "t", "t", "t", "t", "t", "t", "t", "t", "t", "t", "t", "t", "t", "t", "t", "t", "t", "t", "t", "t", "t", "t", "t", "t", "t", "t", "t", "t", "t", "t", "t", "t", "t", "t", "t", "t", "t", "t", "t", "t"]}