{"episode_rewards": [200.0, 200.0, 200.0, 200.0, 200.0, 200.0, 200.0, 200.0, 200.0, 200.0, 200.0, 200.0, 200.0, 200.0, 200.0, 200.0, 200.0, 200.0, 188.0, 200.0, 200.0, 200.0, 200.0, 200.0, 200.0, 200.0, 200.0, 200.0, 200.0, 200.0, 200.0, 196.0, 200.0, 200.0, 200.0, 200.0, 200.0, 200.0, 200.0, 200.0, 200.0, 200.0, 200.0, 200.0, 200.0, 200.0, 200.0, 200.0, 178.0, 200.0, 200.0, 200.0, 200.0, 200.0, 200.0, 200.0, 200.0, 200.0, 200.0, 200.0, 200.0, 200.0, 200.0, 200.0, 200.0, 200.0, 200.0, 184.0, 200.0, 200.0, 178.0, 200.0, 200.0, 200.0, 200.0, 200.0, 200.0, 200.0, 200.0, 200.0, 200.0, 200.0, 200.0, 199.0, 200.0, 200.0, 200.0, 200.0, 200.0, 200.0, 200.0, 200.0, 200.0, 200.0, 200.0, 200.0, 200.0, 200.0, 178.0, 200.0], "timestamps": [1526379204.2959332, 1526379204.8743937, 1526379205.1959357, 1526379205.481739, 1526379205.714366, 1526379205.9448352, 1526379206.166516, 1526379206.5332499, 1526379206.830506, 1526379207.132435, 1526379207.3603022, 1526379207.6773126, 1526379207.9544885, 1526379208.255228, 1526379208.4606082, 1526379208.692018, 1526379208.937493, 1526379209.3155878, 1526379209.5873597, 1526379209.8866215, 1526379210.1725206, 1526379210.4434617, 1526379210.6848063, 1526379210.9017935, 1526379211.1544712, 1526379211.3819883, 1526379211.6098862, 1526379211.8605027, 1526379212.125619, 1526379212.3953993, 1526379212.6888528, 1526379212.9624696, 1526379213.300458, 1526379213.580718, 1526379213.8844712, 1526379214.1039581, 1526379214.3792212, 1526379214.5744405, 1526379214.819014, 1526379215.0717103, 1526379215.328522, 1526379215.651377, 1526379215.9287505, 1526379216.2660627, 1526379216.479235, 1526379216.7206006, 1526379216.9372466, 1526379217.1604667, 1526379217.3782992, 1526379217.5837305, 1526379217.813954, 1526379218.013324, 1526379218.3101716, 1526379218.5994802, 1526379218.9112194, 1526379219.2658505, 1526379219.6250057, 1526379219.9322839, 1526379220.6409042, 1526379221.2262225, 1526379221.6286032, 1526379222.0877054, 1526379222.4909523, 1526379222.797711, 1526379223.1014397, 1526379223.4123871, 1526379223.6197164, 1526379223.9175022, 1526379224.4151902, 1526379224.912997, 1526379225.3524964, 1526379225.6911147, 1526379225.99319, 1526379226.3431304, 1526379226.7447193, 1526379227.176103, 1526379227.601694, 1526379228.0012712, 1526379228.363042, 1526379228.626522, 1526379228.9268, 1526379229.127295, 1526379229.407432, 1526379229.6204886, 1526379229.8553414, 1526379230.1152768, 1526379230.3537323, 1526379230.545144, 1526379230.7562118, 1526379230.9679146, 1526379231.1672487, 1526379231.4510927, 1526379231.7234383, 1526379231.966626, 1526379232.199582, 1526379232.4680345, 1526379232.73618, 1526379233.0420651, 1526379233.329162, 1526379233.6408017], "episode_lengths": [200, 200, 200, 200, 200, 200, 200, 200, 200, 200, 200, 200, 200, 200, 200, 200, 200, 200, 188, 200, 200, 200, 200, 200, 200, 200, 200, 200, 200, 200, 200, 196, 200, 200, 200, 200, 200, 200, 200, 200, 200, 200, 200, 200, 200, 200, 200, 200, 178, 200, 200, 200, 200, 200, 200, 200, 200, 200, 200, 200, 200, 200, 200, 200, 200, 200, 200, 184, 200, 200, 178, 200, 200, 200, 200, 200, 200, 200, 200, 200, 200, 200, 200, 199, 200, 200, 200, 200, 200, 200, 200, 200, 200, 200, 200, 200, 200, 200, 178, 200], "initial_reset_timestamp": 1526379199.1500928, "episode_types": ["t", "t", "t", "t", "t", "t", "t", "t", "t", "t", "t", "t", "t", "t", "t", "t", "t", "t", "t", "t", "t", "t", "t", "t", "t", "t", "t", "t", "t", "t", "t", "t", "t", "t", "t", "t", "t", "t", "t", "t", "t", "t", "t", "t", "t", "t", "t", "t", "t", "t", "t", "t", "t", "t", "t", "t", "t", "t", "t", "t", "t", "t", "t", "t", "t", "t", "t", "t", "t", "t", "t", "t", "t", "t", "t", "t", "t", "t", "t", "t", "t", "t", "t", "t", "t", "t", "t", "t", "t", "t", "t", "t", "t", "t", "t", "t", "t", "t", "t", "t"]}