{"episode_rewards": [200.0, 200.0, 200.0, 200.0, 200.0, 200.0, 200.0, 200.0, 200.0, 200.0, 200.0, 200.0, 200.0, 200.0, 200.0, 200.0, 200.0, 200.0, 200.0, 200.0, 200.0, 200.0, 200.0, 200.0, 200.0, 200.0, 200.0, 200.0, 200.0, 200.0, 200.0, 200.0, 200.0, 200.0, 200.0, 200.0, 200.0, 200.0, 200.0, 200.0, 200.0, 200.0, 200.0, 200.0, 200.0, 200.0, 200.0, 200.0, 200.0, 200.0, 200.0, 200.0, 200.0, 200.0, 200.0, 200.0, 200.0, 200.0, 200.0, 200.0, 200.0, 200.0, 200.0, 200.0, 200.0, 200.0, 200.0, 200.0, 200.0, 200.0, 200.0, 200.0, 200.0, 200.0, 200.0, 200.0, 200.0, 200.0, 200.0, 200.0, 200.0, 200.0, 200.0, 200.0, 200.0, 200.0, 200.0, 200.0, 200.0, 200.0, 200.0, 200.0, 200.0, 200.0, 200.0, 200.0, 200.0, 200.0, 200.0, 200.0], "timestamps": [1526382029.9376488, 1526382030.6249943, 1526382031.0283747, 1526382031.436574, 1526382031.887156, 1526382032.3005779, 1526382032.6450408, 1526382033.0316112, 1526382033.4204917, 1526382033.84281, 1526382034.2810855, 1526382034.6743462, 1526382035.1406841, 1526382035.5387118, 1526382035.973522, 1526382036.3916638, 1526382036.7646303, 1526382037.1889853, 1526382037.5605628, 1526382037.9401052, 1526382038.3450303, 1526382038.7174242, 1526382039.05497, 1526382039.3053968, 1526382039.5877013, 1526382040.01558, 1526382040.3140664, 1526382040.6274421, 1526382040.9232993, 1526382041.1904685, 1526382041.4682202, 1526382041.7643187, 1526382042.0783765, 1526382042.3690755, 1526382042.6356814, 1526382042.9518695, 1526382043.2392077, 1526382043.537137, 1526382043.8489823, 1526382044.1291244, 1526382044.4123564, 1526382044.692127, 1526382044.9934156, 1526382045.3025692, 1526382045.6026301, 1526382045.9230118, 1526382046.2099671, 1526382046.4681563, 1526382046.7302253, 1526382047.039988, 1526382047.3243358, 1526382047.5879593, 1526382047.8802812, 1526382048.165404, 1526382048.426809, 1526382048.70669, 1526382049.018409, 1526382049.3171318, 1526382049.5784564, 1526382049.8920417, 1526382050.1757283, 1526382050.4615257, 1526382050.7213235, 1526382051.024197, 1526382051.3273375, 1526382051.6041267, 1526382051.9156575, 1526382052.210692, 1526382052.5283601, 1526382052.8033164, 1526382053.1052608, 1526382053.3712568, 1526382053.633018, 1526382053.9484463, 1526382054.2281334, 1526382054.4959795, 1526382054.7839525, 1526382055.0831487, 1526382055.3832662, 1526382055.685506, 1526382055.9802158, 1526382056.261529, 1526382056.5441618, 1526382056.848066, 1526382057.129529, 1526382057.407375, 1526382057.6946778, 1526382058.0059, 1526382058.3181198, 1526382058.6244278, 1526382058.9301944, 1526382059.2037687, 1526382059.481802, 1526382059.757329, 1526382060.0560765, 1526382060.336457, 1526382060.6016269, 1526382060.9051144, 1526382061.2064297, 1526382061.5033143], "episode_lengths": [200, 200, 200, 200, 200, 200, 200, 200, 200, 200, 200, 200, 200, 200, 200, 200, 200, 200, 200, 200, 200, 200, 200, 200, 200, 200, 200, 200, 200, 200, 200, 200, 200, 200, 200, 200, 200, 200, 200, 200, 200, 200, 200, 200, 200, 200, 200, 200, 200, 200, 200, 200, 200, 200, 200, 200, 200, 200, 200, 200, 200, 200, 200, 200, 200, 200, 200, 200, 200, 200, 200, 200, 200, 200, 200, 200, 200, 200, 200, 200, 200, 200, 200, 200, 200, 200, 200, 200, 200, 200, 200, 200, 200, 200, 200, 200, 200, 200, 200, 200], "initial_reset_timestamp": 1526382024.1571734, "episode_types": ["t", "t", "t", "t", "t", "t", "t", "t", "t", "t", "t", "t", "t", "t", "t", "t", "t", "t", "t", "t", "t", "t", "t", "t", "t", "t", "t", "t", "t", "t", "t", "t", "t", "t", "t", "t", "t", "t", "t", "t", "t", "t", "t", "t", "t", "t", "t", "t", "t", "t", "t", "t", "t", "t", "t", "t", "t", "t", "t", "t", "t", "t", "t", "t", "t", "t", "t", "t", "t", "t", "t", "t", "t", "t", "t", "t", "t", "t", "t", "t", "t", "t", "t", "t", "t", "t", "t", "t", "t", "t", "t", "t", "t", "t", "t", "t", "t", "t", "t", "t"]}