{"episode_rewards": [200.0, 200.0, 200.0, 200.0, 200.0, 198.0, 200.0, 200.0, 200.0, 200.0, 200.0, 200.0, 200.0, 200.0, 200.0, 200.0, 200.0, 168.0, 200.0, 175.0, 200.0, 200.0, 200.0, 200.0, 200.0, 200.0, 182.0, 200.0, 200.0, 200.0, 200.0, 200.0, 193.0, 200.0, 191.0, 200.0, 200.0, 200.0, 195.0, 199.0, 200.0, 200.0, 200.0, 166.0, 200.0, 200.0, 200.0, 200.0, 200.0, 200.0, 200.0, 177.0, 200.0, 182.0, 185.0, 200.0, 200.0, 200.0, 200.0, 200.0, 200.0, 200.0, 200.0, 200.0, 165.0, 200.0, 200.0, 193.0, 200.0, 200.0, 200.0, 200.0, 200.0, 198.0, 200.0, 200.0, 192.0, 200.0, 200.0, 200.0, 200.0, 200.0, 200.0, 200.0, 200.0, 200.0, 200.0, 200.0, 200.0, 200.0, 200.0, 178.0, 200.0, 200.0, 200.0, 200.0, 200.0, 200.0, 200.0, 200.0], "timestamps": [1526378314.1307573, 1526378314.5426486, 1526378314.752967, 1526378314.9967458, 1526378315.196818, 1526378315.402168, 1526378315.6091788, 1526378315.817708, 1526378316.0429037, 1526378316.2618291, 1526378316.4643912, 1526378316.6805813, 1526378316.919587, 1526378317.152694, 1526378317.3727016, 1526378317.60129, 1526378317.8481102, 1526378318.0301454, 1526378318.2316768, 1526378318.4270995, 1526378318.627878, 1526378318.8730128, 1526378319.111374, 1526378319.3427117, 1526378319.5553663, 1526378319.7731962, 1526378319.9786587, 1526378320.2327437, 1526378320.4810362, 1526378320.749375, 1526378320.9802132, 1526378321.2273698, 1526378321.4476557, 1526378321.6518192, 1526378321.8724215, 1526378322.0907176, 1526378322.3035614, 1526378322.5040522, 1526378322.7114623, 1526378322.945031, 1526378323.1797903, 1526378323.396054, 1526378323.6070135, 1526378323.7919862, 1526378324.0166624, 1526378324.2271953, 1526378324.47554, 1526378324.6939166, 1526378324.923293, 1526378325.126739, 1526378325.3302274, 1526378325.5329745, 1526378325.740542, 1526378325.9380114, 1526378326.1165953, 1526378326.355511, 1526378326.5998487, 1526378326.8018305, 1526378327.0165415, 1526378327.216909, 1526378327.4541974, 1526378327.7817354, 1526378328.1090598, 1526378328.370738, 1526378328.5435681, 1526378328.762523, 1526378329.0086324, 1526378329.2005384, 1526378329.423032, 1526378329.6418045, 1526378329.8780394, 1526378330.0907621, 1526378330.3027592, 1526378330.5172312, 1526378330.723562, 1526378330.9567375, 1526378331.1725466, 1526378331.3916154, 1526378331.606441, 1526378331.8523285, 1526378332.0925734, 1526378332.3026521, 1526378332.5422878, 1526378332.776183, 1526378333.0383604, 1526378333.2588103, 1526378333.4808824, 1526378333.7077804, 1526378333.9432638, 1526378334.1552744, 1526378334.3713832, 1526378334.584928, 1526378334.7882907, 1526378335.0669324, 1526378335.287685, 1526378335.5047166, 1526378335.713472, 1526378335.9426851, 1526378336.142513, 1526378336.3775387], "episode_lengths": [200, 200, 200, 200, 200, 198, 200, 200, 200, 200, 200, 200, 200, 200, 200, 200, 200, 168, 200, 175, 200, 200, 200, 200, 200, 200, 182, 200, 200, 200, 200, 200, 193, 200, 191, 200, 200, 200, 195, 199, 200, 200, 200, 166, 200, 200, 200, 200, 200, 200, 200, 177, 200, 182, 185, 200, 200, 200, 200, 200, 200, 200, 200, 200, 165, 200, 200, 193, 200, 200, 200, 200, 200, 198, 200, 200, 192, 200, 200, 200, 200, 200, 200, 200, 200, 200, 200, 200, 200, 200, 200, 178, 200, 200, 200, 200, 200, 200, 200, 200], "initial_reset_timestamp": 1526378309.2715166, "episode_types": ["t", "t", "t", "t", "t", "t", "t", "t", "t", "t", "t", "t", "t", "t", "t", "t", "t", "t", "t", "t", "t", "t", "t", "t", "t", "t", "t", "t", "t", "t", "t", "t", "t", "t", "t", "t", "t", "t", "t", "t", "t", "t", "t", "t", "t", "t", "t", "t", "t", "t", "t", "t", "t", "t", "t", "t", "t", "t", "t", "t", "t", "t", "t", "t", "t", "t", "t", "t", "t", "t", "t", "t", "t", "t", "t", "t", "t", "t", "t", "t", "t", "t", "t", "t", "t", "t", "t", "t", "t", "t", "t", "t", "t", "t", "t", "t", "t", "t", "t", "t"]}