{"episode_rewards": [200.0, 200.0, 200.0, 200.0, 200.0, 200.0, 200.0, 200.0, 200.0, 200.0, 200.0, 200.0, 200.0, 200.0, 200.0, 200.0, 200.0, 200.0, 200.0, 200.0, 200.0, 200.0, 200.0, 200.0, 200.0, 200.0, 200.0, 200.0, 200.0, 200.0, 200.0, 200.0, 200.0, 200.0, 200.0, 200.0, 200.0, 200.0, 200.0, 200.0, 200.0, 200.0, 200.0, 200.0, 200.0, 200.0, 200.0, 200.0, 200.0, 200.0, 200.0, 200.0, 200.0, 200.0, 200.0, 200.0, 200.0, 200.0, 200.0, 200.0, 200.0, 200.0, 200.0, 200.0, 200.0, 200.0, 200.0, 200.0, 200.0, 200.0, 200.0, 200.0, 200.0, 200.0, 200.0, 200.0, 200.0, 200.0, 200.0, 200.0, 200.0, 200.0, 200.0, 200.0, 200.0, 200.0, 200.0, 200.0, 200.0, 200.0, 200.0, 200.0, 200.0, 200.0, 200.0, 200.0, 200.0, 200.0, 200.0, 200.0], "timestamps": [1526383381.173577, 1526383381.6284766, 1526383381.8696544, 1526383382.1355088, 1526383382.391598, 1526383382.6170492, 1526383382.8744476, 1526383383.1634371, 1526383383.4877105, 1526383383.737301, 1526383383.985941, 1526383384.2620482, 1526383384.5168653, 1526383384.7645617, 1526383385.0850632, 1526383385.3628614, 1526383385.6387792, 1526383385.920956, 1526383386.1981745, 1526383386.4515126, 1526383386.707934, 1526383386.9639223, 1526383387.2768195, 1526383387.577299, 1526383387.8453226, 1526383388.1210322, 1526383388.3885276, 1526383388.6600657, 1526383388.8998566, 1526383389.1601682, 1526383389.403182, 1526383389.6699467, 1526383389.9023268, 1526383390.19727, 1526383390.447566, 1526383390.6911905, 1526383390.9418354, 1526383391.216968, 1526383391.5059934, 1526383391.7627661, 1526383392.0227869, 1526383392.3356524, 1526383392.6205463, 1526383392.8738325, 1526383393.173803, 1526383393.4252517, 1526383393.6818616, 1526383393.9195137, 1526383394.2244992, 1526383394.4841158, 1526383394.7268734, 1526383395.0048454, 1526383395.352934, 1526383395.7237172, 1526383396.1072793, 1526383396.4701357, 1526383396.8064246, 1526383397.2101471, 1526383397.582453, 1526383397.929429, 1526383398.3120062, 1526383398.6483963, 1526383398.9852822, 1526383399.3435907, 1526383399.7235909, 1526383400.1074812, 1526383400.4509768, 1526383400.8580482, 1526383401.2624736, 1526383401.601102, 1526383402.0008976, 1526383402.378649, 1526383402.832956, 1526383403.2658222, 1526383403.662195, 1526383404.0462387, 1526383404.3375556, 1526383404.6059444, 1526383404.854171, 1526383405.1470177, 1526383405.4327943, 1526383405.700875, 1526383405.9553685, 1526383406.2312026, 1526383406.4626997, 1526383406.6988785, 1526383406.9474397, 1526383407.2363088, 1526383407.5128295, 1526383407.787308, 1526383408.1017215, 1526383408.4448295, 1526383408.7422466, 1526383408.9922206, 1526383409.3042212, 1526383409.543189, 1526383409.7859018, 1526383410.051129, 1526383410.3371925, 1526383410.5879347], "episode_lengths": [200, 200, 200, 200, 200, 200, 200, 200, 200, 200, 200, 200, 200, 200, 200, 200, 200, 200, 200, 200, 200, 200, 200, 200, 200, 200, 200, 200, 200, 200, 200, 200, 200, 200, 200, 200, 200, 200, 200, 200, 200, 200, 200, 200, 200, 200, 200, 200, 200, 200, 200, 200, 200, 200, 200, 200, 200, 200, 200, 200, 200, 200, 200, 200, 200, 200, 200, 200, 200, 200, 200, 200, 200, 200, 200, 200, 200, 200, 200, 200, 200, 200, 200, 200, 200, 200, 200, 200, 200, 200, 200, 200, 200, 200, 200, 200, 200, 200, 200, 200], "initial_reset_timestamp": 1526383375.4925797, "episode_types": ["t", "t", "t", "t", "t", "t", "t", "t", "t", "t", "t", "t", "t", "t", "t", "t", "t", "t", "t", "t", "t", "t", "t", "t", "t", "t", "t", "t", "t", "t", "t", "t", "t", "t", "t", "t", "t", "t", "t", "t", "t", "t", "t", "t", "t", "t", "t", "t", "t", "t", "t", "t", "t", "t", "t", "t", "t", "t", "t", "t", "t", "t", "t", "t", "t", "t", "t", "t", "t", "t", "t", "t", "t", "t", "t", "t", "t", "t", "t", "t", "t", "t", "t", "t", "t", "t", "t", "t", "t", "t", "t", "t", "t", "t", "t", "t", "t", "t", "t", "t"]}