{"initial_reset_timestamp": 1526234879.099156, "episode_rewards": [-90.0, -109.0, -108.0, -108.0, -159.0, -91.0, -109.0, -108.0, -108.0, -108.0, -108.0, -108.0, -88.0, -173.0, -109.0, -107.0, -108.0, -109.0, -109.0, -109.0, -109.0, -154.0, -159.0, -91.0, -151.0, -154.0, -107.0, -108.0, -91.0, -109.0, -174.0, -110.0, -108.0, -88.0, -145.0, -109.0, -89.0, -109.0, -132.0, -109.0, -88.0, -192.0, -109.0, -110.0, -145.0, -90.0, -91.0, -88.0, -93.0, -88.0, -109.0, -95.0, -110.0, -109.0, -108.0, -109.0, -194.0, -108.0, -110.0, -93.0, -95.0, -89.0, -108.0, -95.0, -173.0, -108.0, -108.0, -116.0, -109.0, -110.0, -108.0, -110.0, -108.0, -109.0, -93.0, -109.0, -88.0, -115.0, -107.0, -87.0, -108.0, -89.0, -108.0, -110.0, -108.0, -109.0, -108.0, -187.0, -89.0, -109.0, -109.0, -87.0, -108.0, -89.0, -109.0, -109.0, -112.0, -109.0, -110.0, -108.0], "episode_lengths": [90, 109, 108, 108, 159, 91, 109, 108, 108, 108, 108, 108, 88, 173, 109, 107, 108, 109, 109, 109, 109, 154, 159, 91, 151, 154, 107, 108, 91, 109, 174, 110, 108, 88, 145, 109, 89, 109, 132, 109, 88, 192, 109, 110, 145, 90, 91, 88, 93, 88, 109, 95, 110, 109, 108, 109, 194, 108, 110, 93, 95, 89, 108, 95, 173, 108, 108, 116, 109, 110, 108, 110, 108, 109, 93, 109, 88, 115, 107, 87, 108, 89, 108, 110, 108, 109, 108, 187, 89, 109, 109, 87, 108, 89, 109, 109, 112, 109, 110, 108], "episode_types": ["t", "t", "t", "t", "t", "t", "t", "t", "t", "t", "t", "t", "t", "t", "t", "t", "t", "t", "t", "t", "t", "t", "t", "t", "t", "t", "t", "t", "t", "t", "t", "t", "t", "t", "t", "t", "t", "t", "t", "t", "t", "t", "t", "t", "t", "t", "t", "t", "t", "t", "t", "t", "t", "t", "t", "t", "t", "t", "t", "t", "t", "t", "t", "t", "t", "t", "t", "t", "t", "t", "t", "t", "t", "t", "t", "t", "t", "t", "t", "t", "t", "t", "t", "t", "t", "t", "t", "t", "t", "t", "t", "t", "t", "t", "t", "t", "t", "t", "t", "t"], "timestamps": [1526234881.4066668, 1526234881.656055, 1526234881.7100563, 1526234881.7571003, 1526234881.8264115, 1526234881.8640313, 1526234881.909702, 1526234881.9566793, 1526234882.002543, 1526234882.0467367, 1526234882.0926812, 1526234882.1387048, 1526234882.174939, 1526234882.2495449, 1526234882.2968407, 1526234882.3428671, 1526234882.3911316, 1526234882.4386816, 1526234882.4836853, 1526234882.531477, 1526234882.5752294, 1526234882.638028, 1526234882.6974528, 1526234882.7315218, 1526234882.7878947, 1526234882.845564, 1526234882.8855934, 1526234882.9258246, 1526234882.959805, 1526234883.0025861, 1526234883.067703, 1526234883.1088297, 1526234883.1497316, 1526234883.1825387, 1526234883.2368884, 1526234883.2775893, 1526234883.310724, 1526234883.3516, 1526234883.4004397, 1526234883.4412904, 1526234883.474024, 1526234883.5455513, 1526234883.5868444, 1526234883.6321783, 1526234883.687289, 1526234883.721252, 1526234883.7554195, 1526234883.7881835, 1526234883.823166, 1526234883.8561406, 1526234883.896769, 1526234883.9324286, 1526234883.9738421, 1526234884.014657, 1526234884.0552988, 1526234884.0961795, 1526234884.1714146, 1526234884.2129283, 1526234884.2543216, 1526234884.2889335, 1526234884.3245819, 1526234884.3578637, 1526234884.3982158, 1526234884.433761, 1526234884.4985318, 1526234884.53924, 1526234884.5799165, 1526234884.6272655, 1526234884.6686537, 1526234884.7101026, 1526234884.7504287, 1526234884.7934396, 1526234884.834359, 1526234884.8753064, 1526234884.9101427, 1526234884.9508474, 1526234884.9841194, 1526234885.026968, 1526234885.067104, 1526234885.0998008, 1526234885.140815, 1526234885.1743782, 1526234885.2155287, 1526234885.2567074, 1526234885.2973416, 1526234885.3381379, 1526234885.3803892, 1526234885.458869, 1526234885.493031, 1526234885.5371878, 1526234885.5783303, 1526234885.6224957, 1526234885.6654475, 1526234885.699186, 1526234885.7405453, 1526234885.7817547, 1526234885.8241234, 1526234885.8653862, 1526234885.906612, 1526234885.9471726]}