{"initial_reset_timestamp": 1526234440.3314545, "episode_rewards": [-152.0, -89.0, -179.0, -147.0, -154.0, -187.0, -157.0, -173.0, -155.0, -161.0, -158.0, -88.0, -168.0, -178.0, -89.0, -173.0, -164.0, -91.0, -154.0, -90.0, -94.0, -153.0, -162.0, -172.0, -91.0, -93.0, -174.0, -153.0, -155.0, -149.0, -149.0, -152.0, -156.0, -91.0, -159.0, -157.0, -91.0, -150.0, -165.0, -153.0, -147.0, -89.0, -158.0, -153.0, -88.0, -149.0, -90.0, -91.0, -164.0, -90.0, -150.0, -149.0, -92.0, -149.0, -149.0, -149.0, -174.0, -89.0, -92.0, -151.0, -91.0, -152.0, -153.0, -175.0, -163.0, -150.0, -93.0, -147.0, -90.0, -172.0, -152.0, -172.0, -146.0, -147.0, -157.0, -165.0, -150.0, -92.0, -95.0, -187.0, -154.0, -95.0, -149.0, -155.0, -178.0, -175.0, -168.0, -172.0, -159.0, -163.0, -148.0, -155.0, -150.0, -155.0, -181.0, -92.0, -162.0, -92.0, -167.0, -149.0], "episode_lengths": [152, 89, 179, 147, 154, 187, 157, 173, 155, 161, 158, 88, 168, 178, 89, 173, 164, 91, 154, 90, 94, 153, 162, 172, 91, 93, 174, 153, 155, 149, 149, 152, 156, 91, 159, 157, 91, 150, 165, 153, 147, 89, 158, 153, 88, 149, 90, 91, 164, 90, 150, 149, 92, 149, 149, 149, 174, 89, 92, 151, 91, 152, 153, 175, 163, 150, 93, 147, 90, 172, 152, 172, 146, 147, 157, 165, 150, 92, 95, 187, 154, 95, 149, 155, 178, 175, 168, 172, 159, 163, 148, 155, 150, 155, 181, 92, 162, 92, 167, 149], "episode_types": ["t", "t", "t", "t", "t", "t", "t", "t", "t", "t", "t", "t", "t", "t", "t", "t", "t", "t", "t", "t", "t", "t", "t", "t", "t", "t", "t", "t", "t", "t", "t", "t", "t", "t", "t", "t", "t", "t", "t", "t", "t", "t", "t", "t", "t", "t", "t", "t", "t", "t", "t", "t", "t", "t", "t", "t", "t", "t", "t", "t", "t", "t", "t", "t", "t", "t", "t", "t", "t", "t", "t", "t", "t", "t", "t", "t", "t", "t", "t", "t", "t", "t", "t", "t", "t", "t", "t", "t", "t", "t", "t", "t", "t", "t", "t", "t", "t", "t", "t", "t"], "timestamps": [1526234445.2372525, 1526234445.5139372, 1526234445.587311, 1526234445.6551628, 1526234445.7266662, 1526234445.8052342, 1526234445.8644807, 1526234445.9295006, 1526234445.9884756, 1526234446.0516193, 1526234446.1108582, 1526234446.143869, 1526234446.2059464, 1526234446.271642, 1526234446.3046508, 1526234446.3970273, 1526234446.483879, 1526234446.521218, 1526234446.585913, 1526234446.6232965, 1526234446.6594584, 1526234446.7162712, 1526234446.7763677, 1526234446.8404377, 1526234446.8740346, 1526234446.9084418, 1526234446.9737666, 1526234447.0308168, 1526234447.088311, 1526234447.1438851, 1526234447.1988528, 1526234447.2552521, 1526234447.3128986, 1526234447.3464723, 1526234447.4047525, 1526234447.4908054, 1526234447.5312989, 1526234447.5924108, 1526234447.6653929, 1526234447.7357438, 1526234447.8015573, 1526234447.839867, 1526234447.9074185, 1526234447.9721167, 1526234448.0099282, 1526234448.074288, 1526234448.1152992, 1526234448.1546397, 1526234448.2264247, 1526234448.265398, 1526234448.3301451, 1526234448.3948712, 1526234448.4442441, 1526234448.5276585, 1526234448.5928707, 1526234448.6569595, 1526234448.7288265, 1526234448.762961, 1526234448.7977495, 1526234448.8553898, 1526234448.88968, 1526234448.9474149, 1526234449.0053065, 1526234449.071547, 1526234449.1329122, 1526234449.1992247, 1526234449.2341948, 1526234449.289741, 1526234449.324642, 1526234449.3901012, 1526234449.455689, 1526234449.5244865, 1526234449.5798447, 1526234449.63496, 1526234449.6937013, 1526234449.7550607, 1526234449.8112454, 1526234449.8454926, 1526234449.8807714, 1526234449.951524, 1526234450.0094318, 1526234450.04494, 1526234450.1007645, 1526234450.159013, 1526234450.2250707, 1526234450.2901943, 1526234450.3530796, 1526234450.4171765, 1526234450.490959, 1526234450.562276, 1526234450.625146, 1526234450.6925516, 1526234450.7573812, 1526234450.8219924, 1526234450.8958864, 1526234450.9336019, 1526234451.0034194, 1526234451.0421295, 1526234451.1106677, 1526234451.1744068]}