{"initial_reset_timestamp": 1526256324.5327287, "episode_rewards": [-87.0, -92.0, -99.0, -106.0, -105.0, -105.0, -105.0, -95.0, -86.0, -86.0, -105.0, -105.0, -105.0, -106.0, -84.0, -105.0, -106.0, -101.0, -105.0, -106.0, -85.0, -107.0, -105.0, -106.0, -105.0, -105.0, -105.0, -105.0, -105.0, -98.0, -87.0, -87.0, -106.0, -106.0, -105.0, -86.0, -87.0, -93.0, -106.0, -94.0, -107.0, -96.0, -105.0, -105.0, -105.0, -105.0, -105.0, -96.0, -95.0, -85.0, -105.0, -105.0, -105.0, -94.0, -105.0, -105.0, -105.0, -84.0, -105.0, -88.0, -105.0, -105.0, -105.0, -106.0, -105.0, -105.0, -105.0, -92.0, -93.0, -103.0, -105.0, -105.0, -105.0, -105.0, -105.0, -85.0, -105.0, -105.0, -86.0, -91.0, -105.0, -107.0, -105.0, -105.0, -105.0, -105.0, -93.0, -84.0, -96.0, -105.0, -105.0, -105.0, -86.0, -105.0, -105.0, -105.0, -88.0, -105.0, -105.0, -106.0], "episode_lengths": [87, 92, 99, 106, 105, 105, 105, 95, 86, 86, 105, 105, 105, 106, 84, 105, 106, 101, 105, 106, 85, 107, 105, 106, 105, 105, 105, 105, 105, 98, 87, 87, 106, 106, 105, 86, 87, 93, 106, 94, 107, 96, 105, 105, 105, 105, 105, 96, 95, 85, 105, 105, 105, 94, 105, 105, 105, 84, 105, 88, 105, 105, 105, 106, 105, 105, 105, 92, 93, 103, 105, 105, 105, 105, 105, 85, 105, 105, 86, 91, 105, 107, 105, 105, 105, 105, 93, 84, 96, 105, 105, 105, 86, 105, 105, 105, 88, 105, 105, 106], "episode_types": ["t", "t", "t", "t", "t", "t", "t", "t", "t", "t", "t", "t", "t", "t", "t", "t", "t", "t", "t", "t", "t", "t", "t", "t", "t", "t", "t", "t", "t", "t", "t", "t", "t", "t", "t", "t", "t", "t", "t", "t", "t", "t", "t", "t", "t", "t", "t", "t", "t", "t", "t", "t", "t", "t", "t", "t", "t", "t", "t", "t", "t", "t", "t", "t", "t", "t", "t", "t", "t", "t", "t", "t", "t", "t", "t", "t", "t", "t", "t", "t", "t", "t", "t", "t", "t", "t", "t", "t", "t", "t", "t", "t", "t", "t", "t", "t", "t", "t", "t", "t"], "timestamps": [1526256325.9970722, 1526256326.0918305, 1526256326.1059775, 1526256326.1208844, 1526256326.1357365, 1526256326.151238, 1526256326.1667285, 1526256326.1801124, 1526256326.1920311, 1526256326.2041173, 1526256326.218691, 1526256326.2333846, 1526256326.2479293, 1526256326.2626905, 1526256326.2743335, 1526256326.2889044, 1526256326.303879, 1526256326.3180344, 1526256326.3327372, 1526256326.3478749, 1526256326.359824, 1526256326.3746305, 1526256326.3891513, 1526256326.4040618, 1526256326.4186072, 1526256326.4342234, 1526256326.4502306, 1526256326.4661994, 1526256326.484022, 1526256326.4989505, 1526256326.5126345, 1526256326.5251982, 1526256326.5417361, 1526256326.5575714, 1526256326.5733476, 1526256326.5862348, 1526256326.5994396, 1526256326.613528, 1526256326.6293182, 1526256326.6438985, 1526256326.659717, 1526256326.6732585, 1526256326.688881, 1526256326.7046514, 1526256326.7201731, 1526256326.7359607, 1526256326.7517931, 1526256326.7662048, 1526256326.7805932, 1526256326.7932289, 1526256326.809224, 1526256326.8244407, 1526256326.8404665, 1526256326.8546164, 1526256326.8704042, 1526256326.8862708, 1526256326.9023428, 1526256326.9151378, 1526256326.9312954, 1526256326.9447277, 1526256326.960977, 1526256326.976102, 1526256326.9916303, 1526256327.0069401, 1526256327.0226865, 1526256327.0383177, 1526256327.0541787, 1526256327.0681689, 1526256327.0823016, 1526256327.097785, 1526256327.1137075, 1526256327.1294918, 1526256327.1457307, 1526256327.1613114, 1526256327.1771314, 1526256327.1894324, 1526256327.2052586, 1526256327.2211075, 1526256327.2342887, 1526256327.248113, 1526256327.2639012, 1526256327.2799675, 1526256327.2956674, 1526256327.3114789, 1526256327.3271418, 1526256327.3422832, 1526256327.3564324, 1526256327.3691602, 1526256327.383652, 1526256327.3993154, 1526256327.4151244, 1526256327.4308636, 1526256327.4432554, 1526256327.4586992, 1526256327.4737005, 1526256327.4908156, 1526256327.503154, 1526256327.517882, 1526256327.5324879, 1526256327.5483599]}