{"initial_reset_timestamp": 1526250271.754645, "episode_rewards": [-104.0, -105.0, -86.0, -104.0, -104.0, -94.0, -104.0, -88.0, -105.0, -105.0, -105.0, -104.0, -104.0, -105.0, -105.0, -94.0, -104.0, -105.0, -105.0, -105.0, -105.0, -91.0, -105.0, -104.0, -105.0, -105.0, -105.0, -105.0, -105.0, -105.0, -104.0, -105.0, -105.0, -105.0, -104.0, -92.0, -91.0, -105.0, -90.0, -104.0, -95.0, -105.0, -84.0, -104.0, -105.0, -104.0, -92.0, -92.0, -103.0, -97.0, -105.0, -104.0, -92.0, -105.0, -105.0, -104.0, -104.0, -105.0, -94.0, -103.0, -103.0, -105.0, -100.0, -88.0, -88.0, -86.0, -105.0, -87.0, -105.0, -90.0, -105.0, -85.0, -105.0, -104.0, -105.0, -104.0, -99.0, -105.0, -105.0, -104.0, -104.0, -105.0, -96.0, -104.0, -105.0, -104.0, -104.0, -105.0, -105.0, -105.0, -92.0, -87.0, -105.0, -103.0, -85.0, -104.0, -104.0, -105.0, -104.0, -89.0], "episode_lengths": [104, 105, 86, 104, 104, 94, 104, 88, 105, 105, 105, 104, 104, 105, 105, 94, 104, 105, 105, 105, 105, 91, 105, 104, 105, 105, 105, 105, 105, 105, 104, 105, 105, 105, 104, 92, 91, 105, 90, 104, 95, 105, 84, 104, 105, 104, 92, 92, 103, 97, 105, 104, 92, 105, 105, 104, 104, 105, 94, 103, 103, 105, 100, 88, 88, 86, 105, 87, 105, 90, 105, 85, 105, 104, 105, 104, 99, 105, 105, 104, 104, 105, 96, 104, 105, 104, 104, 105, 105, 105, 92, 87, 105, 103, 85, 104, 104, 105, 104, 89], "episode_types": ["t", "t", "t", "t", "t", "t", "t", "t", "t", "t", "t", "t", "t", "t", "t", "t", "t", "t", "t", "t", "t", "t", "t", "t", "t", "t", "t", "t", "t", "t", "t", "t", "t", "t", "t", "t", "t", "t", "t", "t", "t", "t", "t", "t", "t", "t", "t", "t", "t", "t", "t", "t", "t", "t", "t", "t", "t", "t", "t", "t", "t", "t", "t", "t", "t", "t", "t", "t", "t", "t", "t", "t", "t", "t", "t", "t", "t", "t", "t", "t", "t", "t", "t", "t", "t", "t", "t", "t", "t", "t", "t", "t", "t", "t", "t", "t", "t", "t", "t", "t"], "timestamps": [1526250274.5423458, 1526250274.7405329, 1526250274.7729185, 1526250274.8121965, 1526250274.8512394, 1526250274.8863678, 1526250274.9300327, 1526250274.9631615, 1526250275.002709, 1526250275.0424175, 1526250275.081898, 1526250275.1208882, 1526250275.1602705, 1526250275.1997702, 1526250275.2392967, 1526250275.2745562, 1526250275.3134253, 1526250275.3530312, 1526250275.3925407, 1526250275.4323022, 1526250275.4717484, 1526250275.505791, 1526250275.5453281, 1526250275.5844264, 1526250275.6244621, 1526250275.664184, 1526250275.7037814, 1526250275.7433064, 1526250275.7828789, 1526250275.8224738, 1526250275.8616023, 1526250275.90115, 1526250275.9431949, 1526250275.9826488, 1526250276.021781, 1526250276.0562615, 1526250276.0904286, 1526250276.1299467, 1526250276.1640773, 1526250276.2032344, 1526250276.2388427, 1526250276.2783048, 1526250276.3098876, 1526250276.3489518, 1526250276.3885727, 1526250276.429053, 1526250276.4638164, 1526250276.4985237, 1526250276.5382967, 1526250276.5745335, 1526250276.6145425, 1526250276.65408, 1526250276.688482, 1526250276.7281156, 1526250276.7674625, 1526250276.8064485, 1526250276.845616, 1526250276.8850818, 1526250276.9328778, 1526250276.9716623, 1526250277.0107453, 1526250277.0505238, 1526250277.088056, 1526250277.1211646, 1526250277.1548305, 1526250277.1872735, 1526250277.227034, 1526250277.2597396, 1526250277.2991889, 1526250277.3328085, 1526250277.3722253, 1526250277.404101, 1526250277.4437037, 1526250277.4826481, 1526250277.5220714, 1526250277.561046, 1526250277.5990107, 1526250277.6389782, 1526250277.6784375, 1526250277.7174296, 1526250277.7564554, 1526250277.7958484, 1526250277.8318005, 1526250277.8707461, 1526250277.9102616, 1526250277.9515498, 1526250277.9907386, 1526250278.030286, 1526250278.0696757, 1526250278.1091428, 1526250278.1441307, 1526250278.1767807, 1526250278.216137, 1526250278.2546175, 1526250278.2867112, 1526250278.3257902, 1526250278.3649292, 1526250278.4044588, 1526250278.4441092, 1526250278.4776824]}