{"initial_reset_timestamp": 1526235168.1973205, "episode_rewards": [-90.0, -145.0, -88.0, -92.0, -110.0, -96.0, -169.0, -102.0, -143.0, -143.0, -146.0, -91.0, -91.0, -110.0, -109.0, -110.0, -142.0, -143.0, -146.0, -109.0, -90.0, -146.0, -142.0, -88.0, -89.0, -120.0, -143.0, -157.0, -91.0, -144.0, -150.0, -147.0, -91.0, -142.0, -110.0, -96.0, -151.0, -146.0, -145.0, -150.0, -111.0, -91.0, -99.0, -150.0, -92.0, -110.0, -169.0, -149.0, -126.0, -146.0, -99.0, -91.0, -88.0, -109.0, -145.0, -147.0, -150.0, -145.0, -110.0, -88.0, -146.0, -89.0, -142.0, -145.0, -111.0, -143.0, -110.0, -145.0, -142.0, -110.0, -146.0, -143.0, -147.0, -142.0, -145.0, -143.0, -110.0, -150.0, -89.0, -102.0, -110.0, -89.0, -92.0, -162.0, -143.0, -90.0, -88.0, -91.0, -91.0, -88.0, -91.0, -110.0, -143.0, -142.0, -151.0, -150.0, -110.0, -145.0, -110.0, -109.0], "episode_lengths": [90, 145, 88, 92, 110, 96, 169, 102, 143, 143, 146, 91, 91, 110, 109, 110, 142, 143, 146, 109, 90, 146, 142, 88, 89, 120, 143, 157, 91, 144, 150, 147, 91, 142, 110, 96, 151, 146, 145, 150, 111, 91, 99, 150, 92, 110, 169, 149, 126, 146, 99, 91, 88, 109, 145, 147, 150, 145, 110, 88, 146, 89, 142, 145, 111, 143, 110, 145, 142, 110, 146, 143, 147, 142, 145, 143, 110, 150, 89, 102, 110, 89, 92, 162, 143, 90, 88, 91, 91, 88, 91, 110, 143, 142, 151, 150, 110, 145, 110, 109], "episode_types": ["t", "t", "t", "t", "t", "t", "t", "t", "t", "t", "t", "t", "t", "t", "t", "t", "t", "t", "t", "t", "t", "t", "t", "t", "t", "t", "t", "t", "t", "t", "t", "t", "t", "t", "t", "t", "t", "t", "t", "t", "t", "t", "t", "t", "t", "t", "t", "t", "t", "t", "t", "t", "t", "t", "t", "t", "t", "t", "t", "t", "t", "t", "t", "t", "t", "t", "t", "t", "t", "t", "t", "t", "t", "t", "t", "t", "t", "t", "t", "t", "t", "t", "t", "t", "t", "t", "t", "t", "t", "t", "t", "t", "t", "t", "t", "t", "t", "t", "t", "t"], "timestamps": [1526235170.5197673, 1526235170.7919319, 1526235170.8288097, 1526235170.866745, 1526235170.9151745, 1526235170.956976, 1526235171.0314097, 1526235171.0764346, 1526235171.1368842, 1526235171.198087, 1526235171.2540536, 1526235171.288695, 1526235171.3230426, 1526235171.3647096, 1526235171.4057732, 1526235171.4485161, 1526235171.5022275, 1526235171.5560725, 1526235171.610999, 1526235171.6523604, 1526235171.6860077, 1526235171.746095, 1526235171.8001826, 1526235171.8334541, 1526235171.867286, 1526235171.9122474, 1526235171.9664476, 1526235172.0272713, 1526235172.0627587, 1526235172.1179056, 1526235172.17512, 1526235172.2309492, 1526235172.2665932, 1526235172.3206105, 1526235172.362639, 1526235172.398598, 1526235172.455515, 1526235172.5104454, 1526235172.5378132, 1526235172.5588634, 1526235172.574314, 1526235172.586896, 1526235172.6009011, 1526235172.621882, 1526235172.6361763, 1526235172.6520653, 1526235172.6757298, 1526235172.6964912, 1526235172.7223065, 1526235172.7432513, 1526235172.7571757, 1526235172.7698243, 1526235172.7820773, 1526235172.7971885, 1526235172.817402, 1526235172.8377945, 1526235172.8587549, 1526235172.8792534, 1526235172.8945525, 1526235172.906685, 1526235172.9270804, 1526235172.9393835, 1526235172.9592035, 1526235172.9799793, 1526235172.9957213, 1526235173.01632, 1526235173.032474, 1526235173.053095, 1526235173.0743682, 1526235173.0907054, 1526235173.1124218, 1526235173.1337068, 1526235173.1558566, 1526235173.1759925, 1526235173.1962268, 1526235173.2162058, 1526235173.2327356, 1526235173.2543197, 1526235173.2689228, 1526235173.2840087, 1526235173.2999308, 1526235173.3123047, 1526235173.3252046, 1526235173.3478224, 1526235173.367774, 1526235173.3803399, 1526235173.392608, 1526235173.4052296, 1526235173.4177754, 1526235173.430045, 1526235173.4426777, 1526235173.4579701, 1526235173.4778275, 1526235173.4974818, 1526235173.5183241, 1526235173.5391767, 1526235173.5544796, 1526235173.5745997, 1526235173.58984, 1526235173.6049457]}