{"initial_reset_timestamp": 1526237399.7612941, "episode_rewards": [-105.0, -106.0, -105.0, -105.0, -105.0, -88.0, -94.0, -91.0, -106.0, -105.0, -105.0, -105.0, -105.0, -105.0, -105.0, -105.0, -106.0, -85.0, -93.0, -94.0, -92.0, -105.0, -84.0, -105.0, -105.0, -105.0, -106.0, -105.0, -105.0, -105.0, -105.0, -99.0, -105.0, -106.0, -94.0, -105.0, -105.0, -105.0, -94.0, -105.0, -91.0, -87.0, -90.0, -105.0, -87.0, -88.0, -96.0, -105.0, -106.0, -105.0, -96.0, -106.0, -86.0, -105.0, -105.0, -85.0, -105.0, -106.0, -105.0, -105.0, -85.0, -85.0, -92.0, -101.0, -98.0, -105.0, -105.0, -106.0, -105.0, -105.0, -88.0, -106.0, -105.0, -86.0, -92.0, -88.0, -105.0, -105.0, -105.0, -105.0, -106.0, -106.0, -85.0, -93.0, -105.0, -105.0, -105.0, -90.0, -95.0, -95.0, -105.0, -86.0, -89.0, -106.0, -106.0, -105.0, -105.0, -85.0, -90.0, -106.0], "episode_lengths": [105, 106, 105, 105, 105, 88, 94, 91, 106, 105, 105, 105, 105, 105, 105, 105, 106, 85, 93, 94, 92, 105, 84, 105, 105, 105, 106, 105, 105, 105, 105, 99, 105, 106, 94, 105, 105, 105, 94, 105, 91, 87, 90, 105, 87, 88, 96, 105, 106, 105, 96, 106, 86, 105, 105, 85, 105, 106, 105, 105, 85, 85, 92, 101, 98, 105, 105, 106, 105, 105, 88, 106, 105, 86, 92, 88, 105, 105, 105, 105, 106, 106, 85, 93, 105, 105, 105, 90, 95, 95, 105, 86, 89, 106, 106, 105, 105, 85, 90, 106], "episode_types": ["t", "t", "t", "t", "t", "t", "t", "t", "t", "t", "t", "t", "t", "t", "t", "t", "t", "t", "t", "t", "t", "t", "t", "t", "t", "t", "t", "t", "t", "t", "t", "t", "t", "t", "t", "t", "t", "t", "t", "t", "t", "t", "t", "t", "t", "t", "t", "t", "t", "t", "t", "t", "t", "t", "t", "t", "t", "t", "t", "t", "t", "t", "t", "t", "t", "t", "t", "t", "t", "t", "t", "t", "t", "t", "t", "t", "t", "t", "t", "t", "t", "t", "t", "t", "t", "t", "t", "t", "t", "t", "t", "t", "t", "t", "t", "t", "t", "t", "t", "t"], "timestamps": [1526237402.5219045, 1526237402.7548363, 1526237402.7942483, 1526237402.8331935, 1526237402.8721507, 1526237402.9052978, 1526237402.9401312, 1526237402.9737194, 1526237403.01349, 1526237403.0521512, 1526237403.091175, 1526237403.1297677, 1526237403.168592, 1526237403.2095249, 1526237403.2487721, 1526237403.2877772, 1526237403.32691, 1526237403.358149, 1526237403.3995569, 1526237403.4343932, 1526237403.4679787, 1526237403.5068493, 1526237403.53766, 1526237403.5766633, 1526237403.6155112, 1526237403.6543202, 1526237403.6936593, 1526237403.740168, 1526237403.7789977, 1526237403.8196437, 1526237403.8588815, 1526237403.8969426, 1526237403.9360645, 1526237403.975258, 1526237404.010034, 1526237404.0485556, 1526237404.0870366, 1526237404.1257746, 1526237404.1603491, 1526237404.1993294, 1526237404.2326033, 1526237404.2644207, 1526237404.2973928, 1526237404.3361394, 1526237404.3743842, 1526237404.4123716, 1526237404.447968, 1526237404.486493, 1526237404.525954, 1526237404.5649242, 1526237404.6003718, 1526237404.6395385, 1526237404.671267, 1526237404.7106678, 1526237404.7497492, 1526237404.7810378, 1526237404.820467, 1526237404.8596504, 1526237404.8985739, 1526237404.9376397, 1526237404.9689622, 1526237405.0003364, 1526237405.0341449, 1526237405.07106, 1526237405.1071076, 1526237405.1459916, 1526237405.1845284, 1526237405.223898, 1526237405.2623937, 1526237405.3010077, 1526237405.3334637, 1526237405.3726487, 1526237405.415365, 1526237405.4470398, 1526237405.4807246, 1526237405.513423, 1526237405.5527134, 1526237405.5916603, 1526237405.6304178, 1526237405.6693282, 1526237405.709681, 1526237405.7491527, 1526237405.780823, 1526237405.81563, 1526237405.8547437, 1526237405.8951142, 1526237405.9344764, 1526237405.9677, 1526237406.0031295, 1526237406.0381937, 1526237406.0769486, 1526237406.1090872, 1526237406.142001, 1526237406.1810331, 1526237406.220581, 1526237406.2593417, 1526237406.2985365, 1526237406.329958, 1526237406.3629386, 1526237406.406299]}