{"initial_reset_timestamp": 1526271176.698812, "episode_rewards": [-105.0, -105.0, -104.0, -105.0, -104.0, -105.0, -92.0, -113.0, -105.0, -105.0, -105.0, -105.0, -112.0, -105.0, -105.0, -159.0, -105.0, -162.0, -149.0, -105.0, -102.0, -97.0, -105.0, -165.0, -105.0, -105.0, -85.0, -90.0, -85.0, -94.0, -105.0, -176.0, -162.0, -95.0, -105.0, -165.0, -105.0, -159.0, -105.0, -94.0, -150.0, -93.0, -105.0, -152.0, -105.0, -105.0, -86.0, -152.0, -101.0, -153.0, -163.0, -94.0, -105.0, -105.0, -105.0, -105.0, -105.0, -90.0, -105.0, -105.0, -166.0, -95.0, -167.0, -105.0, -105.0, -105.0, -84.0, -85.0, -161.0, -86.0, -89.0, -94.0, -105.0, -161.0, -98.0, -159.0, -105.0, -94.0, -90.0, -91.0, -105.0, -95.0, -86.0, -105.0, -97.0, -85.0, -85.0, -105.0, -105.0, -153.0, -99.0, -105.0, -88.0, -88.0, -88.0, -84.0, -152.0, -105.0, -105.0, -105.0], "episode_lengths": [105, 105, 104, 105, 104, 105, 92, 113, 105, 105, 105, 105, 112, 105, 105, 159, 105, 162, 149, 105, 102, 97, 105, 165, 105, 105, 85, 90, 85, 94, 105, 176, 162, 95, 105, 165, 105, 159, 105, 94, 150, 93, 105, 152, 105, 105, 86, 152, 101, 153, 163, 94, 105, 105, 105, 105, 105, 90, 105, 105, 166, 95, 167, 105, 105, 105, 84, 85, 161, 86, 89, 94, 105, 161, 98, 159, 105, 94, 90, 91, 105, 95, 86, 105, 97, 85, 85, 105, 105, 153, 99, 105, 88, 88, 88, 84, 152, 105, 105, 105], "episode_types": ["t", "t", "t", "t", "t", "t", "t", "t", "t", "t", "t", "t", "t", "t", "t", "t", "t", "t", "t", "t", "t", "t", "t", "t", "t", "t", "t", "t", "t", "t", "t", "t", "t", "t", "t", "t", "t", "t", "t", "t", "t", "t", "t", "t", "t", "t", "t", "t", "t", "t", "t", "t", "t", "t", "t", "t", "t", "t", "t", "t", "t", "t", "t", "t", "t", "t", "t", "t", "t", "t", "t", "t", "t", "t", "t", "t", "t", "t", "t", "t", "t", "t", "t", "t", "t", "t", "t", "t", "t", "t", "t", "t", "t", "t", "t", "t", "t", "t", "t", "t"], "timestamps": [1526271179.4772503, 1526271179.6895077, 1526271179.728777, 1526271179.768094, 1526271179.807014, 1526271179.846212, 1526271179.8805346, 1526271179.9225233, 1526271179.9620483, 1526271180.001655, 1526271180.0412834, 1526271180.0809417, 1526271180.1229196, 1526271180.1654725, 1526271180.207773, 1526271180.2695796, 1526271180.3112583, 1526271180.371917, 1526271180.4280517, 1526271180.4673727, 1526271180.5054064, 1526271180.5448623, 1526271180.584498, 1526271180.6507294, 1526271180.6976206, 1526271180.7370536, 1526271180.7687428, 1526271180.802406, 1526271180.8341985, 1526271180.8692703, 1526271180.9105377, 1526271180.976327, 1526271181.036958, 1526271181.0724685, 1526271181.1117926, 1526271181.173922, 1526271181.2131932, 1526271181.2727458, 1526271181.312107, 1526271181.3471415, 1526271181.4033847, 1526271181.438127, 1526271181.4773953, 1526271181.5343125, 1526271181.573654, 1526271181.6150024, 1526271181.6478078, 1526271181.7074049, 1526271181.745016, 1526271181.802315, 1526271181.8631742, 1526271181.898546, 1526271181.9430146, 1526271181.983243, 1526271182.02799, 1526271182.0672824, 1526271182.106998, 1526271182.141451, 1526271182.1825807, 1526271182.222276, 1526271182.2848163, 1526271182.320445, 1526271182.3828971, 1526271182.4223256, 1526271182.461673, 1526271182.5010986, 1526271182.5323973, 1526271182.564142, 1526271182.6248717, 1526271182.665178, 1526271182.703671, 1526271182.7417376, 1526271182.781572, 1526271182.8423183, 1526271182.878889, 1526271182.9385366, 1526271182.977878, 1526271183.0132246, 1526271183.0468192, 1526271183.0808125, 1526271183.1206303, 1526271183.1566565, 1526271183.188793, 1526271183.2279449, 1526271183.2639754, 1526271183.2945678, 1526271183.306468, 1526271183.3211496, 1526271183.3357747, 1526271183.35701, 1526271183.3706834, 1526271183.3852394, 1526271183.3974607, 1526271183.4096892, 1526271183.4219217, 1526271183.4336169, 1526271183.4547906, 1526271183.4693646, 1526271183.483934, 1526271183.4985404]}