{"initial_reset_timestamp": 1526237624.0581696, "episode_rewards": [-105.0, -103.0, -106.0, -105.0, -105.0, -105.0, -85.0, -105.0, -105.0, -105.0, -106.0, -106.0, -88.0, -105.0, -106.0, -98.0, -88.0, -99.0, -105.0, -106.0, -94.0, -106.0, -105.0, -92.0, -91.0, -105.0, -93.0, -166.0, -88.0, -165.0, -94.0, -105.0, -105.0, -126.0, -85.0, -104.0, -106.0, -105.0, -92.0, -93.0, -105.0, -106.0, -105.0, -89.0, -84.0, -106.0, -89.0, -84.0, -106.0, -106.0, -89.0, -87.0, -88.0, -84.0, -93.0, -105.0, -164.0, -105.0, -162.0, -105.0, -105.0, -106.0, -94.0, -106.0, -88.0, -105.0, -105.0, -105.0, -105.0, -88.0, -105.0, -105.0, -105.0, -105.0, -105.0, -105.0, -105.0, -105.0, -105.0, -105.0, -174.0, -105.0, -105.0, -176.0, -106.0, -105.0, -106.0, -169.0, -105.0, -106.0, -92.0, -106.0, -175.0, -92.0, -113.0, -94.0, -105.0, -105.0, -106.0, -106.0], "episode_lengths": [105, 103, 106, 105, 105, 105, 85, 105, 105, 105, 106, 106, 88, 105, 106, 98, 88, 99, 105, 106, 94, 106, 105, 92, 91, 105, 93, 166, 88, 165, 94, 105, 105, 126, 85, 104, 106, 105, 92, 93, 105, 106, 105, 89, 84, 106, 89, 84, 106, 106, 89, 87, 88, 84, 93, 105, 164, 105, 162, 105, 105, 106, 94, 106, 88, 105, 105, 105, 105, 88, 105, 105, 105, 105, 105, 105, 105, 105, 105, 105, 174, 105, 105, 176, 106, 105, 106, 169, 105, 106, 92, 106, 175, 92, 113, 94, 105, 105, 106, 106], "episode_types": ["t", "t", "t", "t", "t", "t", "t", "t", "t", "t", "t", "t", "t", "t", "t", "t", "t", "t", "t", "t", "t", "t", "t", "t", "t", "t", "t", "t", "t", "t", "t", "t", "t", "t", "t", "t", "t", "t", "t", "t", "t", "t", "t", "t", "t", "t", "t", "t", "t", "t", "t", "t", "t", "t", "t", "t", "t", "t", "t", "t", "t", "t", "t", "t", "t", "t", "t", "t", "t", "t", "t", "t", "t", "t", "t", "t", "t", "t", "t", "t", "t", "t", "t", "t", "t", "t", "t", "t", "t", "t", "t", "t", "t", "t", "t", "t", "t", "t", "t", "t"], "timestamps": [1526237626.7865758, 1526237627.0188754, 1526237627.063534, 1526237627.1071985, 1526237627.1532526, 1526237627.1984172, 1526237627.2333584, 1526237627.2723298, 1526237627.311303, 1526237627.3499687, 1526237627.3889246, 1526237627.4281025, 1526237627.470694, 1526237627.5096707, 1526237627.5488374, 1526237627.584751, 1526237627.6170099, 1526237627.653574, 1526237627.6921957, 1526237627.7314062, 1526237627.765939, 1526237627.8049488, 1526237627.843592, 1526237627.8772883, 1526237627.9106224, 1526237627.9493203, 1526237627.9833043, 1526237628.0443444, 1526237628.0765426, 1526237628.1375892, 1526237628.1721208, 1526237628.2107356, 1526237628.2495844, 1526237628.2954428, 1526237628.3265812, 1526237628.3648531, 1526237628.4038196, 1526237628.442554, 1526237628.480247, 1526237628.515006, 1526237628.5538428, 1526237628.5931258, 1526237628.631672, 1526237628.6650953, 1526237628.6960917, 1526237628.735113, 1526237628.7680094, 1526237628.7991958, 1526237628.8382146, 1526237628.8774807, 1526237628.9131985, 1526237628.9454398, 1526237628.9779007, 1526237629.0090597, 1526237629.043377, 1526237629.082147, 1526237629.1434245, 1526237629.1822329, 1526237629.242356, 1526237629.28112, 1526237629.3200505, 1526237629.359218, 1526237629.3939822, 1526237629.4329255, 1526237629.4693727, 1526237629.5087276, 1526237629.5475879, 1526237629.5862198, 1526237629.6252499, 1526237629.6581461, 1526237629.6973996, 1526237629.7361274, 1526237629.7750714, 1526237629.8140688, 1526237629.853181, 1526237629.892369, 1526237629.9311738, 1526237629.9700058, 1526237630.0095155, 1526237630.0486362, 1526237630.1128066, 1526237630.1521091, 1526237630.1908627, 1526237630.2554817, 1526237630.2944894, 1526237630.3331485, 1526237630.3723793, 1526237630.4342606, 1526237630.477215, 1526237630.517008, 1526237630.5509446, 1526237630.590526, 1526237630.6554987, 1526237630.6894195, 1526237630.7312753, 1526237630.76612, 1526237630.805684, 1526237630.8446383, 1526237630.884208, 1526237630.9237087]}