{"initial_reset_timestamp": 1526238602.1736526, "episode_rewards": [-86.0, -85.0, -105.0, -88.0, -94.0, -105.0, -109.0, -88.0, -86.0, -90.0, -105.0, -105.0, -105.0, -162.0, -163.0, -105.0, -105.0, -112.0, -87.0, -149.0, -105.0, -145.0, -91.0, -149.0, -98.0, -105.0, -84.0, -105.0, -105.0, -105.0, -147.0, -171.0, -152.0, -145.0, -105.0, -119.0, -105.0, -105.0, -162.0, -85.0, -90.0, -99.0, -84.0, -87.0, -84.0, -84.0, -146.0, -105.0, -92.0, -95.0, -88.0, -162.0, -98.0, -105.0, -92.0, -91.0, -103.0, -105.0, -98.0, -105.0, -117.0, -84.0, -87.0, -160.0, -91.0, -100.0, -147.0, -87.0, -147.0, -105.0, -94.0, -147.0, -88.0, -149.0, -149.0, -105.0, -105.0, -105.0, -162.0, -105.0, -87.0, -88.0, -86.0, -105.0, -107.0, -91.0, -157.0, -91.0, -94.0, -105.0, -87.0, -92.0, -84.0, -156.0, -105.0, -105.0, -162.0, -95.0, -149.0, -108.0], "episode_lengths": [86, 85, 105, 88, 94, 105, 109, 88, 86, 90, 105, 105, 105, 162, 163, 105, 105, 112, 87, 149, 105, 145, 91, 149, 98, 105, 84, 105, 105, 105, 147, 171, 152, 145, 105, 119, 105, 105, 162, 85, 90, 99, 84, 87, 84, 84, 146, 105, 92, 95, 88, 162, 98, 105, 92, 91, 103, 105, 98, 105, 117, 84, 87, 160, 91, 100, 147, 87, 147, 105, 94, 147, 88, 149, 149, 105, 105, 105, 162, 105, 87, 88, 86, 105, 107, 91, 157, 91, 94, 105, 87, 92, 84, 156, 105, 105, 162, 95, 149, 108], "episode_types": ["t", "t", "t", "t", "t", "t", "t", "t", "t", "t", "t", "t", "t", "t", "t", "t", "t", "t", "t", "t", "t", "t", "t", "t", "t", "t", "t", "t", "t", "t", "t", "t", "t", "t", "t", "t", "t", "t", "t", "t", "t", "t", "t", "t", "t", "t", "t", "t", "t", "t", "t", "t", "t", "t", "t", "t", "t", "t", "t", "t", "t", "t", "t", "t", "t", "t", "t", "t", "t", "t", "t", "t", "t", "t", "t", "t", "t", "t", "t", "t", "t", "t", "t", "t", "t", "t", "t", "t", "t", "t", "t", "t", "t", "t", "t", "t", "t", "t", "t", "t"], "timestamps": [1526238604.3457644, 1526238604.5656128, 1526238604.609939, 1526238604.6451888, 1526238604.6846793, 1526238604.7293437, 1526238604.7745147, 1526238604.8117654, 1526238604.8561058, 1526238604.89339, 1526238604.9331315, 1526238604.9723842, 1526238605.0120082, 1526238605.0727513, 1526238605.1336918, 1526238605.173232, 1526238605.2124066, 1526238605.253927, 1526238605.2862089, 1526238605.342288, 1526238605.381437, 1526238605.4363148, 1526238605.4704742, 1526238605.5265281, 1526238605.5630918, 1526238605.602504, 1526238605.6338413, 1526238605.673509, 1526238605.712943, 1526238605.752408, 1526238605.8078725, 1526238605.8753924, 1526238605.9323947, 1526238605.986867, 1526238606.0263696, 1526238606.0714908, 1526238606.1109347, 1526238606.1506822, 1526238606.211467, 1526238606.2433372, 1526238606.276854, 1526238606.3139696, 1526238606.3461008, 1526238606.3788142, 1526238606.410365, 1526238606.4424498, 1526238606.4972973, 1526238606.5368161, 1526238606.5711808, 1526238606.6067333, 1526238606.63997, 1526238606.7006269, 1526238606.7371936, 1526238606.776567, 1526238606.822109, 1526238606.8693788, 1526238606.9079754, 1526238606.9474068, 1526238606.983994, 1526238607.0233176, 1526238607.0667093, 1526238607.0982273, 1526238607.1307518, 1526238607.1909397, 1526238607.2249987, 1526238607.262285, 1526238607.3179262, 1526238607.350458, 1526238607.4059727, 1526238607.4453354, 1526238607.4805818, 1526238607.5359998, 1526238607.5693944, 1526238607.6257577, 1526238607.6821227, 1526238607.7221522, 1526238607.7614386, 1526238607.8009295, 1526238607.8694565, 1526238607.9095476, 1526238607.9422004, 1526238607.9752045, 1526238608.0078304, 1526238608.047848, 1526238608.087894, 1526238608.1224253, 1526238608.1821105, 1526238608.2172465, 1526238608.252678, 1526238608.2929304, 1526238608.3264234, 1526238608.3628082, 1526238608.3945982, 1526238608.4546235, 1526238608.4943552, 1526238608.534411, 1526238608.595124, 1526238608.6311057, 1526238608.6875112, 1526238608.7284265]}