{"initial_reset_timestamp": 1526274216.945232, "episode_rewards": [-84.0, -105.0, -121.0, -116.0, -94.0, -89.0, -88.0, -105.0, -109.0, -85.0, -84.0, -105.0, -105.0, -105.0, -86.0, -151.0, -149.0, -105.0, -150.0, -105.0, -105.0, -109.0, -105.0, -86.0, -93.0, -105.0, -94.0, -105.0, -89.0, -92.0, -159.0, -150.0, -87.0, -154.0, -105.0, -87.0, -94.0, -89.0, -108.0, -105.0, -105.0, -105.0, -105.0, -155.0, -107.0, -103.0, -105.0, -105.0, -105.0, -105.0, -105.0, -87.0, -159.0, -90.0, -105.0, -157.0, -151.0, -149.0, -92.0, -88.0, -90.0, -105.0, -84.0, -91.0, -148.0, -86.0, -96.0, -105.0, -87.0, -92.0, -92.0, -105.0, -84.0, -87.0, -105.0, -175.0, -105.0, -105.0, -84.0, -105.0, -105.0, -99.0, -150.0, -105.0, -85.0, -105.0, -106.0, -92.0, -105.0, -105.0, -91.0, -92.0, -105.0, -105.0, -84.0, -84.0, -105.0, -105.0, -87.0, -88.0], "episode_lengths": [84, 105, 121, 116, 94, 89, 88, 105, 109, 85, 84, 105, 105, 105, 86, 151, 149, 105, 150, 105, 105, 109, 105, 86, 93, 105, 94, 105, 89, 92, 159, 150, 87, 154, 105, 87, 94, 89, 108, 105, 105, 105, 105, 155, 107, 103, 105, 105, 105, 105, 105, 87, 159, 90, 105, 157, 151, 149, 92, 88, 90, 105, 84, 91, 148, 86, 96, 105, 87, 92, 92, 105, 84, 87, 105, 175, 105, 105, 84, 105, 105, 99, 150, 105, 85, 105, 106, 92, 105, 105, 91, 92, 105, 105, 84, 84, 105, 105, 87, 88], "episode_types": ["t", "t", "t", "t", "t", "t", "t", "t", "t", "t", "t", "t", "t", "t", "t", "t", "t", "t", "t", "t", "t", "t", "t", "t", "t", "t", "t", "t", "t", "t", "t", "t", "t", "t", "t", "t", "t", "t", "t", "t", "t", "t", "t", "t", "t", "t", "t", "t", "t", "t", "t", "t", "t", "t", "t", "t", "t", "t", "t", "t", "t", "t", "t", "t", "t", "t", "t", "t", "t", "t", "t", "t", "t", "t", "t", "t", "t", "t", "t", "t", "t", "t", "t", "t", "t", "t", "t", "t", "t", "t", "t", "t", "t", "t", "t", "t", "t", "t", "t", "t"], "timestamps": [1526274218.3769126, 1526274218.4716756, 1526274218.4886386, 1526274218.5053487, 1526274218.5204506, 1526274218.5329406, 1526274218.5452769, 1526274218.5599616, 1526274218.574955, 1526274218.5868235, 1526274218.5985575, 1526274218.613174, 1526274218.627807, 1526274218.642551, 1526274218.6544273, 1526274218.6756039, 1526274218.6964056, 1526274218.7109692, 1526274218.7323644, 1526274218.7469614, 1526274218.7614534, 1526274218.7764695, 1526274218.791038, 1526274218.8029916, 1526274218.8157713, 1526274218.830478, 1526274218.843478, 1526274218.858076, 1526274218.8704128, 1526274218.883267, 1526274218.9053984, 1526274218.9263773, 1526274218.9384859, 1526274218.9598672, 1526274218.974441, 1526274218.9904666, 1526274219.0038736, 1526274219.0177464, 1526274219.0341263, 1526274219.0502975, 1526274219.066377, 1526274219.0831394, 1526274219.0997791, 1526274219.1241698, 1526274219.1406264, 1526274219.1556008, 1526274219.1722238, 1526274219.1889272, 1526274219.2049043, 1526274219.2210038, 1526274219.237144, 1526274219.2510934, 1526274219.2766798, 1526274219.29018, 1526274219.3062396, 1526274219.3307898, 1526274219.3540175, 1526274219.3781579, 1526274219.392461, 1526274219.4049976, 1526274219.4189265, 1526274219.435287, 1526274219.4487088, 1526274219.4632652, 1526274219.4859223, 1526274219.4989676, 1526274219.513962, 1526274219.5321326, 1526274219.5463698, 1526274219.5611188, 1526274219.575689, 1526274219.5914369, 1526274219.6040142, 1526274219.6174939, 1526274219.6340232, 1526274219.6623945, 1526274219.6791086, 1526274219.6956818, 1526274219.70795, 1526274219.724563, 1526274219.741114, 1526274219.7567155, 1526274219.7802181, 1526274219.7964904, 1526274219.8096738, 1526274219.8264213, 1526274219.8432512, 1526274219.8565204, 1526274219.8726332, 1526274219.8934958, 1526274219.9065168, 1526274219.9208548, 1526274219.9374387, 1526274219.9537187, 1526274219.966865, 1526274219.979822, 1526274219.9960587, 1526274220.0115058, 1526274220.0245006, 1526274220.036891]}