{"initial_reset_timestamp": 1526243028.3598418, "episode_rewards": [-105.0, -102.0, -88.0, -87.0, -105.0, -104.0, -166.0, -104.0, -105.0, -87.0, -105.0, -175.0, -85.0, -105.0, -105.0, -105.0, -105.0, -87.0, -104.0, -105.0, -105.0, -93.0, -97.0, -104.0, -105.0, -104.0, -163.0, -104.0, -111.0, -95.0, -106.0, -105.0, -105.0, -93.0, -105.0, -105.0, -105.0, -166.0, -99.0, -105.0, -105.0, -119.0, -166.0, -106.0, -105.0, -105.0, -166.0, -105.0, -105.0, -105.0, -105.0, -105.0, -99.0, -105.0, -104.0, -177.0, -166.0, -97.0, -98.0, -105.0, -85.0, -106.0, -105.0, -88.0, -103.0, -105.0, -100.0, -87.0, -105.0, -105.0, -92.0, -105.0, -87.0, -86.0, -105.0, -165.0, -105.0, -105.0, -105.0, -105.0, -97.0, -116.0, -165.0, -93.0, -94.0, -105.0, -87.0, -92.0, -165.0, -105.0, -91.0, -105.0, -105.0, -87.0, -87.0, -165.0, -106.0, -104.0, -85.0, -104.0], "episode_lengths": [105, 102, 88, 87, 105, 104, 166, 104, 105, 87, 105, 175, 85, 105, 105, 105, 105, 87, 104, 105, 105, 93, 97, 104, 105, 104, 163, 104, 111, 95, 106, 105, 105, 93, 105, 105, 105, 166, 99, 105, 105, 119, 166, 106, 105, 105, 166, 105, 105, 105, 105, 105, 99, 105, 104, 177, 166, 97, 98, 105, 85, 106, 105, 88, 103, 105, 100, 87, 105, 105, 92, 105, 87, 86, 105, 165, 105, 105, 105, 105, 97, 116, 165, 93, 94, 105, 87, 92, 165, 105, 91, 105, 105, 87, 87, 165, 106, 104, 85, 104], "episode_types": ["t", "t", "t", "t", "t", "t", "t", "t", "t", "t", "t", "t", "t", "t", "t", "t", "t", "t", "t", "t", "t", "t", "t", "t", "t", "t", "t", "t", "t", "t", "t", "t", "t", "t", "t", "t", "t", "t", "t", "t", "t", "t", "t", "t", "t", "t", "t", "t", "t", "t", "t", "t", "t", "t", "t", "t", "t", "t", "t", "t", "t", "t", "t", "t", "t", "t", "t", "t", "t", "t", "t", "t", "t", "t", "t", "t", "t", "t", "t", "t", "t", "t", "t", "t", "t", "t", "t", "t", "t", "t", "t", "t", "t", "t", "t", "t", "t", "t", "t", "t"], "timestamps": [1526243030.124282, 1526243030.223037, 1526243030.2353969, 1526243030.2475052, 1526243030.2620828, 1526243030.2766547, 1526243030.3004024, 1526243030.3150175, 1526243030.3300395, 1526243030.342136, 1526243030.356766, 1526243030.381053, 1526243030.392857, 1526243030.407643, 1526243030.4222817, 1526243030.4368327, 1526243030.4514356, 1526243030.4634354, 1526243030.4778297, 1526243030.4925277, 1526243030.50718, 1526243030.5201292, 1526243030.5336058, 1526243030.5480099, 1526243030.562519, 1526243030.576922, 1526243030.5996559, 1526243030.6141255, 1526243030.630789, 1526243030.6463606, 1526243030.6625488, 1526243030.678437, 1526243030.6945956, 1526243030.7087083, 1526243030.7247014, 1526243030.7404919, 1526243030.7561526, 1526243030.780237, 1526243030.795713, 1526243030.8119116, 1526243030.83028, 1526243030.8480265, 1526243030.8734424, 1526243030.8894532, 1526243030.90546, 1526243030.920722, 1526243030.9456775, 1526243030.9612875, 1526243030.9767559, 1526243030.9927506, 1526243031.0087044, 1526243031.024572, 1526243031.0393648, 1526243031.0550165, 1526243031.0699828, 1526243031.097126, 1526243031.1222975, 1526243031.1367462, 1526243031.1515038, 1526243031.1670532, 1526243031.1801183, 1526243031.1963072, 1526243031.2120156, 1526243031.2251751, 1526243031.240476, 1526243031.2559319, 1526243031.270078, 1526243031.2834516, 1526243031.299707, 1526243031.3153334, 1526243031.3293357, 1526243031.3451266, 1526243031.3581498, 1526243031.370368, 1526243031.3862486, 1526243031.4117775, 1526243031.4279308, 1526243031.4436576, 1526243031.4595644, 1526243031.475421, 1526243031.489895, 1526243031.5072255, 1526243031.531279, 1526243031.5451903, 1526243031.559413, 1526243031.575865, 1526243031.588642, 1526243031.603662, 1526243031.6292796, 1526243031.6448722, 1526243031.6590784, 1526243031.674632, 1526243031.6900713, 1526243031.7024207, 1526243031.7144113, 1526243031.7373533, 1526243031.7519898, 1526243031.766366, 1526243031.7781415, 1526243031.7929425]}