{"initial_reset_timestamp": 1526278203.6677463, "episode_rewards": [-85.0, -105.0, -105.0, -105.0, -105.0, -102.0, -87.0, -105.0, -105.0, -105.0, -105.0, -105.0, -87.0, -105.0, -105.0, -85.0, -165.0, -164.0, -89.0, -100.0, -93.0, -105.0, -106.0, -87.0, -105.0, -91.0, -105.0, -105.0, -170.0, -85.0, -105.0, -105.0, -105.0, -105.0, -91.0, -92.0, -105.0, -92.0, -87.0, -105.0, -91.0, -105.0, -94.0, -93.0, -100.0, -91.0, -105.0, -87.0, -105.0, -105.0, -116.0, -175.0, -105.0, -105.0, -105.0, -106.0, -87.0, -166.0, -105.0, -105.0, -93.0, -84.0, -106.0, -95.0, -93.0, -105.0, -85.0, -105.0, -105.0, -116.0, -105.0, -105.0, -105.0, -105.0, -105.0, -105.0, -105.0, -105.0, -84.0, -103.0, -88.0, -105.0, -105.0, -105.0, -105.0, -96.0, -103.0, -105.0, -93.0, -87.0, -85.0, -105.0, -91.0, -84.0, -106.0, -105.0, -90.0, -104.0, -94.0, -101.0], "episode_lengths": [85, 105, 105, 105, 105, 102, 87, 105, 105, 105, 105, 105, 87, 105, 105, 85, 165, 164, 89, 100, 93, 105, 106, 87, 105, 91, 105, 105, 170, 85, 105, 105, 105, 105, 91, 92, 105, 92, 87, 105, 91, 105, 94, 93, 100, 91, 105, 87, 105, 105, 116, 175, 105, 105, 105, 106, 87, 166, 105, 105, 93, 84, 106, 95, 93, 105, 85, 105, 105, 116, 105, 105, 105, 105, 105, 105, 105, 105, 84, 103, 88, 105, 105, 105, 105, 96, 103, 105, 93, 87, 85, 105, 91, 84, 106, 105, 90, 104, 94, 101], "episode_types": ["t", "t", "t", "t", "t", "t", "t", "t", "t", "t", "t", "t", "t", "t", "t", "t", "t", "t", "t", "t", "t", "t", "t", "t", "t", "t", "t", "t", "t", "t", "t", "t", "t", "t", "t", "t", "t", "t", "t", "t", "t", "t", "t", "t", "t", "t", "t", "t", "t", "t", "t", "t", "t", "t", "t", "t", "t", "t", "t", "t", "t", "t", "t", "t", "t", "t", "t", "t", "t", "t", "t", "t", "t", "t", "t", "t", "t", "t", "t", "t", "t", "t", "t", "t", "t", "t", "t", "t", "t", "t", "t", "t", "t", "t", "t", "t", "t", "t", "t", "t"], "timestamps": [1526278205.0848453, 1526278205.1827517, 1526278205.1976128, 1526278205.2127469, 1526278205.2274902, 1526278205.2425032, 1526278205.255721, 1526278205.2719026, 1526278205.2880988, 1526278205.3042047, 1526278205.3202417, 1526278205.3361387, 1526278205.3494396, 1526278205.3653545, 1526278205.3809826, 1526278205.3933156, 1526278205.4195454, 1526278205.4438078, 1526278205.4574215, 1526278205.4725444, 1526278205.4866412, 1526278205.5027766, 1526278205.5190878, 1526278205.5325139, 1526278205.5483875, 1526278205.5611718, 1526278205.577107, 1526278205.6000016, 1526278205.6252196, 1526278205.6382573, 1526278205.654324, 1526278205.6700156, 1526278205.6855702, 1526278205.701195, 1526278205.714707, 1526278205.727883, 1526278205.7434795, 1526278205.7570913, 1526278205.7701578, 1526278205.7860138, 1526278205.79969, 1526278205.8152597, 1526278205.8286638, 1526278205.842448, 1526278205.8572183, 1526278205.8711581, 1526278205.8871992, 1526278205.899987, 1526278205.915856, 1526278205.9314568, 1526278205.9494488, 1526278205.9751964, 1526278205.991153, 1526278206.0071497, 1526278206.0233018, 1526278206.0394666, 1526278206.0527864, 1526278206.0774226, 1526278206.0933645, 1526278206.1095514, 1526278206.1239097, 1526278206.1372657, 1526278206.153766, 1526278206.1683211, 1526278206.18159, 1526278206.1973488, 1526278206.210455, 1526278206.226615, 1526278206.24252, 1526278206.2597692, 1526278206.2753608, 1526278206.2908466, 1526278206.3055758, 1526278206.320459, 1526278206.33497, 1526278206.3495092, 1526278206.364003, 1526278206.3786879, 1526278206.3903995, 1526278206.4046416, 1526278206.416926, 1526278206.431621, 1526278206.4461064, 1526278206.4606154, 1526278206.4751348, 1526278206.4883528, 1526278206.5024493, 1526278206.517159, 1526278206.5301414, 1526278206.5421708, 1526278206.5539284, 1526278206.5684888, 1526278206.5810566, 1526278206.5939872, 1526278206.6090214, 1526278206.6240084, 1526278206.6368003, 1526278206.6516628, 1526278206.664595, 1526278206.6785328]}