{"initial_reset_timestamp": 1526244633.3632433, "episode_rewards": [-90.0, -89.0, -92.0, -105.0, -106.0, -94.0, -167.0, -90.0, -160.0, -146.0, -150.0, -90.0, -106.0, -105.0, -105.0, -98.0, -160.0, -105.0, -89.0, -105.0, -105.0, -184.0, -166.0, -163.0, -105.0, -93.0, -103.0, -173.0, -105.0, -96.0, -105.0, -88.0, -90.0, -105.0, -105.0, -105.0, -105.0, -160.0, -85.0, -101.0, -94.0, -105.0, -106.0, -105.0, -86.0, -99.0, -105.0, -105.0, -105.0, -93.0, -166.0, -106.0, -92.0, -93.0, -110.0, -95.0, -105.0, -106.0, -92.0, -106.0, -168.0, -89.0, -105.0, -150.0, -105.0, -105.0, -103.0, -105.0, -105.0, -87.0, -90.0, -167.0, -105.0, -105.0, -105.0, -89.0, -105.0, -106.0, -160.0, -105.0, -89.0, -89.0, -105.0, -97.0, -118.0, -85.0, -87.0, -150.0, -111.0, -103.0, -105.0, -156.0, -146.0, -105.0, -86.0, -89.0, -105.0, -105.0, -146.0, -105.0], "episode_lengths": [90, 89, 92, 105, 106, 94, 167, 90, 160, 146, 150, 90, 106, 105, 105, 98, 160, 105, 89, 105, 105, 184, 166, 163, 105, 93, 103, 173, 105, 96, 105, 88, 90, 105, 105, 105, 105, 160, 85, 101, 94, 105, 106, 105, 86, 99, 105, 105, 105, 93, 166, 106, 92, 93, 110, 95, 105, 106, 92, 106, 168, 89, 105, 150, 105, 105, 103, 105, 105, 87, 90, 167, 105, 105, 105, 89, 105, 106, 160, 105, 89, 89, 105, 97, 118, 85, 87, 150, 111, 103, 105, 156, 146, 105, 86, 89, 105, 105, 146, 105], "episode_types": ["t", "t", "t", "t", "t", "t", "t", "t", "t", "t", "t", "t", "t", "t", "t", "t", "t", "t", "t", "t", "t", "t", "t", "t", "t", "t", "t", "t", "t", "t", "t", "t", "t", "t", "t", "t", "t", "t", "t", "t", "t", "t", "t", "t", "t", "t", "t", "t", "t", "t", "t", "t", "t", "t", "t", "t", "t", "t", "t", "t", "t", "t", "t", "t", "t", "t", "t", "t", "t", "t", "t", "t", "t", "t", "t", "t", "t", "t", "t", "t", "t", "t", "t", "t", "t", "t", "t", "t", "t", "t", "t", "t", "t", "t", "t", "t", "t", "t", "t", "t"], "timestamps": [1526244635.7366138, 1526244635.9480007, 1526244635.9826684, 1526244636.0222847, 1526244636.062515, 1526244636.0975678, 1526244636.1644158, 1526244636.1980615, 1526244636.2580647, 1526244636.3130271, 1526244636.3692875, 1526244636.4029653, 1526244636.442996, 1526244636.4822495, 1526244636.5218048, 1526244636.5586345, 1526244636.6184428, 1526244636.6581295, 1526244636.6917708, 1526244636.7311473, 1526244636.770464, 1526244636.8391492, 1526244636.9010549, 1526244636.9618106, 1526244637.0011737, 1526244637.0372677, 1526244637.079974, 1526244637.1458254, 1526244637.1881442, 1526244637.2246096, 1526244637.2642393, 1526244637.2970612, 1526244637.3311164, 1526244637.3705394, 1526244637.4100258, 1526244637.4494958, 1526244637.4888158, 1526244637.5492477, 1526244637.5812788, 1526244637.6197596, 1526244637.6567366, 1526244637.6963797, 1526244637.7363365, 1526244637.775983, 1526244637.8087864, 1526244637.8457007, 1526244637.8849914, 1526244637.9242892, 1526244637.963578, 1526244637.9982204, 1526244638.0602405, 1526244638.099789, 1526244638.1341832, 1526244638.173856, 1526244638.2181907, 1526244638.2537818, 1526244638.2935064, 1526244638.333426, 1526244638.3679094, 1526244638.4076495, 1526244638.4705572, 1526244638.5041387, 1526244638.5439768, 1526244638.600711, 1526244638.6404448, 1526244638.6800923, 1526244638.7187412, 1526244638.7583766, 1526244638.7978373, 1526244638.830541, 1526244638.8641555, 1526244638.9264987, 1526244638.9658725, 1526244639.0050964, 1526244639.0444143, 1526244639.0776057, 1526244639.116849, 1526244639.156995, 1526244639.2229605, 1526244639.2624764, 1526244639.2956655, 1526244639.3289561, 1526244639.368331, 1526244639.4044712, 1526244639.4482985, 1526244639.4800751, 1526244639.5125875, 1526244639.568892, 1526244639.6101978, 1526244639.6488225, 1526244639.6885011, 1526244639.74683, 1526244639.8015857, 1526244639.8410048, 1526244639.873077, 1526244639.9061134, 1526244639.9454129, 1526244639.9846416, 1526244640.039454, 1526244640.078769]}