{"initial_reset_timestamp": 1526267900.2899132, "episode_rewards": [-105.0, -86.0, -105.0, -96.0, -86.0, -105.0, -90.0, -107.0, -105.0, -87.0, -105.0, -105.0, -91.0, -91.0, -107.0, -105.0, -106.0, -94.0, -105.0, -105.0, -85.0, -105.0, -107.0, -105.0, -105.0, -106.0, -105.0, -105.0, -105.0, -106.0, -89.0, -105.0, -105.0, -105.0, -106.0, -105.0, -106.0, -101.0, -94.0, -106.0, -105.0, -86.0, -105.0, -89.0, -105.0, -106.0, -105.0, -106.0, -91.0, -86.0, -105.0, -105.0, -106.0, -104.0, -105.0, -105.0, -91.0, -92.0, -106.0, -105.0, -98.0, -96.0, -88.0, -106.0, -105.0, -107.0, -105.0, -106.0, -107.0, -105.0, -105.0, -106.0, -94.0, -106.0, -105.0, -94.0, -105.0, -105.0, -105.0, -97.0, -105.0, -105.0, -84.0, -106.0, -93.0, -105.0, -88.0, -87.0, -100.0, -106.0, -106.0, -106.0, -105.0, -105.0, -105.0, -93.0, -105.0, -99.0, -93.0, -105.0], "episode_lengths": [105, 86, 105, 96, 86, 105, 90, 107, 105, 87, 105, 105, 91, 91, 107, 105, 106, 94, 105, 105, 85, 105, 107, 105, 105, 106, 105, 105, 105, 106, 89, 105, 105, 105, 106, 105, 106, 101, 94, 106, 105, 86, 105, 89, 105, 106, 105, 106, 91, 86, 105, 105, 106, 104, 105, 105, 91, 92, 106, 105, 98, 96, 88, 106, 105, 107, 105, 106, 107, 105, 105, 106, 94, 106, 105, 94, 105, 105, 105, 97, 105, 105, 84, 106, 93, 105, 88, 87, 100, 106, 106, 106, 105, 105, 105, 93, 105, 99, 93, 105], "episode_types": ["t", "t", "t", "t", "t", "t", "t", "t", "t", "t", "t", "t", "t", "t", "t", "t", "t", "t", "t", "t", "t", "t", "t", "t", "t", "t", "t", "t", "t", "t", "t", "t", "t", "t", "t", "t", "t", "t", "t", "t", "t", "t", "t", "t", "t", "t", "t", "t", "t", "t", "t", "t", "t", "t", "t", "t", "t", "t", "t", "t", "t", "t", "t", "t", "t", "t", "t", "t", "t", "t", "t", "t", "t", "t", "t", "t", "t", "t", "t", "t", "t", "t", "t", "t", "t", "t", "t", "t", "t", "t", "t", "t", "t", "t", "t", "t", "t", "t", "t", "t"], "timestamps": [1526267902.053337, 1526267902.1446755, 1526267902.1595542, 1526267902.1730447, 1526267902.1850653, 1526267902.2013896, 1526267902.2150958, 1526267902.2311833, 1526267902.2469776, 1526267902.2602153, 1526267902.2761984, 1526267902.2924066, 1526267902.3065414, 1526267902.320681, 1526267902.3370597, 1526267902.353794, 1526267902.3699787, 1526267902.3842049, 1526267902.4002163, 1526267902.4162996, 1526267902.4284942, 1526267902.4444585, 1526267902.4602911, 1526267902.4765837, 1526267902.492458, 1526267902.508377, 1526267902.5240898, 1526267902.5402792, 1526267902.5564802, 1526267902.5728972, 1526267902.5866444, 1526267902.602901, 1526267902.6186981, 1526267902.6345417, 1526267902.6512766, 1526267902.6680155, 1526267902.6845667, 1526267902.700078, 1526267902.7133842, 1526267902.7298195, 1526267902.7461553, 1526267902.7596958, 1526267902.7755575, 1526267902.7892938, 1526267902.8051326, 1526267902.8211596, 1526267902.83748, 1526267902.8554444, 1526267902.8693848, 1526267902.8819137, 1526267902.8979504, 1526267902.913802, 1526267902.9297528, 1526267902.9454887, 1526267902.9613104, 1526267902.977141, 1526267902.9912639, 1526267903.0056584, 1526267903.0217917, 1526267903.0376818, 1526267903.0525765, 1526267903.0668843, 1526267903.0796604, 1526267903.0959296, 1526267903.1117887, 1526267903.127945, 1526267903.144171, 1526267903.1604857, 1526267903.1768239, 1526267903.1931105, 1526267903.2091634, 1526267903.225126, 1526267903.2384655, 1526267903.2533982, 1526267903.2681236, 1526267903.2811902, 1526267903.2961867, 1526267903.3109078, 1526267903.3255508, 1526267903.3390768, 1526267903.3537068, 1526267903.368408, 1526267903.380034, 1526267903.3949988, 1526267903.4079316, 1526267903.4225023, 1526267903.434763, 1526267903.4469244, 1526267903.4607263, 1526267903.4754784, 1526267903.4901485, 1526267903.505201, 1526267903.5197277, 1526267903.534283, 1526267903.5488627, 1526267903.561673, 1526267903.5762508, 1526267903.5900173, 1526267903.6030648, 1526267903.617693]}