{"initial_reset_timestamp": 1526243826.35903, "episode_rewards": [-97.0, -124.0, -86.0, -105.0, -107.0, -105.0, -105.0, -105.0, -105.0, -105.0, -105.0, -105.0, -90.0, -105.0, -100.0, -105.0, -89.0, -163.0, -94.0, -105.0, -92.0, -105.0, -105.0, -105.0, -105.0, -105.0, -105.0, -105.0, -105.0, -86.0, -165.0, -165.0, -166.0, -102.0, -105.0, -89.0, -105.0, -95.0, -95.0, -105.0, -106.0, -164.0, -89.0, -165.0, -87.0, -105.0, -90.0, -134.0, -105.0, -105.0, -105.0, -105.0, -105.0, -165.0, -101.0, -89.0, -105.0, -86.0, -91.0, -99.0, -97.0, -86.0, -105.0, -105.0, -89.0, -105.0, -93.0, -165.0, -105.0, -105.0, -105.0, -98.0, -88.0, -105.0, -85.0, -116.0, -105.0, -105.0, -86.0, -105.0, -173.0, -105.0, -105.0, -99.0, -105.0, -105.0, -105.0, -105.0, -181.0, -105.0, -122.0, -89.0, -106.0, -86.0, -105.0, -92.0, -105.0, -89.0, -86.0, -106.0], "episode_lengths": [97, 124, 86, 105, 107, 105, 105, 105, 105, 105, 105, 105, 90, 105, 100, 105, 89, 163, 94, 105, 92, 105, 105, 105, 105, 105, 105, 105, 105, 86, 165, 165, 166, 102, 105, 89, 105, 95, 95, 105, 106, 164, 89, 165, 87, 105, 90, 134, 105, 105, 105, 105, 105, 165, 101, 89, 105, 86, 91, 99, 97, 86, 105, 105, 89, 105, 93, 165, 105, 105, 105, 98, 88, 105, 85, 116, 105, 105, 86, 105, 173, 105, 105, 99, 105, 105, 105, 105, 181, 105, 122, 89, 106, 86, 105, 92, 105, 89, 86, 106], "episode_types": ["t", "t", "t", "t", "t", "t", "t", "t", "t", "t", "t", "t", "t", "t", "t", "t", "t", "t", "t", "t", "t", "t", "t", "t", "t", "t", "t", "t", "t", "t", "t", "t", "t", "t", "t", "t", "t", "t", "t", "t", "t", "t", "t", "t", "t", "t", "t", "t", "t", "t", "t", "t", "t", "t", "t", "t", "t", "t", "t", "t", "t", "t", "t", "t", "t", "t", "t", "t", "t", "t", "t", "t", "t", "t", "t", "t", "t", "t", "t", "t", "t", "t", "t", "t", "t", "t", "t", "t", "t", "t", "t", "t", "t", "t", "t", "t", "t", "t", "t", "t"], "timestamps": [1526243827.9863973, 1526243828.0820808, 1526243828.0948398, 1526243828.1099308, 1526243828.1249204, 1526243828.1411011, 1526243828.1564891, 1526243828.1710863, 1526243828.185714, 1526243828.2003691, 1526243828.2152371, 1526243828.229766, 1526243828.2423873, 1526243828.2572854, 1526243828.2711792, 1526243828.2858403, 1526243828.2982178, 1526243828.3214445, 1526243828.3345053, 1526243828.3491333, 1526243828.3626504, 1526243828.3781607, 1526243828.3937435, 1526243828.4085984, 1526243828.423749, 1526243828.4382868, 1526243828.452819, 1526243828.4687285, 1526243828.4845185, 1526243828.4967442, 1526243828.5221663, 1526243828.5464852, 1526243828.5716999, 1526243828.5868049, 1526243828.6026628, 1526243828.6157875, 1526243828.631155, 1526243828.646111, 1526243828.660338, 1526243828.6760602, 1526243828.6918943, 1526243828.7170877, 1526243828.729747, 1526243828.7547195, 1526243828.766917, 1526243828.7818923, 1526243828.7955418, 1526243828.825049, 1526243828.8411882, 1526243828.8570678, 1526243828.8728998, 1526243828.8887255, 1526243828.9047008, 1526243828.929005, 1526243828.9440193, 1526243828.9574158, 1526243828.9731553, 1526243828.9862168, 1526243828.9991078, 1526243829.0139842, 1526243829.028522, 1526243829.0415864, 1526243829.0574827, 1526243829.0732105, 1526243829.086592, 1526243829.102385, 1526243829.115683, 1526243829.1413014, 1526243829.1573408, 1526243829.1733541, 1526243829.190036, 1526243829.2052865, 1526243829.2191486, 1526243829.234997, 1526243829.2470176, 1526243829.2643607, 1526243829.2802796, 1526243829.2963614, 1526243829.3096745, 1526243829.3257775, 1526243829.353553, 1526243829.3694632, 1526243829.385824, 1526243829.4008243, 1526243829.4169161, 1526243829.4329114, 1526243829.4488797, 1526243829.4643402, 1526243829.4917727, 1526243829.506984, 1526243829.523847, 1526243829.5362525, 1526243829.5509984, 1526243829.5628788, 1526243829.577378, 1526243829.5901334, 1526243829.6050591, 1526243829.6175056, 1526243829.6293633, 1526243829.644904]}