{"initial_reset_timestamp": 1526243273.2272778, "episode_rewards": [-92.0, -105.0, -95.0, -101.0, -106.0, -105.0, -106.0, -106.0, -114.0, -105.0, -98.0, -105.0, -88.0, -89.0, -87.0, -106.0, -105.0, -105.0, -105.0, -107.0, -105.0, -94.0, -120.0, -105.0, -94.0, -105.0, -106.0, -106.0, -87.0, -105.0, -89.0, -105.0, -92.0, -105.0, -107.0, -86.0, -102.0, -117.0, -105.0, -105.0, -86.0, -107.0, -90.0, -107.0, -93.0, -105.0, -105.0, -106.0, -105.0, -105.0, -105.0, -106.0, -105.0, -105.0, -88.0, -105.0, -106.0, -106.0, -105.0, -105.0, -105.0, -107.0, -105.0, -105.0, -105.0, -109.0, -105.0, -88.0, -105.0, -88.0, -105.0, -88.0, -105.0, -90.0, -105.0, -95.0, -92.0, -106.0, -106.0, -105.0, -107.0, -105.0, -105.0, -105.0, -87.0, -105.0, -106.0, -89.0, -92.0, -105.0, -88.0, -106.0, -87.0, -88.0, -106.0, -105.0, -99.0, -106.0, -105.0, -107.0], "episode_lengths": [92, 105, 95, 101, 106, 105, 106, 106, 114, 105, 98, 105, 88, 89, 87, 106, 105, 105, 105, 107, 105, 94, 120, 105, 94, 105, 106, 106, 87, 105, 89, 105, 92, 105, 107, 86, 102, 117, 105, 105, 86, 107, 90, 107, 93, 105, 105, 106, 105, 105, 105, 106, 105, 105, 88, 105, 106, 106, 105, 105, 105, 107, 105, 105, 105, 109, 105, 88, 105, 88, 105, 88, 105, 90, 105, 95, 92, 106, 106, 105, 107, 105, 105, 105, 87, 105, 106, 89, 92, 105, 88, 106, 87, 88, 106, 105, 99, 106, 105, 107], "episode_types": ["t", "t", "t", "t", "t", "t", "t", "t", "t", "t", "t", "t", "t", "t", "t", "t", "t", "t", "t", "t", "t", "t", "t", "t", "t", "t", "t", "t", "t", "t", "t", "t", "t", "t", "t", "t", "t", "t", "t", "t", "t", "t", "t", "t", "t", "t", "t", "t", "t", "t", "t", "t", "t", "t", "t", "t", "t", "t", "t", "t", "t", "t", "t", "t", "t", "t", "t", "t", "t", "t", "t", "t", "t", "t", "t", "t", "t", "t", "t", "t", "t", "t", "t", "t", "t", "t", "t", "t", "t", "t", "t", "t", "t", "t", "t", "t", "t", "t", "t", "t"], "timestamps": [1526243275.689946, 1526243275.9273117, 1526243275.966875, 1526243276.0106995, 1526243276.056836, 1526243276.1017015, 1526243276.1473708, 1526243276.1934783, 1526243276.2376058, 1526243276.2774556, 1526243276.314633, 1526243276.3545282, 1526243276.3881025, 1526243276.42163, 1526243276.4545102, 1526243276.4951503, 1526243276.5348742, 1526243276.5742028, 1526243276.6169536, 1526243276.6691713, 1526243276.7202199, 1526243276.7588944, 1526243276.80416, 1526243276.8443222, 1526243276.8796968, 1526243276.9201987, 1526243276.9604902, 1526243277.0015028, 1526243277.0347626, 1526243277.0840158, 1526243277.1180658, 1526243277.1581545, 1526243277.1932561, 1526243277.2332058, 1526243277.2755184, 1526243277.3086994, 1526243277.347376, 1526243277.3912861, 1526243277.430802, 1526243277.470225, 1526243277.502929, 1526243277.5432231, 1526243277.5768108, 1526243277.6170416, 1526243277.6560917, 1526243277.6958036, 1526243277.7353473, 1526243277.7748978, 1526243277.814174, 1526243277.853531, 1526243277.8929284, 1526243277.9327872, 1526243277.9722464, 1526243278.0116997, 1526243278.0446022, 1526243278.0840442, 1526243278.123984, 1526243278.1642497, 1526243278.2040107, 1526243278.2436237, 1526243278.2828662, 1526243278.3230267, 1526243278.3623781, 1526243278.4016178, 1526243278.44102, 1526243278.4816942, 1526243278.5211425, 1526243278.5539765, 1526243278.5933957, 1526243278.6123533, 1526243278.629432, 1526243278.6424258, 1526243278.657761, 1526243278.670236, 1526243278.6849008, 1526243278.6980157, 1526243278.710686, 1526243278.7253795, 1526243278.7402716, 1526243278.7548885, 1526243278.7696738, 1526243278.784205, 1526243278.7988026, 1526243278.8133974, 1526243278.8255012, 1526243278.8401093, 1526243278.8548536, 1526243278.8671863, 1526243278.8798628, 1526243278.8944724, 1526243278.9066877, 1526243278.921404, 1526243278.933575, 1526243278.9458559, 1526243278.9605865, 1526243278.9752514, 1526243278.98925, 1526243279.0041158, 1526243279.0186486, 1526243279.0336082]}