{"initial_reset_timestamp": 1526239327.8988018, "episode_rewards": [-87.0, -105.0, -105.0, -149.0, -154.0, -102.0, -92.0, -84.0, -104.0, -84.0, -152.0, -92.0, -99.0, -149.0, -87.0, -87.0, -89.0, -92.0, -93.0, -90.0, -104.0, -87.0, -104.0, -87.0, -105.0, -149.0, -105.0, -93.0, -104.0, -105.0, -149.0, -105.0, -105.0, -96.0, -105.0, -89.0, -105.0, -91.0, -104.0, -149.0, -163.0, -94.0, -112.0, -105.0, -104.0, -87.0, -93.0, -105.0, -94.0, -104.0, -104.0, -105.0, -105.0, -84.0, -105.0, -105.0, -89.0, -89.0, -105.0, -104.0, -104.0, -84.0, -105.0, -154.0, -105.0, -104.0, -104.0, -93.0, -105.0, -104.0, -105.0, -105.0, -89.0, -104.0, -168.0, -105.0, -89.0, -87.0, -148.0, -105.0, -105.0, -105.0, -105.0, -105.0, -85.0, -105.0, -105.0, -104.0, -90.0, -88.0, -105.0, -149.0, -104.0, -102.0, -95.0, -105.0, -105.0, -85.0, -110.0, -104.0], "episode_lengths": [87, 105, 105, 149, 154, 102, 92, 84, 104, 84, 152, 92, 99, 149, 87, 87, 89, 92, 93, 90, 104, 87, 104, 87, 105, 149, 105, 93, 104, 105, 149, 105, 105, 96, 105, 89, 105, 91, 104, 149, 163, 94, 112, 105, 104, 87, 93, 105, 94, 104, 104, 105, 105, 84, 105, 105, 89, 89, 105, 104, 104, 84, 105, 154, 105, 104, 104, 93, 105, 104, 105, 105, 89, 104, 168, 105, 89, 87, 148, 105, 105, 105, 105, 105, 85, 105, 105, 104, 90, 88, 105, 149, 104, 102, 95, 105, 105, 85, 110, 104], "episode_types": ["t", "t", "t", "t", "t", "t", "t", "t", "t", "t", "t", "t", "t", "t", "t", "t", "t", "t", "t", "t", "t", "t", "t", "t", "t", "t", "t", "t", "t", "t", "t", "t", "t", "t", "t", "t", "t", "t", "t", "t", "t", "t", "t", "t", "t", "t", "t", "t", "t", "t", "t", "t", "t", "t", "t", "t", "t", "t", "t", "t", "t", "t", "t", "t", "t", "t", "t", "t", "t", "t", "t", "t", "t", "t", "t", "t", "t", "t", "t", "t", "t", "t", "t", "t", "t", "t", "t", "t", "t", "t", "t", "t", "t", "t", "t", "t", "t", "t", "t", "t"], "timestamps": [1526239329.3635304, 1526239329.4557998, 1526239329.4705703, 1526239329.491793, 1526239329.5145345, 1526239329.52898, 1526239329.5418818, 1526239329.5534923, 1526239329.5681214, 1526239329.5798357, 1526239329.6010606, 1526239329.6137466, 1526239329.6282458, 1526239329.6504753, 1526239329.6633196, 1526239329.6761794, 1526239329.6896465, 1526239329.703647, 1526239329.7195892, 1526239329.7322178, 1526239329.7467804, 1526239329.758783, 1526239329.7735746, 1526239329.7856686, 1526239329.8002334, 1526239329.8213842, 1526239329.8360324, 1526239329.8491476, 1526239329.863628, 1526239329.878354, 1526239329.8991075, 1526239329.9140983, 1526239329.9289284, 1526239329.942224, 1526239329.9567983, 1526239329.9692304, 1526239329.9837565, 1526239329.996425, 1526239330.0108242, 1526239330.031592, 1526239330.0542097, 1526239330.069029, 1526239330.0859673, 1526239330.102372, 1526239330.12003, 1526239330.133518, 1526239330.1479566, 1526239330.1639345, 1526239330.177512, 1526239330.193319, 1526239330.2092628, 1526239330.225548, 1526239330.2422068, 1526239330.2555602, 1526239330.2717168, 1526239330.2879355, 1526239330.3095527, 1526239330.3260698, 1526239330.3458927, 1526239330.362251, 1526239330.3781993, 1526239330.3904393, 1526239330.40611, 1526239330.4300606, 1526239330.4458823, 1526239330.4616113, 1526239330.4767952, 1526239330.4908345, 1526239330.5066125, 1526239330.5224614, 1526239330.5385337, 1526239330.5544314, 1526239330.5683541, 1526239330.5844457, 1526239330.60945, 1526239330.62581, 1526239330.6398227, 1526239330.6533363, 1526239330.6759121, 1526239330.6920874, 1526239330.7080545, 1526239330.724236, 1526239330.7402413, 1526239330.7561998, 1526239330.7696288, 1526239330.7857862, 1526239330.8017874, 1526239330.81819, 1526239330.8320436, 1526239330.8451517, 1526239330.8606632, 1526239330.884439, 1526239330.9004416, 1526239330.9158492, 1526239330.9301717, 1526239330.9461083, 1526239330.9615695, 1526239330.9745302, 1526239330.9911172, 1526239331.0070784]}