{"initial_reset_timestamp": 1526265441.8939395, "episode_rewards": [-98.0, -105.0, -88.0, -96.0, -151.0, -102.0, -164.0, -84.0, -156.0, -165.0, -105.0, -93.0, -104.0, -104.0, -94.0, -91.0, -165.0, -104.0, -104.0, -105.0, -84.0, -165.0, -89.0, -104.0, -97.0, -102.0, -86.0, -88.0, -84.0, -105.0, -92.0, -105.0, -90.0, -87.0, -86.0, -103.0, -105.0, -89.0, -164.0, -98.0, -105.0, -104.0, -105.0, -105.0, -110.0, -104.0, -105.0, -105.0, -105.0, -84.0, -92.0, -94.0, -85.0, -105.0, -105.0, -85.0, -105.0, -150.0, -85.0, -102.0, -105.0, -105.0, -172.0, -105.0, -150.0, -105.0, -165.0, -126.0, -93.0, -84.0, -105.0, -105.0, -105.0, -164.0, -92.0, -105.0, -94.0, -104.0, -120.0, -104.0, -103.0, -95.0, -105.0, -172.0, -105.0, -99.0, -105.0, -96.0, -105.0, -88.0, -104.0, -165.0, -91.0, -105.0, -92.0, -105.0, -149.0, -105.0, -105.0, -86.0], "episode_lengths": [98, 105, 88, 96, 151, 102, 164, 84, 156, 165, 105, 93, 104, 104, 94, 91, 165, 104, 104, 105, 84, 165, 89, 104, 97, 102, 86, 88, 84, 105, 92, 105, 90, 87, 86, 103, 105, 89, 164, 98, 105, 104, 105, 105, 110, 104, 105, 105, 105, 84, 92, 94, 85, 105, 105, 85, 105, 150, 85, 102, 105, 105, 172, 105, 150, 105, 165, 126, 93, 84, 105, 105, 105, 164, 92, 105, 94, 104, 120, 104, 103, 95, 105, 172, 105, 99, 105, 96, 105, 88, 104, 165, 91, 105, 92, 105, 149, 105, 105, 86], "episode_types": ["t", "t", "t", "t", "t", "t", "t", "t", "t", "t", "t", "t", "t", "t", "t", "t", "t", "t", "t", "t", "t", "t", "t", "t", "t", "t", "t", "t", "t", "t", "t", "t", "t", "t", "t", "t", "t", "t", "t", "t", "t", "t", "t", "t", "t", "t", "t", "t", "t", "t", "t", "t", "t", "t", "t", "t", "t", "t", "t", "t", "t", "t", "t", "t", "t", "t", "t", "t", "t", "t", "t", "t", "t", "t", "t", "t", "t", "t", "t", "t", "t", "t", "t", "t", "t", "t", "t", "t", "t", "t", "t", "t", "t", "t", "t", "t", "t", "t", "t", "t"], "timestamps": [1526265444.4327438, 1526265444.6274562, 1526265444.6601908, 1526265444.695497, 1526265444.7515028, 1526265444.7887635, 1526265444.8493135, 1526265444.8801608, 1526265444.9421566, 1526265445.0026941, 1526265445.0414054, 1526265445.0753381, 1526265445.113542, 1526265445.1521118, 1526265445.186855, 1526265445.2202048, 1526265445.2807693, 1526265445.3190806, 1526265445.357303, 1526265445.396039, 1526265445.4271274, 1526265445.488148, 1526265445.5229957, 1526265445.5615535, 1526265445.5977576, 1526265445.6358218, 1526265445.6678593, 1526265445.7005148, 1526265445.7312274, 1526265445.7698627, 1526265445.8037448, 1526265445.8422713, 1526265445.8751884, 1526265445.9107344, 1526265445.9533498, 1526265445.991021, 1526265446.029774, 1526265446.062382, 1526265446.1244576, 1526265446.1608696, 1526265446.199538, 1526265446.2379887, 1526265446.2767663, 1526265446.316551, 1526265446.356957, 1526265446.3954287, 1526265446.4343233, 1526265446.473117, 1526265446.5120523, 1526265446.5428896, 1526265446.5766447, 1526265446.6116545, 1526265446.6431122, 1526265446.6817186, 1526265446.7209446, 1526265446.7520666, 1526265446.7907505, 1526265446.84624, 1526265446.877436, 1526265446.9257042, 1526265446.9674845, 1526265447.0062099, 1526265447.0690331, 1526265447.1076238, 1526265447.1629608, 1526265447.2015905, 1526265447.2623923, 1526265447.310241, 1526265447.3445299, 1526265447.3752685, 1526265447.4139957, 1526265447.4528656, 1526265447.4914804, 1526265447.5515616, 1526265447.585347, 1526265447.6244836, 1526265447.6590393, 1526265447.697375, 1526265447.7409978, 1526265447.7791798, 1526265447.8169067, 1526265447.8515556, 1526265447.8899524, 1526265447.9570775, 1526265447.995724, 1526265448.0320592, 1526265448.0705745, 1526265448.1057615, 1526265448.1446903, 1526265448.1860197, 1526265448.2247026, 1526265448.28502, 1526265448.318693, 1526265448.3575544, 1526265448.3912976, 1526265448.4302468, 1526265448.485903, 1526265448.5264819, 1526265448.565174, 1526265448.5971792]}