{"initial_reset_timestamp": 1526259841.9211273, "episode_rewards": [-105.0, -105.0, -158.0, -101.0, -85.0, -86.0, -105.0, -164.0, -105.0, -105.0, -95.0, -105.0, -96.0, -105.0, -105.0, -105.0, -105.0, -150.0, -105.0, -96.0, -96.0, -176.0, -105.0, -164.0, -105.0, -158.0, -158.0, -105.0, -105.0, -87.0, -91.0, -86.0, -91.0, -105.0, -89.0, -163.0, -94.0, -115.0, -163.0, -94.0, -105.0, -98.0, -115.0, -105.0, -88.0, -84.0, -92.0, -158.0, -94.0, -105.0, -105.0, -105.0, -99.0, -164.0, -158.0, -105.0, -105.0, -164.0, -105.0, -91.0, -96.0, -105.0, -84.0, -150.0, -164.0, -86.0, -150.0, -85.0, -91.0, -86.0, -105.0, -105.0, -164.0, -154.0, -105.0, -168.0, -105.0, -105.0, -105.0, -85.0, -93.0, -105.0, -105.0, -98.0, -105.0, -100.0, -90.0, -103.0, -105.0, -105.0, -105.0, -85.0, -163.0, -105.0, -105.0, -165.0, -86.0, -86.0, -98.0, -96.0], "episode_lengths": [105, 105, 158, 101, 85, 86, 105, 164, 105, 105, 95, 105, 96, 105, 105, 105, 105, 150, 105, 96, 96, 176, 105, 164, 105, 158, 158, 105, 105, 87, 91, 86, 91, 105, 89, 163, 94, 115, 163, 94, 105, 98, 115, 105, 88, 84, 92, 158, 94, 105, 105, 105, 99, 164, 158, 105, 105, 164, 105, 91, 96, 105, 84, 150, 164, 86, 150, 85, 91, 86, 105, 105, 164, 154, 105, 168, 105, 105, 105, 85, 93, 105, 105, 98, 105, 100, 90, 103, 105, 105, 105, 85, 163, 105, 105, 165, 86, 86, 98, 96], "episode_types": ["t", "t", "t", "t", "t", "t", "t", "t", "t", "t", "t", "t", "t", "t", "t", "t", "t", "t", "t", "t", "t", "t", "t", "t", "t", "t", "t", "t", "t", "t", "t", "t", "t", "t", "t", "t", "t", "t", "t", "t", "t", "t", "t", "t", "t", "t", "t", "t", "t", "t", "t", "t", "t", "t", "t", "t", "t", "t", "t", "t", "t", "t", "t", "t", "t", "t", "t", "t", "t", "t", "t", "t", "t", "t", "t", "t", "t", "t", "t", "t", "t", "t", "t", "t", "t", "t", "t", "t", "t", "t", "t", "t", "t", "t", "t", "t", "t", "t", "t", "t"], "timestamps": [1526259843.684114, 1526259843.7879372, 1526259843.8129706, 1526259843.8285654, 1526259843.8409555, 1526259843.8540652, 1526259843.8700671, 1526259843.8943162, 1526259843.9096007, 1526259843.9253767, 1526259843.9395587, 1526259843.956176, 1526259843.971062, 1526259843.9871962, 1526259844.0031517, 1526259844.0191212, 1526259844.0350707, 1526259844.0578482, 1526259844.0737574, 1526259844.0884054, 1526259844.1030483, 1526259844.1296153, 1526259844.1462185, 1526259844.1706774, 1526259844.186547, 1526259844.2103288, 1526259844.234517, 1526259844.2505093, 1526259844.2664182, 1526259844.2793915, 1526259844.292467, 1526259844.3058171, 1526259844.319733, 1526259844.3355272, 1526259844.3493102, 1526259844.3733053, 1526259844.3873332, 1526259844.4047668, 1526259844.430059, 1526259844.443543, 1526259844.4594946, 1526259844.4763665, 1526259844.4937901, 1526259844.5098574, 1526259844.5230691, 1526259844.535898, 1526259844.5500295, 1526259844.5732918, 1526259844.5875928, 1526259844.603586, 1526259844.619458, 1526259844.6357117, 1526259844.651077, 1526259844.6740642, 1526259844.6968772, 1526259844.7120478, 1526259844.7267222, 1526259844.749463, 1526259844.7642705, 1526259844.777007, 1526259844.790217, 1526259844.8051112, 1526259844.8175414, 1526259844.8384557, 1526259844.861421, 1526259844.8734066, 1526259844.8942053, 1526259844.9065256, 1526259844.9198945, 1526259844.9319172, 1526259844.9464304, 1526259844.9611418, 1526259844.9842453, 1526259845.0069668, 1526259845.022411, 1526259845.0456538, 1526259845.0606265, 1526259845.0761578, 1526259845.0916715, 1526259845.1041946, 1526259845.1178656, 1526259845.132867, 1526259845.1484516, 1526259845.1622682, 1526259845.1767802, 1526259845.1905332, 1526259845.2029376, 1526259845.2171023, 1526259845.2317133, 1526259845.24626, 1526259845.2609737, 1526259845.272701, 1526259845.3000436, 1526259845.314573, 1526259845.3291295, 1526259845.3519518, 1526259845.3637667, 1526259845.3755693, 1526259845.3891103, 1526259845.4023967]}