{"initial_reset_timestamp": 1526257182.1706362, "episode_rewards": [-106.0, -105.0, -89.0, -106.0, -103.0, -105.0, -86.0, -89.0, -89.0, -87.0, -170.0, -106.0, -105.0, -177.0, -105.0, -100.0, -100.0, -97.0, -91.0, -90.0, -105.0, -90.0, -89.0, -105.0, -87.0, -105.0, -99.0, -88.0, -102.0, -105.0, -99.0, -87.0, -101.0, -86.0, -84.0, -86.0, -92.0, -105.0, -92.0, -88.0, -85.0, -100.0, -105.0, -106.0, -105.0, -105.0, -166.0, -110.0, -94.0, -89.0, -100.0, -84.0, -105.0, -84.0, -106.0, -105.0, -105.0, -106.0, -91.0, -170.0, -105.0, -105.0, -105.0, -177.0, -105.0, -104.0, -105.0, -106.0, -95.0, -105.0, -105.0, -100.0, -105.0, -86.0, -88.0, -89.0, -105.0, -105.0, -102.0, -166.0, -93.0, -90.0, -91.0, -105.0, -170.0, -105.0, -105.0, -121.0, -166.0, -99.0, -105.0, -175.0, -105.0, -87.0, -111.0, -94.0, -105.0, -105.0, -105.0, -105.0], "episode_lengths": [106, 105, 89, 106, 103, 105, 86, 89, 89, 87, 170, 106, 105, 177, 105, 100, 100, 97, 91, 90, 105, 90, 89, 105, 87, 105, 99, 88, 102, 105, 99, 87, 101, 86, 84, 86, 92, 105, 92, 88, 85, 100, 105, 106, 105, 105, 166, 110, 94, 89, 100, 84, 105, 84, 106, 105, 105, 106, 91, 170, 105, 105, 105, 177, 105, 104, 105, 106, 95, 105, 105, 100, 105, 86, 88, 89, 105, 105, 102, 166, 93, 90, 91, 105, 170, 105, 105, 121, 166, 99, 105, 175, 105, 87, 111, 94, 105, 105, 105, 105], "episode_types": ["t", "t", "t", "t", "t", "t", "t", "t", "t", "t", "t", "t", "t", "t", "t", "t", "t", "t", "t", "t", "t", "t", "t", "t", "t", "t", "t", "t", "t", "t", "t", "t", "t", "t", "t", "t", "t", "t", "t", "t", "t", "t", "t", "t", "t", "t", "t", "t", "t", "t", "t", "t", "t", "t", "t", "t", "t", "t", "t", "t", "t", "t", "t", "t", "t", "t", "t", "t", "t", "t", "t", "t", "t", "t", "t", "t", "t", "t", "t", "t", "t", "t", "t", "t", "t", "t", "t", "t", "t", "t", "t", "t", "t", "t", "t", "t", "t", "t", "t", "t"], "timestamps": [1526257184.915164, 1526257185.114043, 1526257185.1480296, 1526257185.188031, 1526257185.226872, 1526257185.2667382, 1526257185.2994106, 1526257185.3331485, 1526257185.3664994, 1526257185.3990586, 1526257185.4632928, 1526257185.502863, 1526257185.5423434, 1526257185.6082184, 1526257185.6481228, 1526257185.6853557, 1526257185.7228534, 1526257185.7590177, 1526257185.7929995, 1526257185.829272, 1526257185.868624, 1526257185.9037876, 1526257185.9372623, 1526257185.9766126, 1526257186.008876, 1526257186.0485022, 1526257186.0852702, 1526257186.118013, 1526257186.15654, 1526257186.195808, 1526257186.2329667, 1526257186.2655103, 1526257186.303091, 1526257186.3354752, 1526257186.3667805, 1526257186.398896, 1526257186.4334238, 1526257186.4728336, 1526257186.5088332, 1526257186.541872, 1526257186.5735033, 1526257186.6107237, 1526257186.6505423, 1526257186.6902127, 1526257186.7295146, 1526257186.7688148, 1526257186.833137, 1526257186.8740795, 1526257186.9089742, 1526257186.9423263, 1526257186.9794672, 1526257187.0107949, 1526257187.05014, 1526257187.0829697, 1526257187.1231961, 1526257187.163176, 1526257187.2023692, 1526257187.2424715, 1526257187.2762744, 1526257187.3400264, 1526257187.379078, 1526257187.4182441, 1526257187.4576712, 1526257187.5235782, 1526257187.5629468, 1526257187.6016042, 1526257187.641528, 1526257187.6825166, 1526257187.7181945, 1526257187.7579386, 1526257187.7973852, 1526257187.8374865, 1526257187.8767297, 1526257187.9087539, 1526257187.9417143, 1526257187.974949, 1526257188.0140498, 1526257188.0537536, 1526257188.0915508, 1526257188.153981, 1526257188.1884682, 1526257188.2220542, 1526257188.256298, 1526257188.2973075, 1526257188.36136, 1526257188.4008982, 1526257188.440287, 1526257188.4851954, 1526257188.547322, 1526257188.5841286, 1526257188.6233943, 1526257188.689093, 1526257188.7282183, 1526257188.761065, 1526257188.8043187, 1526257188.8404992, 1526257188.8800995, 1526257188.9212718, 1526257188.9608102, 1526257189.000264]}