{"initial_reset_timestamp": 1526264439.9557614, "episode_rewards": [-105.0, -92.0, -105.0, -105.0, -166.0, -161.0, -105.0, -105.0, -86.0, -96.0, -87.0, -165.0, -99.0, -105.0, -105.0, -163.0, -166.0, -94.0, -105.0, -105.0, -100.0, -163.0, -95.0, -84.0, -170.0, -105.0, -105.0, -105.0, -98.0, -105.0, -97.0, -105.0, -89.0, -166.0, -106.0, -86.0, -105.0, -105.0, -105.0, -105.0, -90.0, -99.0, -105.0, -104.0, -105.0, -177.0, -93.0, -106.0, -105.0, -105.0, -94.0, -105.0, -105.0, -93.0, -106.0, -91.0, -92.0, -105.0, -115.0, -105.0, -105.0, -105.0, -93.0, -97.0, -105.0, -105.0, -105.0, -105.0, -97.0, -105.0, -105.0, -90.0, -105.0, -107.0, -175.0, -105.0, -92.0, -100.0, -91.0, -94.0, -101.0, -94.0, -111.0, -105.0, -105.0, -91.0, -105.0, -86.0, -105.0, -99.0, -91.0, -105.0, -110.0, -105.0, -97.0, -98.0, -88.0, -164.0, -105.0, -105.0], "episode_lengths": [105, 92, 105, 105, 166, 161, 105, 105, 86, 96, 87, 165, 99, 105, 105, 163, 166, 94, 105, 105, 100, 163, 95, 84, 170, 105, 105, 105, 98, 105, 97, 105, 89, 166, 106, 86, 105, 105, 105, 105, 90, 99, 105, 104, 105, 177, 93, 106, 105, 105, 94, 105, 105, 93, 106, 91, 92, 105, 115, 105, 105, 105, 93, 97, 105, 105, 105, 105, 97, 105, 105, 90, 105, 107, 175, 105, 92, 100, 91, 94, 101, 94, 111, 105, 105, 91, 105, 86, 105, 99, 91, 105, 110, 105, 97, 98, 88, 164, 105, 105], "episode_types": ["t", "t", "t", "t", "t", "t", "t", "t", "t", "t", "t", "t", "t", "t", "t", "t", "t", "t", "t", "t", "t", "t", "t", "t", "t", "t", "t", "t", "t", "t", "t", "t", "t", "t", "t", "t", "t", "t", "t", "t", "t", "t", "t", "t", "t", "t", "t", "t", "t", "t", "t", "t", "t", "t", "t", "t", "t", "t", "t", "t", "t", "t", "t", "t", "t", "t", "t", "t", "t", "t", "t", "t", "t", "t", "t", "t", "t", "t", "t", "t", "t", "t", "t", "t", "t", "t", "t", "t", "t", "t", "t", "t", "t", "t", "t", "t", "t", "t", "t", "t"], "timestamps": [1526264441.7352476, 1526264441.8380508, 1526264441.85438, 1526264441.870456, 1526264441.8974228, 1526264441.9222922, 1526264441.9383905, 1526264441.9547734, 1526264441.968072, 1526264441.98267, 1526264441.994858, 1526264442.0202591, 1526264442.0355706, 1526264442.0515726, 1526264442.0675006, 1526264442.0914915, 1526264442.1172369, 1526264442.1309397, 1526264442.1475925, 1526264442.1635911, 1526264442.1786337, 1526264442.2039232, 1526264442.2187345, 1526264442.2315593, 1526264442.2568557, 1526264442.27267, 1526264442.2885866, 1526264442.304645, 1526264442.3193393, 1526264442.3352978, 1526264442.349883, 1526264442.365288, 1526264442.378523, 1526264442.4045627, 1526264442.420675, 1526264442.434033, 1526264442.449812, 1526264442.4655402, 1526264442.4810424, 1526264442.4964473, 1526264442.5100677, 1526264442.5251138, 1526264442.5409343, 1526264442.5565305, 1526264442.5722015, 1526264442.5987997, 1526264442.6121984, 1526264442.62829, 1526264442.6447349, 1526264442.6602793, 1526264442.6743689, 1526264442.690234, 1526264442.705994, 1526264442.7199655, 1526264442.736228, 1526264442.749702, 1526264442.762707, 1526264442.777269, 1526264442.7931302, 1526264442.8076227, 1526264442.8221443, 1526264442.8369799, 1526264442.849808, 1526264442.8702319, 1526264442.891677, 1526264442.9065022, 1526264442.921041, 1526264442.9357347, 1526264442.9491389, 1526264442.9636326, 1526264442.978113, 1526264442.9905806, 1526264443.0053623, 1526264443.0201101, 1526264443.044348, 1526264443.0588005, 1526264443.071416, 1526264443.0851185, 1526264443.097617, 1526264443.1106648, 1526264443.1245766, 1526264443.137952, 1526264443.1545618, 1526264443.169303, 1526264443.1839442, 1526264443.1965735, 1526264443.21114, 1526264443.223189, 1526264443.2380764, 1526264443.2517703, 1526264443.2643847, 1526264443.2789345, 1526264443.2940893, 1526264443.3086798, 1526264443.3221035, 1526264443.335678, 1526264443.3478339, 1526264443.3705795, 1526264443.38532, 1526264443.4006958]}