{"initial_reset_timestamp": 1526252515.778475, "episode_rewards": [-105.0, -95.0, -86.0, -105.0, -106.0, -106.0, -105.0, -105.0, -105.0, -105.0, -105.0, -105.0, -105.0, -87.0, -90.0, -106.0, -105.0, -86.0, -93.0, -105.0, -93.0, -88.0, -105.0, -91.0, -97.0, -96.0, -84.0, -97.0, -165.0, -105.0, -105.0, -86.0, -105.0, -106.0, -86.0, -86.0, -105.0, -89.0, -105.0, -88.0, -105.0, -174.0, -85.0, -91.0, -105.0, -105.0, -105.0, -88.0, -93.0, -85.0, -91.0, -91.0, -110.0, -88.0, -165.0, -105.0, -103.0, -115.0, -106.0, -105.0, -97.0, -106.0, -92.0, -165.0, -105.0, -106.0, -105.0, -105.0, -121.0, -95.0, -105.0, -115.0, -93.0, -105.0, -96.0, -105.0, -105.0, -164.0, -105.0, -106.0, -90.0, -86.0, -92.0, -89.0, -105.0, -86.0, -105.0, -105.0, -105.0, -94.0, -90.0, -105.0, -94.0, -105.0, -173.0, -105.0, -96.0, -90.0, -90.0, -105.0], "episode_lengths": [105, 95, 86, 105, 106, 106, 105, 105, 105, 105, 105, 105, 105, 87, 90, 106, 105, 86, 93, 105, 93, 88, 105, 91, 97, 96, 84, 97, 165, 105, 105, 86, 105, 106, 86, 86, 105, 89, 105, 88, 105, 174, 85, 91, 105, 105, 105, 88, 93, 85, 91, 91, 110, 88, 165, 105, 103, 115, 106, 105, 97, 106, 92, 165, 105, 106, 105, 105, 121, 95, 105, 115, 93, 105, 96, 105, 105, 164, 105, 106, 90, 86, 92, 89, 105, 86, 105, 105, 105, 94, 90, 105, 94, 105, 173, 105, 96, 90, 90, 105], "episode_types": ["t", "t", "t", "t", "t", "t", "t", "t", "t", "t", "t", "t", "t", "t", "t", "t", "t", "t", "t", "t", "t", "t", "t", "t", "t", "t", "t", "t", "t", "t", "t", "t", "t", "t", "t", "t", "t", "t", "t", "t", "t", "t", "t", "t", "t", "t", "t", "t", "t", "t", "t", "t", "t", "t", "t", "t", "t", "t", "t", "t", "t", "t", "t", "t", "t", "t", "t", "t", "t", "t", "t", "t", "t", "t", "t", "t", "t", "t", "t", "t", "t", "t", "t", "t", "t", "t", "t", "t", "t", "t", "t", "t", "t", "t", "t", "t", "t", "t", "t", "t"], "timestamps": [1526252518.5866423, 1526252518.7872171, 1526252518.8196654, 1526252518.859218, 1526252518.8991706, 1526252518.9394743, 1526252518.9790168, 1526252519.0186486, 1526252519.05797, 1526252519.0974634, 1526252519.1371336, 1526252519.1765032, 1526252519.2158115, 1526252519.2484658, 1526252519.282005, 1526252519.3218231, 1526252519.3610008, 1526252519.3931532, 1526252519.4299176, 1526252519.4698575, 1526252519.5044568, 1526252519.5374236, 1526252519.5766668, 1526252519.6106222, 1526252519.6472251, 1526252519.682996, 1526252519.7142792, 1526252519.7505357, 1526252519.8122728, 1526252519.8516026, 1526252519.8908134, 1526252519.92291, 1526252519.962443, 1526252520.0020528, 1526252520.0340679, 1526252520.0661147, 1526252520.1052737, 1526252520.138801, 1526252520.1780255, 1526252520.2109084, 1526252520.250187, 1526252520.3151422, 1526252520.3468986, 1526252520.3808336, 1526252520.422905, 1526252520.4631398, 1526252520.502798, 1526252520.5360153, 1526252520.5707433, 1526252520.602686, 1526252520.637034, 1526252520.671012, 1526252520.711878, 1526252520.7449205, 1526252520.806617, 1526252520.8467968, 1526252520.8853292, 1526252520.928785, 1526252520.971695, 1526252521.011586, 1526252521.0481112, 1526252521.0879261, 1526252521.1221797, 1526252521.1845164, 1526252521.2238114, 1526252521.2638054, 1526252521.3031235, 1526252521.3425677, 1526252521.3873441, 1526252521.4367917, 1526252521.4768627, 1526252521.5195265, 1526252521.5541687, 1526252521.5942523, 1526252521.6301863, 1526252521.6699438, 1526252521.7094717, 1526252521.7758505, 1526252521.8206446, 1526252521.8604753, 1526252521.89424, 1526252521.9281745, 1526252521.9630291, 1526252521.996738, 1526252522.037099, 1526252522.0694444, 1526252522.1086557, 1526252522.1485996, 1526252522.1878223, 1526252522.2230902, 1526252522.2566514, 1526252522.2959077, 1526252522.331207, 1526252522.3704789, 1526252522.4498184, 1526252522.4894156, 1526252522.525248, 1526252522.5588052, 1526252522.592326, 1526252522.6317332]}