{"initial_reset_timestamp": 1526276554.7300456, "episode_rewards": [-105.0, -105.0, -105.0, -91.0, -105.0, -105.0, -157.0, -91.0, -105.0, -86.0, -154.0, -84.0, -150.0, -105.0, -105.0, -150.0, -105.0, -98.0, -105.0, -105.0, -90.0, -105.0, -88.0, -177.0, -105.0, -105.0, -108.0, -105.0, -105.0, -165.0, -105.0, -105.0, -93.0, -105.0, -105.0, -156.0, -88.0, -105.0, -94.0, -89.0, -162.0, -105.0, -88.0, -165.0, -105.0, -86.0, -152.0, -91.0, -152.0, -84.0, -105.0, -94.0, -105.0, -91.0, -156.0, -122.0, -89.0, -94.0, -94.0, -105.0, -105.0, -105.0, -105.0, -153.0, -96.0, -105.0, -105.0, -110.0, -105.0, -90.0, -93.0, -95.0, -90.0, -161.0, -150.0, -105.0, -90.0, -105.0, -105.0, -105.0, -105.0, -105.0, -105.0, -105.0, -92.0, -105.0, -105.0, -93.0, -102.0, -92.0, -165.0, -105.0, -105.0, -105.0, -153.0, -99.0, -163.0, -105.0, -108.0, -105.0], "episode_lengths": [105, 105, 105, 91, 105, 105, 157, 91, 105, 86, 154, 84, 150, 105, 105, 150, 105, 98, 105, 105, 90, 105, 88, 177, 105, 105, 108, 105, 105, 165, 105, 105, 93, 105, 105, 156, 88, 105, 94, 89, 162, 105, 88, 165, 105, 86, 152, 91, 152, 84, 105, 94, 105, 91, 156, 122, 89, 94, 94, 105, 105, 105, 105, 153, 96, 105, 105, 110, 105, 90, 93, 95, 90, 161, 150, 105, 90, 105, 105, 105, 105, 105, 105, 105, 92, 105, 105, 93, 102, 92, 165, 105, 105, 105, 153, 99, 163, 105, 108, 105], "episode_types": ["t", "t", "t", "t", "t", "t", "t", "t", "t", "t", "t", "t", "t", "t", "t", "t", "t", "t", "t", "t", "t", "t", "t", "t", "t", "t", "t", "t", "t", "t", "t", "t", "t", "t", "t", "t", "t", "t", "t", "t", "t", "t", "t", "t", "t", "t", "t", "t", "t", "t", "t", "t", "t", "t", "t", "t", "t", "t", "t", "t", "t", "t", "t", "t", "t", "t", "t", "t", "t", "t", "t", "t", "t", "t", "t", "t", "t", "t", "t", "t", "t", "t", "t", "t", "t", "t", "t", "t", "t", "t", "t", "t", "t", "t", "t", "t", "t", "t", "t", "t"], "timestamps": [1526276556.4944472, 1526276556.603189, 1526276556.619587, 1526276556.6338527, 1526276556.6505308, 1526276556.6665552, 1526276556.6911144, 1526276556.704014, 1526276556.7249138, 1526276556.7373877, 1526276556.7611167, 1526276556.7736666, 1526276556.7961133, 1526276556.8119535, 1526276556.8275602, 1526276556.849579, 1526276556.8657138, 1526276556.8808465, 1526276556.8970654, 1526276556.9132085, 1526276556.9267375, 1526276556.9424238, 1526276556.9550955, 1526276556.9844835, 1526276557.0009418, 1526276557.017389, 1526276557.033658, 1526276557.04984, 1526276557.06553, 1526276557.089978, 1526276557.1052072, 1526276557.1209972, 1526276557.1349626, 1526276557.151474, 1526276557.1671295, 1526276557.1907258, 1526276557.203336, 1526276557.2192898, 1526276557.2338057, 1526276557.2474465, 1526276557.2713327, 1526276557.287104, 1526276557.3004513, 1526276557.3257382, 1526276557.3419983, 1526276557.3543909, 1526276557.377743, 1526276557.391324, 1526276557.4140117, 1526276557.4258592, 1526276557.4405134, 1526276557.4536786, 1526276557.4682899, 1526276557.4809914, 1526276557.502809, 1526276557.5197933, 1526276557.5324345, 1526276557.5454288, 1526276557.5584693, 1526276557.5730848, 1526276557.5879304, 1526276557.6029062, 1526276557.617516, 1526276557.639182, 1526276557.6533046, 1526276557.6688282, 1526276557.684316, 1526276557.700463, 1526276557.7151227, 1526276557.7275465, 1526276557.7403524, 1526276557.7534864, 1526276557.7659452, 1526276557.788308, 1526276557.8090956, 1526276557.823692, 1526276557.8360937, 1526276557.8506181, 1526276557.8652332, 1526276557.8797677, 1526276557.8942714, 1526276557.9087794, 1526276557.9233975, 1526276557.9379163, 1526276557.9505434, 1526276557.9651463, 1526276557.981567, 1526276557.9945314, 1526276558.008623, 1526276558.0214088, 1526276558.0442276, 1526276558.0587435, 1526276558.0732944, 1526276558.0878234, 1526276558.1090345, 1526276558.1227553, 1526276558.1454108, 1526276558.1607358, 1526276558.1766074, 1526276558.1910956]}