{"initial_reset_timestamp": 1526239178.4382975, "episode_rewards": [-87.0, -85.0, -105.0, -117.0, -105.0, -159.0, -161.0, -95.0, -172.0, -89.0, -105.0, -85.0, -86.0, -92.0, -90.0, -98.0, -105.0, -85.0, -86.0, -105.0, -89.0, -104.0, -88.0, -105.0, -105.0, -93.0, -105.0, -105.0, -86.0, -89.0, -164.0, -159.0, -87.0, -104.0, -105.0, -86.0, -105.0, -159.0, -105.0, -160.0, -105.0, -105.0, -105.0, -90.0, -93.0, -105.0, -105.0, -87.0, -105.0, -93.0, -104.0, -104.0, -105.0, -86.0, -105.0, -93.0, -164.0, -105.0, -103.0, -164.0, -93.0, -105.0, -104.0, -160.0, -87.0, -105.0, -84.0, -92.0, -91.0, -105.0, -92.0, -105.0, -104.0, -90.0, -84.0, -105.0, -105.0, -94.0, -105.0, -105.0, -105.0, -105.0, -127.0, -104.0, -104.0, -105.0, -86.0, -105.0, -105.0, -105.0, -101.0, -86.0, -85.0, -85.0, -85.0, -91.0, -105.0, -105.0, -96.0, -104.0], "episode_lengths": [87, 85, 105, 117, 105, 159, 161, 95, 172, 89, 105, 85, 86, 92, 90, 98, 105, 85, 86, 105, 89, 104, 88, 105, 105, 93, 105, 105, 86, 89, 164, 159, 87, 104, 105, 86, 105, 159, 105, 160, 105, 105, 105, 90, 93, 105, 105, 87, 105, 93, 104, 104, 105, 86, 105, 93, 164, 105, 103, 164, 93, 105, 104, 160, 87, 105, 84, 92, 91, 105, 92, 105, 104, 90, 84, 105, 105, 94, 105, 105, 105, 105, 127, 104, 104, 105, 86, 105, 105, 105, 101, 86, 85, 85, 85, 91, 105, 105, 96, 104], "episode_types": ["t", "t", "t", "t", "t", "t", "t", "t", "t", "t", "t", "t", "t", "t", "t", "t", "t", "t", "t", "t", "t", "t", "t", "t", "t", "t", "t", "t", "t", "t", "t", "t", "t", "t", "t", "t", "t", "t", "t", "t", "t", "t", "t", "t", "t", "t", "t", "t", "t", "t", "t", "t", "t", "t", "t", "t", "t", "t", "t", "t", "t", "t", "t", "t", "t", "t", "t", "t", "t", "t", "t", "t", "t", "t", "t", "t", "t", "t", "t", "t", "t", "t", "t", "t", "t", "t", "t", "t", "t", "t", "t", "t", "t", "t", "t", "t", "t", "t", "t", "t"], "timestamps": [1526239180.720381, 1526239180.9452674, 1526239180.991088, 1526239181.0413995, 1526239181.0855522, 1526239181.1542559, 1526239181.21731, 1526239181.2551596, 1526239181.3191872, 1526239181.351868, 1526239181.390874, 1526239181.422192, 1526239181.453651, 1526239181.4876025, 1526239181.5206637, 1526239181.5564742, 1526239181.5974972, 1526239181.6289306, 1526239181.6607695, 1526239181.69966, 1526239181.7325184, 1526239181.7707427, 1526239181.8033772, 1526239181.842046, 1526239181.8809862, 1526239181.9153779, 1526239181.9538343, 1526239181.9926333, 1526239182.0243292, 1526239182.0568955, 1526239182.1173294, 1526239182.1758657, 1526239182.210081, 1526239182.2503092, 1526239182.2910662, 1526239182.323165, 1526239182.3617928, 1526239182.420817, 1526239182.4593704, 1526239182.5187297, 1526239182.5573711, 1526239182.5965703, 1526239182.6358666, 1526239182.6690593, 1526239182.703833, 1526239182.7431746, 1526239182.782198, 1526239182.8171387, 1526239182.8566568, 1526239182.891008, 1526239182.9298391, 1526239182.9679596, 1526239183.0070913, 1526239183.0388813, 1526239183.077516, 1526239183.1119084, 1526239183.172558, 1526239183.2118926, 1526239183.259479, 1526239183.3222065, 1526239183.3584468, 1526239183.4008691, 1526239183.4403558, 1526239183.5006287, 1526239183.533618, 1526239183.5738566, 1526239183.6072543, 1526239183.6425862, 1526239183.6767123, 1526239183.716576, 1526239183.7511573, 1526239183.7904923, 1526239183.829766, 1526239183.863605, 1526239183.8948617, 1526239183.9343264, 1526239183.9734514, 1526239184.0088065, 1526239184.0480063, 1526239184.0871656, 1526239184.1266122, 1526239184.1662457, 1526239184.21387, 1526239184.2558532, 1526239184.2948518, 1526239184.3347805, 1526239184.3669295, 1526239184.4062896, 1526239184.4455462, 1526239184.4847562, 1526239184.5225961, 1526239184.5547366, 1526239184.5867124, 1526239184.618923, 1526239184.651363, 1526239184.6853354, 1526239184.7250729, 1526239184.7649004, 1526239184.801725, 1526239184.8414736]}