{"initial_reset_timestamp": 1526235920.5089722, "episode_rewards": [-165.0, -91.0, -105.0, -105.0, -145.0, -148.0, -87.0, -105.0, -105.0, -118.0, -105.0, -96.0, -105.0, -105.0, -165.0, -105.0, -105.0, -105.0, -144.0, -105.0, -105.0, -105.0, -86.0, -115.0, -116.0, -165.0, -105.0, -105.0, -165.0, -105.0, -180.0, -87.0, -104.0, -105.0, -145.0, -105.0, -165.0, -85.0, -164.0, -105.0, -105.0, -164.0, -145.0, -166.0, -103.0, -105.0, -105.0, -105.0, -122.0, -105.0, -105.0, -88.0, -105.0, -105.0, -105.0, -86.0, -86.0, -168.0, -169.0, -105.0, -105.0, -105.0, -115.0, -86.0, -114.0, -164.0, -109.0, -105.0, -105.0, -105.0, -105.0, -105.0, -174.0, -109.0, -144.0, -175.0, -105.0, -105.0, -105.0, -175.0, -105.0, -105.0, -105.0, -145.0, -114.0, -105.0, -178.0, -165.0, -102.0, -166.0, -165.0, -165.0, -86.0, -87.0, -105.0, -86.0, -91.0, -165.0, -176.0, -105.0], "episode_lengths": [165, 91, 105, 105, 145, 148, 87, 105, 105, 118, 105, 96, 105, 105, 165, 105, 105, 105, 144, 105, 105, 105, 86, 115, 116, 165, 105, 105, 165, 105, 180, 87, 104, 105, 145, 105, 165, 85, 164, 105, 105, 164, 145, 166, 103, 105, 105, 105, 122, 105, 105, 88, 105, 105, 105, 86, 86, 168, 169, 105, 105, 105, 115, 86, 114, 164, 109, 105, 105, 105, 105, 105, 174, 109, 144, 175, 105, 105, 105, 175, 105, 105, 105, 145, 114, 105, 178, 165, 102, 166, 165, 165, 86, 87, 105, 86, 91, 165, 176, 105], "episode_types": ["t", "t", "t", "t", "t", "t", "t", "t", "t", "t", "t", "t", "t", "t", "t", "t", "t", "t", "t", "t", "t", "t", "t", "t", "t", "t", "t", "t", "t", "t", "t", "t", "t", "t", "t", "t", "t", "t", "t", "t", "t", "t", "t", "t", "t", "t", "t", "t", "t", "t", "t", "t", "t", "t", "t", "t", "t", "t", "t", "t", "t", "t", "t", "t", "t", "t", "t", "t", "t", "t", "t", "t", "t", "t", "t", "t", "t", "t", "t", "t", "t", "t", "t", "t", "t", "t", "t", "t", "t", "t", "t", "t", "t", "t", "t", "t", "t", "t", "t", "t"], "timestamps": [1526235924.719332, 1526235924.9199839, 1526235924.959584, 1526235924.999066, 1526235925.0675924, 1526235925.1237319, 1526235925.1568317, 1526235925.1964993, 1526235925.235856, 1526235925.2801228, 1526235925.3195863, 1526235925.3556538, 1526235925.3956106, 1526235925.4352262, 1526235925.4975445, 1526235925.5375948, 1526235925.5773642, 1526235925.6169593, 1526235925.6717837, 1526235925.7110782, 1526235925.7502835, 1526235925.7895987, 1526235925.8238041, 1526235925.8663964, 1526235925.9094498, 1526235925.9708362, 1526235926.0101352, 1526235926.063036, 1526235926.1259065, 1526235926.1656644, 1526235926.232686, 1526235926.265071, 1526235926.303946, 1526235926.3437583, 1526235926.3985255, 1526235926.4381313, 1526235926.4998803, 1526235926.531894, 1526235926.594767, 1526235926.634868, 1526235926.6744661, 1526235926.737139, 1526235926.7914155, 1526235926.8533514, 1526235926.8916054, 1526235926.931114, 1526235926.9704792, 1526235927.0099037, 1526235927.071042, 1526235927.1105263, 1526235927.1504033, 1526235927.183197, 1526235927.222549, 1526235927.2617693, 1526235927.3009896, 1526235927.3352623, 1526235927.367454, 1526235927.4306297, 1526235927.4938571, 1526235927.5334778, 1526235927.572997, 1526235927.6122928, 1526235927.6552696, 1526235927.687392, 1526235927.7296672, 1526235927.7906964, 1526235927.8311625, 1526235927.8703723, 1526235927.9095504, 1526235927.9507124, 1526235927.989983, 1526235928.0293646, 1526235928.0977721, 1526235928.1387973, 1526235928.1927507, 1526235928.258074, 1526235928.2973995, 1526235928.336905, 1526235928.376224, 1526235928.4415817, 1526235928.4809601, 1526235928.520802, 1526235928.5625532, 1526235928.6195447, 1526235928.6632273, 1526235928.7024655, 1526235928.7691424, 1526235928.8308082, 1526235928.8688576, 1526235928.930887, 1526235928.9925177, 1526235929.0646982, 1526235929.0970352, 1526235929.1315658, 1526235929.1715448, 1526235929.2037337, 1526235929.2380524, 1526235929.3001516, 1526235929.3659208, 1526235929.4054718]}