{"initial_reset_timestamp": 1526239800.2240326, "episode_rewards": [-167.0, -105.0, -105.0, -104.0, -105.0, -105.0, -94.0, -105.0, -157.0, -105.0, -151.0, -105.0, -105.0, -105.0, -105.0, -90.0, -89.0, -105.0, -84.0, -86.0, -105.0, -85.0, -89.0, -105.0, -92.0, -105.0, -85.0, -118.0, -92.0, -105.0, -105.0, -103.0, -103.0, -86.0, -86.0, -100.0, -105.0, -87.0, -105.0, -108.0, -105.0, -85.0, -163.0, -105.0, -92.0, -105.0, -93.0, -105.0, -105.0, -94.0, -100.0, -94.0, -105.0, -105.0, -90.0, -154.0, -102.0, -84.0, -105.0, -105.0, -118.0, -160.0, -160.0, -88.0, -85.0, -163.0, -105.0, -105.0, -157.0, -105.0, -163.0, -86.0, -161.0, -85.0, -90.0, -166.0, -87.0, -94.0, -87.0, -97.0, -104.0, -93.0, -105.0, -105.0, -167.0, -105.0, -91.0, -105.0, -157.0, -162.0, -104.0, -170.0, -89.0, -88.0, -105.0, -127.0, -105.0, -105.0, -105.0, -105.0], "episode_lengths": [167, 105, 105, 104, 105, 105, 94, 105, 157, 105, 151, 105, 105, 105, 105, 90, 89, 105, 84, 86, 105, 85, 89, 105, 92, 105, 85, 118, 92, 105, 105, 103, 103, 86, 86, 100, 105, 87, 105, 108, 105, 85, 163, 105, 92, 105, 93, 105, 105, 94, 100, 94, 105, 105, 90, 154, 102, 84, 105, 105, 118, 160, 160, 88, 85, 163, 105, 105, 157, 105, 163, 86, 161, 85, 90, 166, 87, 94, 87, 97, 104, 93, 105, 105, 167, 105, 91, 105, 157, 162, 104, 170, 89, 88, 105, 127, 105, 105, 105, 105], "episode_types": ["t", "t", "t", "t", "t", "t", "t", "t", "t", "t", "t", "t", "t", "t", "t", "t", "t", "t", "t", "t", "t", "t", "t", "t", "t", "t", "t", "t", "t", "t", "t", "t", "t", "t", "t", "t", "t", "t", "t", "t", "t", "t", "t", "t", "t", "t", "t", "t", "t", "t", "t", "t", "t", "t", "t", "t", "t", "t", "t", "t", "t", "t", "t", "t", "t", "t", "t", "t", "t", "t", "t", "t", "t", "t", "t", "t", "t", "t", "t", "t", "t", "t", "t", "t", "t", "t", "t", "t", "t", "t", "t", "t", "t", "t", "t", "t", "t", "t", "t", "t"], "timestamps": [1526239804.586588, 1526239804.814091, 1526239804.854742, 1526239804.8929462, 1526239804.9314885, 1526239804.9702456, 1526239805.004669, 1526239805.0432954, 1526239805.1012542, 1526239805.1401742, 1526239805.1965058, 1526239805.2356427, 1526239805.2745047, 1526239805.3132524, 1526239805.3518097, 1526239805.384985, 1526239805.417782, 1526239805.4563198, 1526239805.4872763, 1526239805.5187838, 1526239805.5576718, 1526239805.5888119, 1526239805.6256597, 1526239805.6650355, 1526239805.6990356, 1526239805.737806, 1526239805.7691605, 1526239805.8122535, 1526239805.8461072, 1526239805.8852134, 1526239805.923765, 1526239805.9618084, 1526239805.9993992, 1526239806.0312643, 1526239806.0631545, 1526239806.099885, 1526239806.1391456, 1526239806.1713583, 1526239806.2101264, 1526239806.2497165, 1526239806.2882347, 1526239806.3195152, 1526239806.3796597, 1526239806.4187431, 1526239806.4528959, 1526239806.491886, 1526239806.5262625, 1526239806.5651035, 1526239806.6041992, 1526239806.6423197, 1526239806.6792293, 1526239806.7137082, 1526239806.7524562, 1526239806.7912395, 1526239806.8242874, 1526239806.8812938, 1526239806.9185288, 1526239806.9494479, 1526239806.9884734, 1526239807.0273604, 1526239807.070737, 1526239807.1298563, 1526239807.1897125, 1526239807.2220566, 1526239807.2535076, 1526239807.3134556, 1526239807.352394, 1526239807.3915246, 1526239807.4493654, 1526239807.4883456, 1526239807.5483348, 1526239807.5800314, 1526239807.6448135, 1526239807.6763794, 1526239807.7095234, 1526239807.7709372, 1526239807.8029413, 1526239807.8375146, 1526239807.8699317, 1526239807.9053698, 1526239807.9435837, 1526239807.9781146, 1526239808.0168476, 1526239808.0558643, 1526239808.1173341, 1526239808.1566489, 1526239808.1903791, 1526239808.2291615, 1526239808.2874377, 1526239808.3471715, 1526239808.3855371, 1526239808.4480357, 1526239808.481017, 1526239808.5134032, 1526239808.5520484, 1526239808.6092992, 1526239808.6603134, 1526239808.6993766, 1526239808.738025, 1526239808.7770042]}