{"initial_reset_timestamp": 1526257808.3514733, "episode_rewards": [-105.0, -89.0, -104.0, -105.0, -107.0, -98.0, -106.0, -105.0, -89.0, -105.0, -107.0, -106.0, -105.0, -99.0, -106.0, -86.0, -105.0, -105.0, -107.0, -86.0, -85.0, -105.0, -105.0, -105.0, -86.0, -90.0, -89.0, -91.0, -105.0, -96.0, -105.0, -86.0, -105.0, -90.0, -89.0, -105.0, -105.0, -97.0, -84.0, -105.0, -105.0, -105.0, -105.0, -86.0, -95.0, -97.0, -105.0, -105.0, -105.0, -105.0, -89.0, -85.0, -84.0, -105.0, -106.0, -105.0, -95.0, -106.0, -97.0, -106.0, -86.0, -105.0, -105.0, -85.0, -105.0, -98.0, -99.0, -84.0, -106.0, -105.0, -85.0, -89.0, -105.0, -105.0, -105.0, -86.0, -105.0, -91.0, -105.0, -105.0, -105.0, -105.0, -89.0, -105.0, -105.0, -105.0, -92.0, -105.0, -106.0, -105.0, -105.0, -91.0, -91.0, -105.0, -105.0, -99.0, -95.0, -85.0, -100.0, -87.0], "episode_lengths": [105, 89, 104, 105, 107, 98, 106, 105, 89, 105, 107, 106, 105, 99, 106, 86, 105, 105, 107, 86, 85, 105, 105, 105, 86, 90, 89, 91, 105, 96, 105, 86, 105, 90, 89, 105, 105, 97, 84, 105, 105, 105, 105, 86, 95, 97, 105, 105, 105, 105, 89, 85, 84, 105, 106, 105, 95, 106, 97, 106, 86, 105, 105, 85, 105, 98, 99, 84, 106, 105, 85, 89, 105, 105, 105, 86, 105, 91, 105, 105, 105, 105, 89, 105, 105, 105, 92, 105, 106, 105, 105, 91, 91, 105, 105, 99, 95, 85, 100, 87], "episode_types": ["t", "t", "t", "t", "t", "t", "t", "t", "t", "t", "t", "t", "t", "t", "t", "t", "t", "t", "t", "t", "t", "t", "t", "t", "t", "t", "t", "t", "t", "t", "t", "t", "t", "t", "t", "t", "t", "t", "t", "t", "t", "t", "t", "t", "t", "t", "t", "t", "t", "t", "t", "t", "t", "t", "t", "t", "t", "t", "t", "t", "t", "t", "t", "t", "t", "t", "t", "t", "t", "t", "t", "t", "t", "t", "t", "t", "t", "t", "t", "t", "t", "t", "t", "t", "t", "t", "t", "t", "t", "t", "t", "t", "t", "t", "t", "t", "t", "t", "t", "t"], "timestamps": [1526257811.1739867, 1526257811.3756046, 1526257811.414876, 1526257811.4550312, 1526257811.4953704, 1526257811.5324013, 1526257811.5726547, 1526257811.6124349, 1526257811.646215, 1526257811.686238, 1526257811.7303686, 1526257811.7726457, 1526257811.812269, 1526257811.8495047, 1526257811.8901093, 1526257811.922522, 1526257811.9623888, 1526257812.002055, 1526257812.0429373, 1526257812.0757627, 1526257812.107968, 1526257812.1481795, 1526257812.1881318, 1526257812.227794, 1526257812.2604096, 1526257812.2944083, 1526257812.3281913, 1526257812.3641865, 1526257812.4041228, 1526257812.4402633, 1526257812.480191, 1526257812.5126772, 1526257812.5523932, 1526257812.5862284, 1526257812.6197135, 1526257812.6599157, 1526257812.7026846, 1526257812.7394803, 1526257812.7714052, 1526257812.81098, 1526257812.850551, 1526257812.8904653, 1526257812.930173, 1526257812.9641588, 1526257813.0005486, 1526257813.0369904, 1526257813.0771558, 1526257813.1169145, 1526257813.154334, 1526257813.1697495, 1526257813.1823392, 1526257813.194273, 1526257813.206129, 1526257813.2208943, 1526257813.2356575, 1526257813.2503, 1526257813.2636516, 1526257813.2784865, 1526257813.292016, 1526257813.3068764, 1526257813.3187387, 1526257813.3333454, 1526257813.347868, 1526257813.3598466, 1526257813.374384, 1526257813.3880136, 1526257813.4017472, 1526257813.4134307, 1526257813.4280508, 1526257813.4429464, 1526257813.454856, 1526257813.4671617, 1526257813.4817104, 1526257813.496538, 1526257813.5111957, 1526257813.523123, 1526257813.5376048, 1526257813.5501757, 1526257813.566121, 1526257813.581017, 1526257813.5965097, 1526257813.6114945, 1526257813.6238012, 1526257813.6391158, 1526257813.653617, 1526257813.6697493, 1526257813.6833336, 1526257813.7005198, 1526257813.7162902, 1526257813.7319283, 1526257813.7472832, 1526257813.7602575, 1526257813.7735193, 1526257813.7890577, 1526257813.8045244, 1526257813.8190942, 1526257813.8330114, 1526257813.8447633, 1526257813.8585377, 1526257813.870598]}