{"initial_reset_timestamp": 1526249131.3649662, "episode_rewards": [-105.0, -88.0, -116.0, -105.0, -106.0, -91.0, -87.0, -105.0, -105.0, -105.0, -105.0, -106.0, -94.0, -106.0, -106.0, -105.0, -150.0, -97.0, -93.0, -87.0, -87.0, -105.0, -106.0, -87.0, -93.0, -105.0, -113.0, -86.0, -105.0, -87.0, -106.0, -176.0, -106.0, -105.0, -87.0, -89.0, -105.0, -106.0, -105.0, -91.0, -106.0, -92.0, -105.0, -107.0, -105.0, -87.0, -107.0, -106.0, -105.0, -88.0, -105.0, -107.0, -88.0, -90.0, -113.0, -107.0, -91.0, -105.0, -107.0, -107.0, -88.0, -105.0, -105.0, -105.0, -92.0, -105.0, -106.0, -105.0, -106.0, -105.0, -105.0, -88.0, -86.0, -105.0, -117.0, -105.0, -118.0, -96.0, -107.0, -105.0, -106.0, -107.0, -106.0, -95.0, -88.0, -97.0, -86.0, -90.0, -105.0, -106.0, -105.0, -88.0, -106.0, -107.0, -125.0, -107.0, -88.0, -105.0, -94.0, -85.0], "episode_lengths": [105, 88, 116, 105, 106, 91, 87, 105, 105, 105, 105, 106, 94, 106, 106, 105, 150, 97, 93, 87, 87, 105, 106, 87, 93, 105, 113, 86, 105, 87, 106, 176, 106, 105, 87, 89, 105, 106, 105, 91, 106, 92, 105, 107, 105, 87, 107, 106, 105, 88, 105, 107, 88, 90, 113, 107, 91, 105, 107, 107, 88, 105, 105, 105, 92, 105, 106, 105, 106, 105, 105, 88, 86, 105, 117, 105, 118, 96, 107, 105, 106, 107, 106, 95, 88, 97, 86, 90, 105, 106, 105, 88, 106, 107, 125, 107, 88, 105, 94, 85], "episode_types": ["t", "t", "t", "t", "t", "t", "t", "t", "t", "t", "t", "t", "t", "t", "t", "t", "t", "t", "t", "t", "t", "t", "t", "t", "t", "t", "t", "t", "t", "t", "t", "t", "t", "t", "t", "t", "t", "t", "t", "t", "t", "t", "t", "t", "t", "t", "t", "t", "t", "t", "t", "t", "t", "t", "t", "t", "t", "t", "t", "t", "t", "t", "t", "t", "t", "t", "t", "t", "t", "t", "t", "t", "t", "t", "t", "t", "t", "t", "t", "t", "t", "t", "t", "t", "t", "t", "t", "t", "t", "t", "t", "t", "t", "t", "t", "t", "t", "t", "t", "t"], "timestamps": [1526249133.1418355, 1526249133.2329764, 1526249133.2500355, 1526249133.2648263, 1526249133.2795541, 1526249133.292201, 1526249133.304258, 1526249133.3189, 1526249133.3345847, 1526249133.350078, 1526249133.36546, 1526249133.3809977, 1526249133.3947527, 1526249133.4102793, 1526249133.4259634, 1526249133.4407403, 1526249133.4644818, 1526249133.4794574, 1526249133.4992235, 1526249133.5128698, 1526249133.5252185, 1526249133.5410287, 1526249133.5575268, 1526249133.5709004, 1526249133.5850782, 1526249133.6012094, 1526249133.6179004, 1526249133.6312087, 1526249133.6473906, 1526249133.659972, 1526249133.6755257, 1526249133.7021606, 1526249133.718115, 1526249133.7338233, 1526249133.7469862, 1526249133.7595341, 1526249133.7751985, 1526249133.7911558, 1526249133.8070128, 1526249133.820815, 1526249133.8370101, 1526249133.8508828, 1526249133.8667963, 1526249133.8830225, 1526249133.8988516, 1526249133.9119694, 1526249133.9281483, 1526249133.9438617, 1526249133.959477, 1526249133.972871, 1526249133.9887433, 1526249134.005553, 1526249134.018784, 1526249134.0323243, 1526249134.0490465, 1526249134.064964, 1526249134.0780287, 1526249134.0933518, 1526249134.1094036, 1526249134.1253822, 1526249134.1393106, 1526249134.155347, 1526249134.1713064, 1526249134.1869516, 1526249134.200796, 1526249134.2167065, 1526249134.2328615, 1526249134.2488241, 1526249134.2649128, 1526249134.280806, 1526249134.2962923, 1526249134.30907, 1526249134.3222632, 1526249134.337979, 1526249134.3551557, 1526249134.3709452, 1526249134.3883152, 1526249134.402734, 1526249134.419145, 1526249134.434741, 1526249134.4510005, 1526249134.4671352, 1526249134.4828448, 1526249134.4976003, 1526249134.5099046, 1526249134.5239809, 1526249134.5364633, 1526249134.5489936, 1526249134.563527, 1526249134.5781662, 1526249134.5928438, 1526249134.6049993, 1526249134.6197076, 1526249134.6347768, 1526249134.6522334, 1526249134.6671886, 1526249134.6796808, 1526249134.6942487, 1526249134.7071981, 1526249134.7189364]}