{"initial_reset_timestamp": 1526246860.745987, "episode_rewards": [-105.0, -105.0, -105.0, -105.0, -105.0, -173.0, -105.0, -105.0, -90.0, -104.0, -152.0, -147.0, -89.0, -105.0, -94.0, -105.0, -105.0, -86.0, -105.0, -105.0, -105.0, -174.0, -105.0, -91.0, -91.0, -152.0, -157.0, -105.0, -115.0, -104.0, -105.0, -105.0, -105.0, -105.0, -152.0, -87.0, -150.0, -87.0, -115.0, -105.0, -105.0, -105.0, -147.0, -151.0, -105.0, -118.0, -105.0, -105.0, -153.0, -91.0, -147.0, -105.0, -88.0, -105.0, -105.0, -105.0, -93.0, -153.0, -152.0, -105.0, -105.0, -105.0, -105.0, -152.0, -91.0, -87.0, -87.0, -152.0, -151.0, -105.0, -155.0, -152.0, -152.0, -105.0, -105.0, -86.0, -105.0, -105.0, -94.0, -88.0, -87.0, -104.0, -90.0, -88.0, -105.0, -155.0, -86.0, -105.0, -105.0, -105.0, -105.0, -113.0, -105.0, -105.0, -105.0, -152.0, -88.0, -105.0, -105.0, -152.0], "episode_lengths": [105, 105, 105, 105, 105, 173, 105, 105, 90, 104, 152, 147, 89, 105, 94, 105, 105, 86, 105, 105, 105, 174, 105, 91, 91, 152, 157, 105, 115, 104, 105, 105, 105, 105, 152, 87, 150, 87, 115, 105, 105, 105, 147, 151, 105, 118, 105, 105, 153, 91, 147, 105, 88, 105, 105, 105, 93, 153, 152, 105, 105, 105, 105, 152, 91, 87, 87, 152, 151, 105, 155, 152, 152, 105, 105, 86, 105, 105, 94, 88, 87, 104, 90, 88, 105, 155, 86, 105, 105, 105, 105, 113, 105, 105, 105, 152, 88, 105, 105, 152], "episode_types": ["t", "t", "t", "t", "t", "t", "t", "t", "t", "t", "t", "t", "t", "t", "t", "t", "t", "t", "t", "t", "t", "t", "t", "t", "t", "t", "t", "t", "t", "t", "t", "t", "t", "t", "t", "t", "t", "t", "t", "t", "t", "t", "t", "t", "t", "t", "t", "t", "t", "t", "t", "t", "t", "t", "t", "t", "t", "t", "t", "t", "t", "t", "t", "t", "t", "t", "t", "t", "t", "t", "t", "t", "t", "t", "t", "t", "t", "t", "t", "t", "t", "t", "t", "t", "t", "t", "t", "t", "t", "t", "t", "t", "t", "t", "t", "t", "t", "t", "t", "t"], "timestamps": [1526246863.463628, 1526246863.6671052, 1526246863.706678, 1526246863.7460463, 1526246863.785454, 1526246863.8503397, 1526246863.8914459, 1526246863.9307866, 1526246863.964294, 1526246864.003144, 1526246864.0599442, 1526246864.1152577, 1526246864.1487255, 1526246864.1881893, 1526246864.2232435, 1526246864.2626016, 1526246864.3019173, 1526246864.3340335, 1526246864.3732533, 1526246864.412654, 1526246864.4517815, 1526246864.5185912, 1526246864.5579019, 1526246864.5923378, 1526246864.626174, 1526246864.6858425, 1526246864.744298, 1526246864.7839587, 1526246864.8265164, 1526246864.8655038, 1526246864.9046726, 1526246864.943871, 1526246864.9830399, 1526246865.02235, 1526246865.0790608, 1526246865.112484, 1526246865.1708956, 1526246865.2038066, 1526246865.2466574, 1526246865.2866921, 1526246865.3260562, 1526246865.365473, 1526246865.420665, 1526246865.4770288, 1526246865.5162358, 1526246865.5601513, 1526246865.5999835, 1526246865.644532, 1526246865.713332, 1526246865.7474597, 1526246865.8024049, 1526246865.8418288, 1526246865.8745944, 1526246865.9139094, 1526246865.9533942, 1526246865.992871, 1526246866.0276322, 1526246866.0848982, 1526246866.142117, 1526246866.1815457, 1526246866.2210581, 1526246866.2605765, 1526246866.2998831, 1526246866.356751, 1526246866.3906274, 1526246866.423458, 1526246866.455818, 1526246866.5126295, 1526246866.5688803, 1526246866.6086416, 1526246866.669239, 1526246866.726226, 1526246866.783035, 1526246866.8223102, 1526246866.8616056, 1526246866.8936603, 1526246866.9328513, 1526246866.97221, 1526246867.0072556, 1526246867.0400352, 1526246867.0725324, 1526246867.1114447, 1526246867.1454196, 1526246867.1785, 1526246867.218083, 1526246867.275993, 1526246867.3080535, 1526246867.3472826, 1526246867.386428, 1526246867.4258852, 1526246867.4650433, 1526246867.5069957, 1526246867.5461726, 1526246867.5854092, 1526246867.6251826, 1526246867.6974578, 1526246867.730353, 1526246867.7697408, 1526246867.809025, 1526246867.865763]}