{"initial_reset_timestamp": 1526261131.330663, "episode_rewards": [-87.0, -105.0, -105.0, -155.0, -95.0, -96.0, -155.0, -88.0, -157.0, -89.0, -89.0, -92.0, -105.0, -105.0, -153.0, -88.0, -94.0, -85.0, -85.0, -103.0, -87.0, -89.0, -105.0, -102.0, -87.0, -88.0, -89.0, -105.0, -101.0, -105.0, -110.0, -149.0, -99.0, -149.0, -105.0, -105.0, -105.0, -85.0, -150.0, -90.0, -105.0, -105.0, -92.0, -108.0, -98.0, -105.0, -105.0, -100.0, -85.0, -105.0, -87.0, -105.0, -101.0, -105.0, -105.0, -105.0, -105.0, -105.0, -165.0, -92.0, -165.0, -105.0, -89.0, -105.0, -85.0, -105.0, -148.0, -105.0, -98.0, -148.0, -91.0, -85.0, -105.0, -92.0, -87.0, -102.0, -87.0, -90.0, -121.0, -101.0, -155.0, -105.0, -91.0, -157.0, -84.0, -157.0, -105.0, -105.0, -105.0, -105.0, -101.0, -104.0, -162.0, -105.0, -85.0, -105.0, -88.0, -105.0, -89.0, -88.0], "episode_lengths": [87, 105, 105, 155, 95, 96, 155, 88, 157, 89, 89, 92, 105, 105, 153, 88, 94, 85, 85, 103, 87, 89, 105, 102, 87, 88, 89, 105, 101, 105, 110, 149, 99, 149, 105, 105, 105, 85, 150, 90, 105, 105, 92, 108, 98, 105, 105, 100, 85, 105, 87, 105, 101, 105, 105, 105, 105, 105, 165, 92, 165, 105, 89, 105, 85, 105, 148, 105, 98, 148, 91, 85, 105, 92, 87, 102, 87, 90, 121, 101, 155, 105, 91, 157, 84, 157, 105, 105, 105, 105, 101, 104, 162, 105, 85, 105, 88, 105, 89, 88], "episode_types": ["t", "t", "t", "t", "t", "t", "t", "t", "t", "t", "t", "t", "t", "t", "t", "t", "t", "t", "t", "t", "t", "t", "t", "t", "t", "t", "t", "t", "t", "t", "t", "t", "t", "t", "t", "t", "t", "t", "t", "t", "t", "t", "t", "t", "t", "t", "t", "t", "t", "t", "t", "t", "t", "t", "t", "t", "t", "t", "t", "t", "t", "t", "t", "t", "t", "t", "t", "t", "t", "t", "t", "t", "t", "t", "t", "t", "t", "t", "t", "t", "t", "t", "t", "t", "t", "t", "t", "t", "t", "t", "t", "t", "t", "t", "t", "t", "t", "t", "t", "t"], "timestamps": [1526261132.8019142, 1526261132.8966956, 1526261132.9113834, 1526261132.9336042, 1526261132.9474494, 1526261132.9608858, 1526261132.9840937, 1526261132.9964294, 1526261133.018388, 1526261133.0307913, 1526261133.043038, 1526261133.055825, 1526261133.0703063, 1526261133.084821, 1526261133.1059444, 1526261133.1181204, 1526261133.1322045, 1526261133.1455488, 1526261133.1589923, 1526261133.1749356, 1526261133.1884854, 1526261133.2022367, 1526261133.21827, 1526261133.2335668, 1526261133.2458346, 1526261133.2589924, 1526261133.2726734, 1526261133.2885537, 1526261133.3038726, 1526261133.3195713, 1526261133.3358836, 1526261133.3580623, 1526261133.372923, 1526261133.3951406, 1526261133.411218, 1526261133.4271505, 1526261133.4430165, 1526261133.4562528, 1526261133.4786603, 1526261133.492117, 1526261133.5085382, 1526261133.5243247, 1526261133.5385606, 1526261133.5548592, 1526261133.5698307, 1526261133.5860054, 1526261133.6021516, 1526261133.617327, 1526261133.629264, 1526261133.6455529, 1526261133.6587567, 1526261133.6744146, 1526261133.6894338, 1526261133.705108, 1526261133.7207437, 1526261133.7365646, 1526261133.7526276, 1526261133.7684643, 1526261133.7930236, 1526261133.806878, 1526261133.8310843, 1526261133.847052, 1526261133.8612385, 1526261133.8776028, 1526261133.8904135, 1526261133.9061024, 1526261133.928529, 1526261133.9445405, 1526261133.9588544, 1526261133.9833348, 1526261133.9968762, 1526261134.0110848, 1526261134.0272033, 1526261134.0413043, 1526261134.0545998, 1526261134.069912, 1526261134.0828562, 1526261134.0959582, 1526261134.1139653, 1526261134.1291034, 1526261134.1529624, 1526261134.1681795, 1526261134.1808052, 1526261134.2025719, 1526261134.2142198, 1526261134.235917, 1526261134.2506714, 1526261134.2655087, 1526261134.280244, 1526261134.2948475, 1526261134.3088639, 1526261134.3232515, 1526261134.346995, 1526261134.3619561, 1526261134.3737671, 1526261134.388342, 1526261134.40048, 1526261134.4150896, 1526261134.4273925, 1526261134.4397583]}