{"initial_reset_timestamp": 1526275356.0425923, "episode_rewards": [-97.0, -105.0, -94.0, -89.0, -105.0, -105.0, -85.0, -105.0, -105.0, -105.0, -105.0, -105.0, -94.0, -105.0, -87.0, -106.0, -106.0, -84.0, -96.0, -106.0, -105.0, -105.0, -88.0, -105.0, -89.0, -105.0, -84.0, -106.0, -105.0, -106.0, -105.0, -107.0, -105.0, -105.0, -105.0, -88.0, -89.0, -105.0, -98.0, -97.0, -105.0, -105.0, -90.0, -105.0, -92.0, -105.0, -95.0, -105.0, -91.0, -96.0, -105.0, -107.0, -105.0, -94.0, -95.0, -105.0, -105.0, -105.0, -85.0, -91.0, -92.0, -107.0, -94.0, -106.0, -91.0, -92.0, -85.0, -105.0, -92.0, -101.0, -105.0, -107.0, -105.0, -105.0, -97.0, -105.0, -106.0, -105.0, -105.0, -105.0, -88.0, -84.0, -105.0, -107.0, -105.0, -105.0, -105.0, -105.0, -85.0, -95.0, -105.0, -107.0, -89.0, -91.0, -105.0, -105.0, -90.0, -86.0, -86.0, -105.0], "episode_lengths": [97, 105, 94, 89, 105, 105, 85, 105, 105, 105, 105, 105, 94, 105, 87, 106, 106, 84, 96, 106, 105, 105, 88, 105, 89, 105, 84, 106, 105, 106, 105, 107, 105, 105, 105, 88, 89, 105, 98, 97, 105, 105, 90, 105, 92, 105, 95, 105, 91, 96, 105, 107, 105, 94, 95, 105, 105, 105, 85, 91, 92, 107, 94, 106, 91, 92, 85, 105, 92, 101, 105, 107, 105, 105, 97, 105, 106, 105, 105, 105, 88, 84, 105, 107, 105, 105, 105, 105, 85, 95, 105, 107, 89, 91, 105, 105, 90, 86, 86, 105], "episode_types": ["t", "t", "t", "t", "t", "t", "t", "t", "t", "t", "t", "t", "t", "t", "t", "t", "t", "t", "t", "t", "t", "t", "t", "t", "t", "t", "t", "t", "t", "t", "t", "t", "t", "t", "t", "t", "t", "t", "t", "t", "t", "t", "t", "t", "t", "t", "t", "t", "t", "t", "t", "t", "t", "t", "t", "t", "t", "t", "t", "t", "t", "t", "t", "t", "t", "t", "t", "t", "t", "t", "t", "t", "t", "t", "t", "t", "t", "t", "t", "t", "t", "t", "t", "t", "t", "t", "t", "t", "t", "t", "t", "t", "t", "t", "t", "t", "t", "t", "t", "t"], "timestamps": [1526275357.695697, 1526275357.7866626, 1526275357.799868, 1526275357.8122938, 1526275357.826978, 1526275357.8417227, 1526275357.85373, 1526275357.8683567, 1526275357.8829815, 1526275357.8975952, 1526275357.9122546, 1526275357.9271288, 1526275357.943094, 1526275357.9619787, 1526275357.9742093, 1526275357.9889197, 1526275358.0037026, 1526275358.015407, 1526275358.0299952, 1526275358.046388, 1526275358.0622206, 1526275358.0780342, 1526275358.0911918, 1526275358.106749, 1526275358.1198545, 1526275358.13574, 1526275358.1489518, 1526275358.1649318, 1526275358.1807466, 1526275358.1968844, 1526275358.212861, 1526275358.229125, 1526275358.2456653, 1526275358.262552, 1526275358.2788415, 1526275358.291785, 1526275358.3053877, 1526275358.3221622, 1526275358.3370836, 1526275358.3517687, 1526275358.3677351, 1526275358.3836997, 1526275358.397617, 1526275358.4136155, 1526275358.4277909, 1526275358.4437275, 1526275358.4583304, 1526275358.4739234, 1526275358.4878685, 1526275358.5024502, 1526275358.5185313, 1526275358.5350144, 1526275358.5512009, 1526275358.5655015, 1526275358.5801651, 1526275358.5962036, 1526275358.6121829, 1526275358.6282415, 1526275358.6409416, 1526275358.6546576, 1526275358.6685455, 1526275358.6848538, 1526275358.6993282, 1526275358.715379, 1526275358.7293663, 1526275358.7431521, 1526275358.7555969, 1526275358.7715542, 1526275358.785621, 1526275358.8009367, 1526275358.8168426, 1526275358.8332086, 1526275358.8491995, 1526275358.865197, 1526275358.8800235, 1526275358.895966, 1526275358.911975, 1526275358.9278328, 1526275358.944549, 1526275358.9623346, 1526275358.9750984, 1526275358.9878123, 1526275359.0043924, 1526275359.02078, 1526275359.03686, 1526275359.0526564, 1526275359.0675201, 1526275359.0821967, 1526275359.0940063, 1526275359.107113, 1526275359.121763, 1526275359.1369622, 1526275359.150139, 1526275359.1636896, 1526275359.178935, 1526275359.1935525, 1526275359.205993, 1526275359.2185307, 1526275359.2312515, 1526275359.2459779]}