{"initial_reset_timestamp": 1526246135.508136, "episode_rewards": [-90.0, -105.0, -104.0, -104.0, -98.0, -89.0, -160.0, -105.0, -97.0, -105.0, -90.0, -105.0, -91.0, -102.0, -149.0, -158.0, -105.0, -172.0, -156.0, -153.0, -156.0, -105.0, -104.0, -156.0, -105.0, -105.0, -91.0, -96.0, -105.0, -95.0, -89.0, -104.0, -105.0, -164.0, -104.0, -124.0, -85.0, -89.0, -104.0, -105.0, -104.0, -104.0, -161.0, -104.0, -105.0, -105.0, -104.0, -104.0, -185.0, -88.0, -89.0, -149.0, -104.0, -87.0, -170.0, -87.0, -113.0, -87.0, -104.0, -104.0, -120.0, -104.0, -105.0, -88.0, -90.0, -99.0, -88.0, -105.0, -105.0, -105.0, -105.0, -104.0, -104.0, -149.0, -151.0, -105.0, -105.0, -87.0, -97.0, -109.0, -164.0, -99.0, -91.0, -180.0, -157.0, -95.0, -89.0, -105.0, -105.0, -105.0, -112.0, -127.0, -85.0, -153.0, -156.0, -105.0, -106.0, -105.0, -105.0, -85.0], "episode_lengths": [90, 105, 104, 104, 98, 89, 160, 105, 97, 105, 90, 105, 91, 102, 149, 158, 105, 172, 156, 153, 156, 105, 104, 156, 105, 105, 91, 96, 105, 95, 89, 104, 105, 164, 104, 124, 85, 89, 104, 105, 104, 104, 161, 104, 105, 105, 104, 104, 185, 88, 89, 149, 104, 87, 170, 87, 113, 87, 104, 104, 120, 104, 105, 88, 90, 99, 88, 105, 105, 105, 105, 104, 104, 149, 151, 105, 105, 87, 97, 109, 164, 99, 91, 180, 157, 95, 89, 105, 105, 105, 112, 127, 85, 153, 156, 105, 106, 105, 105, 85], "episode_types": ["t", "t", "t", "t", "t", "t", "t", "t", "t", "t", "t", "t", "t", "t", "t", "t", "t", "t", "t", "t", "t", "t", "t", "t", "t", "t", "t", "t", "t", "t", "t", "t", "t", "t", "t", "t", "t", "t", "t", "t", "t", "t", "t", "t", "t", "t", "t", "t", "t", "t", "t", "t", "t", "t", "t", "t", "t", "t", "t", "t", "t", "t", "t", "t", "t", "t", "t", "t", "t", "t", "t", "t", "t", "t", "t", "t", "t", "t", "t", "t", "t", "t", "t", "t", "t", "t", "t", "t", "t", "t", "t", "t", "t", "t", "t", "t", "t", "t", "t", "t"], "timestamps": [1526246137.9165006, 1526246138.1501436, 1526246138.1933014, 1526246138.2372015, 1526246138.2778332, 1526246138.3162847, 1526246138.3826911, 1526246138.422338, 1526246138.4589038, 1526246138.4980807, 1526246138.5316646, 1526246138.5712094, 1526246138.6052394, 1526246138.643673, 1526246138.6996346, 1526246138.758968, 1526246138.798175, 1526246138.865962, 1526246138.9247267, 1526246138.9824893, 1526246139.041086, 1526246139.080847, 1526246139.120068, 1526246139.1793125, 1526246139.2188714, 1526246139.2581723, 1526246139.2921038, 1526246139.3277524, 1526246139.3670623, 1526246139.4024587, 1526246139.4354837, 1526246139.4745104, 1526246139.5137773, 1526246139.5748823, 1526246139.6138167, 1526246139.6607246, 1526246139.6925206, 1526246139.7256918, 1526246139.7649727, 1526246139.8042946, 1526246139.8462267, 1526246139.8855197, 1526246139.945584, 1526246139.984757, 1526246140.0240657, 1526246140.0636055, 1526246140.102839, 1526246140.1422105, 1526246140.2116358, 1526246140.244831, 1526246140.278636, 1526246140.33635, 1526246140.3763103, 1526246140.4091659, 1526246140.4730654, 1526246140.5056186, 1526246140.5476584, 1526246140.5804198, 1526246140.6194582, 1526246140.6588678, 1526246140.7033856, 1526246140.742228, 1526246140.7817245, 1526246140.8259642, 1526246140.860183, 1526246140.8971553, 1526246140.9301627, 1526246140.9697838, 1526246141.0091138, 1526246141.0485466, 1526246141.088079, 1526246141.1271102, 1526246141.1668696, 1526246141.222616, 1526246141.2794569, 1526246141.318758, 1526246141.3593237, 1526246141.3949273, 1526246141.4313183, 1526246141.4721894, 1526246141.5335953, 1526246141.5708313, 1526246141.6050527, 1526246141.6728668, 1526246141.7317376, 1526246141.7673872, 1526246141.8005388, 1526246141.8424864, 1526246141.8822005, 1526246141.9215145, 1526246141.9634624, 1526246142.0105357, 1526246142.0421932, 1526246142.0994043, 1526246142.158174, 1526246142.197312, 1526246142.236806, 1526246142.2762284, 1526246142.3156455, 1526246142.3473384]}