{"initial_reset_timestamp": 1526259559.6505103, "episode_rewards": [-119.0, -106.0, -105.0, -94.0, -106.0, -90.0, -105.0, -89.0, -87.0, -85.0, -174.0, -86.0, -105.0, -107.0, -105.0, -86.0, -105.0, -105.0, -106.0, -96.0, -85.0, -105.0, -105.0, -105.0, -106.0, -85.0, -105.0, -105.0, -105.0, -166.0, -105.0, -105.0, -105.0, -90.0, -99.0, -113.0, -106.0, -86.0, -85.0, -105.0, -105.0, -105.0, -163.0, -90.0, -105.0, -85.0, -96.0, -105.0, -84.0, -86.0, -85.0, -105.0, -105.0, -92.0, -105.0, -84.0, -105.0, -105.0, -101.0, -97.0, -106.0, -105.0, -105.0, -101.0, -85.0, -105.0, -84.0, -105.0, -85.0, -105.0, -113.0, -105.0, -105.0, -85.0, -105.0, -105.0, -105.0, -86.0, -105.0, -173.0, -89.0, -105.0, -105.0, -105.0, -105.0, -105.0, -106.0, -105.0, -105.0, -105.0, -92.0, -105.0, -105.0, -91.0, -105.0, -97.0, -89.0, -105.0, -85.0, -86.0], "episode_lengths": [119, 106, 105, 94, 106, 90, 105, 89, 87, 85, 174, 86, 105, 107, 105, 86, 105, 105, 106, 96, 85, 105, 105, 105, 106, 85, 105, 105, 105, 166, 105, 105, 105, 90, 99, 113, 106, 86, 85, 105, 105, 105, 163, 90, 105, 85, 96, 105, 84, 86, 85, 105, 105, 92, 105, 84, 105, 105, 101, 97, 106, 105, 105, 101, 85, 105, 84, 105, 85, 105, 113, 105, 105, 85, 105, 105, 105, 86, 105, 173, 89, 105, 105, 105, 105, 105, 106, 105, 105, 105, 92, 105, 105, 91, 105, 97, 89, 105, 85, 86], "episode_types": ["t", "t", "t", "t", "t", "t", "t", "t", "t", "t", "t", "t", "t", "t", "t", "t", "t", "t", "t", "t", "t", "t", "t", "t", "t", "t", "t", "t", "t", "t", "t", "t", "t", "t", "t", "t", "t", "t", "t", "t", "t", "t", "t", "t", "t", "t", "t", "t", "t", "t", "t", "t", "t", "t", "t", "t", "t", "t", "t", "t", "t", "t", "t", "t", "t", "t", "t", "t", "t", "t", "t", "t", "t", "t", "t", "t", "t", "t", "t", "t", "t", "t", "t", "t", "t", "t", "t", "t", "t", "t", "t", "t", "t", "t", "t", "t", "t", "t", "t", "t"], "timestamps": [1526259562.703716, 1526259562.9004853, 1526259562.9396217, 1526259562.9747808, 1526259563.015077, 1526259563.0487885, 1526259563.0882413, 1526259563.1217134, 1526259563.154478, 1526259563.1863217, 1526259563.2518716, 1526259563.284279, 1526259563.3239424, 1526259563.3638363, 1526259563.4059553, 1526259563.4382842, 1526259563.4777071, 1526259563.517185, 1526259563.557171, 1526259563.59323, 1526259563.6251175, 1526259563.6649685, 1526259563.7044394, 1526259563.7439387, 1526259563.7837057, 1526259563.8156614, 1526259563.8551154, 1526259563.8948767, 1526259563.9344308, 1526259563.9967005, 1526259564.0362363, 1526259564.0756905, 1526259564.115111, 1526259564.1491272, 1526259564.1861336, 1526259564.2281742, 1526259564.268086, 1526259564.3003433, 1526259564.3322964, 1526259564.3737566, 1526259564.4142156, 1526259564.4536529, 1526259564.5147274, 1526259564.5483482, 1526259564.5878716, 1526259564.6196673, 1526259564.655911, 1526259564.695738, 1526259564.7275286, 1526259564.7601166, 1526259564.7921388, 1526259564.8319619, 1526259564.8719494, 1526259564.9067817, 1526259564.9465737, 1526259564.9782612, 1526259565.0178068, 1526259565.0573747, 1526259565.0950148, 1526259565.131213, 1526259565.171421, 1526259565.21098, 1526259565.2504463, 1526259565.2881901, 1526259565.320186, 1526259565.3600128, 1526259565.4057314, 1526259565.4454618, 1526259565.4776454, 1526259565.5177143, 1526259565.5597382, 1526259565.599985, 1526259565.6400046, 1526259565.6719537, 1526259565.7114477, 1526259565.750911, 1526259565.7904806, 1526259565.8226597, 1526259565.862262, 1526259565.927486, 1526259565.960716, 1526259566.0002596, 1526259566.0397289, 1526259566.079108, 1526259566.1186237, 1526259566.1584718, 1526259566.1983142, 1526259566.2377377, 1526259566.2774327, 1526259566.3172472, 1526259566.351633, 1526259566.3940794, 1526259566.4337583, 1526259566.4678266, 1526259566.5072803, 1526259566.543614, 1526259566.576842, 1526259566.6163867, 1526259566.6486492, 1526259566.680857]}