{"initial_reset_timestamp": 1526236606.6381586, "episode_rewards": [-154.0, -105.0, -104.0, -92.0, -96.0, -89.0, -168.0, -146.0, -151.0, -87.0, -145.0, -92.0, -85.0, -104.0, -84.0, -90.0, -146.0, -85.0, -146.0, -165.0, -90.0, -179.0, -105.0, -150.0, -154.0, -105.0, -105.0, -144.0, -155.0, -146.0, -87.0, -91.0, -161.0, -146.0, -88.0, -168.0, -90.0, -105.0, -105.0, -97.0, -179.0, -93.0, -100.0, -145.0, -105.0, -165.0, -105.0, -105.0, -105.0, -104.0, -174.0, -161.0, -105.0, -155.0, -145.0, -166.0, -160.0, -105.0, -98.0, -104.0, -93.0, -107.0, -105.0, -162.0, -160.0, -104.0, -105.0, -163.0, -90.0, -104.0, -105.0, -87.0, -180.0, -162.0, -165.0, -84.0, -92.0, -96.0, -88.0, -89.0, -161.0, -89.0, -104.0, -95.0, -168.0, -104.0, -104.0, -109.0, -105.0, -173.0, -115.0, -163.0, -168.0, -96.0, -151.0, -149.0, -146.0, -104.0, -168.0, -165.0], "episode_lengths": [154, 105, 104, 92, 96, 89, 168, 146, 151, 87, 145, 92, 85, 104, 84, 90, 146, 85, 146, 165, 90, 179, 105, 150, 154, 105, 105, 144, 155, 146, 87, 91, 161, 146, 88, 168, 90, 105, 105, 97, 179, 93, 100, 145, 105, 165, 105, 105, 105, 104, 174, 161, 105, 155, 145, 166, 160, 105, 98, 104, 93, 107, 105, 162, 160, 104, 105, 163, 90, 104, 105, 87, 180, 162, 165, 84, 92, 96, 88, 89, 161, 89, 104, 95, 168, 104, 104, 109, 105, 173, 115, 163, 168, 96, 151, 149, 146, 104, 168, 165], "episode_types": ["t", "t", "t", "t", "t", "t", "t", "t", "t", "t", "t", "t", "t", "t", "t", "t", "t", "t", "t", "t", "t", "t", "t", "t", "t", "t", "t", "t", "t", "t", "t", "t", "t", "t", "t", "t", "t", "t", "t", "t", "t", "t", "t", "t", "t", "t", "t", "t", "t", "t", "t", "t", "t", "t", "t", "t", "t", "t", "t", "t", "t", "t", "t", "t", "t", "t", "t", "t", "t", "t", "t", "t", "t", "t", "t", "t", "t", "t", "t", "t", "t", "t", "t", "t", "t", "t", "t", "t", "t", "t", "t", "t", "t", "t", "t", "t", "t", "t", "t", "t"], "timestamps": [1526236609.218444, 1526236609.3307643, 1526236609.3465, 1526236609.3601005, 1526236609.3749728, 1526236609.3892262, 1526236609.4153323, 1526236609.4369798, 1526236609.4606028, 1526236609.473951, 1526236609.4964063, 1526236609.510702, 1526236609.5238354, 1526236609.5396175, 1526236609.552893, 1526236609.566632, 1526236609.588459, 1526236609.601626, 1526236609.6234555, 1526236609.6495807, 1526236609.662794, 1526236609.6894472, 1526236609.704156, 1526236609.7247112, 1526236609.7460425, 1526236609.7608297, 1526236609.7754643, 1526236609.7956746, 1526236609.8184109, 1526236609.83897, 1526236609.8510854, 1526236609.8638659, 1526236609.8947234, 1526236609.9153788, 1526236609.9278357, 1526236609.9511175, 1526236609.9638114, 1526236609.9783967, 1526236609.9929395, 1526236610.0063226, 1526236610.0310836, 1526236610.0439029, 1526236610.0578938, 1526236610.07813, 1526236610.092657, 1526236610.1153584, 1526236610.1298902, 1526236610.1451101, 1526236610.1602354, 1526236610.1747901, 1526236610.1989357, 1526236610.2211912, 1526236610.235935, 1526236610.2576551, 1526236610.278442, 1526236610.3015227, 1526236610.3237145, 1526236610.3382983, 1526236610.3521953, 1526236610.3669055, 1526236610.3800147, 1526236610.3948789, 1526236610.4111137, 1526236610.4336221, 1526236610.455912, 1526236610.4704525, 1526236610.485199, 1526236610.5078201, 1526236610.5203474, 1526236610.5348344, 1526236610.5493665, 1526236610.5615597, 1526236610.5864382, 1526236610.6087606, 1526236610.6314719, 1526236610.643276, 1526236610.6561434, 1526236610.6693354, 1526236610.681555, 1526236610.693816, 1526236610.7160141, 1526236610.7283518, 1526236610.7427356, 1526236610.7559717, 1526236610.779685, 1526236610.7944417, 1526236610.808955, 1526236610.8240652, 1526236610.8386033, 1526236610.8626602, 1526236610.8789933, 1526236610.9033444, 1526236610.9266622, 1526236610.9398568, 1526236610.9609203, 1526236610.9816763, 1526236611.0019252, 1526236611.016314, 1526236611.039881, 1526236611.0629272]}