{"initial_reset_timestamp": 1526248256.774013, "episode_rewards": [-96.0, -85.0, -106.0, -88.0, -92.0, -88.0, -105.0, -101.0, -84.0, -90.0, -105.0, -105.0, -96.0, -105.0, -84.0, -106.0, -105.0, -105.0, -105.0, -105.0, -86.0, -105.0, -92.0, -105.0, -89.0, -105.0, -105.0, -88.0, -105.0, -105.0, -105.0, -105.0, -106.0, -91.0, -105.0, -105.0, -85.0, -105.0, -106.0, -105.0, -107.0, -92.0, -87.0, -98.0, -89.0, -105.0, -106.0, -105.0, -93.0, -105.0, -85.0, -86.0, -87.0, -105.0, -101.0, -105.0, -106.0, -87.0, -85.0, -90.0, -104.0, -107.0, -100.0, -105.0, -105.0, -106.0, -86.0, -101.0, -87.0, -92.0, -105.0, -105.0, -92.0, -106.0, -85.0, -105.0, -86.0, -106.0, -88.0, -106.0, -86.0, -105.0, -105.0, -105.0, -85.0, -85.0, -97.0, -105.0, -105.0, -85.0, -103.0, -105.0, -106.0, -105.0, -85.0, -105.0, -88.0, -105.0, -105.0, -92.0], "episode_lengths": [96, 85, 106, 88, 92, 88, 105, 101, 84, 90, 105, 105, 96, 105, 84, 106, 105, 105, 105, 105, 86, 105, 92, 105, 89, 105, 105, 88, 105, 105, 105, 105, 106, 91, 105, 105, 85, 105, 106, 105, 107, 92, 87, 98, 89, 105, 106, 105, 93, 105, 85, 86, 87, 105, 101, 105, 106, 87, 85, 90, 104, 107, 100, 105, 105, 106, 86, 101, 87, 92, 105, 105, 92, 106, 85, 105, 86, 106, 88, 106, 86, 105, 105, 105, 85, 85, 97, 105, 105, 85, 103, 105, 106, 105, 85, 105, 88, 105, 105, 92], "episode_types": ["t", "t", "t", "t", "t", "t", "t", "t", "t", "t", "t", "t", "t", "t", "t", "t", "t", "t", "t", "t", "t", "t", "t", "t", "t", "t", "t", "t", "t", "t", "t", "t", "t", "t", "t", "t", "t", "t", "t", "t", "t", "t", "t", "t", "t", "t", "t", "t", "t", "t", "t", "t", "t", "t", "t", "t", "t", "t", "t", "t", "t", "t", "t", "t", "t", "t", "t", "t", "t", "t", "t", "t", "t", "t", "t", "t", "t", "t", "t", "t", "t", "t", "t", "t", "t", "t", "t", "t", "t", "t", "t", "t", "t", "t", "t", "t", "t", "t", "t", "t"], "timestamps": [1526248258.3839657, 1526248258.477721, 1526248258.4927425, 1526248258.5051491, 1526248258.51832, 1526248258.5306187, 1526248258.5454733, 1526248258.559667, 1526248258.5713332, 1526248258.5840108, 1526248258.5990012, 1526248258.6136405, 1526248258.6271372, 1526248258.6423774, 1526248258.654288, 1526248258.6690302, 1526248258.6839497, 1526248258.6985781, 1526248258.7132182, 1526248258.7281325, 1526248258.7400274, 1526248258.7546635, 1526248258.7680128, 1526248258.7833664, 1526248258.7956796, 1526248258.8102643, 1526248258.8249907, 1526248258.8371532, 1526248258.8517313, 1526248258.8662088, 1526248258.880772, 1526248258.8953779, 1526248258.910096, 1526248258.9228704, 1526248258.9374416, 1526248258.9520228, 1526248258.9637825, 1526248258.9783576, 1526248258.9931605, 1526248259.010947, 1526248259.0267017, 1526248259.0407283, 1526248259.0542016, 1526248259.068928, 1526248259.0824056, 1526248259.0982869, 1526248259.1141624, 1526248259.1303797, 1526248259.1443782, 1526248259.1638916, 1526248259.1779025, 1526248259.190943, 1526248259.2042232, 1526248259.2200913, 1526248259.2351668, 1526248259.2508326, 1526248259.2665749, 1526248259.2788007, 1526248259.29151, 1526248259.3050783, 1526248259.320473, 1526248259.3364842, 1526248259.3513384, 1526248259.367116, 1526248259.383262, 1526248259.3990264, 1526248259.4111793, 1526248259.426754, 1526248259.4403017, 1526248259.4542978, 1526248259.4700978, 1526248259.4862862, 1526248259.5001774, 1526248259.516116, 1526248259.528296, 1526248259.5441031, 1526248259.5570824, 1526248259.572878, 1526248259.5863416, 1526248259.60242, 1526248259.6153615, 1526248259.6311357, 1526248259.6476753, 1526248259.662754, 1526248259.6756759, 1526248259.6887643, 1526248259.7035534, 1526248259.719339, 1526248259.735317, 1526248259.7484906, 1526248259.7637713, 1526248259.7802558, 1526248259.7959073, 1526248259.8118584, 1526248259.8246853, 1526248259.8406758, 1526248259.854078, 1526248259.8698394, 1526248259.8856664, 1526248259.8994436]}