{"initial_reset_timestamp": 1526275002.583032, "episode_rewards": [-86.0, -105.0, -89.0, -105.0, -90.0, -105.0, -106.0, -105.0, -105.0, -105.0, -84.0, -106.0, -84.0, -105.0, -89.0, -100.0, -105.0, -105.0, -175.0, -102.0, -105.0, -105.0, -105.0, -106.0, -105.0, -84.0, -85.0, -91.0, -99.0, -161.0, -84.0, -105.0, -105.0, -105.0, -86.0, -97.0, -105.0, -105.0, -97.0, -105.0, -86.0, -84.0, -105.0, -84.0, -94.0, -89.0, -87.0, -112.0, -174.0, -105.0, -105.0, -117.0, -106.0, -105.0, -105.0, -111.0, -105.0, -105.0, -105.0, -84.0, -97.0, -104.0, -105.0, -87.0, -105.0, -106.0, -105.0, -105.0, -166.0, -87.0, -165.0, -106.0, -91.0, -84.0, -91.0, -176.0, -105.0, -92.0, -105.0, -91.0, -105.0, -159.0, -105.0, -105.0, -165.0, -105.0, -91.0, -170.0, -105.0, -105.0, -105.0, -87.0, -105.0, -105.0, -93.0, -105.0, -105.0, -105.0, -106.0, -105.0], "episode_lengths": [86, 105, 89, 105, 90, 105, 106, 105, 105, 105, 84, 106, 84, 105, 89, 100, 105, 105, 175, 102, 105, 105, 105, 106, 105, 84, 85, 91, 99, 161, 84, 105, 105, 105, 86, 97, 105, 105, 97, 105, 86, 84, 105, 84, 94, 89, 87, 112, 174, 105, 105, 117, 106, 105, 105, 111, 105, 105, 105, 84, 97, 104, 105, 87, 105, 106, 105, 105, 166, 87, 165, 106, 91, 84, 91, 176, 105, 92, 105, 91, 105, 159, 105, 105, 165, 105, 91, 170, 105, 105, 105, 87, 105, 105, 93, 105, 105, 105, 106, 105], "episode_types": ["t", "t", "t", "t", "t", "t", "t", "t", "t", "t", "t", "t", "t", "t", "t", "t", "t", "t", "t", "t", "t", "t", "t", "t", "t", "t", "t", "t", "t", "t", "t", "t", "t", "t", "t", "t", "t", "t", "t", "t", "t", "t", "t", "t", "t", "t", "t", "t", "t", "t", "t", "t", "t", "t", "t", "t", "t", "t", "t", "t", "t", "t", "t", "t", "t", "t", "t", "t", "t", "t", "t", "t", "t", "t", "t", "t", "t", "t", "t", "t", "t", "t", "t", "t", "t", "t", "t", "t", "t", "t", "t", "t", "t", "t", "t", "t", "t", "t", "t", "t"], "timestamps": [1526275004.9107637, 1526275005.120787, 1526275005.1542246, 1526275005.193002, 1526275005.2259564, 1526275005.2648175, 1526275005.3040578, 1526275005.3430212, 1526275005.38215, 1526275005.4209359, 1526275005.4519773, 1526275005.4918032, 1526275005.522542, 1526275005.5613673, 1526275005.594226, 1526275005.6308045, 1526275005.6699753, 1526275005.7103877, 1526275005.7755868, 1526275005.8216445, 1526275005.861482, 1526275005.9004261, 1526275005.938951, 1526275005.9782681, 1526275006.0169916, 1526275006.0477428, 1526275006.0791302, 1526275006.1125195, 1526275006.1492045, 1526275006.2090056, 1526275006.2399833, 1526275006.2790031, 1526275006.3195283, 1526275006.358777, 1526275006.3910792, 1526275006.4267857, 1526275006.4655824, 1526275006.5042677, 1526275006.5400057, 1526275006.5787349, 1526275006.6104152, 1526275006.6416016, 1526275006.6805353, 1526275006.711391, 1526275006.7457924, 1526275006.778649, 1526275006.8106976, 1526275006.853937, 1526275006.9198394, 1526275006.9584146, 1526275006.9974144, 1526275007.0400758, 1526275007.0791152, 1526275007.117764, 1526275007.1569097, 1526275007.1980772, 1526275007.236912, 1526275007.275959, 1526275007.3148458, 1526275007.3458102, 1526275007.381721, 1526275007.4198363, 1526275007.458431, 1526275007.4919965, 1526275007.530928, 1526275007.5702178, 1526275007.60906, 1526275007.648076, 1526275007.709291, 1526275007.7413135, 1526275007.8021796, 1526275007.8438048, 1526275007.8775985, 1526275007.9084811, 1526275007.9418237, 1526275008.0063899, 1526275008.045146, 1526275008.0790591, 1526275008.1191263, 1526275008.15289, 1526275008.1919625, 1526275008.2506208, 1526275008.2895172, 1526275008.328403, 1526275008.3892062, 1526275008.4328134, 1526275008.466481, 1526275008.5290506, 1526275008.56779, 1526275008.6068237, 1526275008.6460466, 1526275008.678366, 1526275008.7187884, 1526275008.7575026, 1526275008.7919033, 1526275008.8447938, 1526275008.8840358, 1526275008.922554, 1526275008.9615393, 1526275009.0004463]}