{"initial_reset_timestamp": 1526247395.0555327, "episode_rewards": [-95.0, -105.0, -86.0, -101.0, -93.0, -89.0, -105.0, -84.0, -88.0, -105.0, -90.0, -116.0, -105.0, -108.0, -104.0, -165.0, -89.0, -105.0, -105.0, -104.0, -93.0, -104.0, -105.0, -104.0, -105.0, -95.0, -87.0, -105.0, -88.0, -105.0, -162.0, -115.0, -94.0, -105.0, -90.0, -164.0, -105.0, -104.0, -105.0, -105.0, -105.0, -91.0, -89.0, -98.0, -104.0, -105.0, -104.0, -91.0, -159.0, -90.0, -110.0, -105.0, -105.0, -105.0, -117.0, -88.0, -104.0, -105.0, -87.0, -105.0, -104.0, -104.0, -94.0, -107.0, -92.0, -85.0, -105.0, -105.0, -105.0, -162.0, -105.0, -89.0, -98.0, -162.0, -104.0, -90.0, -104.0, -85.0, -92.0, -104.0, -105.0, -88.0, -91.0, -90.0, -105.0, -116.0, -84.0, -126.0, -104.0, -104.0, -105.0, -104.0, -105.0, -105.0, -105.0, -101.0, -104.0, -85.0, -105.0, -94.0], "episode_lengths": [95, 105, 86, 101, 93, 89, 105, 84, 88, 105, 90, 116, 105, 108, 104, 165, 89, 105, 105, 104, 93, 104, 105, 104, 105, 95, 87, 105, 88, 105, 162, 115, 94, 105, 90, 164, 105, 104, 105, 105, 105, 91, 89, 98, 104, 105, 104, 91, 159, 90, 110, 105, 105, 105, 117, 88, 104, 105, 87, 105, 104, 104, 94, 107, 92, 85, 105, 105, 105, 162, 105, 89, 98, 162, 104, 90, 104, 85, 92, 104, 105, 88, 91, 90, 105, 116, 84, 126, 104, 104, 105, 104, 105, 105, 105, 101, 104, 85, 105, 94], "episode_types": ["t", "t", "t", "t", "t", "t", "t", "t", "t", "t", "t", "t", "t", "t", "t", "t", "t", "t", "t", "t", "t", "t", "t", "t", "t", "t", "t", "t", "t", "t", "t", "t", "t", "t", "t", "t", "t", "t", "t", "t", "t", "t", "t", "t", "t", "t", "t", "t", "t", "t", "t", "t", "t", "t", "t", "t", "t", "t", "t", "t", "t", "t", "t", "t", "t", "t", "t", "t", "t", "t", "t", "t", "t", "t", "t", "t", "t", "t", "t", "t", "t", "t", "t", "t", "t", "t", "t", "t", "t", "t", "t", "t", "t", "t", "t", "t", "t", "t", "t", "t"], "timestamps": [1526247397.502669, 1526247397.7417142, 1526247397.7789738, 1526247397.8227506, 1526247397.8705804, 1526247397.9073138, 1526247397.9469483, 1526247397.978253, 1526247398.0110865, 1526247398.0504212, 1526247398.0839539, 1526247398.126901, 1526247398.1668258, 1526247398.207428, 1526247398.2480996, 1526247398.3107076, 1526247398.3467362, 1526247398.3865924, 1526247398.4260879, 1526247398.4653254, 1526247398.500296, 1526247398.5391724, 1526247398.5784478, 1526247398.6178381, 1526247398.6576324, 1526247398.6930895, 1526247398.72553, 1526247398.7648244, 1526247398.7975423, 1526247398.836858, 1526247398.9026148, 1526247398.945401, 1526247398.9806345, 1526247399.0199194, 1526247399.0534737, 1526247399.114667, 1526247399.154386, 1526247399.193294, 1526247399.2325892, 1526247399.2719326, 1526247399.3112316, 1526247399.345064, 1526247399.378508, 1526247399.41511, 1526247399.454561, 1526247399.4944444, 1526247399.5330799, 1526247399.5671034, 1526247399.6268454, 1526247399.6608856, 1526247399.7016933, 1526247399.7411246, 1526247399.780461, 1526247399.819821, 1526247399.8785355, 1526247399.9120426, 1526247399.9509623, 1526247399.9902885, 1526247400.0227423, 1526247400.0620804, 1526247400.101066, 1526247400.1402514, 1526247400.1756299, 1526247400.215609, 1526247400.2502563, 1526247400.2821245, 1526247400.3217432, 1526247400.361199, 1526247400.400586, 1526247400.46123, 1526247400.5005624, 1526247400.5337155, 1526247400.570368, 1526247400.6313517, 1526247400.6704655, 1526247400.7041223, 1526247400.7428517, 1526247400.7746127, 1526247400.8089178, 1526247400.847824, 1526247400.889806, 1526247400.9228263, 1526247400.9567862, 1526247400.9904082, 1526247401.0296304, 1526247401.0726566, 1526247401.1040514, 1526247401.150984, 1526247401.1903737, 1526247401.2294376, 1526247401.2691586, 1526247401.3084035, 1526247401.3478248, 1526247401.3876476, 1526247401.4278998, 1526247401.4672284, 1526247401.5064337, 1526247401.5382774, 1526247401.5791306, 1526247401.6147268]}