{"initial_reset_timestamp": 1526243619.7684593, "episode_rewards": [-93.0, -105.0, -92.0, -94.0, -105.0, -95.0, -107.0, -88.0, -92.0, -105.0, -89.0, -105.0, -91.0, -105.0, -87.0, -105.0, -105.0, -105.0, -106.0, -92.0, -105.0, -106.0, -95.0, -105.0, -86.0, -92.0, -105.0, -105.0, -106.0, -105.0, -105.0, -106.0, -101.0, -105.0, -106.0, -105.0, -86.0, -107.0, -106.0, -90.0, -106.0, -105.0, -118.0, -105.0, -90.0, -105.0, -106.0, -105.0, -105.0, -95.0, -105.0, -106.0, -105.0, -97.0, -105.0, -99.0, -105.0, -105.0, -106.0, -86.0, -105.0, -105.0, -89.0, -105.0, -86.0, -106.0, -89.0, -106.0, -105.0, -92.0, -90.0, -105.0, -96.0, -105.0, -94.0, -105.0, -105.0, -106.0, -87.0, -106.0, -88.0, -106.0, -106.0, -106.0, -106.0, -107.0, -106.0, -88.0, -105.0, -105.0, -106.0, -105.0, -97.0, -105.0, -105.0, -107.0, -105.0, -106.0, -86.0, -106.0], "episode_lengths": [93, 105, 92, 94, 105, 95, 107, 88, 92, 105, 89, 105, 91, 105, 87, 105, 105, 105, 106, 92, 105, 106, 95, 105, 86, 92, 105, 105, 106, 105, 105, 106, 101, 105, 106, 105, 86, 107, 106, 90, 106, 105, 118, 105, 90, 105, 106, 105, 105, 95, 105, 106, 105, 97, 105, 99, 105, 105, 106, 86, 105, 105, 89, 105, 86, 106, 89, 106, 105, 92, 90, 105, 96, 105, 94, 105, 105, 106, 87, 106, 88, 106, 106, 106, 106, 107, 106, 88, 105, 105, 106, 105, 97, 105, 105, 107, 105, 106, 86, 106], "episode_types": ["t", "t", "t", "t", "t", "t", "t", "t", "t", "t", "t", "t", "t", "t", "t", "t", "t", "t", "t", "t", "t", "t", "t", "t", "t", "t", "t", "t", "t", "t", "t", "t", "t", "t", "t", "t", "t", "t", "t", "t", "t", "t", "t", "t", "t", "t", "t", "t", "t", "t", "t", "t", "t", "t", "t", "t", "t", "t", "t", "t", "t", "t", "t", "t", "t", "t", "t", "t", "t", "t", "t", "t", "t", "t", "t", "t", "t", "t", "t", "t", "t", "t", "t", "t", "t", "t", "t", "t", "t", "t", "t", "t", "t", "t", "t", "t", "t", "t", "t", "t"], "timestamps": [1526243622.2325735, 1526243622.4760578, 1526243622.5165234, 1526243622.554903, 1526243622.5987422, 1526243622.6358044, 1526243622.6754792, 1526243622.7084925, 1526243622.7425587, 1526243622.7847915, 1526243622.8182142, 1526243622.8568778, 1526243622.8904328, 1526243622.9293702, 1526243622.9613745, 1526243623.0006328, 1526243623.0393674, 1526243623.0782568, 1526243623.1178286, 1526243623.151921, 1526243623.1910753, 1526243623.230355, 1526243623.2652693, 1526243623.3048282, 1526243623.3364706, 1526243623.370299, 1526243623.4094067, 1526243623.4481688, 1526243623.4876971, 1526243623.5267122, 1526243623.5653007, 1526243623.6057224, 1526243623.6432152, 1526243623.6817896, 1526243623.7214038, 1526243623.7631705, 1526243623.7953198, 1526243623.834862, 1526243623.8738234, 1526243623.9070938, 1526243623.9460552, 1526243623.9846156, 1526243624.0279365, 1526243624.066424, 1526243624.0995903, 1526243624.138518, 1526243624.1774101, 1526243624.2163432, 1526243624.2550535, 1526243624.2896712, 1526243624.3286228, 1526243624.3675292, 1526243624.4063005, 1526243624.4418783, 1526243624.4806373, 1526243624.517169, 1526243624.5559306, 1526243624.5947986, 1526243624.6336937, 1526243624.665555, 1526243624.7045133, 1526243624.74333, 1526243624.779395, 1526243624.8186595, 1526243624.8503165, 1526243624.8893538, 1526243624.9222074, 1526243624.96133, 1526243625.0001926, 1526243625.033751, 1526243625.067111, 1526243625.1062424, 1526243625.1418834, 1526243625.1809175, 1526243625.2158735, 1526243625.2547197, 1526243625.295086, 1526243625.3344655, 1526243625.3666358, 1526243625.4057386, 1526243625.4380114, 1526243625.4769442, 1526243625.5160427, 1526243625.5549574, 1526243625.593883, 1526243625.633349, 1526243625.6728044, 1526243625.7052414, 1526243625.7441728, 1526243625.7862778, 1526243625.8255215, 1526243625.8640566, 1526243625.8996472, 1526243625.938225, 1526243625.9767928, 1526243626.0162337, 1526243626.0549603, 1526243626.094439, 1526243626.1261806, 1526243626.1656358]}