{"initial_reset_timestamp": 1526234646.649765, "episode_rewards": [-89.0, -109.0, -99.0, -89.0, -150.0, -109.0, -109.0, -110.0, -110.0, -90.0, -150.0, -110.0, -152.0, -110.0, -100.0, -147.0, -99.0, -91.0, -144.0, -88.0, -165.0, -109.0, -99.0, -89.0, -109.0, -108.0, -142.0, -91.0, -87.0, -150.0, -144.0, -110.0, -141.0, -89.0, -109.0, -110.0, -89.0, -144.0, -90.0, -110.0, -109.0, -110.0, -155.0, -109.0, -143.0, -92.0, -110.0, -144.0, -90.0, -147.0, -141.0, -98.0, -88.0, -109.0, -92.0, -110.0, -88.0, -141.0, -148.0, -110.0, -90.0, -89.0, -91.0, -109.0, -109.0, -152.0, -141.0, -147.0, -109.0, -91.0, -110.0, -90.0, -155.0, -92.0, -148.0, -97.0, -109.0, -149.0, -90.0, -89.0, -154.0, -110.0, -109.0, -90.0, -148.0, -108.0, -109.0, -90.0, -87.0, -141.0, -141.0, -87.0, -89.0, -109.0, -88.0, -91.0, -109.0, -92.0, -150.0, -109.0], "episode_lengths": [89, 109, 99, 89, 150, 109, 109, 110, 110, 90, 150, 110, 152, 110, 100, 147, 99, 91, 144, 88, 165, 109, 99, 89, 109, 108, 142, 91, 87, 150, 144, 110, 141, 89, 109, 110, 89, 144, 90, 110, 109, 110, 155, 109, 143, 92, 110, 144, 90, 147, 141, 98, 88, 109, 92, 110, 88, 141, 148, 110, 90, 89, 91, 109, 109, 152, 141, 147, 109, 91, 110, 90, 155, 92, 148, 97, 109, 149, 90, 89, 154, 110, 109, 90, 148, 108, 109, 90, 87, 141, 141, 87, 89, 109, 88, 91, 109, 92, 150, 109], "episode_types": ["t", "t", "t", "t", "t", "t", "t", "t", "t", "t", "t", "t", "t", "t", "t", "t", "t", "t", "t", "t", "t", "t", "t", "t", "t", "t", "t", "t", "t", "t", "t", "t", "t", "t", "t", "t", "t", "t", "t", "t", "t", "t", "t", "t", "t", "t", "t", "t", "t", "t", "t", "t", "t", "t", "t", "t", "t", "t", "t", "t", "t", "t", "t", "t", "t", "t", "t", "t", "t", "t", "t", "t", "t", "t", "t", "t", "t", "t", "t", "t", "t", "t", "t", "t", "t", "t", "t", "t", "t", "t", "t", "t", "t", "t", "t", "t", "t", "t", "t", "t"], "timestamps": [1526234648.9185798, 1526234649.1554313, 1526234649.1970513, 1526234649.233645, 1526234649.2967875, 1526234649.3414311, 1526234649.3898606, 1526234649.4362202, 1526234649.4826968, 1526234649.5202312, 1526234649.58879, 1526234649.6344032, 1526234649.6976128, 1526234649.7458289, 1526234649.792792, 1526234649.854692, 1526234649.894653, 1526234649.928457, 1526234649.9821086, 1526234650.0146716, 1526234650.0770824, 1526234650.1175973, 1526234650.1563058, 1526234650.189391, 1526234650.2306426, 1526234650.270532, 1526234650.3232875, 1526234650.3565855, 1526234650.396387, 1526234650.4571888, 1526234650.510272, 1526234650.5544696, 1526234650.6072958, 1526234650.640668, 1526234650.6808321, 1526234650.721301, 1526234650.755317, 1526234650.808916, 1526234650.8421657, 1526234650.882765, 1526234650.9232082, 1526234650.9638152, 1526234651.0210924, 1526234651.0613096, 1526234651.1143231, 1526234651.1483793, 1526234651.1887884, 1526234651.2418854, 1526234651.2747772, 1526234651.3288918, 1526234651.382219, 1526234651.4186327, 1526234651.4510565, 1526234651.4911804, 1526234651.5277803, 1526234651.5706708, 1526234651.6030104, 1526234651.6554034, 1526234651.7096796, 1526234651.7500727, 1526234651.7828615, 1526234651.815432, 1526234651.8490474, 1526234651.8893027, 1526234651.9295976, 1526234651.9871662, 1526234652.0397186, 1526234652.093959, 1526234652.1342707, 1526234652.1678953, 1526234652.2084618, 1526234652.2416694, 1526234652.2988038, 1526234652.3326967, 1526234652.3870595, 1526234652.42275, 1526234652.4628096, 1526234652.5175402, 1526234652.55548, 1526234652.588252, 1526234652.6456873, 1526234652.6860003, 1526234652.7260833, 1526234652.7592034, 1526234652.8138647, 1526234652.8541384, 1526234652.8946779, 1526234652.927849, 1526234652.9601953, 1526234653.0125358, 1526234653.065159, 1526234653.0971324, 1526234653.129944, 1526234653.1729, 1526234653.2052681, 1526234653.2387333, 1526234653.2793198, 1526234653.3128884, 1526234653.3684208, 1526234653.4086397]}