{"initial_reset_timestamp": 1526277355.3819404, "episode_rewards": [-105.0, -105.0, -105.0, -96.0, -103.0, -105.0, -105.0, -91.0, -118.0, -105.0, -105.0, -173.0, -164.0, -88.0, -158.0, -87.0, -105.0, -88.0, -88.0, -90.0, -85.0, -86.0, -105.0, -105.0, -160.0, -105.0, -120.0, -105.0, -85.0, -95.0, -105.0, -89.0, -105.0, -105.0, -160.0, -151.0, -86.0, -105.0, -101.0, -120.0, -105.0, -149.0, -105.0, -95.0, -88.0, -105.0, -105.0, -105.0, -99.0, -105.0, -105.0, -88.0, -157.0, -105.0, -105.0, -157.0, -105.0, -105.0, -105.0, -160.0, -105.0, -160.0, -89.0, -105.0, -85.0, -110.0, -105.0, -157.0, -105.0, -105.0, -105.0, -105.0, -87.0, -95.0, -105.0, -88.0, -105.0, -105.0, -97.0, -94.0, -164.0, -92.0, -93.0, -84.0, -105.0, -102.0, -156.0, -159.0, -151.0, -105.0, -105.0, -105.0, -85.0, -92.0, -149.0, -87.0, -105.0, -87.0, -90.0, -170.0], "episode_lengths": [105, 105, 105, 96, 103, 105, 105, 91, 118, 105, 105, 173, 164, 88, 158, 87, 105, 88, 88, 90, 85, 86, 105, 105, 160, 105, 120, 105, 85, 95, 105, 89, 105, 105, 160, 151, 86, 105, 101, 120, 105, 149, 105, 95, 88, 105, 105, 105, 99, 105, 105, 88, 157, 105, 105, 157, 105, 105, 105, 160, 105, 160, 89, 105, 85, 110, 105, 157, 105, 105, 105, 105, 87, 95, 105, 88, 105, 105, 97, 94, 164, 92, 93, 84, 105, 102, 156, 159, 151, 105, 105, 105, 85, 92, 149, 87, 105, 87, 90, 170], "episode_types": ["t", "t", "t", "t", "t", "t", "t", "t", "t", "t", "t", "t", "t", "t", "t", "t", "t", "t", "t", "t", "t", "t", "t", "t", "t", "t", "t", "t", "t", "t", "t", "t", "t", "t", "t", "t", "t", "t", "t", "t", "t", "t", "t", "t", "t", "t", "t", "t", "t", "t", "t", "t", "t", "t", "t", "t", "t", "t", "t", "t", "t", "t", "t", "t", "t", "t", "t", "t", "t", "t", "t", "t", "t", "t", "t", "t", "t", "t", "t", "t", "t", "t", "t", "t", "t", "t", "t", "t", "t", "t", "t", "t", "t", "t", "t", "t", "t", "t", "t", "t"], "timestamps": [1526277358.2389178, 1526277358.4590127, 1526277358.4976804, 1526277358.532852, 1526277358.570385, 1526277358.6094105, 1526277358.6488016, 1526277358.6824265, 1526277358.7257931, 1526277358.7646918, 1526277358.8036277, 1526277358.867775, 1526277358.9278336, 1526277358.9601, 1526277359.0180023, 1526277359.0499475, 1526277359.0884953, 1526277359.1206422, 1526277359.1533988, 1526277359.1863103, 1526277359.2173514, 1526277359.2490413, 1526277359.2901666, 1526277359.3314462, 1526277359.3903277, 1526277359.428961, 1526277359.472799, 1526277359.5114112, 1526277359.5425336, 1526277359.5772686, 1526277359.616338, 1526277359.6495929, 1526277359.6886568, 1526277359.7273684, 1526277359.7867308, 1526277359.8440645, 1526277359.876051, 1526277359.915303, 1526277359.9536333, 1526277359.997478, 1526277360.0361273, 1526277360.0908647, 1526277360.1294649, 1526277360.1645393, 1526277360.1969895, 1526277360.2355978, 1526277360.274316, 1526277360.327573, 1526277360.3639798, 1526277360.4026759, 1526277360.4412854, 1526277360.4734576, 1526277360.531023, 1526277360.5696218, 1526277360.6085515, 1526277360.6670768, 1526277360.7091987, 1526277360.748153, 1526277360.7869222, 1526277360.8459165, 1526277360.8845835, 1526277360.943441, 1526277360.9762764, 1526277361.0149534, 1526277361.0461125, 1526277361.0861688, 1526277361.124716, 1526277361.182677, 1526277361.221515, 1526277361.2601128, 1526277361.3017738, 1526277361.3406975, 1526277361.3725429, 1526277361.4073234, 1526277361.4457924, 1526277361.477976, 1526277361.5164094, 1526277361.55486, 1526277361.5903573, 1526277361.627477, 1526277361.6883638, 1526277361.7224, 1526277361.7566838, 1526277361.7882013, 1526277361.828597, 1526277361.8664682, 1526277361.9240124, 1526277361.9827218, 1526277362.0613096, 1526277362.1014388, 1526277362.140731, 1526277362.1793044, 1526277362.2104905, 1526277362.2441525, 1526277362.3110921, 1526277362.3433602, 1526277362.3819482, 1526277362.4137661, 1526277362.4468098, 1526277362.5091152]}