{"initial_reset_timestamp": 1526237988.4231625, "episode_rewards": [-105.0, -105.0, -105.0, -105.0, -96.0, -89.0, -106.0, -93.0, -105.0, -105.0, -106.0, -106.0, -88.0, -106.0, -105.0, -85.0, -105.0, -105.0, -105.0, -105.0, -85.0, -164.0, -106.0, -105.0, -105.0, -165.0, -106.0, -96.0, -117.0, -89.0, -105.0, -106.0, -94.0, -105.0, -113.0, -106.0, -105.0, -106.0, -103.0, -102.0, -84.0, -105.0, -89.0, -106.0, -105.0, -105.0, -105.0, -102.0, -105.0, -93.0, -90.0, -117.0, -105.0, -92.0, -102.0, -105.0, -93.0, -106.0, -107.0, -88.0, -90.0, -94.0, -91.0, -105.0, -107.0, -105.0, -85.0, -87.0, -95.0, -87.0, -171.0, -105.0, -105.0, -102.0, -103.0, -105.0, -116.0, -104.0, -105.0, -105.0, -105.0, -94.0, -121.0, -89.0, -105.0, -105.0, -105.0, -87.0, -106.0, -104.0, -105.0, -105.0, -85.0, -105.0, -106.0, -106.0, -90.0, -90.0, -105.0, -86.0], "episode_lengths": [105, 105, 105, 105, 96, 89, 106, 93, 105, 105, 106, 106, 88, 106, 105, 85, 105, 105, 105, 105, 85, 164, 106, 105, 105, 165, 106, 96, 117, 89, 105, 106, 94, 105, 113, 106, 105, 106, 103, 102, 84, 105, 89, 106, 105, 105, 105, 102, 105, 93, 90, 117, 105, 92, 102, 105, 93, 106, 107, 88, 90, 94, 91, 105, 107, 105, 85, 87, 95, 87, 171, 105, 105, 102, 103, 105, 116, 104, 105, 105, 105, 94, 121, 89, 105, 105, 105, 87, 106, 104, 105, 105, 85, 105, 106, 106, 90, 90, 105, 86], "episode_types": ["t", "t", "t", "t", "t", "t", "t", "t", "t", "t", "t", "t", "t", "t", "t", "t", "t", "t", "t", "t", "t", "t", "t", "t", "t", "t", "t", "t", "t", "t", "t", "t", "t", "t", "t", "t", "t", "t", "t", "t", "t", "t", "t", "t", "t", "t", "t", "t", "t", "t", "t", "t", "t", "t", "t", "t", "t", "t", "t", "t", "t", "t", "t", "t", "t", "t", "t", "t", "t", "t", "t", "t", "t", "t", "t", "t", "t", "t", "t", "t", "t", "t", "t", "t", "t", "t", "t", "t", "t", "t", "t", "t", "t", "t", "t", "t", "t", "t", "t", "t"], "timestamps": [1526237990.1956475, 1526237990.294677, 1526237990.3102186, 1526237990.32526, 1526237990.338629, 1526237990.3509903, 1526237990.365674, 1526237990.3787446, 1526237990.393334, 1526237990.4079838, 1526237990.424112, 1526237990.4398377, 1526237990.4525106, 1526237990.4675014, 1526237990.4841542, 1526237990.496056, 1526237990.510726, 1526237990.5254664, 1526237990.5400553, 1526237990.554688, 1526237990.566432, 1526237990.5918403, 1526237990.606878, 1526237990.6215155, 1526237990.636326, 1526237990.659999, 1526237990.6746683, 1526237990.687939, 1526237990.7041266, 1526237990.7164888, 1526237990.7311285, 1526237990.7458966, 1526237990.762899, 1526237990.7794833, 1526237990.7970912, 1526237990.8132188, 1526237990.8293507, 1526237990.8455477, 1526237990.8612175, 1526237990.8759718, 1526237990.888883, 1526237990.9050157, 1526237990.9188185, 1526237990.935158, 1526237990.9512842, 1526237990.9674237, 1526237990.9898136, 1526237991.0054126, 1526237991.0215974, 1526237991.0357714, 1526237991.0496812, 1526237991.067523, 1526237991.0835423, 1526237991.0976675, 1526237991.1129925, 1526237991.1290376, 1526237991.1430063, 1526237991.1586292, 1526237991.1744723, 1526237991.1875675, 1526237991.2016625, 1526237991.2156785, 1526237991.229483, 1526237991.245107, 1526237991.260816, 1526237991.275886, 1526237991.2886212, 1526237991.3018818, 1526237991.3160613, 1526237991.3292787, 1526237991.3540123, 1526237991.3696015, 1526237991.3852358, 1526237991.4005659, 1526237991.4157906, 1526237991.4317386, 1526237991.4492745, 1526237991.4649675, 1526237991.4805994, 1526237991.4964495, 1526237991.5119727, 1526237991.5254233, 1526237991.5432634, 1526237991.556935, 1526237991.5726392, 1526237991.597033, 1526237991.6135926, 1526237991.6264336, 1526237991.6427476, 1526237991.6581526, 1526237991.6737475, 1526237991.6897762, 1526237991.7026644, 1526237991.7182899, 1526237991.7355592, 1526237991.751325, 1526237991.7646532, 1526237991.7773156, 1526237991.7922282, 1526237991.8043253]}