{"initial_reset_timestamp": 1526268626.7366295, "episode_rewards": [-90.0, -150.0, -105.0, -105.0, -89.0, -96.0, -153.0, -100.0, -84.0, -156.0, -87.0, -87.0, -85.0, -87.0, -97.0, -89.0, -105.0, -150.0, -105.0, -163.0, -87.0, -164.0, -92.0, -117.0, -105.0, -105.0, -105.0, -101.0, -85.0, -105.0, -97.0, -150.0, -105.0, -90.0, -150.0, -86.0, -89.0, -105.0, -101.0, -91.0, -105.0, -95.0, -91.0, -105.0, -150.0, -150.0, -150.0, -105.0, -150.0, -150.0, -105.0, -98.0, -88.0, -113.0, -105.0, -96.0, -105.0, -105.0, -99.0, -99.0, -147.0, -105.0, -92.0, -87.0, -163.0, -105.0, -105.0, -105.0, -150.0, -158.0, -167.0, -87.0, -158.0, -94.0, -105.0, -105.0, -149.0, -85.0, -99.0, -84.0, -105.0, -167.0, -164.0, -98.0, -89.0, -150.0, -99.0, -147.0, -105.0, -105.0, -151.0, -96.0, -105.0, -150.0, -150.0, -93.0, -95.0, -85.0, -88.0, -105.0], "episode_lengths": [90, 150, 105, 105, 89, 96, 153, 100, 84, 156, 87, 87, 85, 87, 97, 89, 105, 150, 105, 163, 87, 164, 92, 117, 105, 105, 105, 101, 85, 105, 97, 150, 105, 90, 150, 86, 89, 105, 101, 91, 105, 95, 91, 105, 150, 150, 150, 105, 150, 150, 105, 98, 88, 113, 105, 96, 105, 105, 99, 99, 147, 105, 92, 87, 163, 105, 105, 105, 150, 158, 167, 87, 158, 94, 105, 105, 149, 85, 99, 84, 105, 167, 164, 98, 89, 150, 99, 147, 105, 105, 151, 96, 105, 150, 150, 93, 95, 85, 88, 105], "episode_types": ["t", "t", "t", "t", "t", "t", "t", "t", "t", "t", "t", "t", "t", "t", "t", "t", "t", "t", "t", "t", "t", "t", "t", "t", "t", "t", "t", "t", "t", "t", "t", "t", "t", "t", "t", "t", "t", "t", "t", "t", "t", "t", "t", "t", "t", "t", "t", "t", "t", "t", "t", "t", "t", "t", "t", "t", "t", "t", "t", "t", "t", "t", "t", "t", "t", "t", "t", "t", "t", "t", "t", "t", "t", "t", "t", "t", "t", "t", "t", "t", "t", "t", "t", "t", "t", "t", "t", "t", "t", "t", "t", "t", "t", "t", "t", "t", "t", "t", "t", "t"], "timestamps": [1526268629.120028, 1526268629.3373065, 1526268629.3786225, 1526268629.4186819, 1526268629.452178, 1526268629.4882727, 1526268629.5461764, 1526268629.583637, 1526268629.6153438, 1526268629.6745408, 1526268629.7102776, 1526268629.7433703, 1526268629.7751896, 1526268629.8079345, 1526268629.8443758, 1526268629.8779373, 1526268629.9175382, 1526268629.9759698, 1526268630.0161674, 1526268630.078355, 1526268630.111262, 1526268630.1761863, 1526268630.2110062, 1526268630.2552786, 1526268630.2950213, 1526268630.335367, 1526268630.3748572, 1526268630.412811, 1526268630.4447784, 1526268630.4843931, 1526268630.5206938, 1526268630.577576, 1526268630.617315, 1526268630.6515462, 1526268630.7226744, 1526268630.7551692, 1526268630.7884934, 1526268630.8279943, 1526268630.865933, 1526268630.9000947, 1526268630.9398165, 1526268630.9754775, 1526268631.0098124, 1526268631.049944, 1526268631.1070366, 1526268631.1648424, 1526268631.2231882, 1526268631.2634106, 1526268631.320513, 1526268631.3773487, 1526268631.4168272, 1526268631.4537842, 1526268631.486856, 1526268631.5292351, 1526268631.5692534, 1526268631.6077213, 1526268631.6477635, 1526268631.6959715, 1526268631.733946, 1526268631.77118, 1526268631.826637, 1526268631.866007, 1526268631.9002805, 1526268631.9327636, 1526268631.9937003, 1526268632.0329947, 1526268632.0727768, 1526268632.1165352, 1526268632.1750062, 1526268632.2344308, 1526268632.2970042, 1526268632.3297446, 1526268632.3889306, 1526268632.4241388, 1526268632.463704, 1526268632.5033386, 1526268632.5594406, 1526268632.5912774, 1526268632.6280673, 1526268632.6600199, 1526268632.7016878, 1526268632.764541, 1526268632.8256426, 1526268632.862276, 1526268632.8954892, 1526268632.9518135, 1526268632.9886348, 1526268633.0441253, 1526268633.083602, 1526268633.12308, 1526268633.1819594, 1526268633.21851, 1526268633.258107, 1526268633.3155134, 1526268633.372007, 1526268633.406883, 1526268633.4424293, 1526268633.4744952, 1526268633.5078428, 1526268633.5474615]}