{"initial_reset_timestamp": 1526253321.7284608, "episode_rewards": [-92.0, -105.0, -105.0, -105.0, -106.0, -92.0, -105.0, -93.0, -112.0, -105.0, -105.0, -105.0, -89.0, -105.0, -105.0, -88.0, -92.0, -106.0, -105.0, -94.0, -105.0, -106.0, -105.0, -105.0, -106.0, -105.0, -105.0, -188.0, -105.0, -105.0, -90.0, -105.0, -106.0, -93.0, -105.0, -106.0, -88.0, -105.0, -89.0, -106.0, -105.0, -91.0, -92.0, -105.0, -90.0, -89.0, -105.0, -106.0, -105.0, -95.0, -105.0, -106.0, -105.0, -106.0, -105.0, -105.0, -105.0, -106.0, -88.0, -98.0, -106.0, -96.0, -105.0, -105.0, -105.0, -105.0, -96.0, -88.0, -105.0, -105.0, -105.0, -105.0, -88.0, -86.0, -105.0, -88.0, -88.0, -89.0, -105.0, -105.0, -106.0, -105.0, -96.0, -105.0, -92.0, -106.0, -106.0, -105.0, -105.0, -97.0, -85.0, -106.0, -105.0, -105.0, -106.0, -94.0, -105.0, -105.0, -105.0, -105.0], "episode_lengths": [92, 105, 105, 105, 106, 92, 105, 93, 112, 105, 105, 105, 89, 105, 105, 88, 92, 106, 105, 94, 105, 106, 105, 105, 106, 105, 105, 188, 105, 105, 90, 105, 106, 93, 105, 106, 88, 105, 89, 106, 105, 91, 92, 105, 90, 89, 105, 106, 105, 95, 105, 106, 105, 106, 105, 105, 105, 106, 88, 98, 106, 96, 105, 105, 105, 105, 96, 88, 105, 105, 105, 105, 88, 86, 105, 88, 88, 89, 105, 105, 106, 105, 96, 105, 92, 106, 106, 105, 105, 97, 85, 106, 105, 105, 106, 94, 105, 105, 105, 105], "episode_types": ["t", "t", "t", "t", "t", "t", "t", "t", "t", "t", "t", "t", "t", "t", "t", "t", "t", "t", "t", "t", "t", "t", "t", "t", "t", "t", "t", "t", "t", "t", "t", "t", "t", "t", "t", "t", "t", "t", "t", "t", "t", "t", "t", "t", "t", "t", "t", "t", "t", "t", "t", "t", "t", "t", "t", "t", "t", "t", "t", "t", "t", "t", "t", "t", "t", "t", "t", "t", "t", "t", "t", "t", "t", "t", "t", "t", "t", "t", "t", "t", "t", "t", "t", "t", "t", "t", "t", "t", "t", "t", "t", "t", "t", "t", "t", "t", "t", "t", "t", "t"], "timestamps": [1526253323.2684128, 1526253323.3657804, 1526253323.3804784, 1526253323.395259, 1526253323.4102929, 1526253323.4230137, 1526253323.4376943, 1526253323.450585, 1526253323.4659758, 1526253323.48051, 1526253323.4950163, 1526253323.5095947, 1526253323.5219223, 1526253323.5365005, 1526253323.5511324, 1526253323.5632813, 1526253323.5759232, 1526253323.5908637, 1526253323.605373, 1526253323.6182852, 1526253323.6328235, 1526253323.6486082, 1526253323.6640923, 1526253323.6795664, 1526253323.6962197, 1526253323.7142186, 1526253323.7322671, 1526253323.760383, 1526253323.776271, 1526253323.7919385, 1526253323.8055027, 1526253323.8214037, 1526253323.837514, 1526253323.8516583, 1526253323.867595, 1526253323.8835034, 1526253323.895865, 1526253323.9115622, 1526253323.924939, 1526253323.9409227, 1526253323.9566197, 1526253323.9701552, 1526253323.9838617, 1526253323.9995363, 1526253324.0121918, 1526253324.0257819, 1526253324.0419185, 1526253324.0569458, 1526253324.0726686, 1526253324.0871277, 1526253324.1029572, 1526253324.1189961, 1526253324.1350098, 1526253324.1517155, 1526253324.1676412, 1526253324.1835494, 1526253324.1993828, 1526253324.2158458, 1526253324.2284033, 1526253324.243208, 1526253324.258725, 1526253324.2735994, 1526253324.289777, 1526253324.306017, 1526253324.3221278, 1526253324.338194, 1526253324.3529842, 1526253324.366739, 1526253324.3829396, 1526253324.3984969, 1526253324.4137077, 1526253324.4294186, 1526253324.4428363, 1526253324.4564013, 1526253324.472605, 1526253324.4860685, 1526253324.498962, 1526253324.5119703, 1526253324.5275745, 1526253324.5434089, 1526253324.5593638, 1526253324.5755057, 1526253324.5904794, 1526253324.606152, 1526253324.6200533, 1526253324.636646, 1526253324.6532934, 1526253324.6689415, 1526253324.6845465, 1526253324.6981883, 1526253324.7107787, 1526253324.7339191, 1526253324.748884, 1526253324.7635984, 1526253324.7783043, 1526253324.7912943, 1526253324.8058093, 1526253324.820391, 1526253324.8351355, 1526253324.8499317]}