{"initial_reset_timestamp": 1526260821.2178621, "episode_rewards": [-105.0, -102.0, -105.0, -89.0, -87.0, -105.0, -105.0, -153.0, -105.0, -86.0, -90.0, -148.0, -92.0, -105.0, -105.0, -94.0, -105.0, -89.0, -85.0, -105.0, -91.0, -93.0, -96.0, -118.0, -105.0, -85.0, -101.0, -105.0, -155.0, -167.0, -105.0, -105.0, -89.0, -95.0, -149.0, -157.0, -151.0, -85.0, -103.0, -90.0, -105.0, -97.0, -88.0, -105.0, -104.0, -105.0, -105.0, -105.0, -161.0, -153.0, -105.0, -105.0, -103.0, -157.0, -164.0, -162.0, -105.0, -152.0, -148.0, -152.0, -95.0, -108.0, -155.0, -85.0, -153.0, -106.0, -99.0, -127.0, -85.0, -96.0, -105.0, -105.0, -105.0, -88.0, -149.0, -100.0, -105.0, -105.0, -167.0, -97.0, -105.0, -103.0, -86.0, -105.0, -97.0, -148.0, -103.0, -86.0, -105.0, -105.0, -86.0, -105.0, -148.0, -105.0, -160.0, -95.0, -105.0, -105.0, -105.0, -85.0], "episode_lengths": [105, 102, 105, 89, 87, 105, 105, 153, 105, 86, 90, 148, 92, 105, 105, 94, 105, 89, 85, 105, 91, 93, 96, 118, 105, 85, 101, 105, 155, 167, 105, 105, 89, 95, 149, 157, 151, 85, 103, 90, 105, 97, 88, 105, 104, 105, 105, 105, 161, 153, 105, 105, 103, 157, 164, 162, 105, 152, 148, 152, 95, 108, 155, 85, 153, 106, 99, 127, 85, 96, 105, 105, 105, 88, 149, 100, 105, 105, 167, 97, 105, 103, 86, 105, 97, 148, 103, 86, 105, 105, 86, 105, 148, 105, 160, 95, 105, 105, 105, 85], "episode_types": ["t", "t", "t", "t", "t", "t", "t", "t", "t", "t", "t", "t", "t", "t", "t", "t", "t", "t", "t", "t", "t", "t", "t", "t", "t", "t", "t", "t", "t", "t", "t", "t", "t", "t", "t", "t", "t", "t", "t", "t", "t", "t", "t", "t", "t", "t", "t", "t", "t", "t", "t", "t", "t", "t", "t", "t", "t", "t", "t", "t", "t", "t", "t", "t", "t", "t", "t", "t", "t", "t", "t", "t", "t", "t", "t", "t", "t", "t", "t", "t", "t", "t", "t", "t", "t", "t", "t", "t", "t", "t", "t", "t", "t", "t", "t", "t", "t", "t", "t", "t"], "timestamps": [1526260822.9972591, 1526260823.1040518, 1526260823.1200917, 1526260823.1337774, 1526260823.147799, 1526260823.1636827, 1526260823.1796138, 1526260823.2028356, 1526260823.2195876, 1526260823.2328362, 1526260823.24674, 1526260823.269167, 1526260823.2834194, 1526260823.2999275, 1526260823.316405, 1526260823.3309457, 1526260823.347138, 1526260823.3606133, 1526260823.3727248, 1526260823.3887708, 1526260823.4028351, 1526260823.4170337, 1526260823.4314995, 1526260823.4490936, 1526260823.4648616, 1526260823.4777758, 1526260823.4920733, 1526260823.5078516, 1526260823.531545, 1526260823.5559964, 1526260823.5717473, 1526260823.5873947, 1526260823.6013417, 1526260823.6158042, 1526260823.6382244, 1526260823.6624076, 1526260823.685266, 1526260823.6985261, 1526260823.7142851, 1526260823.7278147, 1526260823.7426136, 1526260823.7562332, 1526260823.769887, 1526260823.7855191, 1526260823.8013923, 1526260823.81719, 1526260823.832822, 1526260823.8485696, 1526260823.874006, 1526260823.8975577, 1526260823.9137151, 1526260823.9295998, 1526260823.9449308, 1526260823.9679747, 1526260823.9920335, 1526260824.0162835, 1526260824.0317001, 1526260824.0527487, 1526260824.0733213, 1526260824.094475, 1526260824.1077967, 1526260824.1226444, 1526260824.1449776, 1526260824.1573985, 1526260824.1786737, 1526260824.1933644, 1526260824.2072544, 1526260824.2246938, 1526260824.236493, 1526260824.2497232, 1526260824.2651088, 1526260824.279952, 1526260824.2946074, 1526260824.3070767, 1526260824.3277926, 1526260824.3417435, 1526260824.3564327, 1526260824.3712401, 1526260824.3944812, 1526260824.408169, 1526260824.4227545, 1526260824.4370372, 1526260824.4489152, 1526260824.4634929, 1526260824.4768488, 1526260824.497407, 1526260824.511754, 1526260824.5236242, 1526260824.5383806, 1526260824.5529866, 1526260824.5649018, 1526260824.5794442, 1526260824.6001153, 1526260824.6148155, 1526260824.6372647, 1526260824.6511552, 1526260824.6657064, 1526260824.6802666, 1526260824.6948645, 1526260824.706805]}