{"initial_reset_timestamp": 1526274615.9578602, "episode_rewards": [-105.0, -84.0, -105.0, -105.0, -105.0, -94.0, -95.0, -93.0, -84.0, -93.0, -87.0, -90.0, -89.0, -92.0, -105.0, -105.0, -92.0, -85.0, -105.0, -85.0, -89.0, -89.0, -105.0, -105.0, -105.0, -84.0, -105.0, -105.0, -87.0, -155.0, -105.0, -105.0, -94.0, -105.0, -88.0, -96.0, -105.0, -102.0, -149.0, -105.0, -153.0, -86.0, -85.0, -105.0, -156.0, -149.0, -170.0, -105.0, -90.0, -105.0, -85.0, -105.0, -92.0, -105.0, -105.0, -105.0, -105.0, -105.0, -170.0, -105.0, -105.0, -87.0, -94.0, -105.0, -105.0, -157.0, -106.0, -105.0, -105.0, -85.0, -99.0, -89.0, -105.0, -85.0, -105.0, -105.0, -89.0, -85.0, -105.0, -151.0, -157.0, -148.0, -161.0, -89.0, -105.0, -105.0, -149.0, -105.0, -161.0, -84.0, -105.0, -93.0, -93.0, -157.0, -149.0, -105.0, -105.0, -105.0, -105.0, -105.0], "episode_lengths": [105, 84, 105, 105, 105, 94, 95, 93, 84, 93, 87, 90, 89, 92, 105, 105, 92, 85, 105, 85, 89, 89, 105, 105, 105, 84, 105, 105, 87, 155, 105, 105, 94, 105, 88, 96, 105, 102, 149, 105, 153, 86, 85, 105, 156, 149, 170, 105, 90, 105, 85, 105, 92, 105, 105, 105, 105, 105, 170, 105, 105, 87, 94, 105, 105, 157, 106, 105, 105, 85, 99, 89, 105, 85, 105, 105, 89, 85, 105, 151, 157, 148, 161, 89, 105, 105, 149, 105, 161, 84, 105, 93, 93, 157, 149, 105, 105, 105, 105, 105], "episode_types": ["t", "t", "t", "t", "t", "t", "t", "t", "t", "t", "t", "t", "t", "t", "t", "t", "t", "t", "t", "t", "t", "t", "t", "t", "t", "t", "t", "t", "t", "t", "t", "t", "t", "t", "t", "t", "t", "t", "t", "t", "t", "t", "t", "t", "t", "t", "t", "t", "t", "t", "t", "t", "t", "t", "t", "t", "t", "t", "t", "t", "t", "t", "t", "t", "t", "t", "t", "t", "t", "t", "t", "t", "t", "t", "t", "t", "t", "t", "t", "t", "t", "t", "t", "t", "t", "t", "t", "t", "t", "t", "t", "t", "t", "t", "t", "t", "t", "t", "t", "t"], "timestamps": [1526274618.0496294, 1526274618.1556253, 1526274618.1703682, 1526274618.18508, 1526274618.1999125, 1526274618.2130795, 1526274618.2262614, 1526274618.239145, 1526274618.2507715, 1526274618.2637112, 1526274618.2757375, 1526274618.2882075, 1526274618.3005579, 1526274618.3132389, 1526274618.3278055, 1526274618.342358, 1526274618.3550253, 1526274618.3667572, 1526274618.3820138, 1526274618.3947232, 1526274618.408137, 1526274618.4207594, 1526274618.435959, 1526274618.4508047, 1526274618.4653158, 1526274618.477681, 1526274618.4924147, 1526274618.5071166, 1526274618.5191746, 1526274618.5408523, 1526274618.5553586, 1526274618.5699768, 1526274618.5829525, 1526274618.5977387, 1526274618.6099176, 1526274618.6234183, 1526274618.6383538, 1526274618.6531913, 1526274618.676009, 1526274618.6912477, 1526274618.7125356, 1526274618.7245862, 1526274618.7362897, 1526274618.7507489, 1526274618.7722197, 1526274618.7928088, 1526274618.8162377, 1526274618.830902, 1526274618.8432539, 1526274618.8577132, 1526274618.8693805, 1526274618.8838677, 1526274618.8965116, 1526274618.911062, 1526274618.9256775, 1526274618.9401698, 1526274618.9547095, 1526274618.969248, 1526274618.992634, 1526274619.0072668, 1526274619.0219755, 1526274619.0339963, 1526274619.0468676, 1526274619.0613945, 1526274619.0766032, 1526274619.0987055, 1526274619.1133556, 1526274619.128163, 1526274619.143471, 1526274619.155443, 1526274619.1691337, 1526274619.181513, 1526274619.1961904, 1526274619.207939, 1526274619.2227745, 1526274619.237324, 1526274619.249661, 1526274619.261456, 1526274619.2759426, 1526274619.2969308, 1526274619.3187382, 1526274619.33933, 1526274619.3614824, 1526274619.373759, 1526274619.3882387, 1526274619.4026961, 1526274619.4234226, 1526274619.4379654, 1526274619.4601865, 1526274619.4717464, 1526274619.4862068, 1526274619.4989836, 1526274619.511836, 1526274619.5337987, 1526274619.5544224, 1526274619.5689206, 1526274619.583389, 1526274619.59909, 1526274619.6135893, 1526274619.628233]}