{"initial_reset_timestamp": 1526257488.6111934, "episode_rewards": [-106.0, -103.0, -149.0, -149.0, -157.0, -152.0, -157.0, -150.0, -148.0, -84.0, -84.0, -90.0, -157.0, -105.0, -89.0, -89.0, -105.0, -126.0, -150.0, -87.0, -89.0, -149.0, -152.0, -97.0, -149.0, -105.0, -150.0, -149.0, -84.0, -105.0, -150.0, -156.0, -90.0, -157.0, -166.0, -105.0, -152.0, -86.0, -148.0, -84.0, -149.0, -111.0, -84.0, -164.0, -149.0, -150.0, -105.0, -87.0, -157.0, -98.0, -157.0, -148.0, -123.0, -148.0, -105.0, -87.0, -92.0, -92.0, -106.0, -150.0, -148.0, -85.0, -93.0, -164.0, -148.0, -90.0, -86.0, -164.0, -148.0, -157.0, -89.0, -100.0, -157.0, -105.0, -105.0, -89.0, -120.0, -157.0, -97.0, -103.0, -147.0, -105.0, -149.0, -88.0, -105.0, -105.0, -107.0, -150.0, -102.0, -85.0, -95.0, -93.0, -148.0, -93.0, -99.0, -148.0, -99.0, -104.0, -105.0, -91.0], "episode_lengths": [106, 103, 149, 149, 157, 152, 157, 150, 148, 84, 84, 90, 157, 105, 89, 89, 105, 126, 150, 87, 89, 149, 152, 97, 149, 105, 150, 149, 84, 105, 150, 156, 90, 157, 166, 105, 152, 86, 148, 84, 149, 111, 84, 164, 149, 150, 105, 87, 157, 98, 157, 148, 123, 148, 105, 87, 92, 92, 106, 150, 148, 85, 93, 164, 148, 90, 86, 164, 148, 157, 89, 100, 157, 105, 105, 89, 120, 157, 97, 103, 147, 105, 149, 88, 105, 105, 107, 150, 102, 85, 95, 93, 148, 93, 99, 148, 99, 104, 105, 91], "episode_types": ["t", "t", "t", "t", "t", "t", "t", "t", "t", "t", "t", "t", "t", "t", "t", "t", "t", "t", "t", "t", "t", "t", "t", "t", "t", "t", "t", "t", "t", "t", "t", "t", "t", "t", "t", "t", "t", "t", "t", "t", "t", "t", "t", "t", "t", "t", "t", "t", "t", "t", "t", "t", "t", "t", "t", "t", "t", "t", "t", "t", "t", "t", "t", "t", "t", "t", "t", "t", "t", "t", "t", "t", "t", "t", "t", "t", "t", "t", "t", "t", "t", "t", "t", "t", "t", "t", "t", "t", "t", "t", "t", "t", "t", "t", "t", "t", "t", "t", "t", "t"], "timestamps": [1526257491.4163945, 1526257491.6212583, 1526257491.6788225, 1526257491.73745, 1526257491.7972183, 1526257491.8554292, 1526257491.916515, 1526257491.973999, 1526257492.0297039, 1526257492.0614412, 1526257492.0930183, 1526257492.126789, 1526257492.185954, 1526257492.2253408, 1526257492.2585893, 1526257492.291889, 1526257492.3327081, 1526257492.3799505, 1526257492.4362576, 1526257492.4691486, 1526257492.502358, 1526257492.5582108, 1526257492.6150622, 1526257492.6516469, 1526257492.7076285, 1526257492.746983, 1526257492.8032234, 1526257492.8591588, 1526257492.8904393, 1526257492.9336662, 1526257492.9902325, 1526257493.0487509, 1526257493.0823977, 1526257493.1415517, 1526257493.2037284, 1526257493.243411, 1526257493.300873, 1526257493.333146, 1526257493.3891954, 1526257493.42081, 1526257493.4770637, 1526257493.518569, 1526257493.5507052, 1526257493.6125073, 1526257493.6694171, 1526257493.7262115, 1526257493.7658272, 1526257493.7985046, 1526257493.857445, 1526257493.894077, 1526257493.9564934, 1526257494.012601, 1526257494.0586634, 1526257494.1144078, 1526257494.156025, 1526257494.1888225, 1526257494.2233016, 1526257494.25786, 1526257494.2983503, 1526257494.3555968, 1526257494.412073, 1526257494.4455554, 1526257494.4809508, 1526257494.543412, 1526257494.5997732, 1526257494.6335952, 1526257494.6664262, 1526257494.7280192, 1526257494.7855062, 1526257494.8446226, 1526257494.878139, 1526257494.9291914, 1526257494.9895954, 1526257495.029165, 1526257495.0686588, 1526257495.1019597, 1526257495.147169, 1526257495.2063222, 1526257495.2427523, 1526257495.2813742, 1526257495.3381379, 1526257495.3781264, 1526257495.4345856, 1526257495.4679186, 1526257495.5077662, 1526257495.5492067, 1526257495.5893822, 1526257495.6474438, 1526257495.6857746, 1526257495.7176847, 1526257495.7533154, 1526257495.7882605, 1526257495.8440166, 1526257495.8790343, 1526257495.9183295, 1526257495.9773946, 1526257496.0146444, 1526257496.053853, 1526257496.0936496, 1526257496.1277921]}