{"initial_reset_timestamp": 1526243448.1267154, "episode_rewards": [-92.0, -92.0, -105.0, -152.0, -105.0, -156.0, -105.0, -105.0, -105.0, -119.0, -105.0, -165.0, -102.0, -105.0, -165.0, -91.0, -87.0, -87.0, -164.0, -93.0, -93.0, -100.0, -147.0, -105.0, -105.0, -105.0, -102.0, -105.0, -90.0, -105.0, -148.0, -98.0, -105.0, -90.0, -86.0, -105.0, -92.0, -105.0, -157.0, -105.0, -166.0, -105.0, -87.0, -104.0, -93.0, -88.0, -93.0, -105.0, -117.0, -117.0, -90.0, -90.0, -105.0, -105.0, -105.0, -105.0, -105.0, -163.0, -147.0, -93.0, -166.0, -157.0, -105.0, -86.0, -87.0, -104.0, -105.0, -105.0, -105.0, -88.0, -105.0, -96.0, -125.0, -148.0, -104.0, -86.0, -105.0, -105.0, -105.0, -92.0, -104.0, -125.0, -90.0, -104.0, -104.0, -90.0, -159.0, -147.0, -87.0, -104.0, -105.0, -104.0, -86.0, -105.0, -166.0, -121.0, -105.0, -105.0, -105.0, -104.0], "episode_lengths": [92, 92, 105, 152, 105, 156, 105, 105, 105, 119, 105, 165, 102, 105, 165, 91, 87, 87, 164, 93, 93, 100, 147, 105, 105, 105, 102, 105, 90, 105, 148, 98, 105, 90, 86, 105, 92, 105, 157, 105, 166, 105, 87, 104, 93, 88, 93, 105, 117, 117, 90, 90, 105, 105, 105, 105, 105, 163, 147, 93, 166, 157, 105, 86, 87, 104, 105, 105, 105, 88, 105, 96, 125, 148, 104, 86, 105, 105, 105, 92, 104, 125, 90, 104, 104, 90, 159, 147, 87, 104, 105, 104, 86, 105, 166, 121, 105, 105, 105, 104], "episode_types": ["t", "t", "t", "t", "t", "t", "t", "t", "t", "t", "t", "t", "t", "t", "t", "t", "t", "t", "t", "t", "t", "t", "t", "t", "t", "t", "t", "t", "t", "t", "t", "t", "t", "t", "t", "t", "t", "t", "t", "t", "t", "t", "t", "t", "t", "t", "t", "t", "t", "t", "t", "t", "t", "t", "t", "t", "t", "t", "t", "t", "t", "t", "t", "t", "t", "t", "t", "t", "t", "t", "t", "t", "t", "t", "t", "t", "t", "t", "t", "t", "t", "t", "t", "t", "t", "t", "t", "t", "t", "t", "t", "t", "t", "t", "t", "t", "t", "t", "t", "t"], "timestamps": [1526243450.5711594, 1526243450.8129594, 1526243450.8519795, 1526243450.9105034, 1526243450.949184, 1526243451.0070004, 1526243451.045557, 1526243451.0841851, 1526243451.123005, 1526243451.1669762, 1526243451.205994, 1526243451.2665806, 1526243451.304102, 1526243451.3426776, 1526243451.4032912, 1526243451.4365952, 1526243451.4684052, 1526243451.50224, 1526243451.5622966, 1526243451.5963893, 1526243451.6306052, 1526243451.66747, 1526243451.7345705, 1526243451.7731254, 1526243451.81204, 1526243451.850409, 1526243451.887942, 1526243451.9267957, 1526243451.9596698, 1526243451.9985764, 1526243452.053486, 1526243452.0911896, 1526243452.1308892, 1526243452.1645234, 1526243452.1967497, 1526243452.2371812, 1526243452.2710812, 1526243452.3103817, 1526243452.3679948, 1526243452.406771, 1526243452.4687066, 1526243452.508165, 1526243452.540038, 1526243452.5782037, 1526243452.6126628, 1526243452.6452858, 1526243452.6795704, 1526243452.7261357, 1526243452.7690725, 1526243452.8125198, 1526243452.8455014, 1526243452.878392, 1526243452.9174223, 1526243452.9559565, 1526243452.9945989, 1526243453.033669, 1526243453.0722134, 1526243453.13248, 1526243453.187435, 1526243453.2223032, 1526243453.2842886, 1526243453.3437898, 1526243453.3826284, 1526243453.4146385, 1526243453.4467256, 1526243453.4851515, 1526243453.5242827, 1526243453.5628965, 1526243453.6015613, 1526243453.6342795, 1526243453.6733956, 1526243453.71976, 1526243453.76564, 1526243453.8208842, 1526243453.85934, 1526243453.8915796, 1526243453.9308364, 1526243453.9694703, 1526243454.0085137, 1526243454.042902, 1526243454.0814545, 1526243454.128016, 1526243454.1617172, 1526243454.2004855, 1526243454.2393453, 1526243454.272685, 1526243454.33197, 1526243454.3862247, 1526243454.4185016, 1526243454.4569323, 1526243454.4972308, 1526243454.5360258, 1526243454.567673, 1526243454.6066499, 1526243454.6689858, 1526243454.7173097, 1526243454.7565315, 1526243454.7954624, 1526243454.8344584, 1526243454.8729517]}