{"initial_reset_timestamp": 1526247625.7689948, "episode_rewards": [-94.0, -90.0, -105.0, -86.0, -106.0, -88.0, -105.0, -88.0, -101.0, -105.0, -116.0, -105.0, -105.0, -105.0, -92.0, -105.0, -105.0, -105.0, -105.0, -86.0, -105.0, -93.0, -91.0, -86.0, -106.0, -85.0, -90.0, -92.0, -105.0, -105.0, -105.0, -92.0, -105.0, -105.0, -95.0, -105.0, -107.0, -116.0, -105.0, -94.0, -105.0, -88.0, -105.0, -105.0, -86.0, -105.0, -92.0, -85.0, -105.0, -105.0, -105.0, -105.0, -105.0, -105.0, -106.0, -105.0, -106.0, -87.0, -105.0, -107.0, -96.0, -106.0, -107.0, -105.0, -106.0, -105.0, -105.0, -91.0, -105.0, -88.0, -90.0, -107.0, -105.0, -96.0, -105.0, -85.0, -105.0, -88.0, -98.0, -106.0, -105.0, -106.0, -94.0, -87.0, -98.0, -106.0, -105.0, -91.0, -105.0, -92.0, -88.0, -105.0, -105.0, -105.0, -105.0, -107.0, -105.0, -105.0, -105.0, -105.0], "episode_lengths": [94, 90, 105, 86, 106, 88, 105, 88, 101, 105, 116, 105, 105, 105, 92, 105, 105, 105, 105, 86, 105, 93, 91, 86, 106, 85, 90, 92, 105, 105, 105, 92, 105, 105, 95, 105, 107, 116, 105, 94, 105, 88, 105, 105, 86, 105, 92, 85, 105, 105, 105, 105, 105, 105, 106, 105, 106, 87, 105, 107, 96, 106, 107, 105, 106, 105, 105, 91, 105, 88, 90, 107, 105, 96, 105, 85, 105, 88, 98, 106, 105, 106, 94, 87, 98, 106, 105, 91, 105, 92, 88, 105, 105, 105, 105, 107, 105, 105, 105, 105], "episode_types": ["t", "t", "t", "t", "t", "t", "t", "t", "t", "t", "t", "t", "t", "t", "t", "t", "t", "t", "t", "t", "t", "t", "t", "t", "t", "t", "t", "t", "t", "t", "t", "t", "t", "t", "t", "t", "t", "t", "t", "t", "t", "t", "t", "t", "t", "t", "t", "t", "t", "t", "t", "t", "t", "t", "t", "t", "t", "t", "t", "t", "t", "t", "t", "t", "t", "t", "t", "t", "t", "t", "t", "t", "t", "t", "t", "t", "t", "t", "t", "t", "t", "t", "t", "t", "t", "t", "t", "t", "t", "t", "t", "t", "t", "t", "t", "t", "t", "t", "t", "t"], "timestamps": [1526247627.3482766, 1526247627.4431493, 1526247627.4583127, 1526247627.4702437, 1526247627.4856827, 1526247627.4985821, 1526247627.513709, 1526247627.5260456, 1526247627.5400236, 1526247627.55462, 1526247627.5706224, 1526247627.585214, 1526247627.6000133, 1526247627.6147618, 1526247627.6276622, 1526247627.6429641, 1526247627.6584947, 1526247627.6739912, 1526247627.6895056, 1526247627.7015889, 1526247627.71617, 1526247627.729041, 1526247627.7416055, 1526247627.7534857, 1526247627.768177, 1526247627.779886, 1526247627.7923825, 1526247627.8050833, 1526247627.8196988, 1526247627.8342001, 1526247627.848786, 1526247627.861506, 1526247627.8760595, 1526247627.8905861, 1526247627.903794, 1526247627.9183114, 1526247627.9331129, 1526247627.9568434, 1526247627.9729524, 1526247627.987226, 1526247628.003771, 1526247628.0175302, 1526247628.033754, 1526247628.0503109, 1526247628.0637903, 1526247628.080071, 1526247628.0937226, 1526247628.106824, 1526247628.123304, 1526247628.1400847, 1526247628.1566925, 1526247628.1723456, 1526247628.188421, 1526247628.2043126, 1526247628.220338, 1526247628.2362459, 1526247628.2523105, 1526247628.265695, 1526247628.281536, 1526247628.2977633, 1526247628.3120368, 1526247628.3281283, 1526247628.3449183, 1526247628.3616807, 1526247628.3779633, 1526247628.394005, 1526247628.409587, 1526247628.4233108, 1526247628.4403336, 1526247628.453828, 1526247628.4677083, 1526247628.4841616, 1526247628.5002346, 1526247628.514866, 1526247628.5307183, 1526247628.5426764, 1526247628.558826, 1526247628.572412, 1526247628.5871716, 1526247628.6032062, 1526247628.619266, 1526247628.6359048, 1526247628.6506686, 1526247628.6641695, 1526247628.6781561, 1526247628.6939328, 1526247628.710345, 1526247628.7246945, 1526247628.7413285, 1526247628.7551482, 1526247628.7686484, 1526247628.7842658, 1526247628.8001456, 1526247628.8164546, 1526247628.832118, 1526247628.8480616, 1526247628.863663, 1526247628.8785393, 1526247628.8941567, 1526247628.9099565]}