{"initial_reset_timestamp": 1526268976.2721279, "episode_rewards": [-94.0, -94.0, -84.0, -163.0, -105.0, -94.0, -164.0, -117.0, -105.0, -98.0, -151.0, -161.0, -87.0, -105.0, -85.0, -165.0, -86.0, -91.0, -105.0, -105.0, -165.0, -105.0, -105.0, -105.0, -105.0, -105.0, -85.0, -95.0, -105.0, -100.0, -84.0, -94.0, -92.0, -105.0, -105.0, -87.0, -91.0, -105.0, -84.0, -100.0, -159.0, -88.0, -90.0, -94.0, -105.0, -105.0, -105.0, -86.0, -105.0, -98.0, -90.0, -97.0, -105.0, -105.0, -115.0, -88.0, -105.0, -105.0, -105.0, -87.0, -113.0, -114.0, -85.0, -84.0, -105.0, -87.0, -105.0, -159.0, -95.0, -91.0, -91.0, -86.0, -93.0, -105.0, -164.0, -92.0, -87.0, -105.0, -105.0, -105.0, -92.0, -159.0, -85.0, -105.0, -105.0, -85.0, -116.0, -105.0, -97.0, -86.0, -94.0, -105.0, -105.0, -105.0, -93.0, -166.0, -110.0, -105.0, -163.0, -91.0], "episode_lengths": [94, 94, 84, 163, 105, 94, 164, 117, 105, 98, 151, 161, 87, 105, 85, 165, 86, 91, 105, 105, 165, 105, 105, 105, 105, 105, 85, 95, 105, 100, 84, 94, 92, 105, 105, 87, 91, 105, 84, 100, 159, 88, 90, 94, 105, 105, 105, 86, 105, 98, 90, 97, 105, 105, 115, 88, 105, 105, 105, 87, 113, 114, 85, 84, 105, 87, 105, 159, 95, 91, 91, 86, 93, 105, 164, 92, 87, 105, 105, 105, 92, 159, 85, 105, 105, 85, 116, 105, 97, 86, 94, 105, 105, 105, 93, 166, 110, 105, 163, 91], "episode_types": ["t", "t", "t", "t", "t", "t", "t", "t", "t", "t", "t", "t", "t", "t", "t", "t", "t", "t", "t", "t", "t", "t", "t", "t", "t", "t", "t", "t", "t", "t", "t", "t", "t", "t", "t", "t", "t", "t", "t", "t", "t", "t", "t", "t", "t", "t", "t", "t", "t", "t", "t", "t", "t", "t", "t", "t", "t", "t", "t", "t", "t", "t", "t", "t", "t", "t", "t", "t", "t", "t", "t", "t", "t", "t", "t", "t", "t", "t", "t", "t", "t", "t", "t", "t", "t", "t", "t", "t", "t", "t", "t", "t", "t", "t", "t", "t", "t", "t", "t", "t"], "timestamps": [1526268978.730351, 1526268978.9379492, 1526268978.9697876, 1526268979.0317323, 1526268979.0713444, 1526268979.1067355, 1526268979.1688182, 1526268979.2126992, 1526268979.2522917, 1526268979.2891, 1526268979.346666, 1526268979.4075904, 1526268979.4403205, 1526268979.4801092, 1526268979.5121307, 1526268979.5741696, 1526268979.6073725, 1526268979.642217, 1526268979.681951, 1526268979.7219684, 1526268979.7840223, 1526268979.8238876, 1526268979.86545, 1526268979.9051352, 1526268979.944688, 1526268979.984259, 1526268980.0163987, 1526268980.0520377, 1526268980.091741, 1526268980.1291752, 1526268980.161123, 1526268980.1968963, 1526268980.2314017, 1526268980.2708228, 1526268980.3105752, 1526268980.3432975, 1526268980.377324, 1526268980.4169767, 1526268980.4484773, 1526268980.486033, 1526268980.5457473, 1526268980.5788386, 1526268980.6130013, 1526268980.6486871, 1526268980.6882312, 1526268980.7278264, 1526268980.7673094, 1526268980.7997706, 1526268980.8415258, 1526268980.8786194, 1526268980.912524, 1526268980.9487472, 1526268980.9882324, 1526268981.0277152, 1526268981.070599, 1526268981.1037743, 1526268981.1437054, 1526268981.1831343, 1526268981.22269, 1526268981.2554061, 1526268981.2977128, 1526268981.3407369, 1526268981.3727589, 1526268981.404512, 1526268981.4441814, 1526268981.4770377, 1526268981.5167027, 1526268981.5764892, 1526268981.6121588, 1526268981.647136, 1526268981.6813803, 1526268981.7141013, 1526268981.74901, 1526268981.7883613, 1526268981.852728, 1526268981.887338, 1526268981.9201884, 1526268981.9596362, 1526268981.9992766, 1526268982.0388165, 1526268982.073355, 1526268982.1332698, 1526268982.1657577, 1526268982.205709, 1526268982.2454123, 1526268982.2776067, 1526268982.3214042, 1526268982.3613524, 1526268982.3980358, 1526268982.4307644, 1526268982.4666688, 1526268982.5064402, 1526268982.5461211, 1526268982.5857847, 1526268982.6209319, 1526268982.6844144, 1526268982.7256644, 1526268982.7651498, 1526268982.8385048, 1526268982.8753102]}