{"initial_reset_timestamp": 1526235478.6521626, "episode_rewards": [-107.0, -107.0, -106.0, -105.0, -91.0, -89.0, -88.0, -106.0, -85.0, -105.0, -106.0, -106.0, -107.0, -84.0, -101.0, -93.0, -107.0, -101.0, -105.0, -105.0, -85.0, -89.0, -105.0, -106.0, -105.0, -106.0, -93.0, -105.0, -87.0, -105.0, -105.0, -93.0, -105.0, -105.0, -105.0, -89.0, -106.0, -105.0, -105.0, -106.0, -90.0, -105.0, -89.0, -106.0, -105.0, -94.0, -86.0, -105.0, -105.0, -105.0, -105.0, -95.0, -105.0, -105.0, -102.0, -106.0, -105.0, -91.0, -105.0, -105.0, -106.0, -84.0, -105.0, -105.0, -105.0, -105.0, -105.0, -106.0, -105.0, -107.0, -105.0, -101.0, -89.0, -91.0, -106.0, -105.0, -106.0, -105.0, -105.0, -89.0, -89.0, -85.0, -106.0, -106.0, -107.0, -91.0, -105.0, -105.0, -105.0, -105.0, -105.0, -105.0, -105.0, -93.0, -107.0, -93.0, -106.0, -87.0, -105.0, -92.0], "episode_lengths": [107, 107, 106, 105, 91, 89, 88, 106, 85, 105, 106, 106, 107, 84, 101, 93, 107, 101, 105, 105, 85, 89, 105, 106, 105, 106, 93, 105, 87, 105, 105, 93, 105, 105, 105, 89, 106, 105, 105, 106, 90, 105, 89, 106, 105, 94, 86, 105, 105, 105, 105, 95, 105, 105, 102, 106, 105, 91, 105, 105, 106, 84, 105, 105, 105, 105, 105, 106, 105, 107, 105, 101, 89, 91, 106, 105, 106, 105, 105, 89, 89, 85, 106, 106, 107, 91, 105, 105, 105, 105, 105, 105, 105, 93, 107, 93, 106, 87, 105, 92], "episode_types": ["t", "t", "t", "t", "t", "t", "t", "t", "t", "t", "t", "t", "t", "t", "t", "t", "t", "t", "t", "t", "t", "t", "t", "t", "t", "t", "t", "t", "t", "t", "t", "t", "t", "t", "t", "t", "t", "t", "t", "t", "t", "t", "t", "t", "t", "t", "t", "t", "t", "t", "t", "t", "t", "t", "t", "t", "t", "t", "t", "t", "t", "t", "t", "t", "t", "t", "t", "t", "t", "t", "t", "t", "t", "t", "t", "t", "t", "t", "t", "t", "t", "t", "t", "t", "t", "t", "t", "t", "t", "t", "t", "t", "t", "t", "t", "t", "t", "t", "t", "t"], "timestamps": [1526235480.4651597, 1526235480.5615237, 1526235480.5763605, 1526235480.5909238, 1526235480.603507, 1526235480.6157513, 1526235480.627903, 1526235480.6431446, 1526235480.6548843, 1526235480.6706991, 1526235480.68627, 1526235480.701151, 1526235480.716539, 1526235480.728732, 1526235480.743167, 1526235480.7560678, 1526235480.7709181, 1526235480.7848277, 1526235480.7993827, 1526235480.813955, 1526235480.8256602, 1526235480.8381464, 1526235480.8541992, 1526235480.8764448, 1526235480.8911831, 1526235480.905853, 1526235480.9186902, 1526235480.9335535, 1526235480.945641, 1526235480.9602275, 1526235480.974725, 1526235480.9875908, 1526235481.0020258, 1526235481.0174646, 1526235481.035, 1526235481.0487945, 1526235481.0650048, 1526235481.0809107, 1526235481.0969026, 1526235481.1125085, 1526235481.1253865, 1526235481.1421688, 1526235481.1563215, 1526235481.1732771, 1526235481.189553, 1526235481.2041306, 1526235481.2175872, 1526235481.2336907, 1526235481.2495654, 1526235481.2655597, 1526235481.281496, 1526235481.2956653, 1526235481.3117065, 1526235481.3276052, 1526235481.3434246, 1526235481.3597157, 1526235481.3759854, 1526235481.3898828, 1526235481.40579, 1526235481.42176, 1526235481.437998, 1526235481.4514794, 1526235481.467623, 1526235481.483643, 1526235481.4996462, 1526235481.5156887, 1526235481.5330446, 1526235481.5554676, 1526235481.5820415, 1526235481.601633, 1526235481.617232, 1526235481.6321318, 1526235481.6453447, 1526235481.658904, 1526235481.6750855, 1526235481.690585, 1526235481.7063572, 1526235481.7219362, 1526235481.7375236, 1526235481.7507658, 1526235481.7641337, 1526235481.7761536, 1526235481.791937, 1526235481.8077955, 1526235481.823846, 1526235481.8378077, 1526235481.853876, 1526235481.8726926, 1526235481.8887591, 1526235481.9047515, 1526235481.9206862, 1526235481.9368331, 1526235481.9527726, 1526235481.966622, 1526235481.9827657, 1526235481.9965222, 1526235482.0118878, 1526235482.0251038, 1526235482.040999, 1526235482.0547442]}