{"initial_reset_timestamp": 1526238086.056504, "episode_rewards": [-157.0, -85.0, -105.0, -105.0, -105.0, -105.0, -105.0, -98.0, -90.0, -85.0, -105.0, -89.0, -105.0, -92.0, -120.0, -86.0, -85.0, -105.0, -105.0, -105.0, -105.0, -105.0, -105.0, -105.0, -105.0, -85.0, -90.0, -105.0, -126.0, -168.0, -93.0, -105.0, -105.0, -89.0, -91.0, -95.0, -105.0, -105.0, -105.0, -92.0, -105.0, -163.0, -164.0, -85.0, -89.0, -93.0, -95.0, -126.0, -105.0, -89.0, -148.0, -150.0, -91.0, -105.0, -164.0, -106.0, -105.0, -105.0, -89.0, -105.0, -100.0, -92.0, -96.0, -105.0, -105.0, -105.0, -93.0, -152.0, -155.0, -122.0, -88.0, -105.0, -105.0, -168.0, -105.0, -105.0, -89.0, -108.0, -105.0, -89.0, -152.0, -105.0, -92.0, -88.0, -99.0, -105.0, -105.0, -87.0, -157.0, -105.0, -91.0, -88.0, -90.0, -105.0, -105.0, -105.0, -157.0, -164.0, -148.0, -166.0], "episode_lengths": [157, 85, 105, 105, 105, 105, 105, 98, 90, 85, 105, 89, 105, 92, 120, 86, 85, 105, 105, 105, 105, 105, 105, 105, 105, 85, 90, 105, 126, 168, 93, 105, 105, 89, 91, 95, 105, 105, 105, 92, 105, 163, 164, 85, 89, 93, 95, 126, 105, 89, 148, 150, 91, 105, 164, 106, 105, 105, 89, 105, 100, 92, 96, 105, 105, 105, 93, 152, 155, 122, 88, 105, 105, 168, 105, 105, 89, 108, 105, 89, 152, 105, 92, 88, 99, 105, 105, 87, 157, 105, 91, 88, 90, 105, 105, 105, 157, 164, 148, 166], "episode_types": ["t", "t", "t", "t", "t", "t", "t", "t", "t", "t", "t", "t", "t", "t", "t", "t", "t", "t", "t", "t", "t", "t", "t", "t", "t", "t", "t", "t", "t", "t", "t", "t", "t", "t", "t", "t", "t", "t", "t", "t", "t", "t", "t", "t", "t", "t", "t", "t", "t", "t", "t", "t", "t", "t", "t", "t", "t", "t", "t", "t", "t", "t", "t", "t", "t", "t", "t", "t", "t", "t", "t", "t", "t", "t", "t", "t", "t", "t", "t", "t", "t", "t", "t", "t", "t", "t", "t", "t", "t", "t", "t", "t", "t", "t", "t", "t", "t", "t", "t", "t"], "timestamps": [1526238090.0885365, 1526238090.2928672, 1526238090.3327723, 1526238090.372365, 1526238090.4123797, 1526238090.4519928, 1526238090.4915953, 1526238090.5284677, 1526238090.5621781, 1526238090.5941734, 1526238090.6390827, 1526238090.6776695, 1526238090.7187867, 1526238090.75341, 1526238090.7981415, 1526238090.8305855, 1526238090.8624918, 1526238090.9023485, 1526238090.9427125, 1526238090.9827163, 1526238091.022974, 1526238091.0627735, 1526238091.102636, 1526238091.1431866, 1526238091.182848, 1526238091.2167861, 1526238091.2510118, 1526238091.2904189, 1526238091.3381858, 1526238091.4015255, 1526238091.4365525, 1526238091.4761672, 1526238091.5159378, 1526238091.5495758, 1526238091.5836067, 1526238091.6195, 1526238091.6639316, 1526238091.7045836, 1526238091.744173, 1526238091.778678, 1526238091.820216, 1526238091.881707, 1526238091.9437985, 1526238091.9760242, 1526238092.0099208, 1526238092.0448081, 1526238092.0804965, 1526238092.1278217, 1526238092.1692395, 1526238092.2033968, 1526238092.259727, 1526238092.3162973, 1526238092.35025, 1526238092.389678, 1526238092.4513693, 1526238092.491145, 1526238092.5306423, 1526238092.5699723, 1526238092.6031275, 1526238092.653662, 1526238092.6910949, 1526238092.7253532, 1526238092.7610831, 1526238092.8004775, 1526238092.8397927, 1526238092.8790731, 1526238092.9141755, 1526238092.971139, 1526238093.0308037, 1526238093.0761752, 1526238093.1090636, 1526238093.1490905, 1526238093.1888332, 1526238093.2521977, 1526238093.2916977, 1526238093.331158, 1526238093.364338, 1526238093.4044983, 1526238093.443889, 1526238093.4771175, 1526238093.534186, 1526238093.573595, 1526238093.6091142, 1526238093.663387, 1526238093.7005453, 1526238093.7399411, 1526238093.779174, 1526238093.8116894, 1526238093.8701603, 1526238093.9096174, 1526238093.9438014, 1526238093.9769242, 1526238094.0111248, 1526238094.050713, 1526238094.0902436, 1526238094.1300998, 1526238094.1909397, 1526238094.2540176, 1526238094.30963, 1526238094.3716583]}