{"initial_reset_timestamp": 1526255482.0411592, "episode_rewards": [-105.0, -105.0, -85.0, -105.0, -96.0, -105.0, -105.0, -105.0, -105.0, -105.0, -105.0, -105.0, -105.0, -105.0, -89.0, -105.0, -105.0, -105.0, -106.0, -86.0, -97.0, -105.0, -105.0, -105.0, -105.0, -97.0, -105.0, -105.0, -106.0, -85.0, -105.0, -104.0, -89.0, -106.0, -105.0, -98.0, -105.0, -85.0, -85.0, -99.0, -85.0, -105.0, -88.0, -105.0, -105.0, -105.0, -106.0, -105.0, -84.0, -99.0, -95.0, -105.0, -89.0, -105.0, -105.0, -105.0, -90.0, -105.0, -89.0, -105.0, -106.0, -105.0, -86.0, -106.0, -105.0, -84.0, -106.0, -105.0, -105.0, -105.0, -98.0, -106.0, -106.0, -105.0, -89.0, -105.0, -105.0, -87.0, -105.0, -103.0, -89.0, -93.0, -105.0, -105.0, -91.0, -105.0, -105.0, -105.0, -106.0, -94.0, -105.0, -105.0, -105.0, -105.0, -105.0, -105.0, -105.0, -97.0, -105.0, -105.0], "episode_lengths": [105, 105, 85, 105, 96, 105, 105, 105, 105, 105, 105, 105, 105, 105, 89, 105, 105, 105, 106, 86, 97, 105, 105, 105, 105, 97, 105, 105, 106, 85, 105, 104, 89, 106, 105, 98, 105, 85, 85, 99, 85, 105, 88, 105, 105, 105, 106, 105, 84, 99, 95, 105, 89, 105, 105, 105, 90, 105, 89, 105, 106, 105, 86, 106, 105, 84, 106, 105, 105, 105, 98, 106, 106, 105, 89, 105, 105, 87, 105, 103, 89, 93, 105, 105, 91, 105, 105, 105, 106, 94, 105, 105, 105, 105, 105, 105, 105, 97, 105, 105], "episode_types": ["t", "t", "t", "t", "t", "t", "t", "t", "t", "t", "t", "t", "t", "t", "t", "t", "t", "t", "t", "t", "t", "t", "t", "t", "t", "t", "t", "t", "t", "t", "t", "t", "t", "t", "t", "t", "t", "t", "t", "t", "t", "t", "t", "t", "t", "t", "t", "t", "t", "t", "t", "t", "t", "t", "t", "t", "t", "t", "t", "t", "t", "t", "t", "t", "t", "t", "t", "t", "t", "t", "t", "t", "t", "t", "t", "t", "t", "t", "t", "t", "t", "t", "t", "t", "t", "t", "t", "t", "t", "t", "t", "t", "t", "t", "t", "t", "t", "t", "t", "t"], "timestamps": [1526255484.79633, 1526255485.0007648, 1526255485.0322387, 1526255485.0707726, 1526255485.1062202, 1526255485.1451325, 1526255485.186126, 1526255485.2251358, 1526255485.2636833, 1526255485.302493, 1526255485.3411753, 1526255485.379748, 1526255485.418502, 1526255485.4570563, 1526255485.4898746, 1526255485.5286658, 1526255485.5675483, 1526255485.6078014, 1526255485.6473372, 1526255485.6789145, 1526255485.7150855, 1526255485.7539513, 1526255485.792796, 1526255485.8314412, 1526255485.8698719, 1526255485.9053493, 1526255485.943919, 1526255485.9823272, 1526255486.0212743, 1526255486.052671, 1526255486.0912452, 1526255486.1292489, 1526255486.162278, 1526255486.204951, 1526255486.2443295, 1526255486.2802868, 1526255486.3195143, 1526255486.3509724, 1526255486.3822927, 1526255486.4187858, 1526255486.4502203, 1526255486.4892774, 1526255486.521838, 1526255486.5608053, 1526255486.5999193, 1526255486.638836, 1526255486.6778092, 1526255486.7164547, 1526255486.7474875, 1526255486.784354, 1526255486.8192286, 1526255486.8578124, 1526255486.8904765, 1526255486.9290154, 1526255486.9676383, 1526255487.006335, 1526255487.039207, 1526255487.07816, 1526255487.110859, 1526255487.1499226, 1526255487.2031333, 1526255487.2419715, 1526255487.273588, 1526255487.312648, 1526255487.351266, 1526255487.3821397, 1526255487.4210296, 1526255487.459675, 1526255487.4982073, 1526255487.5366929, 1526255487.5725925, 1526255487.611735, 1526255487.65101, 1526255487.6898212, 1526255487.7226355, 1526255487.761167, 1526255487.799814, 1526255487.8316786, 1526255487.8703296, 1526255487.9080782, 1526255487.9407027, 1526255487.9747596, 1526255488.013388, 1526255488.0519454, 1526255488.085544, 1526255488.124188, 1526255488.1631432, 1526255488.2067986, 1526255488.2505577, 1526255488.2857227, 1526255488.326078, 1526255488.3659062, 1526255488.4059455, 1526255488.4456844, 1526255488.485608, 1526255488.5258157, 1526255488.5658998, 1526255488.6030912, 1526255488.6437535, 1526255488.683597]}