{"initial_reset_timestamp": 1526264746.0348306, "episode_rewards": [-114.0, -105.0, -105.0, -105.0, -105.0, -92.0, -105.0, -97.0, -105.0, -105.0, -167.0, -167.0, -89.0, -105.0, -89.0, -98.0, -105.0, -165.0, -105.0, -105.0, -105.0, -166.0, -92.0, -112.0, -105.0, -105.0, -105.0, -105.0, -105.0, -105.0, -105.0, -101.0, -167.0, -94.0, -105.0, -166.0, -105.0, -105.0, -116.0, -105.0, -115.0, -105.0, -105.0, -105.0, -177.0, -178.0, -105.0, -105.0, -89.0, -105.0, -105.0, -85.0, -105.0, -105.0, -105.0, -105.0, -105.0, -105.0, -105.0, -84.0, -120.0, -85.0, -105.0, -105.0, -101.0, -105.0, -105.0, -167.0, -91.0, -87.0, -105.0, -105.0, -105.0, -105.0, -105.0, -87.0, -86.0, -97.0, -105.0, -92.0, -105.0, -105.0, -105.0, -118.0, -167.0, -105.0, -85.0, -105.0, -84.0, -105.0, -168.0, -105.0, -89.0, -89.0, -105.0, -93.0, -105.0, -101.0, -93.0, -105.0], "episode_lengths": [114, 105, 105, 105, 105, 92, 105, 97, 105, 105, 167, 167, 89, 105, 89, 98, 105, 165, 105, 105, 105, 166, 92, 112, 105, 105, 105, 105, 105, 105, 105, 101, 167, 94, 105, 166, 105, 105, 116, 105, 115, 105, 105, 105, 177, 178, 105, 105, 89, 105, 105, 85, 105, 105, 105, 105, 105, 105, 105, 84, 120, 85, 105, 105, 101, 105, 105, 167, 91, 87, 105, 105, 105, 105, 105, 87, 86, 97, 105, 92, 105, 105, 105, 118, 167, 105, 85, 105, 84, 105, 168, 105, 89, 89, 105, 93, 105, 101, 93, 105], "episode_types": ["t", "t", "t", "t", "t", "t", "t", "t", "t", "t", "t", "t", "t", "t", "t", "t", "t", "t", "t", "t", "t", "t", "t", "t", "t", "t", "t", "t", "t", "t", "t", "t", "t", "t", "t", "t", "t", "t", "t", "t", "t", "t", "t", "t", "t", "t", "t", "t", "t", "t", "t", "t", "t", "t", "t", "t", "t", "t", "t", "t", "t", "t", "t", "t", "t", "t", "t", "t", "t", "t", "t", "t", "t", "t", "t", "t", "t", "t", "t", "t", "t", "t", "t", "t", "t", "t", "t", "t", "t", "t", "t", "t", "t", "t", "t", "t", "t", "t", "t", "t"], "timestamps": [1526264749.0143175, 1526264749.2139442, 1526264749.2533388, 1526264749.2924073, 1526264749.3319414, 1526264749.3663058, 1526264749.4053864, 1526264749.4411104, 1526264749.4797812, 1526264749.5186577, 1526264749.580421, 1526264749.6432464, 1526264749.6758745, 1526264749.7143981, 1526264749.747158, 1526264749.7828455, 1526264749.821328, 1526264749.8818083, 1526264749.9203963, 1526264749.959131, 1526264749.9984484, 1526264750.06182, 1526264750.0955765, 1526264750.136986, 1526264750.175583, 1526264750.2143588, 1526264750.2530065, 1526264750.2917066, 1526264750.330448, 1526264750.3690023, 1526264750.407559, 1526264750.4446797, 1526264750.505864, 1526264750.541311, 1526264750.5802748, 1526264750.641676, 1526264750.680339, 1526264750.71888, 1526264750.7612078, 1526264750.7996538, 1526264750.8417623, 1526264750.8803356, 1526264750.9189122, 1526264750.9575026, 1526264751.0254464, 1526264751.0908442, 1526264751.1294408, 1526264751.1684375, 1526264751.2009642, 1526264751.2395391, 1526264751.2782075, 1526264751.3095047, 1526264751.3484294, 1526264751.3872514, 1526264751.4260795, 1526264751.4649777, 1526264751.503943, 1526264751.542935, 1526264751.5817928, 1526264751.6128714, 1526264751.6569097, 1526264751.6881874, 1526264751.726678, 1526264751.765133, 1526264751.8020585, 1526264751.8405907, 1526264751.8791842, 1526264751.9403172, 1526264751.9735906, 1526264752.0203588, 1526264752.0590932, 1526264752.0976486, 1526264752.13681, 1526264752.175334, 1526264752.2138317, 1526264752.2460003, 1526264752.277475, 1526264752.313143, 1526264752.3520873, 1526264752.3857787, 1526264752.4246435, 1526264752.4631715, 1526264752.5017514, 1526264752.5456526, 1526264752.6073103, 1526264752.6466205, 1526264752.6777804, 1526264752.7163842, 1526264752.7473989, 1526264752.7858856, 1526264752.8476892, 1526264752.8861833, 1526264752.9188156, 1526264752.9515603, 1526264752.9901524, 1526264753.032266, 1526264753.0711524, 1526264753.1080062, 1526264753.1425455, 1526264753.1809921]}