{"initial_reset_timestamp": 1526254664.313438, "episode_rewards": [-105.0, -154.0, -125.0, -176.0, -148.0, -91.0, -88.0, -150.0, -105.0, -150.0, -150.0, -149.0, -105.0, -106.0, -105.0, -148.0, -148.0, -84.0, -148.0, -111.0, -102.0, -147.0, -100.0, -84.0, -88.0, -105.0, -151.0, -91.0, -98.0, -105.0, -106.0, -95.0, -105.0, -147.0, -88.0, -148.0, -150.0, -106.0, -100.0, -150.0, -148.0, -100.0, -105.0, -101.0, -102.0, -84.0, -154.0, -86.0, -84.0, -105.0, -86.0, -103.0, -98.0, -87.0, -89.0, -88.0, -105.0, -106.0, -88.0, -97.0, -87.0, -84.0, -86.0, -163.0, -159.0, -148.0, -100.0, -105.0, -103.0, -150.0, -88.0, -105.0, -148.0, -97.0, -102.0, -91.0, -105.0, -105.0, -156.0, -88.0, -147.0, -94.0, -151.0, -148.0, -148.0, -150.0, -105.0, -150.0, -147.0, -94.0, -93.0, -84.0, -165.0, -148.0, -152.0, -100.0, -106.0, -105.0, -104.0, -94.0], "episode_lengths": [105, 154, 125, 176, 148, 91, 88, 150, 105, 150, 150, 149, 105, 106, 105, 148, 148, 84, 148, 111, 102, 147, 100, 84, 88, 105, 151, 91, 98, 105, 106, 95, 105, 147, 88, 148, 150, 106, 100, 150, 148, 100, 105, 101, 102, 84, 154, 86, 84, 105, 86, 103, 98, 87, 89, 88, 105, 106, 88, 97, 87, 84, 86, 163, 159, 148, 100, 105, 103, 150, 88, 105, 148, 97, 102, 91, 105, 105, 156, 88, 147, 94, 151, 148, 148, 150, 105, 150, 147, 94, 93, 84, 165, 148, 152, 100, 106, 105, 104, 94], "episode_types": ["t", "t", "t", "t", "t", "t", "t", "t", "t", "t", "t", "t", "t", "t", "t", "t", "t", "t", "t", "t", "t", "t", "t", "t", "t", "t", "t", "t", "t", "t", "t", "t", "t", "t", "t", "t", "t", "t", "t", "t", "t", "t", "t", "t", "t", "t", "t", "t", "t", "t", "t", "t", "t", "t", "t", "t", "t", "t", "t", "t", "t", "t", "t", "t", "t", "t", "t", "t", "t", "t", "t", "t", "t", "t", "t", "t", "t", "t", "t", "t", "t", "t", "t", "t", "t", "t", "t", "t", "t", "t", "t", "t", "t", "t", "t", "t", "t", "t", "t", "t"], "timestamps": [1526254666.0626657, 1526254666.1718543, 1526254666.1896656, 1526254666.214816, 1526254666.235984, 1526254666.248808, 1526254666.261146, 1526254666.2821977, 1526254666.298567, 1526254666.3216097, 1526254666.3453078, 1526254666.3679552, 1526254666.3841107, 1526254666.4042306, 1526254666.4202526, 1526254666.443747, 1526254666.466002, 1526254666.4790823, 1526254666.5010138, 1526254666.5177264, 1526254666.5334818, 1526254666.5555477, 1526254666.5704484, 1526254666.583243, 1526254666.5968006, 1526254666.6126528, 1526254666.635395, 1526254666.6495218, 1526254666.6642253, 1526254666.6802073, 1526254666.6966512, 1526254666.7114794, 1526254666.7272308, 1526254666.74979, 1526254666.7632058, 1526254666.7852507, 1526254666.8079996, 1526254666.8239493, 1526254666.839081, 1526254666.8620589, 1526254666.8861048, 1526254666.9014075, 1526254666.9172204, 1526254666.9326048, 1526254666.9478486, 1526254666.960471, 1526254666.9835744, 1526254666.996717, 1526254667.0086057, 1526254667.0243516, 1526254667.0375714, 1526254667.0529773, 1526254667.0676656, 1526254667.0810192, 1526254667.0948024, 1526254667.1073098, 1526254667.123114, 1526254667.1397018, 1526254667.1536186, 1526254667.1682992, 1526254667.181676, 1526254667.194742, 1526254667.2074625, 1526254667.2325397, 1526254667.2564266, 1526254667.2792137, 1526254667.2942154, 1526254667.3095372, 1526254667.3245163, 1526254667.345875, 1526254667.3581603, 1526254667.3730044, 1526254667.3940535, 1526254667.4077437, 1526254667.421928, 1526254667.43494, 1526254667.449664, 1526254667.464408, 1526254667.4861157, 1526254667.4983697, 1526254667.5190642, 1526254667.5323255, 1526254667.5534606, 1526254667.574165, 1526254667.5948803, 1526254667.61598, 1526254667.630632, 1526254667.653099, 1526254667.6745162, 1526254667.6876142, 1526254667.7005367, 1526254667.7122366, 1526254667.7353497, 1526254667.7561235, 1526254667.7773304, 1526254667.7911944, 1526254667.8059733, 1526254667.820665, 1526254667.8353589, 1526254667.8484561]}