{"initial_reset_timestamp": 1526236117.440476, "episode_rewards": [-90.0, -105.0, -105.0, -95.0, -104.0, -91.0, -85.0, -163.0, -89.0, -105.0, -105.0, -105.0, -105.0, -96.0, -86.0, -89.0, -110.0, -105.0, -105.0, -105.0, -114.0, -84.0, -105.0, -105.0, -85.0, -87.0, -105.0, -165.0, -87.0, -105.0, -105.0, -111.0, -164.0, -85.0, -105.0, -88.0, -89.0, -105.0, -92.0, -104.0, -105.0, -97.0, -92.0, -105.0, -163.0, -105.0, -90.0, -105.0, -164.0, -105.0, -105.0, -87.0, -164.0, -92.0, -103.0, -105.0, -96.0, -84.0, -84.0, -104.0, -105.0, -105.0, -155.0, -104.0, -105.0, -105.0, -101.0, -104.0, -87.0, -105.0, -105.0, -105.0, -105.0, -106.0, -90.0, -105.0, -95.0, -105.0, -105.0, -105.0, -93.0, -104.0, -90.0, -104.0, -105.0, -93.0, -105.0, -105.0, -105.0, -92.0, -105.0, -85.0, -105.0, -105.0, -85.0, -104.0, -105.0, -105.0, -87.0, -105.0], "episode_lengths": [90, 105, 105, 95, 104, 91, 85, 163, 89, 105, 105, 105, 105, 96, 86, 89, 110, 105, 105, 105, 114, 84, 105, 105, 85, 87, 105, 165, 87, 105, 105, 111, 164, 85, 105, 88, 89, 105, 92, 104, 105, 97, 92, 105, 163, 105, 90, 105, 164, 105, 105, 87, 164, 92, 103, 105, 96, 84, 84, 104, 105, 105, 155, 104, 105, 105, 101, 104, 87, 105, 105, 105, 105, 106, 90, 105, 95, 105, 105, 105, 93, 104, 90, 104, 105, 93, 105, 105, 105, 92, 105, 85, 105, 105, 85, 104, 105, 105, 87, 105], "episode_types": ["t", "t", "t", "t", "t", "t", "t", "t", "t", "t", "t", "t", "t", "t", "t", "t", "t", "t", "t", "t", "t", "t", "t", "t", "t", "t", "t", "t", "t", "t", "t", "t", "t", "t", "t", "t", "t", "t", "t", "t", "t", "t", "t", "t", "t", "t", "t", "t", "t", "t", "t", "t", "t", "t", "t", "t", "t", "t", "t", "t", "t", "t", "t", "t", "t", "t", "t", "t", "t", "t", "t", "t", "t", "t", "t", "t", "t", "t", "t", "t", "t", "t", "t", "t", "t", "t", "t", "t", "t", "t", "t", "t", "t", "t", "t", "t", "t", "t", "t", "t"], "timestamps": [1526236118.9524987, 1526236119.0486047, 1526236119.0634189, 1526236119.0768595, 1526236119.091309, 1526236119.104071, 1526236119.1160386, 1526236119.139271, 1526236119.1523316, 1526236119.1678905, 1526236119.1824923, 1526236119.1973417, 1526236119.2132797, 1526236119.2267616, 1526236119.238837, 1526236119.2512488, 1526236119.2666574, 1526236119.2814324, 1526236119.2960823, 1526236119.310729, 1526236119.3265965, 1526236119.3382604, 1526236119.353012, 1526236119.3677578, 1526236119.3795512, 1526236119.3915763, 1526236119.4062114, 1526236119.429419, 1526236119.4414942, 1526236119.4560788, 1526236119.4708154, 1526236119.486105, 1526236119.5088627, 1526236119.5208867, 1526236119.535575, 1526236119.5477803, 1526236119.560061, 1526236119.5748181, 1526236119.587575, 1526236119.6020267, 1526236119.6167767, 1526236119.630187, 1526236119.64351, 1526236119.6589682, 1526236119.6863508, 1526236119.707423, 1526236119.7200181, 1526236119.7346861, 1526236119.7573903, 1526236119.7721627, 1526236119.7867777, 1526236119.7988057, 1526236119.8245225, 1526236119.838647, 1526236119.8542094, 1526236119.8704479, 1526236119.8850336, 1526236119.8969638, 1526236119.909824, 1526236119.9257512, 1526236119.9414058, 1526236119.957084, 1526236119.9806352, 1526236119.9966607, 1526236120.0128515, 1526236120.0292044, 1526236120.0445578, 1526236120.0606067, 1526236120.0744045, 1526236120.090603, 1526236120.10681, 1526236120.1229725, 1526236120.139272, 1526236120.1556284, 1526236120.1698573, 1526236120.1857846, 1526236120.2001312, 1526236120.215715, 1526236120.2319338, 1526236120.2482955, 1526236120.2626858, 1526236120.2794132, 1526236120.2933474, 1526236120.3097477, 1526236120.3268943, 1526236120.3415868, 1526236120.3576868, 1526236120.3737195, 1526236120.3894548, 1526236120.4032423, 1526236120.4190946, 1526236120.4311206, 1526236120.4468157, 1526236120.4623837, 1526236120.4759932, 1526236120.491932, 1526236120.5080397, 1526236120.5240133, 1526236120.5371375, 1526236120.552825]}