{"initial_reset_timestamp": 1526239025.054618, "episode_rewards": [-105.0, -105.0, -97.0, -105.0, -105.0, -85.0, -105.0, -105.0, -105.0, -105.0, -100.0, -105.0, -90.0, -84.0, -103.0, -105.0, -105.0, -105.0, -120.0, -105.0, -87.0, -95.0, -90.0, -105.0, -112.0, -97.0, -105.0, -105.0, -85.0, -105.0, -97.0, -89.0, -105.0, -105.0, -89.0, -105.0, -85.0, -98.0, -105.0, -105.0, -105.0, -88.0, -105.0, -87.0, -118.0, -87.0, -180.0, -92.0, -105.0, -180.0, -105.0, -92.0, -105.0, -105.0, -95.0, -99.0, -89.0, -116.0, -105.0, -105.0, -179.0, -108.0, -89.0, -105.0, -105.0, -105.0, -97.0, -89.0, -105.0, -105.0, -89.0, -95.0, -105.0, -105.0, -105.0, -90.0, -93.0, -114.0, -94.0, -114.0, -105.0, -164.0, -105.0, -89.0, -87.0, -105.0, -97.0, -88.0, -105.0, -105.0, -105.0, -105.0, -105.0, -85.0, -105.0, -90.0, -86.0, -105.0, -86.0, -105.0], "episode_lengths": [105, 105, 97, 105, 105, 85, 105, 105, 105, 105, 100, 105, 90, 84, 103, 105, 105, 105, 120, 105, 87, 95, 90, 105, 112, 97, 105, 105, 85, 105, 97, 89, 105, 105, 89, 105, 85, 98, 105, 105, 105, 88, 105, 87, 118, 87, 180, 92, 105, 180, 105, 92, 105, 105, 95, 99, 89, 116, 105, 105, 179, 108, 89, 105, 105, 105, 97, 89, 105, 105, 89, 95, 105, 105, 105, 90, 93, 114, 94, 114, 105, 164, 105, 89, 87, 105, 97, 88, 105, 105, 105, 105, 105, 85, 105, 90, 86, 105, 86, 105], "episode_types": ["t", "t", "t", "t", "t", "t", "t", "t", "t", "t", "t", "t", "t", "t", "t", "t", "t", "t", "t", "t", "t", "t", "t", "t", "t", "t", "t", "t", "t", "t", "t", "t", "t", "t", "t", "t", "t", "t", "t", "t", "t", "t", "t", "t", "t", "t", "t", "t", "t", "t", "t", "t", "t", "t", "t", "t", "t", "t", "t", "t", "t", "t", "t", "t", "t", "t", "t", "t", "t", "t", "t", "t", "t", "t", "t", "t", "t", "t", "t", "t", "t", "t", "t", "t", "t", "t", "t", "t", "t", "t", "t", "t", "t", "t", "t", "t", "t", "t", "t", "t"], "timestamps": [1526239026.8270583, 1526239026.922869, 1526239026.9366205, 1526239026.9514122, 1526239026.9660754, 1526239026.9778206, 1526239026.9924743, 1526239027.0070574, 1526239027.0216885, 1526239027.036213, 1526239027.0500937, 1526239027.064753, 1526239027.07844, 1526239027.0913782, 1526239027.1062183, 1526239027.1218963, 1526239027.1378248, 1526239027.1536727, 1526239027.1715763, 1526239027.190978, 1526239027.203723, 1526239027.2180934, 1526239027.231821, 1526239027.2479537, 1526239027.2648199, 1526239027.279749, 1526239027.2958775, 1526239027.3119903, 1526239027.3242853, 1526239027.3402545, 1526239027.3550613, 1526239027.3691251, 1526239027.3851058, 1526239027.4008698, 1526239027.4145, 1526239027.430535, 1526239027.4438784, 1526239027.4590042, 1526239027.4746294, 1526239027.4898226, 1526239027.505493, 1526239027.5188003, 1526239027.535184, 1526239027.5484903, 1526239027.5661998, 1526239027.5795448, 1526239027.6072533, 1526239027.6213722, 1526239027.6378014, 1526239027.6659212, 1526239027.6820507, 1526239027.696384, 1526239027.7125044, 1526239027.7286055, 1526239027.743448, 1526239027.7578313, 1526239027.7716515, 1526239027.7891107, 1526239027.805354, 1526239027.8215523, 1526239027.8497133, 1526239027.8662562, 1526239027.8800337, 1526239027.896143, 1526239027.9116192, 1526239027.9279478, 1526239027.9419255, 1526239027.9549022, 1526239027.9708037, 1526239027.986929, 1526239028.0003319, 1526239028.0149593, 1526239028.0309827, 1526239028.047096, 1526239028.0632157, 1526239028.0770578, 1526239028.0903144, 1526239028.106712, 1526239028.1197891, 1526239028.1357403, 1526239028.1512833, 1526239028.1748943, 1526239028.1920528, 1526239028.2046642, 1526239028.2170818, 1526239028.2316644, 1526239028.2450027, 1526239028.2573903, 1526239028.2721264, 1526239028.2867062, 1526239028.301385, 1526239028.3160985, 1526239028.3306932, 1526239028.3424327, 1526239028.3569531, 1526239028.369403, 1526239028.3813698, 1526239028.395894, 1526239028.4078221, 1526239028.422444]}