{"initial_reset_timestamp": 1526271884.551016, "episode_rewards": [-105.0, -104.0, -105.0, -105.0, -105.0, -105.0, -105.0, -86.0, -98.0, -91.0, -105.0, -165.0, -166.0, -86.0, -87.0, -105.0, -87.0, -90.0, -85.0, -105.0, -94.0, -105.0, -105.0, -105.0, -100.0, -105.0, -104.0, -93.0, -86.0, -105.0, -105.0, -101.0, -105.0, -105.0, -93.0, -105.0, -93.0, -105.0, -105.0, -105.0, -105.0, -105.0, -92.0, -105.0, -119.0, -105.0, -105.0, -105.0, -84.0, -87.0, -84.0, -107.0, -86.0, -105.0, -105.0, -94.0, -86.0, -87.0, -105.0, -105.0, -97.0, -166.0, -102.0, -104.0, -91.0, -90.0, -113.0, -105.0, -89.0, -166.0, -105.0, -105.0, -102.0, -89.0, -91.0, -105.0, -105.0, -105.0, -186.0, -173.0, -115.0, -96.0, -105.0, -105.0, -89.0, -105.0, -111.0, -105.0, -105.0, -113.0, -105.0, -105.0, -105.0, -105.0, -105.0, -94.0, -105.0, -105.0, -84.0, -104.0], "episode_lengths": [105, 104, 105, 105, 105, 105, 105, 86, 98, 91, 105, 165, 166, 86, 87, 105, 87, 90, 85, 105, 94, 105, 105, 105, 100, 105, 104, 93, 86, 105, 105, 101, 105, 105, 93, 105, 93, 105, 105, 105, 105, 105, 92, 105, 119, 105, 105, 105, 84, 87, 84, 107, 86, 105, 105, 94, 86, 87, 105, 105, 97, 166, 102, 104, 91, 90, 113, 105, 89, 166, 105, 105, 102, 89, 91, 105, 105, 105, 186, 173, 115, 96, 105, 105, 89, 105, 111, 105, 105, 113, 105, 105, 105, 105, 105, 94, 105, 105, 84, 104], "episode_types": ["t", "t", "t", "t", "t", "t", "t", "t", "t", "t", "t", "t", "t", "t", "t", "t", "t", "t", "t", "t", "t", "t", "t", "t", "t", "t", "t", "t", "t", "t", "t", "t", "t", "t", "t", "t", "t", "t", "t", "t", "t", "t", "t", "t", "t", "t", "t", "t", "t", "t", "t", "t", "t", "t", "t", "t", "t", "t", "t", "t", "t", "t", "t", "t", "t", "t", "t", "t", "t", "t", "t", "t", "t", "t", "t", "t", "t", "t", "t", "t", "t", "t", "t", "t", "t", "t", "t", "t", "t", "t", "t", "t", "t", "t", "t", "t", "t", "t", "t", "t"], "timestamps": [1526271886.3181882, 1526271886.4153063, 1526271886.4302955, 1526271886.4450579, 1526271886.459771, 1526271886.4745622, 1526271886.489288, 1526271886.5012944, 1526271886.5150135, 1526271886.5276432, 1526271886.5422254, 1526271886.568183, 1526271886.5929253, 1526271886.6058416, 1526271886.6194005, 1526271886.6358318, 1526271886.649494, 1526271886.6627283, 1526271886.6751575, 1526271886.691119, 1526271886.7055156, 1526271886.7216291, 1526271886.73762, 1526271886.753633, 1526271886.7686172, 1526271886.7844648, 1526271886.8006685, 1526271886.8151817, 1526271886.827318, 1526271886.8430748, 1526271886.8588665, 1526271886.8744822, 1526271886.890795, 1526271886.9071283, 1526271886.923685, 1526271886.9400053, 1526271886.9542837, 1526271886.9702508, 1526271886.9860537, 1526271887.0021243, 1526271887.018154, 1526271887.0340688, 1526271887.0477483, 1526271887.063502, 1526271887.0806177, 1526271887.0955474, 1526271887.1114697, 1526271887.1274025, 1526271887.1407697, 1526271887.154253, 1526271887.1672451, 1526271887.1833305, 1526271887.1956558, 1526271887.2115698, 1526271887.22768, 1526271887.2420006, 1526271887.2553155, 1526271887.2686708, 1526271887.284597, 1526271887.300652, 1526271887.3150954, 1526271887.34008, 1526271887.355612, 1526271887.3714893, 1526271887.3855534, 1526271887.3990173, 1526271887.4158266, 1526271887.4313495, 1526271887.4446507, 1526271887.4703193, 1526271887.4861162, 1526271887.501869, 1526271887.517134, 1526271887.5298884, 1526271887.5441027, 1526271887.5598354, 1526271887.5754342, 1526271887.5909228, 1526271887.6168048, 1526271887.643752, 1526271887.6597674, 1526271887.6732197, 1526271887.6881006, 1526271887.7026968, 1526271887.7149959, 1526271887.7297988, 1526271887.7451272, 1526271887.7597456, 1526271887.774327, 1526271887.7899604, 1526271887.8045542, 1526271887.8203015, 1526271887.8355026, 1526271887.8500886, 1526271887.8646717, 1526271887.877696, 1526271887.8922977, 1526271887.907039, 1526271887.9203887, 1526271887.9356036]}