{"initial_reset_timestamp": 1526234491.3945723, "episode_rewards": [-109.0, -110.0, -159.0, -90.0, -108.0, -144.0, -173.0, -111.0, -109.0, -89.0, -109.0, -151.0, -153.0, -160.0, -109.0, -92.0, -111.0, -148.0, -94.0, -102.0, -147.0, -144.0, -94.0, -109.0, -96.0, -90.0, -109.0, -157.0, -111.0, -110.0, -144.0, -109.0, -150.0, -110.0, -109.0, -178.0, -109.0, -109.0, -110.0, -152.0, -157.0, -153.0, -153.0, -108.0, -109.0, -109.0, -142.0, -91.0, -92.0, -93.0, -153.0, -139.0, -109.0, -110.0, -147.0, -140.0, -171.0, -153.0, -156.0, -109.0, -109.0, -90.0, -141.0, -95.0, -110.0, -160.0, -142.0, -92.0, -160.0, -109.0, -140.0, -109.0, -89.0, -171.0, -104.0, -150.0, -144.0, -91.0, -111.0, -144.0, -157.0, -104.0, -140.0, -109.0, -108.0, -144.0, -141.0, -109.0, -152.0, -165.0, -90.0, -109.0, -157.0, -111.0, -109.0, -150.0, -140.0, -110.0, -90.0, -91.0], "episode_lengths": [109, 110, 159, 90, 108, 144, 173, 111, 109, 89, 109, 151, 153, 160, 109, 92, 111, 148, 94, 102, 147, 144, 94, 109, 96, 90, 109, 157, 111, 110, 144, 109, 150, 110, 109, 178, 109, 109, 110, 152, 157, 153, 153, 108, 109, 109, 142, 91, 92, 93, 153, 139, 109, 110, 147, 140, 171, 153, 156, 109, 109, 90, 141, 95, 110, 160, 142, 92, 160, 109, 140, 109, 89, 171, 104, 150, 144, 91, 111, 144, 157, 104, 140, 109, 108, 144, 141, 109, 152, 165, 90, 109, 157, 111, 109, 150, 140, 110, 90, 91], "episode_types": ["t", "t", "t", "t", "t", "t", "t", "t", "t", "t", "t", "t", "t", "t", "t", "t", "t", "t", "t", "t", "t", "t", "t", "t", "t", "t", "t", "t", "t", "t", "t", "t", "t", "t", "t", "t", "t", "t", "t", "t", "t", "t", "t", "t", "t", "t", "t", "t", "t", "t", "t", "t", "t", "t", "t", "t", "t", "t", "t", "t", "t", "t", "t", "t", "t", "t", "t", "t", "t", "t", "t", "t", "t", "t", "t", "t", "t", "t", "t", "t", "t", "t", "t", "t", "t", "t", "t", "t", "t", "t", "t", "t", "t", "t", "t", "t", "t", "t", "t", "t"], "timestamps": [1526234494.2454088, 1526234494.4793358, 1526234494.539582, 1526234494.5733426, 1526234494.6159458, 1526234494.6756124, 1526234494.7395844, 1526234494.7808087, 1526234494.8213875, 1526234494.8545103, 1526234494.8948898, 1526234494.953313, 1526234495.0096228, 1526234495.0682735, 1526234495.1081202, 1526234495.1419697, 1526234495.1824768, 1526234495.2382567, 1526234495.2725582, 1526234495.309772, 1526234495.3637087, 1526234495.4165437, 1526234495.451659, 1526234495.494847, 1526234495.5303385, 1526234495.5635855, 1526234495.6033535, 1526234495.6614068, 1526234495.7019184, 1526234495.742317, 1526234495.7951105, 1526234495.8365052, 1526234495.8926399, 1526234495.9340866, 1526234495.9745502, 1526234496.0449257, 1526234496.0859888, 1526234496.1259546, 1526234496.166598, 1526234496.2221737, 1526234496.2793381, 1526234496.3353174, 1526234496.3911138, 1526234496.4316573, 1526234496.4794, 1526234496.5198, 1526234496.571945, 1526234496.6050603, 1526234496.6390157, 1526234496.6729686, 1526234496.7287095, 1526234496.779754, 1526234496.8195524, 1526234496.8600655, 1526234496.9139862, 1526234496.965575, 1526234497.0280957, 1526234497.0861225, 1526234497.1434283, 1526234497.1833196, 1526234497.2229948, 1526234497.2557724, 1526234497.3073277, 1526234497.3419445, 1526234497.3824368, 1526234497.4409287, 1526234497.5041978, 1526234497.5383868, 1526234497.5970507, 1526234497.63918, 1526234497.6910434, 1526234497.7309775, 1526234497.7640028, 1526234497.826262, 1526234497.8642836, 1526234497.919076, 1526234497.972285, 1526234498.0070968, 1526234498.0481164, 1526234498.1013858, 1526234498.159038, 1526234498.1970303, 1526234498.2512603, 1526234498.29151, 1526234498.331123, 1526234498.3841705, 1526234498.435838, 1526234498.4891605, 1526234498.545048, 1526234498.6051378, 1526234498.6403463, 1526234498.685377, 1526234498.7462184, 1526234498.7872567, 1526234498.827458, 1526234498.8850086, 1526234498.9369109, 1526234498.977757, 1526234499.010768, 1526234499.0449245]}