{"initial_reset_timestamp": 1526264063.9922097, "episode_rewards": [-154.0, -154.0, -90.0, -105.0, -150.0, -92.0, -105.0, -157.0, -84.0, -98.0, -105.0, -105.0, -121.0, -105.0, -95.0, -124.0, -88.0, -105.0, -105.0, -86.0, -86.0, -149.0, -85.0, -92.0, -153.0, -94.0, -105.0, -105.0, -105.0, -105.0, -90.0, -105.0, -151.0, -105.0, -105.0, -91.0, -92.0, -92.0, -84.0, -105.0, -94.0, -105.0, -90.0, -90.0, -105.0, -105.0, -105.0, -110.0, -161.0, -95.0, -105.0, -105.0, -105.0, -105.0, -84.0, -90.0, -105.0, -105.0, -105.0, -157.0, -92.0, -149.0, -105.0, -160.0, -95.0, -161.0, -101.0, -105.0, -104.0, -154.0, -88.0, -84.0, -97.0, -105.0, -102.0, -92.0, -89.0, -161.0, -105.0, -154.0, -91.0, -105.0, -85.0, -161.0, -105.0, -165.0, -105.0, -91.0, -161.0, -150.0, -150.0, -157.0, -88.0, -105.0, -150.0, -84.0, -85.0, -105.0, -107.0, -105.0], "episode_lengths": [154, 154, 90, 105, 150, 92, 105, 157, 84, 98, 105, 105, 121, 105, 95, 124, 88, 105, 105, 86, 86, 149, 85, 92, 153, 94, 105, 105, 105, 105, 90, 105, 151, 105, 105, 91, 92, 92, 84, 105, 94, 105, 90, 90, 105, 105, 105, 110, 161, 95, 105, 105, 105, 105, 84, 90, 105, 105, 105, 157, 92, 149, 105, 160, 95, 161, 101, 105, 104, 154, 88, 84, 97, 105, 102, 92, 89, 161, 105, 154, 91, 105, 85, 161, 105, 165, 105, 91, 161, 150, 150, 157, 88, 105, 150, 84, 85, 105, 107, 105], "episode_types": ["t", "t", "t", "t", "t", "t", "t", "t", "t", "t", "t", "t", "t", "t", "t", "t", "t", "t", "t", "t", "t", "t", "t", "t", "t", "t", "t", "t", "t", "t", "t", "t", "t", "t", "t", "t", "t", "t", "t", "t", "t", "t", "t", "t", "t", "t", "t", "t", "t", "t", "t", "t", "t", "t", "t", "t", "t", "t", "t", "t", "t", "t", "t", "t", "t", "t", "t", "t", "t", "t", "t", "t", "t", "t", "t", "t", "t", "t", "t", "t", "t", "t", "t", "t", "t", "t", "t", "t", "t", "t", "t", "t", "t", "t", "t", "t", "t", "t", "t", "t"], "timestamps": [1526264067.9396868, 1526264068.166761, 1526264068.2002952, 1526264068.2397227, 1526264068.297284, 1526264068.3313808, 1526264068.3775117, 1526264068.4359052, 1526264068.4668703, 1526264068.503012, 1526264068.5419137, 1526264068.580693, 1526264068.6250312, 1526264068.664291, 1526264068.699352, 1526264068.7464936, 1526264068.7791553, 1526264068.8182268, 1526264068.8569603, 1526264068.8888867, 1526264068.92071, 1526264068.9757936, 1526264069.0072806, 1526264069.0410056, 1526264069.097824, 1526264069.132256, 1526264069.1715121, 1526264069.2105353, 1526264069.249233, 1526264069.2880802, 1526264069.3215144, 1526264069.360298, 1526264069.416588, 1526264069.455449, 1526264069.4945421, 1526264069.527895, 1526264069.5616527, 1526264069.5958288, 1526264069.626682, 1526264069.6658008, 1526264069.7006876, 1526264069.7395089, 1526264069.7748382, 1526264069.8084822, 1526264069.8473084, 1526264069.8860888, 1526264069.9251873, 1526264069.965328, 1526264070.0251038, 1526264070.0599306, 1526264070.0989778, 1526264070.138004, 1526264070.1769912, 1526264070.2161038, 1526264070.2470899, 1526264070.280166, 1526264070.31947, 1526264070.358151, 1526264070.397189, 1526264070.455105, 1526264070.4888325, 1526264070.5442984, 1526264070.5832336, 1526264070.64286, 1526264070.6777358, 1526264070.737507, 1526264070.7791057, 1526264070.82029, 1526264070.8585637, 1526264070.91561, 1526264070.9482348, 1526264070.979164, 1526264071.0150974, 1526264071.0538046, 1526264071.091197, 1526264071.12515, 1526264071.1582434, 1526264071.2176816, 1526264071.256608, 1526264071.3133805, 1526264071.3470354, 1526264071.385688, 1526264071.4169147, 1526264071.4762638, 1526264071.5150344, 1526264071.5759346, 1526264071.6163197, 1526264071.6502135, 1526264071.7094982, 1526264071.7732158, 1526264071.8288407, 1526264071.8869843, 1526264071.919586, 1526264071.9585075, 1526264072.0140896, 1526264072.045055, 1526264072.0763707, 1526264072.1151292, 1526264072.1546705, 1526264072.1933177]}