{"initial_reset_timestamp": 1526247160.8366241, "episode_rewards": [-89.0, -105.0, -105.0, -105.0, -105.0, -105.0, -105.0, -91.0, -105.0, -91.0, -92.0, -85.0, -90.0, -105.0, -105.0, -105.0, -86.0, -105.0, -90.0, -105.0, -86.0, -105.0, -107.0, -85.0, -106.0, -106.0, -105.0, -85.0, -105.0, -89.0, -105.0, -91.0, -89.0, -105.0, -91.0, -107.0, -86.0, -106.0, -107.0, -105.0, -89.0, -104.0, -105.0, -86.0, -105.0, -86.0, -106.0, -106.0, -107.0, -105.0, -105.0, -95.0, -106.0, -105.0, -105.0, -88.0, -105.0, -106.0, -106.0, -105.0, -106.0, -105.0, -89.0, -86.0, -105.0, -98.0, -92.0, -105.0, -90.0, -106.0, -90.0, -89.0, -105.0, -89.0, -107.0, -106.0, -106.0, -101.0, -88.0, -93.0, -105.0, -105.0, -89.0, -91.0, -105.0, -105.0, -86.0, -95.0, -105.0, -105.0, -89.0, -105.0, -88.0, -105.0, -89.0, -95.0, -93.0, -105.0, -90.0, -95.0], "episode_lengths": [89, 105, 105, 105, 105, 105, 105, 91, 105, 91, 92, 85, 90, 105, 105, 105, 86, 105, 90, 105, 86, 105, 107, 85, 106, 106, 105, 85, 105, 89, 105, 91, 89, 105, 91, 107, 86, 106, 107, 105, 89, 104, 105, 86, 105, 86, 106, 106, 107, 105, 105, 95, 106, 105, 105, 88, 105, 106, 106, 105, 106, 105, 89, 86, 105, 98, 92, 105, 90, 106, 90, 89, 105, 89, 107, 106, 106, 101, 88, 93, 105, 105, 89, 91, 105, 105, 86, 95, 105, 105, 89, 105, 88, 105, 89, 95, 93, 105, 90, 95], "episode_types": ["t", "t", "t", "t", "t", "t", "t", "t", "t", "t", "t", "t", "t", "t", "t", "t", "t", "t", "t", "t", "t", "t", "t", "t", "t", "t", "t", "t", "t", "t", "t", "t", "t", "t", "t", "t", "t", "t", "t", "t", "t", "t", "t", "t", "t", "t", "t", "t", "t", "t", "t", "t", "t", "t", "t", "t", "t", "t", "t", "t", "t", "t", "t", "t", "t", "t", "t", "t", "t", "t", "t", "t", "t", "t", "t", "t", "t", "t", "t", "t", "t", "t", "t", "t", "t", "t", "t", "t", "t", "t", "t", "t", "t", "t", "t", "t", "t", "t", "t", "t"], "timestamps": [1526247163.2057698, 1526247163.4276702, 1526247163.4664726, 1526247163.5054343, 1526247163.5440261, 1526247163.5828707, 1526247163.622965, 1526247163.6566234, 1526247163.6971304, 1526247163.7305515, 1526247163.7735655, 1526247163.8051794, 1526247163.8382413, 1526247163.8766716, 1526247163.9154792, 1526247163.9541576, 1526247163.9859748, 1526247164.0245647, 1526247164.0576117, 1526247164.096504, 1526247164.1282244, 1526247164.1671495, 1526247164.2069016, 1526247164.2382724, 1526247164.2791417, 1526247164.3185034, 1526247164.3574004, 1526247164.3888016, 1526247164.4274213, 1526247164.4600646, 1526247164.4988425, 1526247164.532126, 1526247164.5646844, 1526247164.60336, 1526247164.636874, 1526247164.6760905, 1526247164.707664, 1526247164.7469993, 1526247164.7895515, 1526247164.8282747, 1526247164.8608763, 1526247164.9013178, 1526247164.939999, 1526247164.9715908, 1526247165.010299, 1526247165.0418851, 1526247165.0809379, 1526247165.1200445, 1526247165.159782, 1526247165.1985376, 1526247165.2372875, 1526247165.2725978, 1526247165.3117983, 1526247165.3507133, 1526247165.3893886, 1526247165.4216566, 1526247165.4602454, 1526247165.5010915, 1526247165.5400596, 1526247165.5788114, 1526247165.618073, 1526247165.6570797, 1526247165.6896057, 1526247165.7211635, 1526247165.7620258, 1526247165.7979872, 1526247165.8315623, 1526247165.8702555, 1526247165.9031973, 1526247165.9420855, 1526247165.9749868, 1526247166.007534, 1526247166.0459707, 1526247166.080207, 1526247166.12002, 1526247166.1595008, 1526247166.1993906, 1526247166.2365043, 1526247166.2689793, 1526247166.3034267, 1526247166.3422673, 1526247166.3810244, 1526247166.4136765, 1526247166.446863, 1526247166.4854026, 1526247166.5239592, 1526247166.5553803, 1526247166.5901818, 1526247166.6287467, 1526247166.6679537, 1526247166.7024655, 1526247166.7467, 1526247166.7838902, 1526247166.8227944, 1526247166.8554277, 1526247166.8902261, 1526247166.924257, 1526247166.9627597, 1526247166.9962285, 1526247167.0312622]}