{"initial_reset_timestamp": 1526251008.1640313, "episode_rewards": [-105.0, -160.0, -105.0, -91.0, -150.0, -86.0, -90.0, -93.0, -86.0, -158.0, -145.0, -146.0, -157.0, -92.0, -85.0, -146.0, -145.0, -92.0, -99.0, -152.0, -90.0, -105.0, -86.0, -145.0, -151.0, -105.0, -157.0, -91.0, -86.0, -105.0, -145.0, -101.0, -90.0, -105.0, -88.0, -85.0, -105.0, -103.0, -150.0, -163.0, -145.0, -157.0, -84.0, -148.0, -118.0, -156.0, -110.0, -105.0, -86.0, -147.0, -105.0, -85.0, -98.0, -166.0, -146.0, -92.0, -147.0, -147.0, -100.0, -92.0, -84.0, -170.0, -157.0, -89.0, -145.0, -105.0, -87.0, -105.0, -157.0, -165.0, -150.0, -85.0, -145.0, -105.0, -166.0, -155.0, -105.0, -85.0, -105.0, -105.0, -146.0, -145.0, -150.0, -87.0, -105.0, -162.0, -147.0, -88.0, -89.0, -86.0, -87.0, -94.0, -157.0, -105.0, -146.0, -145.0, -87.0, -97.0, -96.0, -147.0], "episode_lengths": [105, 160, 105, 91, 150, 86, 90, 93, 86, 158, 145, 146, 157, 92, 85, 146, 145, 92, 99, 152, 90, 105, 86, 145, 151, 105, 157, 91, 86, 105, 145, 101, 90, 105, 88, 85, 105, 103, 150, 163, 145, 157, 84, 148, 118, 156, 110, 105, 86, 147, 105, 85, 98, 166, 146, 92, 147, 147, 100, 92, 84, 170, 157, 89, 145, 105, 87, 105, 157, 165, 150, 85, 145, 105, 166, 155, 105, 85, 105, 105, 146, 145, 150, 87, 105, 162, 147, 88, 89, 86, 87, 94, 157, 105, 146, 145, 87, 97, 96, 147], "episode_types": ["t", "t", "t", "t", "t", "t", "t", "t", "t", "t", "t", "t", "t", "t", "t", "t", "t", "t", "t", "t", "t", "t", "t", "t", "t", "t", "t", "t", "t", "t", "t", "t", "t", "t", "t", "t", "t", "t", "t", "t", "t", "t", "t", "t", "t", "t", "t", "t", "t", "t", "t", "t", "t", "t", "t", "t", "t", "t", "t", "t", "t", "t", "t", "t", "t", "t", "t", "t", "t", "t", "t", "t", "t", "t", "t", "t", "t", "t", "t", "t", "t", "t", "t", "t", "t", "t", "t", "t", "t", "t", "t", "t", "t", "t", "t", "t", "t", "t", "t", "t"], "timestamps": [1526251010.929434, 1526251011.1473434, 1526251011.185983, 1526251011.2193565, 1526251011.2750669, 1526251011.3083375, 1526251011.342835, 1526251011.3771725, 1526251011.4089856, 1526251011.4675195, 1526251011.5208125, 1526251011.5744767, 1526251011.6320865, 1526251011.6662056, 1526251011.6974053, 1526251011.7513158, 1526251011.8045328, 1526251011.8484719, 1526251011.887945, 1526251011.9458942, 1526251011.980023, 1526251012.0194533, 1526251012.0517979, 1526251012.106646, 1526251012.164443, 1526251012.204282, 1526251012.2637808, 1526251012.2981327, 1526251012.3307068, 1526251012.370759, 1526251012.4257922, 1526251012.464282, 1526251012.4996862, 1526251012.5393362, 1526251012.5726311, 1526251012.6046405, 1526251012.6444447, 1526251012.683173, 1526251012.7398188, 1526251012.8008227, 1526251012.857267, 1526251012.9159522, 1526251012.9472911, 1526251013.0027888, 1526251013.0468493, 1526251013.106806, 1526251013.1482117, 1526251013.187523, 1526251013.219755, 1526251013.2751849, 1526251013.3146863, 1526251013.3468273, 1526251013.3839962, 1526251013.4462266, 1526251013.5011048, 1526251013.5354235, 1526251013.5907538, 1526251013.6461549, 1526251013.68363, 1526251013.7196202, 1526251013.7511308, 1526251013.8149188, 1526251013.8760455, 1526251013.9092171, 1526251013.9635713, 1526251014.0030663, 1526251014.035446, 1526251014.0748823, 1526251014.1333141, 1526251014.1954703, 1526251014.251702, 1526251014.2836523, 1526251014.3396635, 1526251014.3793008, 1526251014.4422626, 1526251014.5007288, 1526251014.5399945, 1526251014.5718873, 1526251014.6111982, 1526251014.6507576, 1526251014.7057881, 1526251014.7600958, 1526251014.8165412, 1526251014.857885, 1526251014.8976047, 1526251014.9578514, 1526251015.01337, 1526251015.046146, 1526251015.079675, 1526251015.1117628, 1526251015.1445034, 1526251015.1797063, 1526251015.2383015, 1526251015.2777543, 1526251015.332536, 1526251015.3875847, 1526251015.4199543, 1526251015.4561226, 1526251015.4921768, 1526251015.5471485]}