{"initial_reset_timestamp": 1526234947.0709047, "episode_rewards": [-93.0, -91.0, -91.0, -95.0, -91.0, -99.0, -91.0, -145.0, -153.0, -109.0, -156.0, -144.0, -144.0, -144.0, -144.0, -91.0, -92.0, -146.0, -144.0, -146.0, -144.0, -109.0, -146.0, -109.0, -110.0, -146.0, -91.0, -146.0, -144.0, -142.0, -153.0, -144.0, -144.0, -153.0, -143.0, -144.0, -143.0, -145.0, -158.0, -93.0, -153.0, -91.0, -97.0, -144.0, -146.0, -93.0, -144.0, -91.0, -145.0, -145.0, -145.0, -145.0, -145.0, -143.0, -154.0, -92.0, -102.0, -142.0, -91.0, -89.0, -109.0, -143.0, -108.0, -109.0, -90.0, -91.0, -144.0, -110.0, -142.0, -146.0, -109.0, -94.0, -153.0, -142.0, -144.0, -145.0, -143.0, -144.0, -144.0, -110.0, -95.0, -144.0, -143.0, -145.0, -91.0, -144.0, -96.0, -145.0, -97.0, -91.0, -142.0, -145.0, -172.0, -145.0, -101.0, -145.0, -147.0, -145.0, -145.0, -145.0], "episode_lengths": [93, 91, 91, 95, 91, 99, 91, 145, 153, 109, 156, 144, 144, 144, 144, 91, 92, 146, 144, 146, 144, 109, 146, 109, 110, 146, 91, 146, 144, 142, 153, 144, 144, 153, 143, 144, 143, 145, 158, 93, 153, 91, 97, 144, 146, 93, 144, 91, 145, 145, 145, 145, 145, 143, 154, 92, 102, 142, 91, 89, 109, 143, 108, 109, 90, 91, 144, 110, 142, 146, 109, 94, 153, 142, 144, 145, 143, 144, 144, 110, 95, 144, 143, 145, 91, 144, 96, 145, 97, 91, 142, 145, 172, 145, 101, 145, 147, 145, 145, 145], "episode_types": ["t", "t", "t", "t", "t", "t", "t", "t", "t", "t", "t", "t", "t", "t", "t", "t", "t", "t", "t", "t", "t", "t", "t", "t", "t", "t", "t", "t", "t", "t", "t", "t", "t", "t", "t", "t", "t", "t", "t", "t", "t", "t", "t", "t", "t", "t", "t", "t", "t", "t", "t", "t", "t", "t", "t", "t", "t", "t", "t", "t", "t", "t", "t", "t", "t", "t", "t", "t", "t", "t", "t", "t", "t", "t", "t", "t", "t", "t", "t", "t", "t", "t", "t", "t", "t", "t", "t", "t", "t", "t", "t", "t", "t", "t", "t", "t", "t", "t", "t", "t"], "timestamps": [1526234949.4616075, 1526234949.7177234, 1526234949.756323, 1526234949.7986975, 1526234949.8453598, 1526234949.886594, 1526234949.9328783, 1526234950.0012922, 1526234950.0637536, 1526234950.106204, 1526234950.165509, 1526234950.2195292, 1526234950.2744007, 1526234950.330957, 1526234950.3844256, 1526234950.417932, 1526234950.4519508, 1526234950.5096252, 1526234950.5649579, 1526234950.6190252, 1526234950.6768684, 1526234950.718044, 1526234950.7720945, 1526234950.8123903, 1526234950.853343, 1526234950.9073792, 1526234950.941145, 1526234950.9955187, 1526234951.0495453, 1526234951.1020453, 1526234951.1591327, 1526234951.2123618, 1526234951.266006, 1526234951.3242614, 1526234951.377405, 1526234951.4307382, 1526234951.4837794, 1526234951.537383, 1526234951.5957878, 1526234951.630229, 1526234951.6907194, 1526234951.7244263, 1526234951.7601771, 1526234951.81337, 1526234951.8681026, 1526234951.9022582, 1526234951.9559894, 1526234951.9898984, 1526234952.0437622, 1526234952.097982, 1526234952.1527147, 1526234952.2067738, 1526234952.2611983, 1526234952.314043, 1526234952.3711517, 1526234952.4049773, 1526234952.442553, 1526234952.4955142, 1526234952.529038, 1526234952.561851, 1526234952.6024776, 1526234952.6597118, 1526234952.699321, 1526234952.7395008, 1526234952.7727928, 1526234952.80621, 1526234952.8597822, 1526234952.9000702, 1526234952.9527078, 1526234953.0063086, 1526234953.0467365, 1526234953.0813007, 1526234953.138183, 1526234953.191368, 1526234953.244977, 1526234953.2992475, 1526234953.3523264, 1526234953.4055111, 1526234953.459069, 1526234953.499616, 1526234953.5343246, 1526234953.5876448, 1526234953.6553123, 1526234953.7087162, 1526234953.7420845, 1526234953.7951984, 1526234953.83023, 1526234953.8836508, 1526234953.9190285, 1526234953.9523962, 1526234954.005102, 1526234954.0587206, 1526234954.1218915, 1526234954.1760402, 1526234954.21288, 1526234954.2666702, 1526234954.320995, 1526234954.3822446, 1526234954.4358406, 1526234954.4897196]}