{"initial_reset_timestamp": 1526249342.793873, "episode_rewards": [-105.0, -105.0, -105.0, -105.0, -87.0, -156.0, -166.0, -86.0, -89.0, -162.0, -89.0, -95.0, -105.0, -105.0, -105.0, -105.0, -105.0, -173.0, -174.0, -88.0, -162.0, -105.0, -84.0, -177.0, -105.0, -105.0, -111.0, -105.0, -116.0, -165.0, -105.0, -88.0, -105.0, -154.0, -105.0, -105.0, -91.0, -88.0, -100.0, -105.0, -105.0, -165.0, -165.0, -169.0, -105.0, -176.0, -105.0, -169.0, -105.0, -105.0, -105.0, -95.0, -105.0, -174.0, -89.0, -99.0, -105.0, -166.0, -97.0, -105.0, -98.0, -90.0, -105.0, -86.0, -84.0, -115.0, -149.0, -105.0, -93.0, -165.0, -163.0, -105.0, -149.0, -88.0, -105.0, -94.0, -105.0, -88.0, -105.0, -105.0, -149.0, -105.0, -110.0, -105.0, -105.0, -105.0, -90.0, -166.0, -105.0, -151.0, -105.0, -89.0, -104.0, -105.0, -87.0, -92.0, -90.0, -85.0, -105.0, -105.0], "episode_lengths": [105, 105, 105, 105, 87, 156, 166, 86, 89, 162, 89, 95, 105, 105, 105, 105, 105, 173, 174, 88, 162, 105, 84, 177, 105, 105, 111, 105, 116, 165, 105, 88, 105, 154, 105, 105, 91, 88, 100, 105, 105, 165, 165, 169, 105, 176, 105, 169, 105, 105, 105, 95, 105, 174, 89, 99, 105, 166, 97, 105, 98, 90, 105, 86, 84, 115, 149, 105, 93, 165, 163, 105, 149, 88, 105, 94, 105, 88, 105, 105, 149, 105, 110, 105, 105, 105, 90, 166, 105, 151, 105, 89, 104, 105, 87, 92, 90, 85, 105, 105], "episode_types": ["t", "t", "t", "t", "t", "t", "t", "t", "t", "t", "t", "t", "t", "t", "t", "t", "t", "t", "t", "t", "t", "t", "t", "t", "t", "t", "t", "t", "t", "t", "t", "t", "t", "t", "t", "t", "t", "t", "t", "t", "t", "t", "t", "t", "t", "t", "t", "t", "t", "t", "t", "t", "t", "t", "t", "t", "t", "t", "t", "t", "t", "t", "t", "t", "t", "t", "t", "t", "t", "t", "t", "t", "t", "t", "t", "t", "t", "t", "t", "t", "t", "t", "t", "t", "t", "t", "t", "t", "t", "t", "t", "t", "t", "t", "t", "t", "t", "t", "t", "t"], "timestamps": [1526249344.5683293, 1526249344.666177, 1526249344.6810386, 1526249344.6957395, 1526249344.7078915, 1526249344.7297251, 1526249344.7530975, 1526249344.7650287, 1526249344.7773368, 1526249344.799783, 1526249344.8120637, 1526249344.8252134, 1526249344.8397717, 1526249344.8546424, 1526249344.8693829, 1526249344.8840775, 1526249344.8996162, 1526249344.924375, 1526249344.950415, 1526249344.9626799, 1526249344.9852016, 1526249344.9998183, 1526249345.0114844, 1526249345.036797, 1526249345.0528784, 1526249345.0689318, 1526249345.0856752, 1526249345.1015592, 1526249345.1186929, 1526249345.14375, 1526249345.1597211, 1526249345.172908, 1526249345.1892095, 1526249345.212143, 1526249345.2285855, 1526249345.2443757, 1526249345.2583306, 1526249345.2716393, 1526249345.2864916, 1526249345.3022637, 1526249345.3180256, 1526249345.342117, 1526249345.3674347, 1526249345.392344, 1526249345.408325, 1526249345.4355724, 1526249345.451561, 1526249345.476287, 1526249345.492354, 1526249345.5081892, 1526249345.5240474, 1526249345.538666, 1526249345.5547018, 1526249345.587885, 1526249345.60142, 1526249345.6163635, 1526249345.6319447, 1526249345.6571832, 1526249345.671989, 1526249345.687673, 1526249345.7024522, 1526249345.7164662, 1526249345.7317894, 1526249345.7443357, 1526249345.7572227, 1526249345.774364, 1526249345.7966719, 1526249345.8129244, 1526249345.8271286, 1526249345.8528297, 1526249345.8779235, 1526249345.893876, 1526249345.9170833, 1526249345.9299452, 1526249345.9460287, 1526249345.9603121, 1526249345.976323, 1526249345.9899485, 1526249346.0058568, 1526249346.0219939, 1526249346.04405, 1526249346.0597336, 1526249346.075571, 1526249346.0903637, 1526249346.1049898, 1526249346.119553, 1526249346.132243, 1526249346.1572924, 1526249346.1721053, 1526249346.1933568, 1526249346.2079773, 1526249346.2203248, 1526249346.234658, 1526249346.2492368, 1526249346.2613544, 1526249346.2741818, 1526249346.2866492, 1526249346.2984803, 1526249346.3130705, 1526249346.3276324]}