{"initial_reset_timestamp": 1526245242.9955966, "episode_rewards": [-149.0, -105.0, -105.0, -108.0, -104.0, -103.0, -94.0, -103.0, -105.0, -105.0, -156.0, -89.0, -100.0, -151.0, -149.0, -109.0, -111.0, -87.0, -105.0, -151.0, -105.0, -89.0, -157.0, -152.0, -89.0, -87.0, -105.0, -88.0, -105.0, -123.0, -166.0, -91.0, -105.0, -161.0, -105.0, -105.0, -92.0, -166.0, -164.0, -91.0, -91.0, -105.0, -105.0, -103.0, -88.0, -105.0, -104.0, -98.0, -86.0, -97.0, -105.0, -162.0, -159.0, -87.0, -149.0, -91.0, -95.0, -105.0, -105.0, -87.0, -105.0, -105.0, -90.0, -105.0, -105.0, -87.0, -105.0, -105.0, -101.0, -89.0, -157.0, -105.0, -105.0, -91.0, -87.0, -101.0, -105.0, -105.0, -90.0, -105.0, -105.0, -105.0, -105.0, -156.0, -93.0, -149.0, -105.0, -89.0, -92.0, -105.0, -105.0, -159.0, -105.0, -105.0, -105.0, -105.0, -149.0, -105.0, -161.0, -88.0], "episode_lengths": [149, 105, 105, 108, 104, 103, 94, 103, 105, 105, 156, 89, 100, 151, 149, 109, 111, 87, 105, 151, 105, 89, 157, 152, 89, 87, 105, 88, 105, 123, 166, 91, 105, 161, 105, 105, 92, 166, 164, 91, 91, 105, 105, 103, 88, 105, 104, 98, 86, 97, 105, 162, 159, 87, 149, 91, 95, 105, 105, 87, 105, 105, 90, 105, 105, 87, 105, 105, 101, 89, 157, 105, 105, 91, 87, 101, 105, 105, 90, 105, 105, 105, 105, 156, 93, 149, 105, 89, 92, 105, 105, 159, 105, 105, 105, 105, 149, 105, 161, 88], "episode_types": ["t", "t", "t", "t", "t", "t", "t", "t", "t", "t", "t", "t", "t", "t", "t", "t", "t", "t", "t", "t", "t", "t", "t", "t", "t", "t", "t", "t", "t", "t", "t", "t", "t", "t", "t", "t", "t", "t", "t", "t", "t", "t", "t", "t", "t", "t", "t", "t", "t", "t", "t", "t", "t", "t", "t", "t", "t", "t", "t", "t", "t", "t", "t", "t", "t", "t", "t", "t", "t", "t", "t", "t", "t", "t", "t", "t", "t", "t", "t", "t", "t", "t", "t", "t", "t", "t", "t", "t", "t", "t", "t", "t", "t", "t", "t", "t", "t", "t", "t", "t"], "timestamps": [1526245245.4933548, 1526245245.5993607, 1526245245.6155517, 1526245245.6320808, 1526245245.648196, 1526245245.664289, 1526245245.6789627, 1526245245.694871, 1526245245.710806, 1526245245.7270224, 1526245245.7504144, 1526245245.764384, 1526245245.779446, 1526245245.8022933, 1526245245.8257318, 1526245245.8426363, 1526245245.8596313, 1526245245.8722951, 1526245245.889061, 1526245245.9129767, 1526245245.929001, 1526245245.9419172, 1526245245.9640307, 1526245245.985336, 1526245245.9976761, 1526245246.0097759, 1526245246.024994, 1526245246.0373394, 1526245246.0521579, 1526245246.0690844, 1526245246.0920677, 1526245246.105241, 1526245246.1213, 1526245246.144522, 1526245246.160015, 1526245246.1755633, 1526245246.189138, 1526245246.2122712, 1526245246.23531, 1526245246.2478755, 1526245246.260587, 1526245246.275042, 1526245246.2896326, 1526245246.3039453, 1526245246.3161137, 1526245246.33079, 1526245246.3452368, 1526245246.3589869, 1526245246.3708603, 1526245246.3842902, 1526245246.3996985, 1526245246.4304209, 1526245246.4526424, 1526245246.4648163, 1526245246.4855175, 1526245246.4980946, 1526245246.5113394, 1526245246.526065, 1526245246.540631, 1526245246.552652, 1526245246.567405, 1526245246.5819921, 1526245246.5944784, 1526245246.609222, 1526245246.623931, 1526245246.6362693, 1526245246.6518803, 1526245246.6669295, 1526245246.681126, 1526245246.6936612, 1526245246.7172964, 1526245246.7323895, 1526245246.7471, 1526245246.7598152, 1526245246.7720566, 1526245246.7860048, 1526245246.8006606, 1526245246.8154254, 1526245246.828313, 1526245246.8430634, 1526245246.8577807, 1526245246.872451, 1526245246.887118, 1526245246.909042, 1526245246.9222054, 1526245246.9430385, 1526245246.9577467, 1526245246.9701564, 1526245246.9829624, 1526245246.9976466, 1526245247.0123682, 1526245247.034866, 1526245247.0494285, 1526245247.0640144, 1526245247.0786872, 1526245247.0934186, 1526245247.1140673, 1526245247.1287856, 1526245247.1523693, 1526245247.1648793]}