{"initial_reset_timestamp": 1526251994.6560652, "episode_rewards": [-105.0, -106.0, -91.0, -105.0, -105.0, -87.0, -105.0, -105.0, -105.0, -87.0, -89.0, -91.0, -105.0, -105.0, -105.0, -105.0, -105.0, -107.0, -87.0, -105.0, -105.0, -88.0, -105.0, -93.0, -105.0, -104.0, -105.0, -105.0, -106.0, -105.0, -88.0, -89.0, -105.0, -88.0, -88.0, -106.0, -88.0, -105.0, -105.0, -105.0, -92.0, -105.0, -86.0, -88.0, -91.0, -88.0, -90.0, -89.0, -106.0, -105.0, -95.0, -106.0, -94.0, -91.0, -94.0, -105.0, -105.0, -106.0, -106.0, -100.0, -106.0, -95.0, -106.0, -87.0, -91.0, -105.0, -106.0, -105.0, -85.0, -105.0, -97.0, -99.0, -105.0, -88.0, -105.0, -105.0, -105.0, -93.0, -107.0, -105.0, -105.0, -106.0, -106.0, -105.0, -105.0, -105.0, -88.0, -87.0, -88.0, -105.0, -94.0, -89.0, -92.0, -105.0, -105.0, -107.0, -105.0, -86.0, -85.0, -98.0], "episode_lengths": [105, 106, 91, 105, 105, 87, 105, 105, 105, 87, 89, 91, 105, 105, 105, 105, 105, 107, 87, 105, 105, 88, 105, 93, 105, 104, 105, 105, 106, 105, 88, 89, 105, 88, 88, 106, 88, 105, 105, 105, 92, 105, 86, 88, 91, 88, 90, 89, 106, 105, 95, 106, 94, 91, 94, 105, 105, 106, 106, 100, 106, 95, 106, 87, 91, 105, 106, 105, 85, 105, 97, 99, 105, 88, 105, 105, 105, 93, 107, 105, 105, 106, 106, 105, 105, 105, 88, 87, 88, 105, 94, 89, 92, 105, 105, 107, 105, 86, 85, 98], "episode_types": ["t", "t", "t", "t", "t", "t", "t", "t", "t", "t", "t", "t", "t", "t", "t", "t", "t", "t", "t", "t", "t", "t", "t", "t", "t", "t", "t", "t", "t", "t", "t", "t", "t", "t", "t", "t", "t", "t", "t", "t", "t", "t", "t", "t", "t", "t", "t", "t", "t", "t", "t", "t", "t", "t", "t", "t", "t", "t", "t", "t", "t", "t", "t", "t", "t", "t", "t", "t", "t", "t", "t", "t", "t", "t", "t", "t", "t", "t", "t", "t", "t", "t", "t", "t", "t", "t", "t", "t", "t", "t", "t", "t", "t", "t", "t", "t", "t", "t", "t", "t"], "timestamps": [1526251997.4112248, 1526251997.6518934, 1526251997.6886132, 1526251997.728412, 1526251997.767493, 1526251997.7994728, 1526251997.8386085, 1526251997.8774328, 1526251997.9175978, 1526251997.949726, 1526251997.982217, 1526251998.0154932, 1526251998.0541961, 1526251998.0927427, 1526251998.131326, 1526251998.170309, 1526251998.2089689, 1526251998.2508364, 1526251998.282837, 1526251998.3215034, 1526251998.3602047, 1526251998.392378, 1526251998.4310567, 1526251998.4650664, 1526251998.5052931, 1526251998.5436373, 1526251998.582489, 1526251998.6218815, 1526251998.6614695, 1526251998.7004116, 1526251998.7328334, 1526251998.7655563, 1526251998.8044097, 1526251998.8369718, 1526251998.8691282, 1526251998.9080122, 1526251998.940209, 1526251998.9788363, 1526251999.0174253, 1526251999.0559497, 1526251999.0913756, 1526251999.13038, 1526251999.16221, 1526251999.1945035, 1526251999.2300682, 1526251999.2628539, 1526251999.2958703, 1526251999.3284743, 1526251999.367664, 1526251999.4063048, 1526251999.4410515, 1526251999.4800453, 1526251999.5144422, 1526251999.5479822, 1526251999.5823824, 1526251999.621894, 1526251999.6611164, 1526251999.7022755, 1526251999.7418935, 1526251999.778461, 1526251999.8173587, 1526251999.8521967, 1526251999.8910878, 1526251999.9229755, 1526251999.9562068, 1526251999.9947963, 1526252000.034204, 1526252000.072934, 1526252000.1040816, 1526252000.1429212, 1526252000.1783247, 1526252000.2155547, 1526252000.2613235, 1526252000.2941816, 1526252000.3359013, 1526252000.3746448, 1526252000.413615, 1526252000.4478946, 1526252000.4871132, 1526252000.5259438, 1526252000.5649035, 1526252000.6041667, 1526252000.6442385, 1526252000.6831763, 1526252000.722058, 1526252000.7611516, 1526252000.7935452, 1526252000.8260584, 1526252000.8585417, 1526252000.8972573, 1526252000.931671, 1526252000.9642727, 1526252000.9977865, 1526252001.0364127, 1526252001.074885, 1526252001.1141112, 1526252001.1531422, 1526252001.1846275, 1526252001.2254915, 1526252001.2625237]}