{"initial_reset_timestamp": 1526262424.7708964, "episode_rewards": [-90.0, -105.0, -84.0, -105.0, -93.0, -85.0, -105.0, -84.0, -105.0, -164.0, -105.0, -153.0, -96.0, -105.0, -164.0, -91.0, -157.0, -93.0, -105.0, -105.0, -175.0, -105.0, -105.0, -105.0, -150.0, -102.0, -85.0, -105.0, -93.0, -103.0, -105.0, -105.0, -105.0, -105.0, -167.0, -105.0, -91.0, -105.0, -98.0, -105.0, -150.0, -105.0, -105.0, -105.0, -93.0, -157.0, -84.0, -105.0, -105.0, -101.0, -96.0, -105.0, -88.0, -105.0, -105.0, -105.0, -97.0, -105.0, -105.0, -105.0, -105.0, -84.0, -105.0, -162.0, -105.0, -105.0, -152.0, -98.0, -164.0, -85.0, -99.0, -85.0, -162.0, -84.0, -91.0, -105.0, -86.0, -104.0, -84.0, -94.0, -159.0, -156.0, -105.0, -91.0, -105.0, -159.0, -153.0, -105.0, -105.0, -105.0, -105.0, -86.0, -150.0, -105.0, -151.0, -85.0, -84.0, -85.0, -89.0, -105.0], "episode_lengths": [90, 105, 84, 105, 93, 85, 105, 84, 105, 164, 105, 153, 96, 105, 164, 91, 157, 93, 105, 105, 175, 105, 105, 105, 150, 102, 85, 105, 93, 103, 105, 105, 105, 105, 167, 105, 91, 105, 98, 105, 150, 105, 105, 105, 93, 157, 84, 105, 105, 101, 96, 105, 88, 105, 105, 105, 97, 105, 105, 105, 105, 84, 105, 162, 105, 105, 152, 98, 164, 85, 99, 85, 162, 84, 91, 105, 86, 104, 84, 94, 159, 156, 105, 91, 105, 159, 153, 105, 105, 105, 105, 86, 150, 105, 151, 85, 84, 85, 89, 105], "episode_types": ["t", "t", "t", "t", "t", "t", "t", "t", "t", "t", "t", "t", "t", "t", "t", "t", "t", "t", "t", "t", "t", "t", "t", "t", "t", "t", "t", "t", "t", "t", "t", "t", "t", "t", "t", "t", "t", "t", "t", "t", "t", "t", "t", "t", "t", "t", "t", "t", "t", "t", "t", "t", "t", "t", "t", "t", "t", "t", "t", "t", "t", "t", "t", "t", "t", "t", "t", "t", "t", "t", "t", "t", "t", "t", "t", "t", "t", "t", "t", "t", "t", "t", "t", "t", "t", "t", "t", "t", "t", "t", "t", "t", "t", "t", "t", "t", "t", "t", "t", "t"], "timestamps": [1526262427.132731, 1526262427.344321, 1526262427.37623, 1526262427.4157834, 1526262427.4508586, 1526262427.4830282, 1526262427.5226579, 1526262427.554399, 1526262427.5956032, 1526262427.658753, 1526262427.6985505, 1526262427.7567148, 1526262427.7931676, 1526262427.8330402, 1526262427.8949645, 1526262427.9290547, 1526262427.9882607, 1526262428.0232313, 1526262428.0628772, 1526262428.1024945, 1526262428.1773958, 1526262428.2171304, 1526262428.2569242, 1526262428.296589, 1526262428.353561, 1526262428.3921037, 1526262428.4244704, 1526262428.4644995, 1526262428.4998188, 1526262428.5388465, 1526262428.5788674, 1526262428.618851, 1526262428.65953, 1526262428.699121, 1526262428.7619612, 1526262428.801252, 1526262428.8353143, 1526262428.8747017, 1526262428.9112027, 1526262428.9503925, 1526262429.0065703, 1526262429.0463145, 1526262429.0857072, 1526262429.130877, 1526262429.1708684, 1526262429.2296972, 1526262429.2611485, 1526262429.3005288, 1526262429.3395257, 1526262429.3771207, 1526262429.4129217, 1526262429.4522083, 1526262429.4852345, 1526262429.5245335, 1526262429.5639007, 1526262429.6035376, 1526262429.640096, 1526262429.6795845, 1526262429.718911, 1526262429.7583213, 1526262429.7975879, 1526262429.8289146, 1526262429.8682926, 1526262429.9291377, 1526262429.9687681, 1526262430.0127325, 1526262430.0699723, 1526262430.1065235, 1526262430.1717563, 1526262430.2038214, 1526262430.240944, 1526262430.2731848, 1526262430.3340776, 1526262430.3657084, 1526262430.3999507, 1526262430.439494, 1526262430.4720542, 1526262430.5111418, 1526262430.5426397, 1526262430.5779881, 1526262430.6386366, 1526262430.7027152, 1526262430.7423089, 1526262430.7768395, 1526262430.816138, 1526262430.8760712, 1526262430.9333978, 1526262430.9730365, 1526262431.012328, 1526262431.0516887, 1526262431.091292, 1526262431.123528, 1526262431.1827652, 1526262431.2222927, 1526262431.2791772, 1526262431.310949, 1526262431.342347, 1526262431.3744576, 1526262431.40763, 1526262431.4473195]}