{"initial_reset_timestamp": 1526254421.8861737, "episode_rewards": [-90.0, -105.0, -105.0, -86.0, -105.0, -105.0, -105.0, -105.0, -105.0, -105.0, -105.0, -105.0, -105.0, -87.0, -105.0, -105.0, -84.0, -105.0, -105.0, -91.0, -101.0, -88.0, -104.0, -105.0, -105.0, -90.0, -106.0, -85.0, -92.0, -87.0, -105.0, -95.0, -100.0, -105.0, -86.0, -84.0, -100.0, -105.0, -105.0, -105.0, -101.0, -89.0, -105.0, -84.0, -85.0, -105.0, -105.0, -86.0, -100.0, -105.0, -87.0, -100.0, -105.0, -86.0, -105.0, -95.0, -91.0, -93.0, -99.0, -105.0, -92.0, -105.0, -91.0, -105.0, -105.0, -97.0, -105.0, -105.0, -91.0, -105.0, -90.0, -95.0, -87.0, -105.0, -105.0, -105.0, -105.0, -105.0, -106.0, -105.0, -105.0, -84.0, -101.0, -105.0, -87.0, -105.0, -105.0, -106.0, -105.0, -106.0, -105.0, -105.0, -85.0, -105.0, -92.0, -85.0, -105.0, -105.0, -85.0, -105.0], "episode_lengths": [90, 105, 105, 86, 105, 105, 105, 105, 105, 105, 105, 105, 105, 87, 105, 105, 84, 105, 105, 91, 101, 88, 104, 105, 105, 90, 106, 85, 92, 87, 105, 95, 100, 105, 86, 84, 100, 105, 105, 105, 101, 89, 105, 84, 85, 105, 105, 86, 100, 105, 87, 100, 105, 86, 105, 95, 91, 93, 99, 105, 92, 105, 91, 105, 105, 97, 105, 105, 91, 105, 90, 95, 87, 105, 105, 105, 105, 105, 106, 105, 105, 84, 101, 105, 87, 105, 105, 106, 105, 106, 105, 105, 85, 105, 92, 85, 105, 105, 85, 105], "episode_types": ["t", "t", "t", "t", "t", "t", "t", "t", "t", "t", "t", "t", "t", "t", "t", "t", "t", "t", "t", "t", "t", "t", "t", "t", "t", "t", "t", "t", "t", "t", "t", "t", "t", "t", "t", "t", "t", "t", "t", "t", "t", "t", "t", "t", "t", "t", "t", "t", "t", "t", "t", "t", "t", "t", "t", "t", "t", "t", "t", "t", "t", "t", "t", "t", "t", "t", "t", "t", "t", "t", "t", "t", "t", "t", "t", "t", "t", "t", "t", "t", "t", "t", "t", "t", "t", "t", "t", "t", "t", "t", "t", "t", "t", "t", "t", "t", "t", "t", "t", "t"], "timestamps": [1526254423.3866284, 1526254423.4862132, 1526254423.5010107, 1526254423.5129585, 1526254423.5276217, 1526254423.542365, 1526254423.5569515, 1526254423.5715804, 1526254423.5862021, 1526254423.6018186, 1526254423.6176841, 1526254423.6325228, 1526254423.6474464, 1526254423.6594958, 1526254423.674134, 1526254423.6887453, 1526254423.7003164, 1526254423.7150295, 1526254423.7297702, 1526254423.7424476, 1526254423.7563708, 1526254423.7685585, 1526254423.786591, 1526254423.802477, 1526254423.8182, 1526254423.8314857, 1526254423.8466885, 1526254423.8600678, 1526254423.8742375, 1526254423.8877687, 1526254423.903744, 1526254423.9179003, 1526254423.9328442, 1526254423.9479914, 1526254423.961305, 1526254423.974373, 1526254423.9897587, 1526254424.0060265, 1526254424.0219297, 1526254424.0381603, 1526254424.053614, 1526254424.0671165, 1526254424.0827565, 1526254424.0950572, 1526254424.1079779, 1526254424.1238008, 1526254424.1402915, 1526254424.1537943, 1526254424.1687856, 1526254424.1840413, 1526254424.1962311, 1526254424.2114553, 1526254424.2272797, 1526254424.2406793, 1526254424.256823, 1526254424.2716138, 1526254424.2856567, 1526254424.2995877, 1526254424.3136995, 1526254424.3300076, 1526254424.3445578, 1526254424.3602502, 1526254424.3738396, 1526254424.3895857, 1526254424.4053435, 1526254424.4198267, 1526254424.435884, 1526254424.451625, 1526254424.464344, 1526254424.480039, 1526254424.493435, 1526254424.507646, 1526254424.5206957, 1526254424.5366323, 1526254424.5518243, 1526254424.5675912, 1526254424.5825691, 1526254424.5982485, 1526254424.614022, 1526254424.629688, 1526254424.645836, 1526254424.6585314, 1526254424.673771, 1526254424.6899316, 1526254424.7033958, 1526254424.719965, 1526254424.7366607, 1526254424.7529714, 1526254424.7689703, 1526254424.787319, 1526254424.8029914, 1526254424.8183486, 1526254424.8303905, 1526254424.8453085, 1526254424.8580973, 1526254424.8698492, 1526254424.8843968, 1526254424.89895, 1526254424.9106784, 1526254424.9253304]}