{"initial_reset_timestamp": 1526239477.3514702, "episode_rewards": [-105.0, -160.0, -105.0, -88.0, -150.0, -108.0, -105.0, -92.0, -159.0, -90.0, -105.0, -105.0, -90.0, -90.0, -98.0, -151.0, -164.0, -105.0, -105.0, -163.0, -92.0, -105.0, -158.0, -105.0, -163.0, -162.0, -103.0, -87.0, -94.0, -109.0, -99.0, -93.0, -91.0, -105.0, -105.0, -105.0, -105.0, -93.0, -158.0, -85.0, -160.0, -151.0, -105.0, -173.0, -92.0, -151.0, -105.0, -166.0, -89.0, -93.0, -86.0, -105.0, -162.0, -160.0, -105.0, -100.0, -105.0, -154.0, -91.0, -125.0, -159.0, -105.0, -92.0, -93.0, -91.0, -105.0, -105.0, -105.0, -91.0, -166.0, -90.0, -85.0, -103.0, -105.0, -105.0, -98.0, -105.0, -90.0, -162.0, -173.0, -173.0, -105.0, -89.0, -88.0, -105.0, -105.0, -105.0, -105.0, -174.0, -105.0, -154.0, -105.0, -105.0, -105.0, -105.0, -99.0, -186.0, -105.0, -88.0, -105.0], "episode_lengths": [105, 160, 105, 88, 150, 108, 105, 92, 159, 90, 105, 105, 90, 90, 98, 151, 164, 105, 105, 163, 92, 105, 158, 105, 163, 162, 103, 87, 94, 109, 99, 93, 91, 105, 105, 105, 105, 93, 158, 85, 160, 151, 105, 173, 92, 151, 105, 166, 89, 93, 86, 105, 162, 160, 105, 100, 105, 154, 91, 125, 159, 105, 92, 93, 91, 105, 105, 105, 91, 166, 90, 85, 103, 105, 105, 98, 105, 90, 162, 173, 173, 105, 89, 88, 105, 105, 105, 105, 174, 105, 154, 105, 105, 105, 105, 99, 186, 105, 88, 105], "episode_types": ["t", "t", "t", "t", "t", "t", "t", "t", "t", "t", "t", "t", "t", "t", "t", "t", "t", "t", "t", "t", "t", "t", "t", "t", "t", "t", "t", "t", "t", "t", "t", "t", "t", "t", "t", "t", "t", "t", "t", "t", "t", "t", "t", "t", "t", "t", "t", "t", "t", "t", "t", "t", "t", "t", "t", "t", "t", "t", "t", "t", "t", "t", "t", "t", "t", "t", "t", "t", "t", "t", "t", "t", "t", "t", "t", "t", "t", "t", "t", "t", "t", "t", "t", "t", "t", "t", "t", "t", "t", "t", "t", "t", "t", "t", "t", "t", "t", "t", "t", "t"], "timestamps": [1526239480.096914, 1526239480.3477557, 1526239480.3972628, 1526239480.4313252, 1526239480.4869382, 1526239480.5265825, 1526239480.5651555, 1526239480.5991647, 1526239480.6583996, 1526239480.6917317, 1526239480.7310693, 1526239480.7699318, 1526239480.8033586, 1526239480.83679, 1526239480.8728669, 1526239480.9300914, 1526239480.9903712, 1526239481.031078, 1526239481.0698016, 1526239481.1299074, 1526239481.1638062, 1526239481.2026467, 1526239481.2609086, 1526239481.2998128, 1526239481.3599322, 1526239481.4232368, 1526239481.4610682, 1526239481.4929326, 1526239481.527734, 1526239481.5674324, 1526239481.6053205, 1526239481.640482, 1526239481.6738298, 1526239481.712544, 1526239481.751332, 1526239481.7898922, 1526239481.8287294, 1526239481.862732, 1526239481.9209585, 1526239481.952861, 1526239482.0124583, 1526239482.0681615, 1526239482.106755, 1526239482.1706202, 1526239482.2057474, 1526239482.2616763, 1526239482.3005524, 1526239482.3701391, 1526239482.4062989, 1526239482.4405801, 1526239482.4720194, 1526239482.5111632, 1526239482.5705988, 1526239482.6296642, 1526239482.6686833, 1526239482.7052772, 1526239482.7443328, 1526239482.8007855, 1526239482.836643, 1526239482.8826802, 1526239482.9424193, 1526239482.9811232, 1526239483.015977, 1526239483.0502374, 1526239483.0835721, 1526239483.122413, 1526239483.1615055, 1526239483.2002215, 1526239483.2338643, 1526239483.2947326, 1526239483.328316, 1526239483.359829, 1526239483.4010768, 1526239483.4430213, 1526239483.4816232, 1526239483.517475, 1526239483.5564547, 1526239483.5893974, 1526239483.6498148, 1526239483.7136378, 1526239483.7776976, 1526239483.8167527, 1526239483.8496644, 1526239483.8822205, 1526239483.9211159, 1526239483.961097, 1526239484.0001497, 1526239484.0408406, 1526239484.1049182, 1526239484.1444702, 1526239484.2015254, 1526239484.2407224, 1526239484.2796042, 1526239484.3182976, 1526239484.360498, 1526239484.4041715, 1526239484.472379, 1526239484.5109816, 1526239484.5432878, 1526239484.5819845]}