{"initial_reset_timestamp": 1526235781.976336, "episode_rewards": [-106.0, -106.0, -106.0, -105.0, -105.0, -106.0, -106.0, -91.0, -105.0, -86.0, -87.0, -87.0, -107.0, -87.0, -105.0, -89.0, -107.0, -106.0, -95.0, -93.0, -91.0, -106.0, -105.0, -105.0, -99.0, -106.0, -105.0, -105.0, -106.0, -98.0, -98.0, -106.0, -105.0, -98.0, -105.0, -105.0, -105.0, -92.0, -87.0, -105.0, -105.0, -105.0, -101.0, -97.0, -105.0, -105.0, -89.0, -105.0, -90.0, -87.0, -85.0, -105.0, -84.0, -95.0, -100.0, -106.0, -85.0, -97.0, -101.0, -89.0, -107.0, -98.0, -91.0, -105.0, -95.0, -101.0, -106.0, -105.0, -106.0, -105.0, -105.0, -106.0, -105.0, -91.0, -97.0, -84.0, -84.0, -106.0, -98.0, -106.0, -86.0, -105.0, -103.0, -85.0, -106.0, -106.0, -106.0, -105.0, -105.0, -84.0, -106.0, -105.0, -105.0, -106.0, -105.0, -105.0, -105.0, -105.0, -105.0, -84.0], "episode_lengths": [106, 106, 106, 105, 105, 106, 106, 91, 105, 86, 87, 87, 107, 87, 105, 89, 107, 106, 95, 93, 91, 106, 105, 105, 99, 106, 105, 105, 106, 98, 98, 106, 105, 98, 105, 105, 105, 92, 87, 105, 105, 105, 101, 97, 105, 105, 89, 105, 90, 87, 85, 105, 84, 95, 100, 106, 85, 97, 101, 89, 107, 98, 91, 105, 95, 101, 106, 105, 106, 105, 105, 106, 105, 91, 97, 84, 84, 106, 98, 106, 86, 105, 103, 85, 106, 106, 106, 105, 105, 84, 106, 105, 105, 106, 105, 105, 105, 105, 105, 84], "episode_types": ["t", "t", "t", "t", "t", "t", "t", "t", "t", "t", "t", "t", "t", "t", "t", "t", "t", "t", "t", "t", "t", "t", "t", "t", "t", "t", "t", "t", "t", "t", "t", "t", "t", "t", "t", "t", "t", "t", "t", "t", "t", "t", "t", "t", "t", "t", "t", "t", "t", "t", "t", "t", "t", "t", "t", "t", "t", "t", "t", "t", "t", "t", "t", "t", "t", "t", "t", "t", "t", "t", "t", "t", "t", "t", "t", "t", "t", "t", "t", "t", "t", "t", "t", "t", "t", "t", "t", "t", "t", "t", "t", "t", "t", "t", "t", "t", "t", "t", "t", "t"], "timestamps": [1526235783.7550201, 1526235783.8521366, 1526235783.8669217, 1526235783.8819098, 1526235783.897453, 1526235783.9128034, 1526235783.9274724, 1526235783.9400654, 1526235783.9546566, 1526235783.9685204, 1526235783.9811144, 1526235783.9934921, 1526235784.0084617, 1526235784.0205114, 1526235784.0351024, 1526235784.0474403, 1526235784.0623562, 1526235784.0771434, 1526235784.0904274, 1526235784.1032925, 1526235784.115814, 1526235784.1305451, 1526235784.14598, 1526235784.16162, 1526235784.1754158, 1526235784.1904864, 1526235784.2050457, 1526235784.219617, 1526235784.2342868, 1526235784.2478545, 1526235784.261565, 1526235784.2763464, 1526235784.2911, 1526235784.3047502, 1526235784.3192616, 1526235784.333855, 1526235784.3484395, 1526235784.3613017, 1526235784.3744094, 1526235784.3907588, 1526235784.4064522, 1526235784.4220712, 1526235784.4369903, 1526235784.4513075, 1526235784.4670618, 1526235784.4834206, 1526235784.4970615, 1526235784.5132527, 1526235784.5271902, 1526235784.540895, 1526235784.5544763, 1526235784.5707214, 1526235784.5825489, 1526235784.598163, 1526235784.613522, 1526235784.6295729, 1526235784.6433375, 1526235784.658325, 1526235784.6738641, 1526235784.687655, 1526235784.7038445, 1526235784.7179804, 1526235784.7317138, 1526235784.7478645, 1526235784.762465, 1526235784.7779117, 1526235784.7942128, 1526235784.8103476, 1526235784.826493, 1526235784.8425102, 1526235784.8588085, 1526235784.8754733, 1526235784.8914526, 1526235784.9054456, 1526235784.9201782, 1526235784.932084, 1526235784.9449308, 1526235784.961486, 1526235784.9792094, 1526235784.9956038, 1526235785.008857, 1526235785.024747, 1526235785.040325, 1526235785.0533175, 1526235785.0692725, 1526235785.0853875, 1526235785.1007667, 1526235785.1166797, 1526235785.1324596, 1526235785.1452618, 1526235785.1615074, 1526235785.1774645, 1526235785.1935544, 1526235785.2096229, 1526235785.2254226, 1526235785.2414458, 1526235785.2572942, 1526235785.2733848, 1526235785.2894783, 1526235785.3029668]}