{"initial_reset_timestamp": 1526263438.0928662, "episode_rewards": [-89.0, -105.0, -105.0, -106.0, -105.0, -156.0, -92.0, -105.0, -105.0, -105.0, -87.0, -96.0, -95.0, -105.0, -95.0, -96.0, -105.0, -166.0, -105.0, -88.0, -92.0, -96.0, -149.0, -86.0, -89.0, -105.0, -97.0, -85.0, -92.0, -156.0, -105.0, -149.0, -94.0, -105.0, -105.0, -166.0, -166.0, -156.0, -102.0, -166.0, -88.0, -105.0, -105.0, -105.0, -170.0, -105.0, -97.0, -164.0, -157.0, -105.0, -87.0, -106.0, -105.0, -105.0, -91.0, -88.0, -96.0, -105.0, -105.0, -157.0, -98.0, -85.0, -97.0, -105.0, -85.0, -84.0, -105.0, -105.0, -99.0, -157.0, -85.0, -86.0, -105.0, -161.0, -151.0, -105.0, -159.0, -105.0, -105.0, -99.0, -165.0, -166.0, -84.0, -101.0, -94.0, -105.0, -109.0, -105.0, -105.0, -105.0, -84.0, -99.0, -105.0, -91.0, -105.0, -107.0, -84.0, -105.0, -105.0, -84.0], "episode_lengths": [89, 105, 105, 106, 105, 156, 92, 105, 105, 105, 87, 96, 95, 105, 95, 96, 105, 166, 105, 88, 92, 96, 149, 86, 89, 105, 97, 85, 92, 156, 105, 149, 94, 105, 105, 166, 166, 156, 102, 166, 88, 105, 105, 105, 170, 105, 97, 164, 157, 105, 87, 106, 105, 105, 91, 88, 96, 105, 105, 157, 98, 85, 97, 105, 85, 84, 105, 105, 99, 157, 85, 86, 105, 161, 151, 105, 159, 105, 105, 99, 165, 166, 84, 101, 94, 105, 109, 105, 105, 105, 84, 99, 105, 91, 105, 107, 84, 105, 105, 84], "episode_types": ["t", "t", "t", "t", "t", "t", "t", "t", "t", "t", "t", "t", "t", "t", "t", "t", "t", "t", "t", "t", "t", "t", "t", "t", "t", "t", "t", "t", "t", "t", "t", "t", "t", "t", "t", "t", "t", "t", "t", "t", "t", "t", "t", "t", "t", "t", "t", "t", "t", "t", "t", "t", "t", "t", "t", "t", "t", "t", "t", "t", "t", "t", "t", "t", "t", "t", "t", "t", "t", "t", "t", "t", "t", "t", "t", "t", "t", "t", "t", "t", "t", "t", "t", "t", "t", "t", "t", "t", "t", "t", "t", "t", "t", "t", "t", "t", "t", "t", "t", "t"], "timestamps": [1526263440.4603794, 1526263440.6825228, 1526263440.7212434, 1526263440.760267, 1526263440.7992995, 1526263440.8572235, 1526263440.8908663, 1526263440.929426, 1526263440.9684315, 1526263441.0073874, 1526263441.0394528, 1526263441.074912, 1526263441.1099591, 1526263441.1491764, 1526263441.1844265, 1526263441.2196078, 1526263441.2584052, 1526263441.3193696, 1526263441.3581288, 1526263441.3920853, 1526263441.425777, 1526263441.461345, 1526263441.516364, 1526263441.550802, 1526263441.583855, 1526263441.6242692, 1526263441.6604009, 1526263441.692187, 1526263441.7258916, 1526263441.7836099, 1526263441.822667, 1526263441.8836942, 1526263441.9187915, 1526263441.9639118, 1526263442.0035472, 1526263442.0651987, 1526263442.1268086, 1526263442.1846228, 1526263442.2218473, 1526263442.2828252, 1526263442.315094, 1526263442.353871, 1526263442.3924642, 1526263442.4313648, 1526263442.4934814, 1526263442.534409, 1526263442.571776, 1526263442.6324723, 1526263442.6905107, 1526263442.729167, 1526263442.7609773, 1526263442.7996826, 1526263442.8384447, 1526263442.877225, 1526263442.910752, 1526263442.9432745, 1526263442.9785264, 1526263443.0175445, 1526263443.0563095, 1526263443.114219, 1526263443.150535, 1526263443.1834884, 1526263443.219153, 1526263443.2577834, 1526263443.288921, 1526263443.31984, 1526263443.3583694, 1526263443.3969889, 1526263443.4331346, 1526263443.4905956, 1526263443.5239909, 1526263443.556092, 1526263443.5947115, 1526263443.6543305, 1526263443.7097898, 1526263443.7484684, 1526263443.8081715, 1526263443.8470242, 1526263443.8859046, 1526263443.9224014, 1526263443.983113, 1526263444.044435, 1526263444.0754151, 1526263444.1124191, 1526263444.1474779, 1526263444.1865716, 1526263444.2264478, 1526263444.2649996, 1526263444.3036017, 1526263444.3423095, 1526263444.3742492, 1526263444.4105985, 1526263444.4497285, 1526263444.4832456, 1526263444.5234725, 1526263444.5635085, 1526263444.5944903, 1526263444.6331782, 1526263444.672504, 1526263444.703364]}