{"initial_reset_timestamp": 1526237782.2331371, "episode_rewards": [-105.0, -105.0, -90.0, -90.0, -105.0, -105.0, -105.0, -84.0, -105.0, -105.0, -105.0, -105.0, -95.0, -105.0, -105.0, -105.0, -105.0, -105.0, -105.0, -166.0, -105.0, -168.0, -105.0, -84.0, -100.0, -105.0, -105.0, -105.0, -86.0, -87.0, -109.0, -105.0, -107.0, -89.0, -86.0, -105.0, -105.0, -109.0, -105.0, -104.0, -84.0, -90.0, -105.0, -93.0, -104.0, -105.0, -87.0, -105.0, -90.0, -105.0, -88.0, -104.0, -105.0, -88.0, -104.0, -105.0, -89.0, -105.0, -105.0, -87.0, -98.0, -89.0, -167.0, -88.0, -105.0, -105.0, -104.0, -99.0, -127.0, -105.0, -105.0, -105.0, -105.0, -105.0, -93.0, -104.0, -105.0, -105.0, -104.0, -104.0, -105.0, -104.0, -105.0, -89.0, -102.0, -101.0, -108.0, -105.0, -105.0, -105.0, -90.0, -105.0, -93.0, -85.0, -170.0, -113.0, -166.0, -105.0, -105.0, -105.0], "episode_lengths": [105, 105, 90, 90, 105, 105, 105, 84, 105, 105, 105, 105, 95, 105, 105, 105, 105, 105, 105, 166, 105, 168, 105, 84, 100, 105, 105, 105, 86, 87, 109, 105, 107, 89, 86, 105, 105, 109, 105, 104, 84, 90, 105, 93, 104, 105, 87, 105, 90, 105, 88, 104, 105, 88, 104, 105, 89, 105, 105, 87, 98, 89, 167, 88, 105, 105, 104, 99, 127, 105, 105, 105, 105, 105, 93, 104, 105, 105, 104, 104, 105, 104, 105, 89, 102, 101, 108, 105, 105, 105, 90, 105, 93, 85, 170, 113, 166, 105, 105, 105], "episode_types": ["t", "t", "t", "t", "t", "t", "t", "t", "t", "t", "t", "t", "t", "t", "t", "t", "t", "t", "t", "t", "t", "t", "t", "t", "t", "t", "t", "t", "t", "t", "t", "t", "t", "t", "t", "t", "t", "t", "t", "t", "t", "t", "t", "t", "t", "t", "t", "t", "t", "t", "t", "t", "t", "t", "t", "t", "t", "t", "t", "t", "t", "t", "t", "t", "t", "t", "t", "t", "t", "t", "t", "t", "t", "t", "t", "t", "t", "t", "t", "t", "t", "t", "t", "t", "t", "t", "t", "t", "t", "t", "t", "t", "t", "t", "t", "t", "t", "t", "t", "t"], "timestamps": [1526237784.9440932, 1526237785.1901636, 1526237785.2236664, 1526237785.2565145, 1526237785.2950778, 1526237785.3337255, 1526237785.3721576, 1526237785.402926, 1526237785.4418366, 1526237785.4804301, 1526237785.5362885, 1526237785.575363, 1526237785.6101437, 1526237785.6490827, 1526237785.6879463, 1526237785.7265172, 1526237785.7650855, 1526237785.803632, 1526237785.8425357, 1526237785.9038029, 1526237785.9426596, 1526237786.0043347, 1526237786.0438426, 1526237786.0757856, 1526237786.116217, 1526237786.1567547, 1526237786.196075, 1526237786.234813, 1526237786.2666564, 1526237786.2992477, 1526237786.3403845, 1526237786.3792481, 1526237786.4216757, 1526237786.454282, 1526237786.4858928, 1526237786.5283852, 1526237786.5672894, 1526237786.6078002, 1526237786.6474748, 1526237786.6864603, 1526237786.7181225, 1526237786.7516656, 1526237786.790804, 1526237786.8262537, 1526237786.865389, 1526237786.904888, 1526237786.9370556, 1526237786.975811, 1526237787.0092015, 1526237787.0482404, 1526237787.0807657, 1526237787.1193995, 1526237787.158471, 1526237787.1907084, 1526237787.2290342, 1526237787.2676015, 1526237787.3002782, 1526237787.3390927, 1526237787.377622, 1526237787.4095526, 1526237787.4453313, 1526237787.477863, 1526237787.551471, 1526237787.5838704, 1526237787.622523, 1526237787.6617203, 1526237787.7001178, 1526237787.736403, 1526237787.782729, 1526237787.8221948, 1526237787.861005, 1526237787.899726, 1526237787.9385448, 1526237787.977369, 1526237788.0116913, 1526237788.050511, 1526237788.089555, 1526237788.128453, 1526237788.167121, 1526237788.205612, 1526237788.2442882, 1526237788.2825518, 1526237788.321207, 1526237788.3538208, 1526237788.3910432, 1526237788.4280355, 1526237788.4678369, 1526237788.50675, 1526237788.5497692, 1526237788.5883536, 1526237788.6213105, 1526237788.6603677, 1526237788.6947994, 1526237788.7259152, 1526237788.788052, 1526237788.8293078, 1526237788.8900347, 1526237788.928612, 1526237788.967202, 1526237789.0057738]}