{"initial_reset_timestamp": 1526266148.0493646, "episode_rewards": [-151.0, -164.0, -114.0, -98.0, -105.0, -108.0, -90.0, -105.0, -96.0, -94.0, -149.0, -85.0, -155.0, -92.0, -93.0, -104.0, -104.0, -84.0, -164.0, -88.0, -105.0, -102.0, -104.0, -105.0, -104.0, -92.0, -104.0, -104.0, -87.0, -96.0, -153.0, -175.0, -94.0, -105.0, -104.0, -91.0, -97.0, -150.0, -99.0, -84.0, -153.0, -104.0, -108.0, -105.0, -105.0, -105.0, -105.0, -90.0, -104.0, -104.0, -105.0, -164.0, -105.0, -91.0, -149.0, -98.0, -104.0, -92.0, -102.0, -98.0, -104.0, -85.0, -90.0, -105.0, -105.0, -164.0, -104.0, -97.0, -105.0, -105.0, -86.0, -105.0, -155.0, -104.0, -85.0, -104.0, -105.0, -105.0, -105.0, -149.0, -88.0, -101.0, -105.0, -84.0, -105.0, -105.0, -92.0, -104.0, -105.0, -104.0, -155.0, -105.0, -105.0, -104.0, -92.0, -92.0, -93.0, -104.0, -104.0, -91.0], "episode_lengths": [151, 164, 114, 98, 105, 108, 90, 105, 96, 94, 149, 85, 155, 92, 93, 104, 104, 84, 164, 88, 105, 102, 104, 105, 104, 92, 104, 104, 87, 96, 153, 175, 94, 105, 104, 91, 97, 150, 99, 84, 153, 104, 108, 105, 105, 105, 105, 90, 104, 104, 105, 164, 105, 91, 149, 98, 104, 92, 102, 98, 104, 85, 90, 105, 105, 164, 104, 97, 105, 105, 86, 105, 155, 104, 85, 104, 105, 105, 105, 149, 88, 101, 105, 84, 105, 105, 92, 104, 105, 104, 155, 105, 105, 104, 92, 92, 93, 104, 104, 91], "episode_types": ["t", "t", "t", "t", "t", "t", "t", "t", "t", "t", "t", "t", "t", "t", "t", "t", "t", "t", "t", "t", "t", "t", "t", "t", "t", "t", "t", "t", "t", "t", "t", "t", "t", "t", "t", "t", "t", "t", "t", "t", "t", "t", "t", "t", "t", "t", "t", "t", "t", "t", "t", "t", "t", "t", "t", "t", "t", "t", "t", "t", "t", "t", "t", "t", "t", "t", "t", "t", "t", "t", "t", "t", "t", "t", "t", "t", "t", "t", "t", "t", "t", "t", "t", "t", "t", "t", "t", "t", "t", "t", "t", "t", "t", "t", "t", "t", "t", "t", "t", "t"], "timestamps": [1526266151.9441776, 1526266152.173378, 1526266152.2275102, 1526266152.2639065, 1526266152.3028452, 1526266152.3429284, 1526266152.3760736, 1526266152.4155068, 1526266152.4524093, 1526266152.4874947, 1526266152.5438137, 1526266152.5758526, 1526266152.6336558, 1526266152.6678288, 1526266152.7021265, 1526266152.7410333, 1526266152.7794552, 1526266152.810453, 1526266152.870803, 1526266152.9032571, 1526266152.9420927, 1526266152.97949, 1526266153.0178823, 1526266153.0565934, 1526266153.094733, 1526266153.1287084, 1526266153.1671972, 1526266153.2169871, 1526266153.249362, 1526266153.2844458, 1526266153.3410013, 1526266153.4052024, 1526266153.4398832, 1526266153.4784932, 1526266153.516793, 1526266153.5505614, 1526266153.5861495, 1526266153.642491, 1526266153.6788385, 1526266153.7101066, 1526266153.7671804, 1526266153.8057177, 1526266153.84532, 1526266153.885319, 1526266153.9241414, 1526266153.9627464, 1526266154.0012705, 1526266154.034524, 1526266154.0728395, 1526266154.111024, 1526266154.1500683, 1526266154.2125094, 1526266154.2517338, 1526266154.2851715, 1526266154.340412, 1526266154.376452, 1526266154.4147074, 1526266154.4486368, 1526266154.4861112, 1526266154.5222824, 1526266154.5610313, 1526266154.5924902, 1526266154.6257374, 1526266154.6653636, 1526266154.7041073, 1526266154.764953, 1526266154.8035593, 1526266154.839283, 1526266154.8778946, 1526266154.9164305, 1526266154.9481297, 1526266154.9869864, 1526266155.0442398, 1526266155.082609, 1526266155.1137571, 1526266155.1524808, 1526266155.1935613, 1526266155.2325928, 1526266155.2711575, 1526266155.3262594, 1526266155.358678, 1526266155.395722, 1526266155.4345326, 1526266155.4653263, 1526266155.5041711, 1526266155.5430431, 1526266155.5770113, 1526266155.6155372, 1526266155.6547396, 1526266155.6932583, 1526266155.7511513, 1526266155.7900052, 1526266155.8286347, 1526266155.8670769, 1526266155.900903, 1526266155.9349592, 1526266155.9689143, 1526266156.0072992, 1526266156.0455956, 1526266156.078842]}