{"initial_reset_timestamp": 1526235823.106391, "episode_rewards": [-105.0, -144.0, -104.0, -105.0, -92.0, -105.0, -104.0, -105.0, -87.0, -105.0, -110.0, -102.0, -86.0, -105.0, -152.0, -105.0, -105.0, -104.0, -161.0, -84.0, -107.0, -88.0, -105.0, -85.0, -100.0, -89.0, -161.0, -85.0, -87.0, -105.0, -91.0, -153.0, -105.0, -100.0, -167.0, -108.0, -105.0, -111.0, -158.0, -105.0, -142.0, -86.0, -157.0, -94.0, -142.0, -105.0, -87.0, -88.0, -90.0, -97.0, -103.0, -100.0, -94.0, -105.0, -105.0, -105.0, -85.0, -142.0, -87.0, -152.0, -86.0, -163.0, -105.0, -95.0, -105.0, -103.0, -104.0, -105.0, -143.0, -105.0, -91.0, -105.0, -93.0, -105.0, -143.0, -101.0, -105.0, -113.0, -100.0, -96.0, -144.0, -105.0, -105.0, -105.0, -105.0, -100.0, -105.0, -87.0, -157.0, -91.0, -152.0, -93.0, -105.0, -105.0, -97.0, -105.0, -87.0, -100.0, -105.0, -88.0], "episode_lengths": [105, 144, 104, 105, 92, 105, 104, 105, 87, 105, 110, 102, 86, 105, 152, 105, 105, 104, 161, 84, 107, 88, 105, 85, 100, 89, 161, 85, 87, 105, 91, 153, 105, 100, 167, 108, 105, 111, 158, 105, 142, 86, 157, 94, 142, 105, 87, 88, 90, 97, 103, 100, 94, 105, 105, 105, 85, 142, 87, 152, 86, 163, 105, 95, 105, 103, 104, 105, 143, 105, 91, 105, 93, 105, 143, 101, 105, 113, 100, 96, 144, 105, 105, 105, 105, 100, 105, 87, 157, 91, 152, 93, 105, 105, 97, 105, 87, 100, 105, 88], "episode_types": ["t", "t", "t", "t", "t", "t", "t", "t", "t", "t", "t", "t", "t", "t", "t", "t", "t", "t", "t", "t", "t", "t", "t", "t", "t", "t", "t", "t", "t", "t", "t", "t", "t", "t", "t", "t", "t", "t", "t", "t", "t", "t", "t", "t", "t", "t", "t", "t", "t", "t", "t", "t", "t", "t", "t", "t", "t", "t", "t", "t", "t", "t", "t", "t", "t", "t", "t", "t", "t", "t", "t", "t", "t", "t", "t", "t", "t", "t", "t", "t", "t", "t", "t", "t", "t", "t", "t", "t", "t", "t", "t", "t", "t", "t", "t", "t", "t", "t", "t", "t"], "timestamps": [1526235824.8852212, 1526235824.992792, 1526235825.0081658, 1526235825.0255303, 1526235825.0391474, 1526235825.0546346, 1526235825.0692918, 1526235825.083906, 1526235825.0959382, 1526235825.1105454, 1526235825.1257265, 1526235825.1402082, 1526235825.1521235, 1526235825.166739, 1526235825.1878803, 1526235825.2024221, 1526235825.2169893, 1526235825.231682, 1526235825.2539766, 1526235825.265646, 1526235825.2804432, 1526235825.2925785, 1526235825.3071153, 1526235825.3188703, 1526235825.3327985, 1526235825.3455815, 1526235825.367985, 1526235825.3798125, 1526235825.3917942, 1526235825.4067152, 1526235825.4200726, 1526235825.4437618, 1526235825.4596422, 1526235825.4749472, 1526235825.500754, 1526235825.5170245, 1526235825.53254, 1526235825.5496073, 1526235825.5728438, 1526235825.5888464, 1526235825.6096082, 1526235825.6225762, 1526235825.6459103, 1526235825.660414, 1526235825.6815898, 1526235825.7039316, 1526235825.7170773, 1526235825.7298028, 1526235825.743393, 1526235825.7579312, 1526235825.773456, 1526235825.7885532, 1526235825.8036382, 1526235825.8193994, 1526235825.8352544, 1526235825.850901, 1526235825.8628733, 1526235825.8852193, 1526235825.8976064, 1526235825.9216964, 1526235825.9353428, 1526235825.9592316, 1526235825.9749506, 1526235825.9987042, 1526235826.0149093, 1526235826.0305178, 1526235826.0460255, 1526235826.0616152, 1526235826.0833108, 1526235826.0983922, 1526235826.111838, 1526235826.1278167, 1526235826.1423118, 1526235826.1588702, 1526235826.180433, 1526235826.1998415, 1526235826.2157333, 1526235826.2345457, 1526235826.249214, 1526235826.2648265, 1526235826.2881842, 1526235826.305143, 1526235826.3217647, 1526235826.338531, 1526235826.3548617, 1526235826.3704324, 1526235826.3865774, 1526235826.3995743, 1526235826.4266367, 1526235826.4411614, 1526235826.4638486, 1526235826.4768875, 1526235826.4919326, 1526235826.5067399, 1526235826.520265, 1526235826.5353286, 1526235826.5478168, 1526235826.561939, 1526235826.5765467, 1526235826.588886]}