{"initial_reset_timestamp": 1526266787.3884926, "episode_rewards": [-105.0, -105.0, -87.0, -149.0, -105.0, -157.0, -98.0, -105.0, -105.0, -105.0, -157.0, -84.0, -105.0, -152.0, -105.0, -99.0, -164.0, -105.0, -123.0, -105.0, -105.0, -84.0, -89.0, -105.0, -105.0, -105.0, -149.0, -157.0, -105.0, -149.0, -85.0, -161.0, -91.0, -105.0, -86.0, -89.0, -105.0, -104.0, -101.0, -105.0, -105.0, -105.0, -105.0, -105.0, -105.0, -84.0, -159.0, -99.0, -95.0, -157.0, -100.0, -93.0, -105.0, -86.0, -93.0, -170.0, -89.0, -107.0, -105.0, -105.0, -171.0, -105.0, -86.0, -89.0, -107.0, -105.0, -86.0, -107.0, -105.0, -88.0, -85.0, -96.0, -105.0, -100.0, -105.0, -105.0, -105.0, -105.0, -105.0, -84.0, -164.0, -170.0, -85.0, -87.0, -105.0, -85.0, -105.0, -105.0, -167.0, -105.0, -105.0, -149.0, -87.0, -93.0, -105.0, -105.0, -91.0, -105.0, -84.0, -105.0], "episode_lengths": [105, 105, 87, 149, 105, 157, 98, 105, 105, 105, 157, 84, 105, 152, 105, 99, 164, 105, 123, 105, 105, 84, 89, 105, 105, 105, 149, 157, 105, 149, 85, 161, 91, 105, 86, 89, 105, 104, 101, 105, 105, 105, 105, 105, 105, 84, 159, 99, 95, 157, 100, 93, 105, 86, 93, 170, 89, 107, 105, 105, 171, 105, 86, 89, 107, 105, 86, 107, 105, 88, 85, 96, 105, 100, 105, 105, 105, 105, 105, 84, 164, 170, 85, 87, 105, 85, 105, 105, 167, 105, 105, 149, 87, 93, 105, 105, 91, 105, 84, 105], "episode_types": ["t", "t", "t", "t", "t", "t", "t", "t", "t", "t", "t", "t", "t", "t", "t", "t", "t", "t", "t", "t", "t", "t", "t", "t", "t", "t", "t", "t", "t", "t", "t", "t", "t", "t", "t", "t", "t", "t", "t", "t", "t", "t", "t", "t", "t", "t", "t", "t", "t", "t", "t", "t", "t", "t", "t", "t", "t", "t", "t", "t", "t", "t", "t", "t", "t", "t", "t", "t", "t", "t", "t", "t", "t", "t", "t", "t", "t", "t", "t", "t", "t", "t", "t", "t", "t", "t", "t", "t", "t", "t", "t", "t", "t", "t", "t", "t", "t", "t", "t", "t"], "timestamps": [1526266789.171061, 1526266789.2777166, 1526266789.291312, 1526266789.3139756, 1526266789.329977, 1526266789.355114, 1526266789.3701494, 1526266789.3864758, 1526266789.4026797, 1526266789.4186482, 1526266789.4442039, 1526266789.4573205, 1526266789.4733, 1526266789.495992, 1526266789.51189, 1526266789.527421, 1526266789.5524735, 1526266789.568683, 1526266789.587031, 1526266789.6032073, 1526266789.619192, 1526266789.6309426, 1526266789.6448007, 1526266789.6607516, 1526266789.6766388, 1526266789.6925592, 1526266789.714725, 1526266789.7391727, 1526266789.7551239, 1526266789.7771666, 1526266789.789952, 1526266789.8135378, 1526266789.8271053, 1526266789.842763, 1526266789.8558385, 1526266789.869183, 1526266789.8847454, 1526266789.8996863, 1526266789.9146326, 1526266789.9303617, 1526266789.9465775, 1526266789.96235, 1526266789.9780478, 1526266789.9937255, 1526266790.009397, 1526266790.0219533, 1526266790.0451794, 1526266790.0590723, 1526266790.0721717, 1526266790.0957706, 1526266790.1095936, 1526266790.122377, 1526266790.1373188, 1526266790.1496615, 1526266790.1628606, 1526266790.1874137, 1526266790.2001264, 1526266790.2148452, 1526266790.2293255, 1526266790.2439015, 1526266790.2676277, 1526266790.2823546, 1526266790.2944007, 1526266790.3067696, 1526266790.32146, 1526266790.3359594, 1526266790.347825, 1526266790.3625414, 1526266790.3770518, 1526266790.3892128, 1526266790.4009812, 1526266790.41421, 1526266790.4317045, 1526266790.4489868, 1526266790.4638064, 1526266790.4784596, 1526266790.4929216, 1526266790.5074997, 1526266790.5220022, 1526266790.5335612, 1526266790.5561187, 1526266790.5795827, 1526266790.5913599, 1526266790.6034682, 1526266790.61792, 1526266790.62963, 1526266790.6448493, 1526266790.6602292, 1526266790.6846201, 1526266790.6997137, 1526266790.714186, 1526266790.7349358, 1526266790.7469218, 1526266790.759816, 1526266790.7753785, 1526266790.7901475, 1526266790.8028977, 1526266790.8175726, 1526266790.8291557, 1526266790.8437593]}