{"initial_reset_timestamp": 1526277778.7630908, "episode_rewards": [-105.0, -87.0, -105.0, -85.0, -105.0, -106.0, -105.0, -100.0, -105.0, -106.0, -86.0, -105.0, -84.0, -84.0, -104.0, -105.0, -85.0, -90.0, -89.0, -103.0, -84.0, -105.0, -97.0, -86.0, -105.0, -105.0, -105.0, -89.0, -105.0, -98.0, -107.0, -86.0, -105.0, -94.0, -105.0, -105.0, -105.0, -105.0, -105.0, -107.0, -105.0, -105.0, -105.0, -106.0, -106.0, -106.0, -105.0, -84.0, -106.0, -105.0, -94.0, -105.0, -105.0, -94.0, -107.0, -96.0, -106.0, -107.0, -106.0, -106.0, -105.0, -105.0, -105.0, -106.0, -105.0, -105.0, -105.0, -105.0, -105.0, -105.0, -105.0, -105.0, -105.0, -105.0, -90.0, -93.0, -103.0, -95.0, -105.0, -105.0, -105.0, -105.0, -99.0, -88.0, -90.0, -106.0, -105.0, -106.0, -105.0, -99.0, -105.0, -105.0, -105.0, -105.0, -105.0, -105.0, -105.0, -85.0, -94.0, -88.0], "episode_lengths": [105, 87, 105, 85, 105, 106, 105, 100, 105, 106, 86, 105, 84, 84, 104, 105, 85, 90, 89, 103, 84, 105, 97, 86, 105, 105, 105, 89, 105, 98, 107, 86, 105, 94, 105, 105, 105, 105, 105, 107, 105, 105, 105, 106, 106, 106, 105, 84, 106, 105, 94, 105, 105, 94, 107, 96, 106, 107, 106, 106, 105, 105, 105, 106, 105, 105, 105, 105, 105, 105, 105, 105, 105, 105, 90, 93, 103, 95, 105, 105, 105, 105, 99, 88, 90, 106, 105, 106, 105, 99, 105, 105, 105, 105, 105, 105, 105, 85, 94, 88], "episode_types": ["t", "t", "t", "t", "t", "t", "t", "t", "t", "t", "t", "t", "t", "t", "t", "t", "t", "t", "t", "t", "t", "t", "t", "t", "t", "t", "t", "t", "t", "t", "t", "t", "t", "t", "t", "t", "t", "t", "t", "t", "t", "t", "t", "t", "t", "t", "t", "t", "t", "t", "t", "t", "t", "t", "t", "t", "t", "t", "t", "t", "t", "t", "t", "t", "t", "t", "t", "t", "t", "t", "t", "t", "t", "t", "t", "t", "t", "t", "t", "t", "t", "t", "t", "t", "t", "t", "t", "t", "t", "t", "t", "t", "t", "t", "t", "t", "t", "t", "t", "t"], "timestamps": [1526277780.536648, 1526277780.632454, 1526277780.6494975, 1526277780.6616364, 1526277780.677732, 1526277780.693997, 1526277780.7098427, 1526277780.7250953, 1526277780.7411423, 1526277780.7589555, 1526277780.772616, 1526277780.7890055, 1526277780.8023584, 1526277780.8146465, 1526277780.8305633, 1526277780.8468244, 1526277780.8606575, 1526277780.8748736, 1526277780.8890815, 1526277780.9050603, 1526277780.9182684, 1526277780.9346542, 1526277780.949066, 1526277780.9625006, 1526277780.980087, 1526277780.9963639, 1526277781.012498, 1526277781.0263824, 1526277781.0426369, 1526277781.0584302, 1526277781.0753636, 1526277781.0890706, 1526277781.105376, 1526277781.120084, 1526277781.1364224, 1526277781.152838, 1526277781.1694002, 1526277781.1860085, 1526277781.2021759, 1526277781.2185469, 1526277781.234795, 1526277781.251184, 1526277781.2674332, 1526277781.283042, 1526277781.2991827, 1526277781.315216, 1526277781.3312416, 1526277781.344699, 1526277781.3615742, 1526277781.3781028, 1526277781.3926718, 1526277781.409255, 1526277781.4255524, 1526277781.441386, 1526277781.463087, 1526277781.477721, 1526277781.493716, 1526277781.5103555, 1526277781.5264223, 1526277781.5424209, 1526277781.558365, 1526277781.574077, 1526277781.5898798, 1526277781.6069775, 1526277781.6230712, 1526277781.6394083, 1526277781.6554806, 1526277781.670364, 1526277781.6849842, 1526277781.6996038, 1526277781.714163, 1526277781.7288826, 1526277781.7435513, 1526277781.7583363, 1526277781.7709558, 1526277781.7838538, 1526277781.7981162, 1526277781.8112457, 1526277781.8258882, 1526277781.8405588, 1526277781.8554518, 1526277781.8710153, 1526277781.8848963, 1526277781.8972468, 1526277781.9097793, 1526277781.92461, 1526277781.93928, 1526277781.955699, 1526277781.973807, 1526277781.988905, 1526277782.0062208, 1526277782.0220556, 1526277782.0368586, 1526277782.0515823, 1526277782.067463, 1526277782.082134, 1526277782.0967357, 1526277782.1085267, 1526277782.1215036, 1526277782.133945]}