{"initial_reset_timestamp": 1526237002.474527, "episode_rewards": [-160.0, -105.0, -104.0, -109.0, -104.0, -166.0, -104.0, -104.0, -105.0, -160.0, -88.0, -164.0, -84.0, -92.0, -88.0, -89.0, -164.0, -104.0, -160.0, -92.0, -163.0, -104.0, -162.0, -104.0, -84.0, -88.0, -104.0, -85.0, -163.0, -104.0, -104.0, -105.0, -91.0, -85.0, -93.0, -104.0, -160.0, -164.0, -105.0, -105.0, -89.0, -105.0, -104.0, -105.0, -105.0, -165.0, -88.0, -104.0, -104.0, -104.0, -104.0, -105.0, -91.0, -162.0, -88.0, -125.0, -93.0, -104.0, -104.0, -104.0, -104.0, -104.0, -104.0, -86.0, -104.0, -105.0, -104.0, -104.0, -84.0, -118.0, -104.0, -104.0, -104.0, -104.0, -105.0, -96.0, -93.0, -105.0, -86.0, -87.0, -105.0, -90.0, -96.0, -87.0, -104.0, -95.0, -85.0, -104.0, -105.0, -102.0, -88.0, -104.0, -93.0, -104.0, -105.0, -105.0, -105.0, -84.0, -99.0, -104.0], "episode_lengths": [160, 105, 104, 109, 104, 166, 104, 104, 105, 160, 88, 164, 84, 92, 88, 89, 164, 104, 160, 92, 163, 104, 162, 104, 84, 88, 104, 85, 163, 104, 104, 105, 91, 85, 93, 104, 160, 164, 105, 105, 89, 105, 104, 105, 105, 165, 88, 104, 104, 104, 104, 105, 91, 162, 88, 125, 93, 104, 104, 104, 104, 104, 104, 86, 104, 105, 104, 104, 84, 118, 104, 104, 104, 104, 105, 96, 93, 105, 86, 87, 105, 90, 96, 87, 104, 95, 85, 104, 105, 102, 88, 104, 93, 104, 105, 105, 105, 84, 99, 104], "episode_types": ["t", "t", "t", "t", "t", "t", "t", "t", "t", "t", "t", "t", "t", "t", "t", "t", "t", "t", "t", "t", "t", "t", "t", "t", "t", "t", "t", "t", "t", "t", "t", "t", "t", "t", "t", "t", "t", "t", "t", "t", "t", "t", "t", "t", "t", "t", "t", "t", "t", "t", "t", "t", "t", "t", "t", "t", "t", "t", "t", "t", "t", "t", "t", "t", "t", "t", "t", "t", "t", "t", "t", "t", "t", "t", "t", "t", "t", "t", "t", "t", "t", "t", "t", "t", "t", "t", "t", "t", "t", "t", "t", "t", "t", "t", "t", "t", "t", "t", "t", "t"], "timestamps": [1526237006.5583723, 1526237006.7750065, 1526237006.8161793, 1526237006.85978, 1526237006.8982165, 1526237006.9590023, 1526237006.9974918, 1526237007.0356824, 1526237007.074207, 1526237007.132866, 1526237007.165464, 1526237007.228638, 1526237007.2610512, 1526237007.2949903, 1526237007.3273106, 1526237007.3598626, 1526237007.4203887, 1526237007.4584904, 1526237007.5172126, 1526237007.5509796, 1526237007.6109974, 1526237007.6497808, 1526237007.7097003, 1526237007.7483017, 1526237007.7805033, 1526237007.8131647, 1526237007.8521173, 1526237007.8834093, 1526237007.9431932, 1526237007.981947, 1526237008.020263, 1526237008.0588005, 1526237008.092171, 1526237008.123378, 1526237008.1577404, 1526237008.1965454, 1526237008.2642343, 1526237008.3252258, 1526237008.363715, 1526237008.4023552, 1526237008.4350684, 1526237008.4739354, 1526237008.512159, 1526237008.550963, 1526237008.5898325, 1526237008.6512287, 1526237008.6842606, 1526237008.7231064, 1526237008.7615457, 1526237008.8002076, 1526237008.8388064, 1526237008.877338, 1526237008.910723, 1526237008.969892, 1526237009.0022693, 1526237009.0477562, 1526237009.081791, 1526237009.1199925, 1526237009.1585603, 1526237009.1968653, 1526237009.2456095, 1526237009.283948, 1526237009.322463, 1526237009.3538811, 1526237009.3920999, 1526237009.4307117, 1526237009.4688969, 1526237009.507246, 1526237009.5381007, 1526237009.5815032, 1526237009.6199863, 1526237009.6588318, 1526237009.6973553, 1526237009.736574, 1526237009.7760346, 1526237009.8118396, 1526237009.8464522, 1526237009.8850644, 1526237009.9166477, 1526237009.9485216, 1526237009.9870605, 1526237010.0201333, 1526237010.055473, 1526237010.0873358, 1526237010.125598, 1526237010.1606293, 1526237010.1919215, 1526237010.2401123, 1526237010.28389, 1526237010.323352, 1526237010.3557746, 1526237010.39409, 1526237010.4285026, 1526237010.4668286, 1526237010.5058846, 1526237010.5446694, 1526237010.5834625, 1526237010.6145847, 1526237010.6515305, 1526237010.6907377]}