{"initial_reset_timestamp": 1526269307.2641926, "episode_rewards": [-86.0, -88.0, -104.0, -105.0, -104.0, -105.0, -90.0, -84.0, -105.0, -101.0, -111.0, -166.0, -105.0, -104.0, -85.0, -105.0, -90.0, -105.0, -87.0, -105.0, -99.0, -105.0, -105.0, -105.0, -105.0, -88.0, -105.0, -105.0, -89.0, -105.0, -105.0, -105.0, -104.0, -105.0, -104.0, -166.0, -105.0, -92.0, -107.0, -105.0, -105.0, -105.0, -94.0, -105.0, -94.0, -166.0, -104.0, -87.0, -106.0, -86.0, -165.0, -86.0, -84.0, -104.0, -104.0, -105.0, -105.0, -104.0, -93.0, -86.0, -105.0, -88.0, -88.0, -105.0, -91.0, -104.0, -105.0, -104.0, -89.0, -105.0, -91.0, -91.0, -88.0, -105.0, -105.0, -105.0, -105.0, -86.0, -105.0, -96.0, -170.0, -85.0, -87.0, -105.0, -104.0, -85.0, -87.0, -95.0, -91.0, -95.0, -84.0, -104.0, -104.0, -94.0, -94.0, -85.0, -103.0, -105.0, -87.0, -105.0], "episode_lengths": [86, 88, 104, 105, 104, 105, 90, 84, 105, 101, 111, 166, 105, 104, 85, 105, 90, 105, 87, 105, 99, 105, 105, 105, 105, 88, 105, 105, 89, 105, 105, 105, 104, 105, 104, 166, 105, 92, 107, 105, 105, 105, 94, 105, 94, 166, 104, 87, 106, 86, 165, 86, 84, 104, 104, 105, 105, 104, 93, 86, 105, 88, 88, 105, 91, 104, 105, 104, 89, 105, 91, 91, 88, 105, 105, 105, 105, 86, 105, 96, 170, 85, 87, 105, 104, 85, 87, 95, 91, 95, 84, 104, 104, 94, 94, 85, 103, 105, 87, 105], "episode_types": ["t", "t", "t", "t", "t", "t", "t", "t", "t", "t", "t", "t", "t", "t", "t", "t", "t", "t", "t", "t", "t", "t", "t", "t", "t", "t", "t", "t", "t", "t", "t", "t", "t", "t", "t", "t", "t", "t", "t", "t", "t", "t", "t", "t", "t", "t", "t", "t", "t", "t", "t", "t", "t", "t", "t", "t", "t", "t", "t", "t", "t", "t", "t", "t", "t", "t", "t", "t", "t", "t", "t", "t", "t", "t", "t", "t", "t", "t", "t", "t", "t", "t", "t", "t", "t", "t", "t", "t", "t", "t", "t", "t", "t", "t", "t", "t", "t", "t", "t", "t"], "timestamps": [1526269309.5619023, 1526269309.7592523, 1526269309.7977893, 1526269309.8365812, 1526269309.8767645, 1526269309.9155197, 1526269309.9487066, 1526269309.9910266, 1526269310.0301764, 1526269310.067408, 1526269310.1078978, 1526269310.1719937, 1526269310.2107646, 1526269310.2491918, 1526269310.2807658, 1526269310.3196962, 1526269310.3530157, 1526269310.3921945, 1526269310.4248068, 1526269310.465628, 1526269310.5021327, 1526269310.5437264, 1526269310.583237, 1526269310.622084, 1526269310.6612885, 1526269310.6936333, 1526269310.7322776, 1526269310.7711885, 1526269310.8039274, 1526269310.842612, 1526269310.8814921, 1526269310.9201577, 1526269310.9676502, 1526269311.008557, 1526269311.0471437, 1526269311.1098394, 1526269311.1489692, 1526269311.1831405, 1526269311.2226892, 1526269311.2614512, 1526269311.3005664, 1526269311.3394108, 1526269311.3741226, 1526269311.4129763, 1526269311.447604, 1526269311.5095682, 1526269311.5480602, 1526269311.5803556, 1526269311.6194506, 1526269311.652675, 1526269311.713926, 1526269311.745522, 1526269311.7766507, 1526269311.8151162, 1526269311.8533986, 1526269311.8924904, 1526269311.9312294, 1526269311.9725685, 1526269312.0072203, 1526269312.0388293, 1526269312.0778334, 1526269312.1102445, 1526269312.1438372, 1526269312.1826842, 1526269312.2162282, 1526269312.2560382, 1526269312.295285, 1526269312.333969, 1526269312.3668597, 1526269312.4057746, 1526269312.4393022, 1526269312.4732447, 1526269312.5057688, 1526269312.5446227, 1526269312.583621, 1526269312.6223931, 1526269312.6613986, 1526269312.6935318, 1526269312.7323337, 1526269312.7673948, 1526269312.8298311, 1526269312.8635192, 1526269312.8957772, 1526269312.9345653, 1526269312.9753144, 1526269313.0071044, 1526269313.0393236, 1526269313.074121, 1526269313.107534, 1526269313.1427872, 1526269313.1736596, 1526269313.2119865, 1526269313.2504256, 1526269313.2848756, 1526269313.3197374, 1526269313.351252, 1526269313.3891602, 1526269313.4283404, 1526269313.4626029, 1526269313.503015]}