{"initial_reset_timestamp": 1526234811.8559473, "episode_rewards": [-162.0, -91.0, -109.0, -92.0, -103.0, -109.0, -108.0, -156.0, -110.0, -110.0, -98.0, -104.0, -89.0, -156.0, -109.0, -109.0, -92.0, -87.0, -91.0, -91.0, -109.0, -90.0, -93.0, -107.0, -109.0, -128.0, -90.0, -110.0, -127.0, -162.0, -109.0, -109.0, -108.0, -88.0, -88.0, -109.0, -109.0, -109.0, -110.0, -153.0, -104.0, -96.0, -101.0, -110.0, -166.0, -109.0, -93.0, -109.0, -110.0, -160.0, -108.0, -95.0, -106.0, -108.0, -109.0, -109.0, -109.0, -108.0, -172.0, -110.0, -127.0, -159.0, -91.0, -98.0, -159.0, -103.0, -110.0, -90.0, -109.0, -109.0, -108.0, -102.0, -104.0, -109.0, -99.0, -109.0, -92.0, -96.0, -109.0, -109.0, -110.0, -88.0, -109.0, -109.0, -110.0, -109.0, -109.0, -88.0, -110.0, -162.0, -109.0, -109.0, -90.0, -109.0, -109.0, -159.0, -109.0, -109.0, -110.0, -87.0], "episode_lengths": [162, 91, 109, 92, 103, 109, 108, 156, 110, 110, 98, 104, 89, 156, 109, 109, 92, 87, 91, 91, 109, 90, 93, 107, 109, 128, 90, 110, 127, 162, 109, 109, 108, 88, 88, 109, 109, 109, 110, 153, 104, 96, 101, 110, 166, 109, 93, 109, 110, 160, 108, 95, 106, 108, 109, 109, 109, 108, 172, 110, 127, 159, 91, 98, 159, 103, 110, 90, 109, 109, 108, 102, 104, 109, 99, 109, 92, 96, 109, 109, 110, 88, 109, 109, 110, 109, 109, 88, 110, 162, 109, 109, 90, 109, 109, 159, 109, 109, 110, 87], "episode_types": ["t", "t", "t", "t", "t", "t", "t", "t", "t", "t", "t", "t", "t", "t", "t", "t", "t", "t", "t", "t", "t", "t", "t", "t", "t", "t", "t", "t", "t", "t", "t", "t", "t", "t", "t", "t", "t", "t", "t", "t", "t", "t", "t", "t", "t", "t", "t", "t", "t", "t", "t", "t", "t", "t", "t", "t", "t", "t", "t", "t", "t", "t", "t", "t", "t", "t", "t", "t", "t", "t", "t", "t", "t", "t", "t", "t", "t", "t", "t", "t", "t", "t", "t", "t", "t", "t", "t", "t", "t", "t", "t", "t", "t", "t", "t", "t", "t", "t", "t", "t"], "timestamps": [1526234816.0832818, 1526234816.2923405, 1526234816.3344433, 1526234816.3691347, 1526234816.407546, 1526234816.4488702, 1526234816.4911492, 1526234816.5495002, 1526234816.5953221, 1526234816.6371675, 1526234816.6739326, 1526234816.712545, 1526234816.745876, 1526234816.804667, 1526234816.845514, 1526234816.8864586, 1526234816.9206305, 1526234816.9535823, 1526234816.9876423, 1526234817.0215886, 1526234817.0624688, 1526234817.0978034, 1526234817.13267, 1526234817.1733508, 1526234817.2144403, 1526234817.2623334, 1526234817.2962835, 1526234817.3379638, 1526234817.3854556, 1526234817.4469752, 1526234817.4883537, 1526234817.5294828, 1526234817.5704496, 1526234817.6074054, 1526234817.6409247, 1526234817.683786, 1526234817.7251353, 1526234817.7671235, 1526234817.8085556, 1526234817.8666592, 1526234817.9056516, 1526234817.9417417, 1526234817.979923, 1526234818.0214458, 1526234818.0846517, 1526234818.1273017, 1526234818.1631522, 1526234818.2051406, 1526234818.2469802, 1526234818.308554, 1526234818.3490481, 1526234818.3844357, 1526234818.4238, 1526234818.4643838, 1526234818.5052059, 1526234818.5463996, 1526234818.588957, 1526234818.63255, 1526234818.6972935, 1526234818.738709, 1526234818.788951, 1526234818.84901, 1526234818.8847501, 1526234818.921608, 1526234818.9821317, 1526234819.020908, 1526234819.0624585, 1526234819.096096, 1526234819.137332, 1526234819.1786115, 1526234819.2187319, 1526234819.2572513, 1526234819.2960708, 1526234819.3370597, 1526234819.3743496, 1526234819.4150121, 1526234819.4498217, 1526234819.4876108, 1526234819.528399, 1526234819.5696826, 1526234819.6184552, 1526234819.6556077, 1526234819.69679, 1526234819.7376623, 1526234819.779857, 1526234819.8205907, 1526234819.8619287, 1526234819.8946807, 1526234819.9355981, 1526234819.996665, 1526234820.0372043, 1526234820.0783591, 1526234820.1150382, 1526234820.1569884, 1526234820.1976264, 1526234820.2574518, 1526234820.2982786, 1526234820.3389523, 1526234820.3803535, 1526234820.4128737]}