{"initial_reset_timestamp": 1526241356.1189165, "episode_rewards": [-105.0, -104.0, -105.0, -106.0, -105.0, -105.0, -92.0, -105.0, -105.0, -90.0, -85.0, -104.0, -167.0, -105.0, -104.0, -106.0, -94.0, -90.0, -105.0, -105.0, -106.0, -103.0, -105.0, -105.0, -85.0, -87.0, -105.0, -97.0, -104.0, -86.0, -105.0, -105.0, -168.0, -84.0, -113.0, -105.0, -89.0, -105.0, -105.0, -105.0, -105.0, -105.0, -85.0, -160.0, -105.0, -105.0, -105.0, -87.0, -87.0, -104.0, -85.0, -87.0, -160.0, -90.0, -105.0, -88.0, -105.0, -84.0, -172.0, -105.0, -104.0, -88.0, -105.0, -147.0, -105.0, -98.0, -176.0, -95.0, -147.0, -146.0, -89.0, -105.0, -89.0, -104.0, -99.0, -100.0, -105.0, -85.0, -89.0, -106.0, -159.0, -104.0, -105.0, -97.0, -150.0, -106.0, -105.0, -105.0, -88.0, -90.0, -105.0, -105.0, -109.0, -85.0, -105.0, -108.0, -105.0, -105.0, -102.0, -104.0], "episode_lengths": [105, 104, 105, 106, 105, 105, 92, 105, 105, 90, 85, 104, 167, 105, 104, 106, 94, 90, 105, 105, 106, 103, 105, 105, 85, 87, 105, 97, 104, 86, 105, 105, 168, 84, 113, 105, 89, 105, 105, 105, 105, 105, 85, 160, 105, 105, 105, 87, 87, 104, 85, 87, 160, 90, 105, 88, 105, 84, 172, 105, 104, 88, 105, 147, 105, 98, 176, 95, 147, 146, 89, 105, 89, 104, 99, 100, 105, 85, 89, 106, 159, 104, 105, 97, 150, 106, 105, 105, 88, 90, 105, 105, 109, 85, 105, 108, 105, 105, 102, 104], "episode_types": ["t", "t", "t", "t", "t", "t", "t", "t", "t", "t", "t", "t", "t", "t", "t", "t", "t", "t", "t", "t", "t", "t", "t", "t", "t", "t", "t", "t", "t", "t", "t", "t", "t", "t", "t", "t", "t", "t", "t", "t", "t", "t", "t", "t", "t", "t", "t", "t", "t", "t", "t", "t", "t", "t", "t", "t", "t", "t", "t", "t", "t", "t", "t", "t", "t", "t", "t", "t", "t", "t", "t", "t", "t", "t", "t", "t", "t", "t", "t", "t", "t", "t", "t", "t", "t", "t", "t", "t", "t", "t", "t", "t", "t", "t", "t", "t", "t", "t", "t", "t"], "timestamps": [1526241357.8965006, 1526241357.9926493, 1526241358.007486, 1526241358.0222766, 1526241358.036923, 1526241358.051532, 1526241358.0643222, 1526241358.0789459, 1526241358.093629, 1526241358.1064239, 1526241358.1191235, 1526241358.1338189, 1526241358.1588001, 1526241358.174303, 1526241358.1912746, 1526241358.2065399, 1526241358.219724, 1526241358.2322557, 1526241358.2468324, 1526241358.2614257, 1526241358.276127, 1526241358.2902977, 1526241358.304945, 1526241358.3195448, 1526241358.332877, 1526241358.3460917, 1526241358.3617802, 1526241358.3757534, 1526241358.3911545, 1526241358.404211, 1526241358.4204984, 1526241358.4362898, 1526241358.4618974, 1526241358.4739552, 1526241358.4910514, 1526241358.5068138, 1526241358.5205338, 1526241358.5363793, 1526241358.5522494, 1526241358.5681438, 1526241358.5838754, 1526241358.599629, 1526241358.6124349, 1526241358.636214, 1526241358.6524289, 1526241358.6685688, 1526241358.6843524, 1526241358.6974735, 1526241358.710032, 1526241358.7255428, 1526241358.7384424, 1526241358.7517405, 1526241358.7752142, 1526241358.7887821, 1526241358.8044798, 1526241358.8177807, 1526241358.8336673, 1526241358.846438, 1526241358.8722024, 1526241358.8885393, 1526241358.9040902, 1526241358.9173875, 1526241358.9331188, 1526241358.9549234, 1526241358.9707317, 1526241358.9856887, 1526241359.0127954, 1526241359.0264707, 1526241359.0503087, 1526241359.0722654, 1526241359.0860353, 1526241359.1020749, 1526241359.1158726, 1526241359.1318538, 1526241359.14769, 1526241359.1631513, 1526241359.1798012, 1526241359.1941621, 1526241359.2082515, 1526241359.2248938, 1526241359.2498782, 1526241359.2662067, 1526241359.2822075, 1526241359.2981005, 1526241359.323586, 1526241359.3397582, 1526241359.3554096, 1526241359.3701055, 1526241359.3822787, 1526241359.3947198, 1526241359.409314, 1526241359.4238107, 1526241359.4389527, 1526241359.450689, 1526241359.4653885, 1526241359.4803414, 1526241359.494894, 1526241359.5095518, 1526241359.5237336, 1526241359.538358]}