{"initial_reset_timestamp": 1526249830.244934, "episode_rewards": [-95.0, -105.0, -93.0, -105.0, -151.0, -105.0, -86.0, -105.0, -105.0, -156.0, -151.0, -105.0, -93.0, -105.0, -96.0, -92.0, -105.0, -105.0, -90.0, -84.0, -105.0, -105.0, -105.0, -105.0, -104.0, -166.0, -104.0, -95.0, -85.0, -90.0, -176.0, -105.0, -105.0, -90.0, -85.0, -173.0, -104.0, -84.0, -160.0, -95.0, -172.0, -91.0, -93.0, -87.0, -104.0, -94.0, -151.0, -108.0, -97.0, -104.0, -104.0, -152.0, -85.0, -101.0, -105.0, -104.0, -105.0, -92.0, -105.0, -166.0, -172.0, -86.0, -149.0, -86.0, -163.0, -92.0, -88.0, -85.0, -111.0, -87.0, -105.0, -93.0, -162.0, -95.0, -167.0, -153.0, -105.0, -105.0, -88.0, -105.0, -106.0, -110.0, -105.0, -84.0, -156.0, -105.0, -98.0, -86.0, -90.0, -149.0, -153.0, -104.0, -105.0, -156.0, -165.0, -105.0, -113.0, -105.0, -92.0, -107.0], "episode_lengths": [95, 105, 93, 105, 151, 105, 86, 105, 105, 156, 151, 105, 93, 105, 96, 92, 105, 105, 90, 84, 105, 105, 105, 105, 104, 166, 104, 95, 85, 90, 176, 105, 105, 90, 85, 173, 104, 84, 160, 95, 172, 91, 93, 87, 104, 94, 151, 108, 97, 104, 104, 152, 85, 101, 105, 104, 105, 92, 105, 166, 172, 86, 149, 86, 163, 92, 88, 85, 111, 87, 105, 93, 162, 95, 167, 153, 105, 105, 88, 105, 106, 110, 105, 84, 156, 105, 98, 86, 90, 149, 153, 104, 105, 156, 165, 105, 113, 105, 92, 107], "episode_types": ["t", "t", "t", "t", "t", "t", "t", "t", "t", "t", "t", "t", "t", "t", "t", "t", "t", "t", "t", "t", "t", "t", "t", "t", "t", "t", "t", "t", "t", "t", "t", "t", "t", "t", "t", "t", "t", "t", "t", "t", "t", "t", "t", "t", "t", "t", "t", "t", "t", "t", "t", "t", "t", "t", "t", "t", "t", "t", "t", "t", "t", "t", "t", "t", "t", "t", "t", "t", "t", "t", "t", "t", "t", "t", "t", "t", "t", "t", "t", "t", "t", "t", "t", "t", "t", "t", "t", "t", "t", "t", "t", "t", "t", "t", "t", "t", "t", "t", "t", "t"], "timestamps": [1526249831.8609548, 1526249831.9620059, 1526249831.975431, 1526249831.9902725, 1526249832.0117166, 1526249832.0264432, 1526249832.0383527, 1526249832.0531526, 1526249832.0677779, 1526249832.089667, 1526249832.1107998, 1526249832.1254377, 1526249832.13883, 1526249832.1547606, 1526249832.168133, 1526249832.1808987, 1526249832.1955957, 1526249832.2101483, 1526249832.222649, 1526249832.234273, 1526249832.2488656, 1526249832.2639134, 1526249832.278648, 1526249832.2935333, 1526249832.3082168, 1526249832.331302, 1526249832.3458927, 1526249832.3598988, 1526249832.3717039, 1526249832.3841534, 1526249832.4088733, 1526249832.4234293, 1526249832.438064, 1526249832.4504614, 1526249832.462189, 1526249832.4874656, 1526249832.5022821, 1526249832.5149155, 1526249832.5384884, 1526249832.552947, 1526249832.5790434, 1526249832.593438, 1526249832.6071944, 1526249832.6198523, 1526249832.6356223, 1526249832.649798, 1526249832.6720927, 1526249832.6883206, 1526249832.7031052, 1526249832.7185917, 1526249832.7346127, 1526249832.7603767, 1526249832.772516, 1526249832.7880147, 1526249832.804167, 1526249832.8201928, 1526249832.8367772, 1526249832.8513825, 1526249832.8679461, 1526249832.8947916, 1526249832.9205532, 1526249832.9343047, 1526249832.9577272, 1526249832.9708676, 1526249832.996439, 1526249833.0108778, 1526249833.0236306, 1526249833.0370386, 1526249833.054014, 1526249833.0674272, 1526249833.0835018, 1526249833.0979924, 1526249833.1222312, 1526249833.1373086, 1526249833.1635697, 1526249833.1872096, 1526249833.2034323, 1526249833.2197356, 1526249833.233486, 1526249833.249532, 1526249833.2656956, 1526249833.2823071, 1526249833.2981718, 1526249833.311234, 1526249833.334315, 1526249833.350298, 1526249833.365194, 1526249833.378345, 1526249833.3917713, 1526249833.4144535, 1526249833.4368594, 1526249833.4526143, 1526249833.4683719, 1526249833.4914873, 1526249833.5161219, 1526249833.530817, 1526249833.546429, 1526249833.561017, 1526249833.5737522, 1526249833.5888155]}