{"initial_reset_timestamp": 1526235693.075196, "episode_rewards": [-105.0, -153.0, -105.0, -97.0, -93.0, -90.0, -144.0, -112.0, -140.0, -105.0, -105.0, -142.0, -90.0, -88.0, -89.0, -159.0, -140.0, -86.0, -105.0, -91.0, -96.0, -87.0, -144.0, -144.0, -143.0, -86.0, -105.0, -144.0, -86.0, -144.0, -146.0, -105.0, -89.0, -140.0, -142.0, -146.0, -161.0, -105.0, -146.0, -89.0, -144.0, -86.0, -161.0, -89.0, -178.0, -105.0, -117.0, -87.0, -98.0, -88.0, -98.0, -162.0, -89.0, -96.0, -90.0, -157.0, -87.0, -105.0, -86.0, -91.0, -106.0, -105.0, -119.0, -146.0, -144.0, -91.0, -145.0, -145.0, -90.0, -89.0, -87.0, -94.0, -159.0, -87.0, -88.0, -144.0, -142.0, -86.0, -105.0, -90.0, -105.0, -99.0, -105.0, -105.0, -140.0, -89.0, -142.0, -88.0, -156.0, -172.0, -144.0, -105.0, -91.0, -143.0, -97.0, -144.0, -89.0, -119.0, -105.0, -147.0], "episode_lengths": [105, 153, 105, 97, 93, 90, 144, 112, 140, 105, 105, 142, 90, 88, 89, 159, 140, 86, 105, 91, 96, 87, 144, 144, 143, 86, 105, 144, 86, 144, 146, 105, 89, 140, 142, 146, 161, 105, 146, 89, 144, 86, 161, 89, 178, 105, 117, 87, 98, 88, 98, 162, 89, 96, 90, 157, 87, 105, 86, 91, 106, 105, 119, 146, 144, 91, 145, 145, 90, 89, 87, 94, 159, 87, 88, 144, 142, 86, 105, 90, 105, 99, 105, 105, 140, 89, 142, 88, 156, 172, 144, 105, 91, 143, 97, 144, 89, 119, 105, 147], "episode_types": ["t", "t", "t", "t", "t", "t", "t", "t", "t", "t", "t", "t", "t", "t", "t", "t", "t", "t", "t", "t", "t", "t", "t", "t", "t", "t", "t", "t", "t", "t", "t", "t", "t", "t", "t", "t", "t", "t", "t", "t", "t", "t", "t", "t", "t", "t", "t", "t", "t", "t", "t", "t", "t", "t", "t", "t", "t", "t", "t", "t", "t", "t", "t", "t", "t", "t", "t", "t", "t", "t", "t", "t", "t", "t", "t", "t", "t", "t", "t", "t", "t", "t", "t", "t", "t", "t", "t", "t", "t", "t", "t", "t", "t", "t", "t", "t", "t", "t", "t", "t"], "timestamps": [1526235695.7633185, 1526235696.0292747, 1526235696.073047, 1526235696.1155005, 1526235696.1541927, 1526235696.189338, 1526235696.2517414, 1526235696.2942996, 1526235696.3461118, 1526235696.3850803, 1526235696.4236798, 1526235696.476858, 1526235696.5098586, 1526235696.5433772, 1526235696.5767434, 1526235696.6355, 1526235696.6874833, 1526235696.718988, 1526235696.7575362, 1526235696.791176, 1526235696.8261557, 1526235696.85802, 1526235696.9114013, 1526235696.9684072, 1526235697.0212212, 1526235697.0528493, 1526235697.0917075, 1526235697.1465378, 1526235697.178686, 1526235697.2319999, 1526235697.2868745, 1526235697.3258731, 1526235697.3589723, 1526235697.4117868, 1526235697.4653733, 1526235697.5197783, 1526235697.5797768, 1526235697.6183565, 1526235697.6731114, 1526235697.705665, 1526235697.7609487, 1526235697.7926202, 1526235697.8517213, 1526235697.884537, 1526235697.9595513, 1526235697.9983811, 1526235698.0409513, 1526235698.0735407, 1526235698.1093001, 1526235698.141839, 1526235698.178313, 1526235698.237636, 1526235698.2712162, 1526235698.3066359, 1526235698.339669, 1526235698.4008045, 1526235698.4328694, 1526235698.4726257, 1526235698.5043344, 1526235698.5377285, 1526235698.5772707, 1526235698.6158879, 1526235698.6603212, 1526235698.714323, 1526235698.7680566, 1526235698.8014085, 1526235698.8546839, 1526235698.9085827, 1526235698.9439397, 1526235698.980002, 1526235699.0119126, 1526235699.0462828, 1526235699.104937, 1526235699.1369486, 1526235699.1693618, 1526235699.2224693, 1526235699.2755497, 1526235699.307149, 1526235699.3456883, 1526235699.3791323, 1526235699.417672, 1526235699.4540422, 1526235699.4929543, 1526235699.5315144, 1526235699.5833824, 1526235699.6158762, 1526235699.6690295, 1526235699.7013335, 1526235699.7583575, 1526235699.821493, 1526235699.874829, 1526235699.9134395, 1526235699.950195, 1526235700.0037615, 1526235700.0392723, 1526235700.0928006, 1526235700.1252687, 1526235700.1694741, 1526235700.2080874, 1526235700.2629998]}