{"initial_reset_timestamp": 1526236393.1694613, "episode_rewards": [-124.0, -96.0, -86.0, -104.0, -85.0, -145.0, -119.0, -95.0, -94.0, -154.0, -91.0, -97.0, -104.0, -103.0, -164.0, -159.0, -104.0, -96.0, -89.0, -85.0, -88.0, -145.0, -104.0, -106.0, -89.0, -104.0, -145.0, -104.0, -106.0, -104.0, -154.0, -105.0, -106.0, -104.0, -159.0, -93.0, -104.0, -92.0, -104.0, -154.0, -163.0, -104.0, -145.0, -146.0, -104.0, -104.0, -146.0, -150.0, -146.0, -84.0, -150.0, -104.0, -104.0, -145.0, -104.0, -104.0, -105.0, -146.0, -105.0, -105.0, -153.0, -145.0, -104.0, -106.0, -152.0, -104.0, -108.0, -105.0, -113.0, -85.0, -104.0, -146.0, -104.0, -85.0, -106.0, -97.0, -105.0, -152.0, -159.0, -104.0, -91.0, -104.0, -85.0, -88.0, -86.0, -106.0, -104.0, -84.0, -86.0, -104.0, -153.0, -106.0, -105.0, -85.0, -89.0, -106.0, -101.0, -90.0, -84.0, -92.0], "episode_lengths": [124, 96, 86, 104, 85, 145, 119, 95, 94, 154, 91, 97, 104, 103, 164, 159, 104, 96, 89, 85, 88, 145, 104, 106, 89, 104, 145, 104, 106, 104, 154, 105, 106, 104, 159, 93, 104, 92, 104, 154, 163, 104, 145, 146, 104, 104, 146, 150, 146, 84, 150, 104, 104, 145, 104, 104, 105, 146, 105, 105, 153, 145, 104, 106, 152, 104, 108, 105, 113, 85, 104, 146, 104, 85, 106, 97, 105, 152, 159, 104, 91, 104, 85, 88, 86, 106, 104, 84, 86, 104, 153, 106, 105, 85, 89, 106, 101, 90, 84, 92], "episode_types": ["t", "t", "t", "t", "t", "t", "t", "t", "t", "t", "t", "t", "t", "t", "t", "t", "t", "t", "t", "t", "t", "t", "t", "t", "t", "t", "t", "t", "t", "t", "t", "t", "t", "t", "t", "t", "t", "t", "t", "t", "t", "t", "t", "t", "t", "t", "t", "t", "t", "t", "t", "t", "t", "t", "t", "t", "t", "t", "t", "t", "t", "t", "t", "t", "t", "t", "t", "t", "t", "t", "t", "t", "t", "t", "t", "t", "t", "t", "t", "t", "t", "t", "t", "t", "t", "t", "t", "t", "t", "t", "t", "t", "t", "t", "t", "t", "t", "t", "t", "t"], "timestamps": [1526236396.3690338, 1526236396.56499, 1526236396.6012783, 1526236396.6399899, 1526236396.6712072, 1526236396.7247717, 1526236396.7681031, 1526236396.825032, 1526236396.8596628, 1526236396.9163117, 1526236396.9496455, 1526236396.9851382, 1526236397.0233347, 1526236397.0609982, 1526236397.124366, 1526236397.1834493, 1526236397.221885, 1526236397.2575614, 1526236397.2902348, 1526236397.3214574, 1526236397.3545132, 1526236397.4082525, 1526236397.4469707, 1526236397.4859421, 1526236397.518495, 1526236397.557175, 1526236397.6105635, 1526236397.6492171, 1526236397.6881762, 1526236397.7283664, 1526236397.7854133, 1526236397.8276544, 1526236397.8668032, 1526236397.9052804, 1526236397.9636343, 1526236397.9975924, 1526236398.0356662, 1526236398.0693758, 1526236398.1076734, 1526236398.1648593, 1526236398.2250764, 1526236398.263762, 1526236398.3196764, 1526236398.3742452, 1526236398.4128995, 1526236398.4516895, 1526236398.5054731, 1526236398.560631, 1526236398.6143222, 1526236398.6458514, 1526236398.7011118, 1526236398.7394173, 1526236398.779297, 1526236398.8422966, 1526236398.8811483, 1526236398.9215147, 1526236398.9605126, 1526236399.0149486, 1526236399.0538483, 1526236399.0925624, 1526236399.1494455, 1526236399.2032814, 1526236399.2415698, 1526236399.2806861, 1526236399.3370001, 1526236399.375389, 1526236399.414822, 1526236399.4535244, 1526236399.494866, 1526236399.5278602, 1526236399.5662837, 1526236399.620337, 1526236399.6590564, 1526236399.690385, 1526236399.7293537, 1526236399.7649167, 1526236399.8067968, 1526236399.8629923, 1526236399.9218721, 1526236399.9601867, 1526236399.9935758, 1526236400.0317497, 1526236400.0629475, 1526236400.0953329, 1526236400.128692, 1526236400.1683838, 1526236400.2071102, 1526236400.2383924, 1526236400.2703717, 1526236400.3090076, 1526236400.3656182, 1526236400.4049962, 1526236400.4439387, 1526236400.4752333, 1526236400.507819, 1526236400.5467207, 1526236400.5837874, 1526236400.6167023, 1526236400.6477907, 1526236400.681584]}