{"initial_reset_timestamp": 1526236273.8246891, "episode_rewards": [-93.0, -105.0, -104.0, -85.0, -105.0, -105.0, -105.0, -105.0, -89.0, -105.0, -105.0, -103.0, -105.0, -102.0, -105.0, -105.0, -103.0, -89.0, -105.0, -105.0, -105.0, -105.0, -105.0, -104.0, -105.0, -93.0, -93.0, -109.0, -105.0, -104.0, -104.0, -105.0, -105.0, -98.0, -105.0, -105.0, -90.0, -105.0, -92.0, -104.0, -105.0, -105.0, -87.0, -105.0, -105.0, -94.0, -85.0, -105.0, -91.0, -105.0, -105.0, -105.0, -105.0, -87.0, -87.0, -105.0, -105.0, -105.0, -93.0, -105.0, -105.0, -105.0, -90.0, -87.0, -104.0, -103.0, -104.0, -105.0, -87.0, -87.0, -104.0, -103.0, -105.0, -105.0, -85.0, -105.0, -94.0, -105.0, -104.0, -104.0, -87.0, -88.0, -105.0, -105.0, -105.0, -88.0, -97.0, -85.0, -84.0, -105.0, -96.0, -91.0, -95.0, -105.0, -104.0, -90.0, -105.0, -105.0, -84.0, -89.0], "episode_lengths": [93, 105, 104, 85, 105, 105, 105, 105, 89, 105, 105, 103, 105, 102, 105, 105, 103, 89, 105, 105, 105, 105, 105, 104, 105, 93, 93, 109, 105, 104, 104, 105, 105, 98, 105, 105, 90, 105, 92, 104, 105, 105, 87, 105, 105, 94, 85, 105, 91, 105, 105, 105, 105, 87, 87, 105, 105, 105, 93, 105, 105, 105, 90, 87, 104, 103, 104, 105, 87, 87, 104, 103, 105, 105, 85, 105, 94, 105, 104, 104, 87, 88, 105, 105, 105, 88, 97, 85, 84, 105, 96, 91, 95, 105, 104, 90, 105, 105, 84, 89], "episode_types": ["t", "t", "t", "t", "t", "t", "t", "t", "t", "t", "t", "t", "t", "t", "t", "t", "t", "t", "t", "t", "t", "t", "t", "t", "t", "t", "t", "t", "t", "t", "t", "t", "t", "t", "t", "t", "t", "t", "t", "t", "t", "t", "t", "t", "t", "t", "t", "t", "t", "t", "t", "t", "t", "t", "t", "t", "t", "t", "t", "t", "t", "t", "t", "t", "t", "t", "t", "t", "t", "t", "t", "t", "t", "t", "t", "t", "t", "t", "t", "t", "t", "t", "t", "t", "t", "t", "t", "t", "t", "t", "t", "t", "t", "t", "t", "t", "t", "t", "t", "t"], "timestamps": [1526236276.2483191, 1526236276.4827893, 1526236276.526081, 1526236276.5606923, 1526236276.606407, 1526236276.650538, 1526236276.6968687, 1526236276.7429852, 1526236276.7865014, 1526236276.8321064, 1526236276.8778281, 1526236276.921861, 1526236276.9674704, 1526236277.0119934, 1526236277.0549815, 1526236277.0940788, 1526236277.1323667, 1526236277.165623, 1526236277.2048612, 1526236277.2435124, 1526236277.283333, 1526236277.3221636, 1526236277.3607366, 1526236277.3989816, 1526236277.437646, 1526236277.4718437, 1526236277.507615, 1526236277.5476642, 1526236277.5863633, 1526236277.6246078, 1526236277.6631067, 1526236277.701736, 1526236277.7486699, 1526236277.7879872, 1526236277.8268037, 1526236277.865671, 1526236277.8986695, 1526236277.937289, 1526236277.9712248, 1526236278.0095332, 1526236278.0482228, 1526236278.087427, 1526236278.122357, 1526236278.1618369, 1526236278.200753, 1526236278.2354612, 1526236278.2670355, 1526236278.3059905, 1526236278.3396192, 1526236278.378556, 1526236278.4172447, 1526236278.4558039, 1526236278.4945896, 1526236278.5267713, 1526236278.558904, 1526236278.597627, 1526236278.6364172, 1526236278.6754446, 1526236278.711439, 1526236278.7533913, 1526236278.8016007, 1526236278.8405628, 1526236278.8736753, 1526236278.9058228, 1526236278.944624, 1526236278.9833808, 1526236279.0226705, 1526236279.0738857, 1526236279.117298, 1526236279.1530252, 1526236279.1980128, 1526236279.238961, 1526236279.2787464, 1526236279.3212368, 1526236279.353142, 1526236279.3929718, 1526236279.428082, 1526236279.4678183, 1526236279.5068061, 1526236279.5455863, 1526236279.5782766, 1526236279.610985, 1526236279.650497, 1526236279.6903841, 1526236279.729045, 1526236279.7648323, 1526236279.8008306, 1526236279.8320656, 1526236279.8628342, 1526236279.9017181, 1526236279.9367907, 1526236279.9703362, 1526236280.0052514, 1526236280.044148, 1526236280.082671, 1526236280.1156085, 1526236280.1544962, 1526236280.1934023, 1526236280.224241, 1526236280.2567933]}