{"initial_reset_timestamp": 1526279851.178504, "episode_rewards": [-89.0, -105.0, -112.0, -105.0, -105.0, -91.0, -176.0, -105.0, -105.0, -110.0, -105.0, -105.0, -105.0, -92.0, -105.0, -105.0, -105.0, -105.0, -105.0, -95.0, -106.0, -94.0, -165.0, -105.0, -102.0, -89.0, -85.0, -121.0, -105.0, -94.0, -106.0, -119.0, -105.0, -105.0, -94.0, -105.0, -105.0, -85.0, -117.0, -94.0, -105.0, -105.0, -90.0, -93.0, -106.0, -84.0, -89.0, -105.0, -96.0, -92.0, -105.0, -105.0, -105.0, -106.0, -88.0, -119.0, -99.0, -119.0, -96.0, -84.0, -105.0, -89.0, -105.0, -85.0, -85.0, -105.0, -102.0, -89.0, -85.0, -105.0, -105.0, -86.0, -105.0, -100.0, -105.0, -105.0, -86.0, -105.0, -93.0, -105.0, -105.0, -105.0, -175.0, -85.0, -118.0, -106.0, -105.0, -85.0, -105.0, -105.0, -105.0, -90.0, -91.0, -87.0, -111.0, -166.0, -105.0, -105.0, -165.0, -105.0], "episode_lengths": [89, 105, 112, 105, 105, 91, 176, 105, 105, 110, 105, 105, 105, 92, 105, 105, 105, 105, 105, 95, 106, 94, 165, 105, 102, 89, 85, 121, 105, 94, 106, 119, 105, 105, 94, 105, 105, 85, 117, 94, 105, 105, 90, 93, 106, 84, 89, 105, 96, 92, 105, 105, 105, 106, 88, 119, 99, 119, 96, 84, 105, 89, 105, 85, 85, 105, 102, 89, 85, 105, 105, 86, 105, 100, 105, 105, 86, 105, 93, 105, 105, 105, 175, 85, 118, 106, 105, 85, 105, 105, 105, 90, 91, 87, 111, 166, 105, 105, 165, 105], "episode_types": ["t", "t", "t", "t", "t", "t", "t", "t", "t", "t", "t", "t", "t", "t", "t", "t", "t", "t", "t", "t", "t", "t", "t", "t", "t", "t", "t", "t", "t", "t", "t", "t", "t", "t", "t", "t", "t", "t", "t", "t", "t", "t", "t", "t", "t", "t", "t", "t", "t", "t", "t", "t", "t", "t", "t", "t", "t", "t", "t", "t", "t", "t", "t", "t", "t", "t", "t", "t", "t", "t", "t", "t", "t", "t", "t", "t", "t", "t", "t", "t", "t", "t", "t", "t", "t", "t", "t", "t", "t", "t", "t", "t", "t", "t", "t", "t", "t", "t", "t", "t"], "timestamps": [1526279853.5407135, 1526279853.7387195, 1526279853.780515, 1526279853.8191953, 1526279853.8580258, 1526279853.8914168, 1526279853.9566665, 1526279853.9953184, 1526279854.0399768, 1526279854.0819335, 1526279854.1205904, 1526279854.1600494, 1526279854.198886, 1526279854.2328205, 1526279854.2717516, 1526279854.3104203, 1526279854.348985, 1526279854.3881378, 1526279854.429444, 1526279854.464776, 1526279854.503742, 1526279854.5385234, 1526279854.5998583, 1526279854.6388671, 1526279854.6766045, 1526279854.7092502, 1526279854.7405934, 1526279854.7849963, 1526279854.8235564, 1526279854.8582845, 1526279854.8974044, 1526279854.9411855, 1526279854.9803553, 1526279855.0193598, 1526279855.0537028, 1526279855.0924873, 1526279855.1310647, 1526279855.1626987, 1526279855.2053277, 1526279855.239992, 1526279855.2787058, 1526279855.3174682, 1526279855.3504076, 1526279855.3858228, 1526279855.432887, 1526279855.4641986, 1526279855.4970794, 1526279855.5360157, 1526279855.5713122, 1526279855.605817, 1526279855.6448033, 1526279855.6838112, 1526279855.7225966, 1526279855.7619545, 1526279855.7943063, 1526279855.8376718, 1526279855.8738744, 1526279855.9174297, 1526279855.9525206, 1526279855.9837227, 1526279856.0226123, 1526279856.0552363, 1526279856.0937088, 1526279856.1250157, 1526279856.1565187, 1526279856.1953013, 1526279856.2325814, 1526279856.265241, 1526279856.296363, 1526279856.335161, 1526279856.3737116, 1526279856.418884, 1526279856.4577115, 1526279856.4944503, 1526279856.5330484, 1526279856.571755, 1526279856.6036997, 1526279856.6427395, 1526279856.6771562, 1526279856.7162242, 1526279856.7553537, 1526279856.794295, 1526279856.859118, 1526279856.8906434, 1526279856.935242, 1526279856.9746177, 1526279857.013489, 1526279857.0447922, 1526279857.083344, 1526279857.1219192, 1526279857.1607363, 1526279857.1937954, 1526279857.2271118, 1526279857.258901, 1526279857.2994509, 1526279857.3604212, 1526279857.4133487, 1526279857.4538045, 1526279857.514286, 1526279857.5530343]}