{"initial_reset_timestamp": 1526279431.1113656, "episode_rewards": [-105.0, -105.0, -90.0, -84.0, -95.0, -107.0, -105.0, -91.0, -105.0, -105.0, -105.0, -87.0, -105.0, -94.0, -92.0, -105.0, -122.0, -105.0, -96.0, -176.0, -105.0, -105.0, -90.0, -105.0, -105.0, -97.0, -94.0, -105.0, -105.0, -106.0, -105.0, -85.0, -105.0, -105.0, -105.0, -105.0, -85.0, -106.0, -86.0, -110.0, -105.0, -85.0, -108.0, -105.0, -89.0, -98.0, -84.0, -89.0, -105.0, -90.0, -105.0, -98.0, -105.0, -85.0, -109.0, -164.0, -92.0, -85.0, -105.0, -93.0, -105.0, -105.0, -106.0, -105.0, -103.0, -86.0, -105.0, -105.0, -105.0, -105.0, -84.0, -85.0, -88.0, -105.0, -84.0, -87.0, -159.0, -105.0, -105.0, -105.0, -90.0, -105.0, -164.0, -88.0, -85.0, -105.0, -164.0, -105.0, -105.0, -92.0, -105.0, -105.0, -105.0, -85.0, -91.0, -98.0, -105.0, -94.0, -97.0, -105.0], "episode_lengths": [105, 105, 90, 84, 95, 107, 105, 91, 105, 105, 105, 87, 105, 94, 92, 105, 122, 105, 96, 176, 105, 105, 90, 105, 105, 97, 94, 105, 105, 106, 105, 85, 105, 105, 105, 105, 85, 106, 86, 110, 105, 85, 108, 105, 89, 98, 84, 89, 105, 90, 105, 98, 105, 85, 109, 164, 92, 85, 105, 93, 105, 105, 106, 105, 103, 86, 105, 105, 105, 105, 84, 85, 88, 105, 84, 87, 159, 105, 105, 105, 90, 105, 164, 88, 85, 105, 164, 105, 105, 92, 105, 105, 105, 85, 91, 98, 105, 94, 97, 105], "episode_types": ["t", "t", "t", "t", "t", "t", "t", "t", "t", "t", "t", "t", "t", "t", "t", "t", "t", "t", "t", "t", "t", "t", "t", "t", "t", "t", "t", "t", "t", "t", "t", "t", "t", "t", "t", "t", "t", "t", "t", "t", "t", "t", "t", "t", "t", "t", "t", "t", "t", "t", "t", "t", "t", "t", "t", "t", "t", "t", "t", "t", "t", "t", "t", "t", "t", "t", "t", "t", "t", "t", "t", "t", "t", "t", "t", "t", "t", "t", "t", "t", "t", "t", "t", "t", "t", "t", "t", "t", "t", "t", "t", "t", "t", "t", "t", "t", "t", "t", "t", "t"], "timestamps": [1526279432.8806398, 1526279432.981549, 1526279432.995629, 1526279433.0076325, 1526279433.0220106, 1526279433.0383427, 1526279433.0541215, 1526279433.0678551, 1526279433.0836523, 1526279433.0993798, 1526279433.1152701, 1526279433.128706, 1526279433.1447506, 1526279433.1579556, 1526279433.1718328, 1526279433.1879284, 1526279433.206161, 1526279433.2297492, 1526279433.244103, 1526279433.2705593, 1526279433.2862542, 1526279433.302273, 1526279433.3164804, 1526279433.3328345, 1526279433.3487964, 1526279433.3636599, 1526279433.37801, 1526279433.3944538, 1526279433.4108484, 1526279433.4274254, 1526279433.4430146, 1526279433.4558487, 1526279433.471705, 1526279433.487218, 1526279433.5028486, 1526279433.5185993, 1526279433.5318878, 1526279433.5477936, 1526279433.5608013, 1526279433.5769782, 1526279433.592175, 1526279433.6053557, 1526279433.6214168, 1526279433.637783, 1526279433.6513765, 1526279433.6662922, 1526279433.6790967, 1526279433.6916838, 1526279433.707453, 1526279433.7211182, 1526279433.7370934, 1526279433.7518265, 1526279433.7675984, 1526279433.7804213, 1526279433.7966342, 1526279433.8210516, 1526279433.835096, 1526279433.8479435, 1526279433.8635492, 1526279433.876884, 1526279433.8922253, 1526279433.9079301, 1526279433.923658, 1526279433.9395242, 1526279433.955211, 1526279433.9681463, 1526279433.9853947, 1526279434.0011272, 1526279434.0163488, 1526279434.0320036, 1526279434.0437908, 1526279434.0556443, 1526279434.0678432, 1526279434.082708, 1526279434.0943973, 1526279434.1064413, 1526279434.1285088, 1526279434.1438627, 1526279434.158569, 1526279434.1730723, 1526279434.1855872, 1526279434.2001908, 1526279434.2250502, 1526279434.2375104, 1526279434.2492425, 1526279434.2637582, 1526279434.2864366, 1526279434.3010242, 1526279434.3156097, 1526279434.3283155, 1526279434.3430176, 1526279434.357573, 1526279434.372078, 1526279434.3838828, 1526279434.3964102, 1526279434.4099712, 1526279434.424466, 1526279434.4375408, 1526279434.450909, 1526279434.4654002]}