{"initial_reset_timestamp": 1526242308.0098784, "episode_rewards": [-108.0, -165.0, -94.0, -97.0, -94.0, -105.0, -165.0, -100.0, -105.0, -105.0, -88.0, -114.0, -93.0, -105.0, -156.0, -105.0, -105.0, -84.0, -85.0, -105.0, -147.0, -85.0, -157.0, -94.0, -105.0, -85.0, -147.0, -88.0, -91.0, -147.0, -105.0, -169.0, -105.0, -105.0, -85.0, -105.0, -89.0, -92.0, -95.0, -87.0, -105.0, -86.0, -105.0, -86.0, -105.0, -105.0, -163.0, -105.0, -105.0, -112.0, -105.0, -105.0, -87.0, -105.0, -86.0, -113.0, -165.0, -156.0, -85.0, -169.0, -105.0, -114.0, -105.0, -105.0, -91.0, -92.0, -105.0, -90.0, -87.0, -105.0, -89.0, -92.0, -105.0, -105.0, -165.0, -86.0, -95.0, -91.0, -147.0, -105.0, -165.0, -169.0, -105.0, -93.0, -105.0, -94.0, -147.0, -147.0, -165.0, -92.0, -105.0, -87.0, -105.0, -105.0, -96.0, -105.0, -105.0, -105.0, -105.0, -105.0], "episode_lengths": [108, 165, 94, 97, 94, 105, 165, 100, 105, 105, 88, 114, 93, 105, 156, 105, 105, 84, 85, 105, 147, 85, 157, 94, 105, 85, 147, 88, 91, 147, 105, 169, 105, 105, 85, 105, 89, 92, 95, 87, 105, 86, 105, 86, 105, 105, 163, 105, 105, 112, 105, 105, 87, 105, 86, 113, 165, 156, 85, 169, 105, 114, 105, 105, 91, 92, 105, 90, 87, 105, 89, 92, 105, 105, 165, 86, 95, 91, 147, 105, 165, 169, 105, 93, 105, 94, 147, 147, 165, 92, 105, 87, 105, 105, 96, 105, 105, 105, 105, 105], "episode_types": ["t", "t", "t", "t", "t", "t", "t", "t", "t", "t", "t", "t", "t", "t", "t", "t", "t", "t", "t", "t", "t", "t", "t", "t", "t", "t", "t", "t", "t", "t", "t", "t", "t", "t", "t", "t", "t", "t", "t", "t", "t", "t", "t", "t", "t", "t", "t", "t", "t", "t", "t", "t", "t", "t", "t", "t", "t", "t", "t", "t", "t", "t", "t", "t", "t", "t", "t", "t", "t", "t", "t", "t", "t", "t", "t", "t", "t", "t", "t", "t", "t", "t", "t", "t", "t", "t", "t", "t", "t", "t", "t", "t", "t", "t", "t", "t", "t", "t", "t", "t"], "timestamps": [1526242310.856843, 1526242311.1191568, 1526242311.15818, 1526242311.1951454, 1526242311.230646, 1526242311.2709029, 1526242311.333406, 1526242311.3712525, 1526242311.4111001, 1526242311.450846, 1526242311.4844928, 1526242311.5272486, 1526242311.5675213, 1526242311.6205792, 1526242311.680124, 1526242311.7199917, 1526242311.7598884, 1526242311.7917035, 1526242311.8237422, 1526242311.8641694, 1526242311.9202416, 1526242311.9525366, 1526242312.0124962, 1526242312.0483253, 1526242312.0896747, 1526242312.1223326, 1526242312.1793728, 1526242312.2130697, 1526242312.2472684, 1526242312.302833, 1526242312.3426306, 1526242312.4060788, 1526242312.445999, 1526242312.4857242, 1526242312.5175238, 1526242312.5572095, 1526242312.594588, 1526242312.629146, 1526242312.6650784, 1526242312.6980815, 1526242312.73752, 1526242312.7700799, 1526242312.8095727, 1526242312.8417017, 1526242312.8818164, 1526242312.9211266, 1526242312.9822037, 1526242313.0216646, 1526242313.061378, 1526242313.1040676, 1526242313.1441593, 1526242313.1840656, 1526242313.216541, 1526242313.2558334, 1526242313.2883356, 1526242313.3303382, 1526242313.3923504, 1526242313.450744, 1526242313.4827673, 1526242313.5464413, 1526242313.595799, 1526242313.6394782, 1526242313.6792374, 1526242313.7188196, 1526242313.7529054, 1526242313.7875962, 1526242313.8270376, 1526242313.8608508, 1526242313.8942533, 1526242313.9338863, 1526242313.967291, 1526242314.0023718, 1526242314.0422695, 1526242314.0822923, 1526242314.1451862, 1526242314.1779778, 1526242314.2136133, 1526242314.2476265, 1526242314.3032804, 1526242314.342656, 1526242314.4046962, 1526242314.4679973, 1526242314.5078971, 1526242314.542693, 1526242314.5862193, 1526242314.6215515, 1526242314.6778948, 1526242314.7334707, 1526242314.7957356, 1526242314.8303084, 1526242314.8700523, 1526242314.903415, 1526242314.943099, 1526242314.983132, 1526242315.0194044, 1526242315.0591817, 1526242315.0999932, 1526242315.1403816, 1526242315.1807609, 1526242315.2202888]}