{"initial_reset_timestamp": 1526258375.9673417, "episode_rewards": [-105.0, -93.0, -105.0, -105.0, -85.0, -97.0, -105.0, -105.0, -105.0, -105.0, -105.0, -105.0, -105.0, -105.0, -95.0, -87.0, -105.0, -175.0, -105.0, -85.0, -90.0, -105.0, -105.0, -87.0, -105.0, -92.0, -87.0, -105.0, -101.0, -105.0, -85.0, -85.0, -105.0, -94.0, -105.0, -85.0, -105.0, -89.0, -105.0, -166.0, -87.0, -99.0, -106.0, -105.0, -89.0, -105.0, -106.0, -105.0, -85.0, -105.0, -85.0, -105.0, -90.0, -91.0, -105.0, -87.0, -93.0, -86.0, -87.0, -102.0, -85.0, -86.0, -105.0, -105.0, -87.0, -107.0, -87.0, -105.0, -85.0, -105.0, -161.0, -166.0, -91.0, -105.0, -105.0, -105.0, -105.0, -105.0, -105.0, -105.0, -105.0, -87.0, -105.0, -106.0, -105.0, -105.0, -105.0, -91.0, -85.0, -170.0, -106.0, -105.0, -105.0, -105.0, -89.0, -91.0, -105.0, -105.0, -105.0, -97.0], "episode_lengths": [105, 93, 105, 105, 85, 97, 105, 105, 105, 105, 105, 105, 105, 105, 95, 87, 105, 175, 105, 85, 90, 105, 105, 87, 105, 92, 87, 105, 101, 105, 85, 85, 105, 94, 105, 85, 105, 89, 105, 166, 87, 99, 106, 105, 89, 105, 106, 105, 85, 105, 85, 105, 90, 91, 105, 87, 93, 86, 87, 102, 85, 86, 105, 105, 87, 107, 87, 105, 85, 105, 161, 166, 91, 105, 105, 105, 105, 105, 105, 105, 105, 87, 105, 106, 105, 105, 105, 91, 85, 170, 106, 105, 105, 105, 89, 91, 105, 105, 105, 97], "episode_types": ["t", "t", "t", "t", "t", "t", "t", "t", "t", "t", "t", "t", "t", "t", "t", "t", "t", "t", "t", "t", "t", "t", "t", "t", "t", "t", "t", "t", "t", "t", "t", "t", "t", "t", "t", "t", "t", "t", "t", "t", "t", "t", "t", "t", "t", "t", "t", "t", "t", "t", "t", "t", "t", "t", "t", "t", "t", "t", "t", "t", "t", "t", "t", "t", "t", "t", "t", "t", "t", "t", "t", "t", "t", "t", "t", "t", "t", "t", "t", "t", "t", "t", "t", "t", "t", "t", "t", "t", "t", "t", "t", "t", "t", "t", "t", "t", "t", "t", "t", "t"], "timestamps": [1526258378.7379675, 1526258378.9512506, 1526258378.9911802, 1526258379.030655, 1526258379.0628858, 1526258379.1011693, 1526258379.1410003, 1526258379.1807518, 1526258379.2203445, 1526258379.2601423, 1526258379.3000023, 1526258379.339623, 1526258379.379563, 1526258379.4212592, 1526258379.457462, 1526258379.4904358, 1526258379.5306284, 1526258379.5971472, 1526258379.636967, 1526258379.6692233, 1526258379.7030215, 1526258379.7425563, 1526258379.782347, 1526258379.8151267, 1526258379.8546498, 1526258379.889505, 1526258379.9253345, 1526258379.965503, 1526258380.0049186, 1526258380.0447445, 1526258380.07739, 1526258380.1093762, 1526258380.149308, 1526258380.1852279, 1526258380.2251432, 1526258380.257418, 1526258380.2975044, 1526258380.331327, 1526258380.3714604, 1526258380.4343004, 1526258380.468042, 1526258380.5052056, 1526258380.5451987, 1526258380.5851984, 1526258380.6205106, 1526258380.6607585, 1526258380.7013175, 1526258380.7408862, 1526258380.7732177, 1526258380.8129292, 1526258380.844987, 1526258380.8848288, 1526258380.9212172, 1526258380.9557776, 1526258380.995684, 1526258381.028434, 1526258381.063592, 1526258381.0960035, 1526258381.128649, 1526258381.167533, 1526258381.2008493, 1526258381.2336948, 1526258381.2743316, 1526258381.3142672, 1526258381.3469934, 1526258381.3876088, 1526258381.4206212, 1526258381.460434, 1526258381.4927537, 1526258381.5326102, 1526258381.5935936, 1526258381.6563146, 1526258381.6908174, 1526258381.7305865, 1526258381.7703714, 1526258381.8116205, 1526258381.8514922, 1526258381.8915062, 1526258381.933585, 1526258381.9734182, 1526258382.0130785, 1526258382.0457995, 1526258382.0857513, 1526258382.1258557, 1526258382.16587, 1526258382.205687, 1526258382.2451146, 1526258382.279589, 1526258382.3117995, 1526258382.3762093, 1526258382.4190652, 1526258382.4622633, 1526258382.5062788, 1526258382.5568466, 1526258382.5938332, 1526258382.6289437, 1526258382.6691506, 1526258382.709466, 1526258382.7494068, 1526258382.786479]}