{"initial_reset_timestamp": 1526238721.3669999, "episode_rewards": [-105.0, -105.0, -98.0, -119.0, -86.0, -103.0, -89.0, -161.0, -98.0, -105.0, -99.0, -105.0, -87.0, -84.0, -88.0, -105.0, -105.0, -160.0, -162.0, -105.0, -85.0, -105.0, -105.0, -105.0, -105.0, -105.0, -105.0, -105.0, -88.0, -105.0, -105.0, -105.0, -105.0, -105.0, -94.0, -105.0, -105.0, -92.0, -85.0, -105.0, -86.0, -158.0, -88.0, -105.0, -95.0, -86.0, -85.0, -105.0, -105.0, -105.0, -105.0, -88.0, -161.0, -105.0, -93.0, -105.0, -95.0, -105.0, -105.0, -105.0, -105.0, -102.0, -160.0, -105.0, -105.0, -100.0, -105.0, -105.0, -99.0, -102.0, -105.0, -86.0, -88.0, -98.0, -172.0, -105.0, -98.0, -105.0, -88.0, -105.0, -105.0, -105.0, -92.0, -105.0, -105.0, -105.0, -92.0, -105.0, -92.0, -91.0, -105.0, -105.0, -105.0, -93.0, -89.0, -97.0, -105.0, -161.0, -105.0, -173.0], "episode_lengths": [105, 105, 98, 119, 86, 103, 89, 161, 98, 105, 99, 105, 87, 84, 88, 105, 105, 160, 162, 105, 85, 105, 105, 105, 105, 105, 105, 105, 88, 105, 105, 105, 105, 105, 94, 105, 105, 92, 85, 105, 86, 158, 88, 105, 95, 86, 85, 105, 105, 105, 105, 88, 161, 105, 93, 105, 95, 105, 105, 105, 105, 102, 160, 105, 105, 100, 105, 105, 99, 102, 105, 86, 88, 98, 172, 105, 98, 105, 88, 105, 105, 105, 92, 105, 105, 105, 92, 105, 92, 91, 105, 105, 105, 93, 89, 97, 105, 161, 105, 173], "episode_types": ["t", "t", "t", "t", "t", "t", "t", "t", "t", "t", "t", "t", "t", "t", "t", "t", "t", "t", "t", "t", "t", "t", "t", "t", "t", "t", "t", "t", "t", "t", "t", "t", "t", "t", "t", "t", "t", "t", "t", "t", "t", "t", "t", "t", "t", "t", "t", "t", "t", "t", "t", "t", "t", "t", "t", "t", "t", "t", "t", "t", "t", "t", "t", "t", "t", "t", "t", "t", "t", "t", "t", "t", "t", "t", "t", "t", "t", "t", "t", "t", "t", "t", "t", "t", "t", "t", "t", "t", "t", "t", "t", "t", "t", "t", "t", "t", "t", "t", "t", "t"], "timestamps": [1526238723.121466, 1526238723.2195928, 1526238723.2336385, 1526238723.2502286, 1526238723.2622483, 1526238723.2767184, 1526238723.28919, 1526238723.3118873, 1526238723.325665, 1526238723.3405483, 1526238723.3542757, 1526238723.3689747, 1526238723.3811111, 1526238723.3928099, 1526238723.4074156, 1526238723.4237227, 1526238723.4425132, 1526238723.4685364, 1526238723.49259, 1526238723.5086567, 1526238723.521726, 1526238723.5376143, 1526238723.553343, 1526238723.5689895, 1526238723.584794, 1526238723.5999708, 1526238723.6160035, 1526238723.6319048, 1526238723.6452858, 1526238723.6611953, 1526238723.6772244, 1526238723.6930861, 1526238723.7090724, 1526238723.7249873, 1526238723.7391784, 1526238723.7550228, 1526238723.770742, 1526238723.7837496, 1526238723.7966115, 1526238723.8125389, 1526238723.825682, 1526238723.851361, 1526238723.8650484, 1526238723.880852, 1526238723.8950672, 1526238723.9086466, 1526238723.9220495, 1526238723.9383113, 1526238723.9543803, 1526238723.9703608, 1526238723.9863336, 1526238723.999229, 1526238724.0243661, 1526238724.0404358, 1526238724.054668, 1526238724.070627, 1526238724.0847194, 1526238724.100559, 1526238724.1166797, 1526238724.132742, 1526238724.1485467, 1526238724.1637375, 1526238724.188366, 1526238724.2040393, 1526238724.2200692, 1526238724.2346468, 1526238724.2506196, 1526238724.26657, 1526238724.2813847, 1526238724.2967405, 1526238724.312631, 1526238724.3259299, 1526238724.3395, 1526238724.3541243, 1526238724.3797357, 1526238724.395613, 1526238724.410624, 1526238724.426563, 1526238724.4391873, 1526238724.4539642, 1526238724.4686284, 1526238724.4832673, 1526238724.4959824, 1526238724.5106876, 1526238724.526443, 1526238724.5441606, 1526238724.5569136, 1526238724.5714905, 1526238724.584238, 1526238724.5968401, 1526238724.6114914, 1526238724.6260474, 1526238724.6416998, 1526238724.6552691, 1526238724.6676557, 1526238724.6812255, 1526238724.6959093, 1526238724.7183352, 1526238724.7329252, 1526238724.7572913]}