{"initial_reset_timestamp": 1526239624.9490252, "episode_rewards": [-159.0, -87.0, -85.0, -88.0, -100.0, -105.0, -107.0, -105.0, -105.0, -89.0, -90.0, -159.0, -105.0, -115.0, -105.0, -91.0, -105.0, -92.0, -146.0, -105.0, -149.0, -89.0, -89.0, -105.0, -105.0, -90.0, -105.0, -105.0, -90.0, -105.0, -152.0, -88.0, -146.0, -153.0, -92.0, -165.0, -105.0, -105.0, -119.0, -105.0, -93.0, -92.0, -105.0, -152.0, -100.0, -105.0, -94.0, -111.0, -125.0, -112.0, -89.0, -90.0, -105.0, -159.0, -90.0, -146.0, -146.0, -87.0, -105.0, -87.0, -169.0, -92.0, -105.0, -97.0, -105.0, -90.0, -85.0, -105.0, -155.0, -98.0, -87.0, -105.0, -105.0, -121.0, -105.0, -92.0, -105.0, -105.0, -105.0, -111.0, -105.0, -104.0, -89.0, -88.0, -88.0, -92.0, -87.0, -86.0, -105.0, -88.0, -88.0, -149.0, -105.0, -105.0, -89.0, -150.0, -105.0, -104.0, -152.0, -104.0], "episode_lengths": [159, 87, 85, 88, 100, 105, 107, 105, 105, 89, 90, 159, 105, 115, 105, 91, 105, 92, 146, 105, 149, 89, 89, 105, 105, 90, 105, 105, 90, 105, 152, 88, 146, 153, 92, 165, 105, 105, 119, 105, 93, 92, 105, 152, 100, 105, 94, 111, 125, 112, 89, 90, 105, 159, 90, 146, 146, 87, 105, 87, 169, 92, 105, 97, 105, 90, 85, 105, 155, 98, 87, 105, 105, 121, 105, 92, 105, 105, 105, 111, 105, 104, 89, 88, 88, 92, 87, 86, 105, 88, 88, 149, 105, 105, 89, 150, 105, 104, 152, 104], "episode_types": ["t", "t", "t", "t", "t", "t", "t", "t", "t", "t", "t", "t", "t", "t", "t", "t", "t", "t", "t", "t", "t", "t", "t", "t", "t", "t", "t", "t", "t", "t", "t", "t", "t", "t", "t", "t", "t", "t", "t", "t", "t", "t", "t", "t", "t", "t", "t", "t", "t", "t", "t", "t", "t", "t", "t", "t", "t", "t", "t", "t", "t", "t", "t", "t", "t", "t", "t", "t", "t", "t", "t", "t", "t", "t", "t", "t", "t", "t", "t", "t", "t", "t", "t", "t", "t", "t", "t", "t", "t", "t", "t", "t", "t", "t", "t", "t", "t", "t", "t", "t"], "timestamps": [1526239627.6237338, 1526239627.7262928, 1526239627.7396023, 1526239627.753016, 1526239627.7683961, 1526239627.7837007, 1526239627.7996893, 1526239627.8157468, 1526239627.8318717, 1526239627.8453968, 1526239627.8593428, 1526239627.8836296, 1526239627.8993115, 1526239627.9169278, 1526239627.9378104, 1526239627.9507391, 1526239627.9673607, 1526239627.9815464, 1526239628.0046487, 1526239628.0207188, 1526239628.0434344, 1526239628.0573244, 1526239628.0712132, 1526239628.087202, 1526239628.1032133, 1526239628.1165178, 1526239628.1326935, 1526239628.1488514, 1526239628.1626496, 1526239628.1786928, 1526239628.201297, 1526239628.2147582, 1526239628.237586, 1526239628.2607074, 1526239628.2749968, 1526239628.299503, 1526239628.3155813, 1526239628.3312085, 1526239628.3478758, 1526239628.362515, 1526239628.3755083, 1526239628.388222, 1526239628.4028866, 1526239628.4241405, 1526239628.4378881, 1526239628.45255, 1526239628.465699, 1526239628.481063, 1526239628.498286, 1526239628.5137239, 1526239628.5263984, 1526239628.541026, 1526239628.5559506, 1526239628.578262, 1526239628.5907838, 1526239628.6111379, 1526239628.6315796, 1526239628.6438694, 1526239628.6585596, 1526239628.6709409, 1526239628.6945236, 1526239628.7072692, 1526239628.7219515, 1526239628.7355764, 1526239628.7503314, 1526239628.7628698, 1526239628.774744, 1526239628.7893734, 1526239628.8109117, 1526239628.824604, 1526239628.8368506, 1526239628.8515773, 1526239628.8663085, 1526239628.8830323, 1526239628.8976357, 1526239628.9103572, 1526239628.9250467, 1526239628.939646, 1526239628.9542406, 1526239628.9696856, 1526239628.9843132, 1526239628.9987898, 1526239629.0111198, 1526239629.023575, 1526239629.0358288, 1526239629.0488448, 1526239629.061073, 1526239629.0732162, 1526239629.0879188, 1526239629.1001348, 1526239629.1129377, 1526239629.1342928, 1526239629.1491878, 1526239629.1643372, 1526239629.1768363, 1526239629.1976774, 1526239629.2123272, 1526239629.2268033, 1526239629.247951, 1526239629.2624419]}