{"initial_reset_timestamp": 1526242704.0950012, "episode_rewards": [-93.0, -105.0, -105.0, -84.0, -105.0, -96.0, -103.0, -126.0, -103.0, -105.0, -163.0, -156.0, -163.0, -163.0, -89.0, -105.0, -89.0, -154.0, -105.0, -105.0, -106.0, -112.0, -162.0, -104.0, -105.0, -105.0, -105.0, -105.0, -100.0, -93.0, -154.0, -105.0, -85.0, -105.0, -154.0, -110.0, -105.0, -155.0, -90.0, -158.0, -105.0, -123.0, -90.0, -88.0, -85.0, -103.0, -103.0, -105.0, -102.0, -105.0, -166.0, -93.0, -102.0, -105.0, -158.0, -105.0, -105.0, -91.0, -105.0, -91.0, -99.0, -105.0, -88.0, -97.0, -105.0, -170.0, -105.0, -157.0, -96.0, -89.0, -167.0, -105.0, -105.0, -105.0, -105.0, -92.0, -95.0, -91.0, -105.0, -97.0, -87.0, -91.0, -89.0, -105.0, -105.0, -105.0, -105.0, -105.0, -85.0, -87.0, -85.0, -105.0, -105.0, -90.0, -105.0, -90.0, -89.0, -89.0, -105.0, -88.0], "episode_lengths": [93, 105, 105, 84, 105, 96, 103, 126, 103, 105, 163, 156, 163, 163, 89, 105, 89, 154, 105, 105, 106, 112, 162, 104, 105, 105, 105, 105, 100, 93, 154, 105, 85, 105, 154, 110, 105, 155, 90, 158, 105, 123, 90, 88, 85, 103, 103, 105, 102, 105, 166, 93, 102, 105, 158, 105, 105, 91, 105, 91, 99, 105, 88, 97, 105, 170, 105, 157, 96, 89, 167, 105, 105, 105, 105, 92, 95, 91, 105, 97, 87, 91, 89, 105, 105, 105, 105, 105, 85, 87, 85, 105, 105, 90, 105, 90, 89, 89, 105, 88], "episode_types": ["t", "t", "t", "t", "t", "t", "t", "t", "t", "t", "t", "t", "t", "t", "t", "t", "t", "t", "t", "t", "t", "t", "t", "t", "t", "t", "t", "t", "t", "t", "t", "t", "t", "t", "t", "t", "t", "t", "t", "t", "t", "t", "t", "t", "t", "t", "t", "t", "t", "t", "t", "t", "t", "t", "t", "t", "t", "t", "t", "t", "t", "t", "t", "t", "t", "t", "t", "t", "t", "t", "t", "t", "t", "t", "t", "t", "t", "t", "t", "t", "t", "t", "t", "t", "t", "t", "t", "t", "t", "t", "t", "t", "t", "t", "t", "t", "t", "t", "t", "t"], "timestamps": [1526242706.5387666, 1526242706.7818937, 1526242706.827768, 1526242706.8635292, 1526242706.9082887, 1526242706.9473543, 1526242706.9908562, 1526242707.0431945, 1526242707.085798, 1526242707.126099, 1526242707.1874356, 1526242707.2450895, 1526242707.3052871, 1526242707.3672545, 1526242707.399969, 1526242707.4387178, 1526242707.4715474, 1526242707.5283182, 1526242707.5669248, 1526242707.6055024, 1526242707.644675, 1526242707.685613, 1526242707.7499235, 1526242707.788193, 1526242707.8266904, 1526242707.8653011, 1526242707.9037104, 1526242707.9422798, 1526242707.9807644, 1526242708.0148573, 1526242708.071877, 1526242708.1106353, 1526242708.1426578, 1526242708.1816075, 1526242708.239032, 1526242708.2797513, 1526242708.3183985, 1526242708.375399, 1526242708.4083664, 1526242708.466293, 1526242708.5052874, 1526242708.5518453, 1526242708.5854967, 1526242708.6177833, 1526242708.6492395, 1526242708.6874368, 1526242708.7284813, 1526242708.7673686, 1526242708.804952, 1526242708.8436947, 1526242708.9050226, 1526242708.9390416, 1526242708.9765916, 1526242709.0153666, 1526242709.0738058, 1526242709.1156769, 1526242709.1566136, 1526242709.1906223, 1526242709.2291825, 1526242709.2624936, 1526242709.2994454, 1526242709.3384778, 1526242709.3707492, 1526242709.4063723, 1526242709.4450119, 1526242709.5074542, 1526242709.5459378, 1526242709.6038437, 1526242709.6392665, 1526242709.6719644, 1526242709.7527204, 1526242709.7920825, 1526242709.8307333, 1526242709.869418, 1526242709.908321, 1526242709.9420097, 1526242709.9768202, 1526242710.0103142, 1526242710.0489578, 1526242710.0851085, 1526242710.1174035, 1526242710.1513546, 1526242710.1843777, 1526242710.2245638, 1526242710.263431, 1526242710.3026464, 1526242710.341999, 1526242710.3820848, 1526242710.4134462, 1526242710.4453452, 1526242710.4766724, 1526242710.5152628, 1526242710.553794, 1526242710.586879, 1526242710.6255314, 1526242710.6587942, 1526242710.691499, 1526242710.7351146, 1526242710.7741501, 1526242710.806749]}