{"initial_reset_timestamp": 1526245931.1845782, "episode_rewards": [-105.0, -106.0, -105.0, -98.0, -105.0, -85.0, -85.0, -105.0, -89.0, -105.0, -105.0, -105.0, -89.0, -105.0, -105.0, -86.0, -86.0, -105.0, -105.0, -90.0, -105.0, -97.0, -166.0, -86.0, -105.0, -88.0, -104.0, -105.0, -87.0, -92.0, -86.0, -104.0, -101.0, -95.0, -105.0, -104.0, -104.0, -103.0, -167.0, -105.0, -105.0, -105.0, -105.0, -106.0, -98.0, -105.0, -105.0, -105.0, -106.0, -89.0, -166.0, -187.0, -105.0, -89.0, -86.0, -105.0, -105.0, -92.0, -105.0, -102.0, -106.0, -105.0, -105.0, -94.0, -105.0, -90.0, -96.0, -90.0, -85.0, -107.0, -104.0, -106.0, -93.0, -176.0, -85.0, -88.0, -105.0, -105.0, -104.0, -89.0, -105.0, -92.0, -105.0, -95.0, -117.0, -94.0, -105.0, -105.0, -105.0, -106.0, -105.0, -101.0, -105.0, -105.0, -93.0, -165.0, -105.0, -105.0, -105.0, -105.0], "episode_lengths": [105, 106, 105, 98, 105, 85, 85, 105, 89, 105, 105, 105, 89, 105, 105, 86, 86, 105, 105, 90, 105, 97, 166, 86, 105, 88, 104, 105, 87, 92, 86, 104, 101, 95, 105, 104, 104, 103, 167, 105, 105, 105, 105, 106, 98, 105, 105, 105, 106, 89, 166, 187, 105, 89, 86, 105, 105, 92, 105, 102, 106, 105, 105, 94, 105, 90, 96, 90, 85, 107, 104, 106, 93, 176, 85, 88, 105, 105, 104, 89, 105, 92, 105, 95, 117, 94, 105, 105, 105, 106, 105, 101, 105, 105, 93, 165, 105, 105, 105, 105], "episode_types": ["t", "t", "t", "t", "t", "t", "t", "t", "t", "t", "t", "t", "t", "t", "t", "t", "t", "t", "t", "t", "t", "t", "t", "t", "t", "t", "t", "t", "t", "t", "t", "t", "t", "t", "t", "t", "t", "t", "t", "t", "t", "t", "t", "t", "t", "t", "t", "t", "t", "t", "t", "t", "t", "t", "t", "t", "t", "t", "t", "t", "t", "t", "t", "t", "t", "t", "t", "t", "t", "t", "t", "t", "t", "t", "t", "t", "t", "t", "t", "t", "t", "t", "t", "t", "t", "t", "t", "t", "t", "t", "t", "t", "t", "t", "t", "t", "t", "t", "t", "t"], "timestamps": [1526245933.9536672, 1526245934.1625984, 1526245934.2021866, 1526245934.2393963, 1526245934.2796795, 1526245934.3145964, 1526245934.347174, 1526245934.3874235, 1526245934.4211137, 1526245934.4622831, 1526245934.5018795, 1526245934.5420647, 1526245934.5754898, 1526245934.6158288, 1526245934.656184, 1526245934.6885755, 1526245934.720993, 1526245934.7644212, 1526245934.804642, 1526245934.8389235, 1526245934.8788333, 1526245934.9153552, 1526245934.9784157, 1526245935.0109622, 1526245935.0515032, 1526245935.0849135, 1526245935.1244206, 1526245935.1649745, 1526245935.197994, 1526245935.233139, 1526245935.2658374, 1526245935.3056571, 1526245935.3442085, 1526245935.3801653, 1526245935.419824, 1526245935.459208, 1526245935.498327, 1526245935.5371583, 1526245935.6004682, 1526245935.6406813, 1526245935.6802142, 1526245935.7197852, 1526245935.7683632, 1526245935.808415, 1526245935.845326, 1526245935.8846633, 1526245935.9243655, 1526245935.9640603, 1526245936.0040278, 1526245936.0375056, 1526245936.0999508, 1526245936.170631, 1526245936.2103064, 1526245936.244052, 1526245936.2778907, 1526245936.317918, 1526245936.357881, 1526245936.392556, 1526245936.4328578, 1526245936.4711952, 1526245936.511254, 1526245936.5510073, 1526245936.5911384, 1526245936.6264687, 1526245936.6666477, 1526245936.7005656, 1526245936.7433443, 1526245936.7816868, 1526245936.8136806, 1526245936.8539393, 1526245936.893164, 1526245936.9331424, 1526245936.9680672, 1526245937.034084, 1526245937.0661151, 1526245937.0991342, 1526245937.1394882, 1526245937.1790838, 1526245937.2183409, 1526245937.2519314, 1526245937.2919748, 1526245937.3265991, 1526245937.3662615, 1526245937.4019034, 1526245937.4456186, 1526245937.4809053, 1526245937.5204458, 1526245937.5601027, 1526245937.6000528, 1526245937.6404693, 1526245937.680109, 1526245937.7179067, 1526245937.7614217, 1526245937.8012598, 1526245937.836345, 1526245937.8983934, 1526245937.9381528, 1526245937.9778082, 1526245938.0175111, 1526245938.0570188]}