{"initial_reset_timestamp": 1526269652.9536157, "episode_rewards": [-92.0, -104.0, -90.0, -95.0, -106.0, -95.0, -86.0, -105.0, -105.0, -105.0, -105.0, -93.0, -92.0, -105.0, -107.0, -105.0, -99.0, -105.0, -84.0, -105.0, -101.0, -105.0, -87.0, -105.0, -105.0, -85.0, -92.0, -87.0, -105.0, -104.0, -106.0, -84.0, -88.0, -105.0, -88.0, -105.0, -84.0, -105.0, -90.0, -105.0, -105.0, -107.0, -105.0, -90.0, -105.0, -86.0, -106.0, -92.0, -106.0, -89.0, -105.0, -105.0, -85.0, -92.0, -87.0, -105.0, -106.0, -93.0, -105.0, -88.0, -105.0, -105.0, -84.0, -94.0, -105.0, -105.0, -105.0, -105.0, -106.0, -105.0, -85.0, -106.0, -107.0, -105.0, -98.0, -105.0, -93.0, -92.0, -87.0, -91.0, -105.0, -85.0, -106.0, -87.0, -105.0, -106.0, -105.0, -98.0, -105.0, -105.0, -107.0, -101.0, -105.0, -105.0, -105.0, -105.0, -105.0, -107.0, -90.0, -105.0], "episode_lengths": [92, 104, 90, 95, 106, 95, 86, 105, 105, 105, 105, 93, 92, 105, 107, 105, 99, 105, 84, 105, 101, 105, 87, 105, 105, 85, 92, 87, 105, 104, 106, 84, 88, 105, 88, 105, 84, 105, 90, 105, 105, 107, 105, 90, 105, 86, 106, 92, 106, 89, 105, 105, 85, 92, 87, 105, 106, 93, 105, 88, 105, 105, 84, 94, 105, 105, 105, 105, 106, 105, 85, 106, 107, 105, 98, 105, 93, 92, 87, 91, 105, 85, 106, 87, 105, 106, 105, 98, 105, 105, 107, 101, 105, 105, 105, 105, 105, 107, 90, 105], "episode_types": ["t", "t", "t", "t", "t", "t", "t", "t", "t", "t", "t", "t", "t", "t", "t", "t", "t", "t", "t", "t", "t", "t", "t", "t", "t", "t", "t", "t", "t", "t", "t", "t", "t", "t", "t", "t", "t", "t", "t", "t", "t", "t", "t", "t", "t", "t", "t", "t", "t", "t", "t", "t", "t", "t", "t", "t", "t", "t", "t", "t", "t", "t", "t", "t", "t", "t", "t", "t", "t", "t", "t", "t", "t", "t", "t", "t", "t", "t", "t", "t", "t", "t", "t", "t", "t", "t", "t", "t", "t", "t", "t", "t", "t", "t", "t", "t", "t", "t", "t", "t"], "timestamps": [1526269655.4059968, 1526269655.6084578, 1526269655.6430254, 1526269655.679161, 1526269655.7196097, 1526269655.755273, 1526269655.7876606, 1526269655.8274007, 1526269655.867007, 1526269655.9064026, 1526269655.946198, 1526269655.9812799, 1526269656.0157623, 1526269656.0554607, 1526269656.0981925, 1526269656.1382468, 1526269656.1755443, 1526269656.2152042, 1526269656.246679, 1526269656.2864559, 1526269656.324282, 1526269656.3642642, 1526269656.3974817, 1526269656.4371457, 1526269656.4767668, 1526269656.5088346, 1526269656.5432892, 1526269656.5761147, 1526269656.61572, 1526269656.6549168, 1526269656.6948917, 1526269656.7265272, 1526269656.759527, 1526269656.7992544, 1526269656.8322752, 1526269656.8721066, 1526269656.9037058, 1526269656.9432383, 1526269656.9771295, 1526269657.0167599, 1526269657.0562367, 1526269657.099451, 1526269657.139435, 1526269657.1733513, 1526269657.212982, 1526269657.2453523, 1526269657.2871127, 1526269657.3222017, 1526269657.3622158, 1526269657.3959959, 1526269657.4360726, 1526269657.4760087, 1526269657.5081675, 1526269657.542913, 1526269657.5758345, 1526269657.6174748, 1526269657.6579592, 1526269657.693251, 1526269657.7329495, 1526269657.766032, 1526269657.8055232, 1526269657.845107, 1526269657.876894, 1526269657.912176, 1526269657.9515257, 1526269657.9910903, 1526269658.0306137, 1526269658.070324, 1526269658.1132302, 1526269658.1533577, 1526269658.1853302, 1526269658.2253582, 1526269658.2658074, 1526269658.3056257, 1526269658.3422828, 1526269658.3819995, 1526269658.417271, 1526269658.451948, 1526269658.4849193, 1526269658.5194056, 1526269658.5590127, 1526269658.591415, 1526269658.6316214, 1526269658.6649458, 1526269658.704671, 1526269658.7444963, 1526269658.7840426, 1526269658.820837, 1526269658.8601758, 1526269658.899946, 1526269658.940636, 1526269658.9785826, 1526269659.0184717, 1526269659.058318, 1526269659.1010146, 1526269659.1413164, 1526269659.1810853, 1526269659.2214499, 1526269659.2551744, 1526269659.2950017]}