{"initial_reset_timestamp": 1526235091.075214, "episode_rewards": [-155.0, -110.0, -93.0, -96.0, -109.0, -89.0, -109.0, -90.0, -146.0, -170.0, -150.0, -90.0, -88.0, -109.0, -163.0, -109.0, -111.0, -111.0, -110.0, -92.0, -109.0, -111.0, -164.0, -109.0, -170.0, -110.0, -89.0, -94.0, -149.0, -110.0, -111.0, -90.0, -93.0, -100.0, -97.0, -151.0, -89.0, -95.0, -91.0, -170.0, -92.0, -109.0, -167.0, -159.0, -111.0, -110.0, -111.0, -156.0, -109.0, -110.0, -93.0, -116.0, -151.0, -87.0, -109.0, -109.0, -147.0, -110.0, -95.0, -168.0, -155.0, -167.0, -109.0, -110.0, -147.0, -90.0, -155.0, -108.0, -163.0, -110.0, -111.0, -109.0, -113.0, -164.0, -96.0, -89.0, -111.0, -89.0, -109.0, -90.0, -95.0, -87.0, -109.0, -168.0, -88.0, -91.0, -111.0, -149.0, -92.0, -151.0, -99.0, -96.0, -121.0, -96.0, -111.0, -159.0, -92.0, -88.0, -159.0, -111.0], "episode_lengths": [155, 110, 93, 96, 109, 89, 109, 90, 146, 170, 150, 90, 88, 109, 163, 109, 111, 111, 110, 92, 109, 111, 164, 109, 170, 110, 89, 94, 149, 110, 111, 90, 93, 100, 97, 151, 89, 95, 91, 170, 92, 109, 167, 159, 111, 110, 111, 156, 109, 110, 93, 116, 151, 87, 109, 109, 147, 110, 95, 168, 155, 167, 109, 110, 147, 90, 155, 108, 163, 110, 111, 109, 113, 164, 96, 89, 111, 89, 109, 90, 95, 87, 109, 168, 88, 91, 111, 149, 92, 151, 99, 96, 121, 96, 111, 159, 92, 88, 159, 111], "episode_types": ["t", "t", "t", "t", "t", "t", "t", "t", "t", "t", "t", "t", "t", "t", "t", "t", "t", "t", "t", "t", "t", "t", "t", "t", "t", "t", "t", "t", "t", "t", "t", "t", "t", "t", "t", "t", "t", "t", "t", "t", "t", "t", "t", "t", "t", "t", "t", "t", "t", "t", "t", "t", "t", "t", "t", "t", "t", "t", "t", "t", "t", "t", "t", "t", "t", "t", "t", "t", "t", "t", "t", "t", "t", "t", "t", "t", "t", "t", "t", "t", "t", "t", "t", "t", "t", "t", "t", "t", "t", "t", "t", "t", "t", "t", "t", "t", "t", "t", "t", "t"], "timestamps": [1526235095.1075132, 1526235095.3275616, 1526235095.3615682, 1526235095.3966253, 1526235095.4369297, 1526235095.4694514, 1526235095.5097466, 1526235095.5425599, 1526235095.596169, 1526235095.6606624, 1526235095.7201052, 1526235095.753122, 1526235095.785245, 1526235095.8255205, 1526235095.8851736, 1526235095.9253726, 1526235095.96602, 1526235096.0071619, 1526235096.047724, 1526235096.0815027, 1526235096.1217566, 1526235096.1630244, 1526235096.2239077, 1526235096.2666001, 1526235096.3293076, 1526235096.3695807, 1526235096.4020572, 1526235096.4365823, 1526235096.4912665, 1526235096.5317314, 1526235096.5724156, 1526235096.6052032, 1526235096.6397066, 1526235096.6761487, 1526235096.7153053, 1526235096.7710876, 1526235096.8036752, 1526235096.8386784, 1526235096.8738453, 1526235096.9363177, 1526235096.969996, 1526235097.0108705, 1526235097.0722747, 1526235097.1308267, 1526235097.1721222, 1526235097.2131045, 1526235097.2540781, 1526235097.3118045, 1526235097.3518538, 1526235097.392202, 1526235097.426258, 1526235097.4703984, 1526235097.5261297, 1526235097.5580425, 1526235097.5982108, 1526235097.638569, 1526235097.7026434, 1526235097.7439585, 1526235097.7787073, 1526235097.840258, 1526235097.8971708, 1526235097.9582732, 1526235097.9988353, 1526235098.0394413, 1526235098.094606, 1526235098.128021, 1526235098.185339, 1526235098.225802, 1526235098.2863262, 1526235098.3273003, 1526235098.3680415, 1526235098.4079683, 1526235098.449296, 1526235098.5094569, 1526235098.5449579, 1526235098.5774996, 1526235098.6183531, 1526235098.6530683, 1526235098.6952133, 1526235098.7306097, 1526235098.7656572, 1526235098.797569, 1526235098.838044, 1526235098.899788, 1526235098.9323645, 1526235098.9657633, 1526235099.0071673, 1526235099.0629168, 1526235099.0967796, 1526235099.1530426, 1526235099.189296, 1526235099.2246614, 1526235099.270523, 1526235099.3059244, 1526235099.3467565, 1526235099.4051273, 1526235099.4387093, 1526235099.4707832, 1526235099.5290556, 1526235099.5695856]}