{"initial_reset_timestamp": 1526237849.6206477, "episode_rewards": [-92.0, -107.0, -87.0, -106.0, -86.0, -105.0, -85.0, -105.0, -106.0, -85.0, -98.0, -105.0, -92.0, -105.0, -86.0, -106.0, -106.0, -84.0, -105.0, -106.0, -85.0, -106.0, -105.0, -106.0, -88.0, -105.0, -105.0, -94.0, -105.0, -106.0, -105.0, -105.0, -105.0, -87.0, -93.0, -89.0, -95.0, -89.0, -84.0, -89.0, -97.0, -105.0, -105.0, -98.0, -105.0, -85.0, -106.0, -105.0, -93.0, -92.0, -105.0, -105.0, -85.0, -90.0, -105.0, -105.0, -89.0, -101.0, -105.0, -107.0, -106.0, -107.0, -107.0, -90.0, -86.0, -107.0, -107.0, -84.0, -105.0, -105.0, -105.0, -88.0, -105.0, -105.0, -89.0, -106.0, -106.0, -105.0, -89.0, -106.0, -85.0, -105.0, -106.0, -105.0, -92.0, -107.0, -100.0, -85.0, -105.0, -106.0, -107.0, -103.0, -106.0, -94.0, -107.0, -90.0, -107.0, -105.0, -105.0, -105.0], "episode_lengths": [92, 107, 87, 106, 86, 105, 85, 105, 106, 85, 98, 105, 92, 105, 86, 106, 106, 84, 105, 106, 85, 106, 105, 106, 88, 105, 105, 94, 105, 106, 105, 105, 105, 87, 93, 89, 95, 89, 84, 89, 97, 105, 105, 98, 105, 85, 106, 105, 93, 92, 105, 105, 85, 90, 105, 105, 89, 101, 105, 107, 106, 107, 107, 90, 86, 107, 107, 84, 105, 105, 105, 88, 105, 105, 89, 106, 106, 105, 89, 106, 85, 105, 106, 105, 92, 107, 100, 85, 105, 106, 107, 103, 106, 94, 107, 90, 107, 105, 105, 105], "episode_types": ["t", "t", "t", "t", "t", "t", "t", "t", "t", "t", "t", "t", "t", "t", "t", "t", "t", "t", "t", "t", "t", "t", "t", "t", "t", "t", "t", "t", "t", "t", "t", "t", "t", "t", "t", "t", "t", "t", "t", "t", "t", "t", "t", "t", "t", "t", "t", "t", "t", "t", "t", "t", "t", "t", "t", "t", "t", "t", "t", "t", "t", "t", "t", "t", "t", "t", "t", "t", "t", "t", "t", "t", "t", "t", "t", "t", "t", "t", "t", "t", "t", "t", "t", "t", "t", "t", "t", "t", "t", "t", "t", "t", "t", "t", "t", "t", "t", "t", "t", "t"], "timestamps": [1526237852.031853, 1526237852.2769537, 1526237852.316409, 1526237852.3632803, 1526237852.4027643, 1526237852.4487736, 1526237852.4843433, 1526237852.5267425, 1526237852.5808358, 1526237852.617989, 1526237852.6552968, 1526237852.6948566, 1526237852.7293723, 1526237852.7687387, 1526237852.801064, 1526237852.8414443, 1526237852.8815653, 1526237852.9154723, 1526237852.9554737, 1526237852.9957864, 1526237853.0281224, 1526237853.0682375, 1526237853.1082575, 1526237853.148743, 1526237853.184819, 1526237853.2245429, 1526237853.2642083, 1526237853.2995777, 1526237853.3392096, 1526237853.3791013, 1526237853.4189181, 1526237853.4583907, 1526237853.49947, 1526237853.5382667, 1526237853.5843961, 1526237853.6181035, 1526237853.6541848, 1526237853.6875675, 1526237853.7193332, 1526237853.7529504, 1526237853.7892118, 1526237853.8288703, 1526237853.868482, 1526237853.9053233, 1526237853.9450629, 1526237853.97694, 1526237854.0172083, 1526237854.0571089, 1526237854.0943232, 1526237854.129613, 1526237854.1697, 1526237854.209389, 1526237854.2416203, 1526237854.2753592, 1526237854.3151126, 1526237854.354716, 1526237854.388052, 1526237854.425989, 1526237854.4653003, 1526237854.505547, 1526237854.547648, 1526237854.5911913, 1526237854.6318078, 1526237854.6659791, 1526237854.6982472, 1526237854.738429, 1526237854.778471, 1526237854.8100383, 1526237854.8499258, 1526237854.897027, 1526237854.9371405, 1526237854.9701886, 1526237855.0102112, 1526237855.0499465, 1526237855.0838456, 1526237855.1241899, 1526237855.1646848, 1526237855.2041335, 1526237855.2378561, 1526237855.2777743, 1526237855.309865, 1526237855.3495393, 1526237855.3895638, 1526237855.429263, 1526237855.4636679, 1526237855.504204, 1526237855.551769, 1526237855.5852394, 1526237855.6248136, 1526237855.664857, 1526237855.705136, 1526237855.7450423, 1526237855.7856352, 1526237855.8213332, 1526237855.8619778, 1526237855.896012, 1526237855.9366539, 1526237855.9762793, 1526237856.0159235, 1526237856.0559747]}