{"initial_reset_timestamp": 1526276953.1613157, "episode_rewards": [-89.0, -105.0, -105.0, -164.0, -86.0, -105.0, -166.0, -101.0, -105.0, -96.0, -106.0, -105.0, -105.0, -84.0, -105.0, -88.0, -105.0, -105.0, -91.0, -84.0, -105.0, -105.0, -110.0, -93.0, -163.0, -106.0, -105.0, -89.0, -90.0, -105.0, -105.0, -105.0, -84.0, -105.0, -85.0, -93.0, -86.0, -84.0, -88.0, -105.0, -105.0, -105.0, -105.0, -85.0, -94.0, -112.0, -105.0, -105.0, -93.0, -105.0, -105.0, -105.0, -105.0, -89.0, -96.0, -109.0, -105.0, -105.0, -105.0, -105.0, -118.0, -105.0, -170.0, -105.0, -105.0, -105.0, -105.0, -105.0, -98.0, -163.0, -105.0, -93.0, -105.0, -84.0, -166.0, -89.0, -105.0, -86.0, -106.0, -105.0, -93.0, -107.0, -105.0, -105.0, -105.0, -105.0, -90.0, -105.0, -105.0, -102.0, -98.0, -105.0, -105.0, -104.0, -162.0, -105.0, -105.0, -105.0, -164.0, -87.0], "episode_lengths": [89, 105, 105, 164, 86, 105, 166, 101, 105, 96, 106, 105, 105, 84, 105, 88, 105, 105, 91, 84, 105, 105, 110, 93, 163, 106, 105, 89, 90, 105, 105, 105, 84, 105, 85, 93, 86, 84, 88, 105, 105, 105, 105, 85, 94, 112, 105, 105, 93, 105, 105, 105, 105, 89, 96, 109, 105, 105, 105, 105, 118, 105, 170, 105, 105, 105, 105, 105, 98, 163, 105, 93, 105, 84, 166, 89, 105, 86, 106, 105, 93, 107, 105, 105, 105, 105, 90, 105, 105, 102, 98, 105, 105, 104, 162, 105, 105, 105, 164, 87], "episode_types": ["t", "t", "t", "t", "t", "t", "t", "t", "t", "t", "t", "t", "t", "t", "t", "t", "t", "t", "t", "t", "t", "t", "t", "t", "t", "t", "t", "t", "t", "t", "t", "t", "t", "t", "t", "t", "t", "t", "t", "t", "t", "t", "t", "t", "t", "t", "t", "t", "t", "t", "t", "t", "t", "t", "t", "t", "t", "t", "t", "t", "t", "t", "t", "t", "t", "t", "t", "t", "t", "t", "t", "t", "t", "t", "t", "t", "t", "t", "t", "t", "t", "t", "t", "t", "t", "t", "t", "t", "t", "t", "t", "t", "t", "t", "t", "t", "t", "t", "t", "t"], "timestamps": [1526276954.6567473, 1526276954.7549803, 1526276954.7699513, 1526276954.794861, 1526276954.808309, 1526276954.824335, 1526276954.849018, 1526276954.8644283, 1526276954.880181, 1526276954.894722, 1526276954.910792, 1526276954.9267528, 1526276954.9426234, 1526276954.955688, 1526276954.9715807, 1526276954.9843247, 1526276955.0001066, 1526276955.01609, 1526276955.029774, 1526276955.0426831, 1526276955.058652, 1526276955.0745661, 1526276955.0909874, 1526276955.1051953, 1526276955.129228, 1526276955.1479878, 1526276955.163988, 1526276955.1778178, 1526276955.1905046, 1526276955.2066085, 1526276955.222458, 1526276955.2383022, 1526276955.250249, 1526276955.2662337, 1526276955.2791953, 1526276955.2932951, 1526276955.306676, 1526276955.3193169, 1526276955.3320978, 1526276955.3479311, 1526276955.3639417, 1526276955.3799424, 1526276955.3959408, 1526276955.4090831, 1526276955.4234235, 1526276955.4401338, 1526276955.4561818, 1526276955.4721613, 1526276955.4857926, 1526276955.5013406, 1526276955.5175922, 1526276955.5335937, 1526276955.549491, 1526276955.5632784, 1526276955.577939, 1526276955.595152, 1526276955.6116626, 1526276955.6282008, 1526276955.644857, 1526276955.6611736, 1526276955.6789546, 1526276955.6950555, 1526276955.7209113, 1526276955.7369106, 1526276955.7527401, 1526276955.7688673, 1526276955.7849128, 1526276955.8008442, 1526276955.8152554, 1526276955.83839, 1526276955.8529298, 1526276955.8658328, 1526276955.8804204, 1526276955.892159, 1526276955.915374, 1526276955.927811, 1526276955.942285, 1526276955.9542754, 1526276955.9689949, 1526276955.9835875, 1526276955.996426, 1526276956.0112174, 1526276956.0271614, 1526276956.0422678, 1526276956.056831, 1526276956.071466, 1526276956.0839384, 1526276956.0985558, 1526276956.113245, 1526276956.1273885, 1526276956.1430569, 1526276956.1579626, 1526276956.1726565, 1526276956.1871424, 1526276956.2097712, 1526276956.2243056, 1526276956.238874, 1526276956.2534332, 1526276956.2761579, 1526276956.2882311]}