{"initial_reset_timestamp": 1526255238.0498407, "episode_rewards": [-89.0, -121.0, -150.0, -86.0, -105.0, -152.0, -105.0, -146.0, -161.0, -105.0, -150.0, -91.0, -88.0, -105.0, -105.0, -105.0, -105.0, -147.0, -89.0, -105.0, -105.0, -149.0, -161.0, -85.0, -86.0, -164.0, -105.0, -100.0, -147.0, -167.0, -106.0, -90.0, -176.0, -105.0, -97.0, -177.0, -167.0, -105.0, -89.0, -89.0, -105.0, -95.0, -86.0, -85.0, -105.0, -85.0, -84.0, -168.0, -97.0, -105.0, -88.0, -150.0, -86.0, -157.0, -165.0, -87.0, -105.0, -105.0, -105.0, -106.0, -167.0, -105.0, -105.0, -99.0, -155.0, -147.0, -123.0, -105.0, -89.0, -156.0, -89.0, -95.0, -176.0, -93.0, -87.0, -166.0, -97.0, -105.0, -85.0, -108.0, -105.0, -150.0, -100.0, -105.0, -90.0, -149.0, -105.0, -105.0, -105.0, -167.0, -167.0, -105.0, -105.0, -92.0, -157.0, -86.0, -105.0, -90.0, -152.0, -88.0], "episode_lengths": [89, 121, 150, 86, 105, 152, 105, 146, 161, 105, 150, 91, 88, 105, 105, 105, 105, 147, 89, 105, 105, 149, 161, 85, 86, 164, 105, 100, 147, 167, 106, 90, 176, 105, 97, 177, 167, 105, 89, 89, 105, 95, 86, 85, 105, 85, 84, 168, 97, 105, 88, 150, 86, 157, 165, 87, 105, 105, 105, 106, 167, 105, 105, 99, 155, 147, 123, 105, 89, 156, 89, 95, 176, 93, 87, 166, 97, 105, 85, 108, 105, 150, 100, 105, 90, 149, 105, 105, 105, 167, 167, 105, 105, 92, 157, 86, 105, 90, 152, 88], "episode_types": ["t", "t", "t", "t", "t", "t", "t", "t", "t", "t", "t", "t", "t", "t", "t", "t", "t", "t", "t", "t", "t", "t", "t", "t", "t", "t", "t", "t", "t", "t", "t", "t", "t", "t", "t", "t", "t", "t", "t", "t", "t", "t", "t", "t", "t", "t", "t", "t", "t", "t", "t", "t", "t", "t", "t", "t", "t", "t", "t", "t", "t", "t", "t", "t", "t", "t", "t", "t", "t", "t", "t", "t", "t", "t", "t", "t", "t", "t", "t", "t", "t", "t", "t", "t", "t", "t", "t", "t", "t", "t", "t", "t", "t", "t", "t", "t", "t", "t", "t", "t"], "timestamps": [1526255239.544339, 1526255239.6420474, 1526255239.6636126, 1526255239.675722, 1526255239.6903377, 1526255239.7130134, 1526255239.728587, 1526255239.7493637, 1526255239.7718604, 1526255239.7863462, 1526255239.807228, 1526255239.8198786, 1526255239.832113, 1526255239.8478007, 1526255239.8627253, 1526255239.87735, 1526255239.8919373, 1526255239.912403, 1526255239.9247344, 1526255239.9394941, 1526255239.9540617, 1526255239.9750774, 1526255239.9976234, 1526255240.0095427, 1526255240.0215907, 1526255240.044573, 1526255240.059222, 1526255240.0731633, 1526255240.0998807, 1526255240.127983, 1526255240.1437564, 1526255240.1575644, 1526255240.1832938, 1526255240.1988897, 1526255240.2133572, 1526255240.2394845, 1526255240.26472, 1526255240.2805097, 1526255240.2939584, 1526255240.3069773, 1526255240.3222654, 1526255240.336688, 1526255240.3495996, 1526255240.362595, 1526255240.378472, 1526255240.3911622, 1526255240.4032574, 1526255240.4289062, 1526255240.4442253, 1526255240.4602702, 1526255240.472771, 1526255240.4963164, 1526255240.5091422, 1526255240.5329664, 1526255240.5578523, 1526255240.5711522, 1526255240.587291, 1526255240.6038744, 1526255240.619966, 1526255240.6363485, 1526255240.6627507, 1526255240.6789541, 1526255240.6949413, 1526255240.7104714, 1526255240.7335646, 1526255240.7556067, 1526255240.773837, 1526255240.7896159, 1526255240.8030734, 1526255240.8269472, 1526255240.839659, 1526255240.8538609, 1526255240.8805983, 1526255240.8945553, 1526255240.906801, 1526255240.9320643, 1526255240.9468079, 1526255240.9626105, 1526255240.9745824, 1526255240.9905536, 1526255241.0061774, 1526255241.028964, 1526255241.0438418, 1526255241.0589008, 1526255241.0721438, 1526255241.0970192, 1526255241.1133542, 1526255241.129429, 1526255241.1455417, 1526255241.1694365, 1526255241.1926982, 1526255241.207262, 1526255241.2217894, 1526255241.2344668, 1526255241.256255, 1526255241.2682655, 1526255241.282917, 1526255241.2953987, 1526255241.3165004, 1526255241.3286967]}