{"initial_reset_timestamp": 1526240331.8271668, "episode_rewards": [-105.0, -93.0, -93.0, -105.0, -88.0, -158.0, -149.0, -99.0, -96.0, -105.0, -110.0, -105.0, -146.0, -164.0, -105.0, -105.0, -105.0, -88.0, -146.0, -86.0, -105.0, -105.0, -94.0, -148.0, -105.0, -105.0, -91.0, -105.0, -105.0, -105.0, -154.0, -105.0, -90.0, -101.0, -85.0, -94.0, -105.0, -87.0, -105.0, -164.0, -89.0, -93.0, -86.0, -105.0, -105.0, -90.0, -154.0, -99.0, -154.0, -105.0, -105.0, -105.0, -91.0, -154.0, -105.0, -88.0, -91.0, -105.0, -96.0, -105.0, -105.0, -105.0, -105.0, -88.0, -105.0, -118.0, -158.0, -147.0, -105.0, -105.0, -105.0, -147.0, -105.0, -96.0, -105.0, -105.0, -89.0, -105.0, -91.0, -87.0, -88.0, -105.0, -105.0, -158.0, -105.0, -105.0, -154.0, -105.0, -157.0, -105.0, -105.0, -85.0, -91.0, -154.0, -89.0, -116.0, -164.0, -105.0, -105.0, -89.0], "episode_lengths": [105, 93, 93, 105, 88, 158, 149, 99, 96, 105, 110, 105, 146, 164, 105, 105, 105, 88, 146, 86, 105, 105, 94, 148, 105, 105, 91, 105, 105, 105, 154, 105, 90, 101, 85, 94, 105, 87, 105, 164, 89, 93, 86, 105, 105, 90, 154, 99, 154, 105, 105, 105, 91, 154, 105, 88, 91, 105, 96, 105, 105, 105, 105, 88, 105, 118, 158, 147, 105, 105, 105, 147, 105, 96, 105, 105, 89, 105, 91, 87, 88, 105, 105, 158, 105, 105, 154, 105, 157, 105, 105, 85, 91, 154, 89, 116, 164, 105, 105, 89], "episode_types": ["t", "t", "t", "t", "t", "t", "t", "t", "t", "t", "t", "t", "t", "t", "t", "t", "t", "t", "t", "t", "t", "t", "t", "t", "t", "t", "t", "t", "t", "t", "t", "t", "t", "t", "t", "t", "t", "t", "t", "t", "t", "t", "t", "t", "t", "t", "t", "t", "t", "t", "t", "t", "t", "t", "t", "t", "t", "t", "t", "t", "t", "t", "t", "t", "t", "t", "t", "t", "t", "t", "t", "t", "t", "t", "t", "t", "t", "t", "t", "t", "t", "t", "t", "t", "t", "t", "t", "t", "t", "t", "t", "t", "t", "t", "t", "t", "t", "t", "t", "t"], "timestamps": [1526240334.5461938, 1526240334.8293982, 1526240334.8649592, 1526240334.9062457, 1526240334.9389837, 1526240335.0093472, 1526240335.0645304, 1526240335.1012058, 1526240335.1373224, 1526240335.1763682, 1526240335.2173657, 1526240335.2564373, 1526240335.3115084, 1526240335.3728218, 1526240335.4119804, 1526240335.4512632, 1526240335.491414, 1526240335.5241766, 1526240335.5780125, 1526240335.6112719, 1526240335.6504529, 1526240335.6897025, 1526240335.7241118, 1526240335.7785132, 1526240335.8217585, 1526240335.860578, 1526240335.8940768, 1526240335.9327738, 1526240335.971606, 1526240336.0103705, 1526240336.0668874, 1526240336.1077251, 1526240336.1418495, 1526240336.1789982, 1526240336.210585, 1526240336.2453578, 1526240336.2842598, 1526240336.3177075, 1526240336.3567433, 1526240336.4175973, 1526240336.4502842, 1526240336.484165, 1526240336.515786, 1526240336.5544178, 1526240336.593128, 1526240336.6259468, 1526240336.6827652, 1526240336.721222, 1526240336.7779891, 1526240336.836361, 1526240336.8751993, 1526240336.9137151, 1526240336.9469697, 1526240337.0056744, 1526240337.0455523, 1526240337.0786836, 1526240337.1131604, 1526240337.153418, 1526240337.1895196, 1526240337.2295952, 1526240337.269671, 1526240337.312003, 1526240337.352123, 1526240337.3853369, 1526240337.4256651, 1526240337.4705763, 1526240337.5301437, 1526240337.58609, 1526240337.6258287, 1526240337.6660895, 1526240337.705849, 1526240337.761447, 1526240337.8018558, 1526240337.841604, 1526240337.8813314, 1526240337.9215178, 1526240337.9548426, 1526240337.9941561, 1526240338.0281491, 1526240338.0606794, 1526240338.0934432, 1526240338.1328366, 1526240338.172511, 1526240338.2315638, 1526240338.2712855, 1526240338.310997, 1526240338.3692143, 1526240338.4088051, 1526240338.4677007, 1526240338.5089653, 1526240338.5483963, 1526240338.5801785, 1526240338.6144176, 1526240338.6722841, 1526240338.7057235, 1526240338.7487442, 1526240338.828935, 1526240338.868989, 1526240338.9083178, 1526240338.9416475]}