{"initial_reset_timestamp": 1526252774.4494987, "episode_rewards": [-106.0, -105.0, -101.0, -105.0, -85.0, -105.0, -89.0, -105.0, -105.0, -105.0, -105.0, -105.0, -105.0, -105.0, -107.0, -86.0, -105.0, -90.0, -106.0, -105.0, -105.0, -105.0, -105.0, -89.0, -103.0, -106.0, -86.0, -105.0, -86.0, -105.0, -105.0, -105.0, -105.0, -105.0, -105.0, -105.0, -105.0, -95.0, -105.0, -86.0, -97.0, -106.0, -105.0, -105.0, -105.0, -93.0, -105.0, -86.0, -166.0, -106.0, -105.0, -165.0, -105.0, -105.0, -105.0, -88.0, -105.0, -105.0, -90.0, -105.0, -103.0, -105.0, -105.0, -97.0, -105.0, -116.0, -91.0, -166.0, -173.0, -86.0, -88.0, -105.0, -105.0, -105.0, -105.0, -90.0, -90.0, -174.0, -105.0, -92.0, -93.0, -88.0, -105.0, -85.0, -97.0, -89.0, -105.0, -166.0, -86.0, -105.0, -87.0, -105.0, -95.0, -91.0, -114.0, -105.0, -105.0, -105.0, -105.0, -85.0], "episode_lengths": [106, 105, 101, 105, 85, 105, 89, 105, 105, 105, 105, 105, 105, 105, 107, 86, 105, 90, 106, 105, 105, 105, 105, 89, 103, 106, 86, 105, 86, 105, 105, 105, 105, 105, 105, 105, 105, 95, 105, 86, 97, 106, 105, 105, 105, 93, 105, 86, 166, 106, 105, 165, 105, 105, 105, 88, 105, 105, 90, 105, 103, 105, 105, 97, 105, 116, 91, 166, 173, 86, 88, 105, 105, 105, 105, 90, 90, 174, 105, 92, 93, 88, 105, 85, 97, 89, 105, 166, 86, 105, 87, 105, 95, 91, 114, 105, 105, 105, 105, 85], "episode_types": ["t", "t", "t", "t", "t", "t", "t", "t", "t", "t", "t", "t", "t", "t", "t", "t", "t", "t", "t", "t", "t", "t", "t", "t", "t", "t", "t", "t", "t", "t", "t", "t", "t", "t", "t", "t", "t", "t", "t", "t", "t", "t", "t", "t", "t", "t", "t", "t", "t", "t", "t", "t", "t", "t", "t", "t", "t", "t", "t", "t", "t", "t", "t", "t", "t", "t", "t", "t", "t", "t", "t", "t", "t", "t", "t", "t", "t", "t", "t", "t", "t", "t", "t", "t", "t", "t", "t", "t", "t", "t", "t", "t", "t", "t", "t", "t", "t", "t", "t", "t"], "timestamps": [1526252776.233521, 1526252776.3304045, 1526252776.3447971, 1526252776.3606622, 1526252776.3727314, 1526252776.3874707, 1526252776.3998442, 1526252776.4146163, 1526252776.4292896, 1526252776.4439137, 1526252776.4584792, 1526252776.4730525, 1526252776.4876485, 1526252776.502226, 1526252776.5195317, 1526252776.532809, 1526252776.5489626, 1526252776.5624557, 1526252776.577619, 1526252776.5932286, 1526252776.6091075, 1526252776.6249247, 1526252776.6410735, 1526252776.6545877, 1526252776.6700177, 1526252776.6858797, 1526252776.6989005, 1526252776.7149262, 1526252776.7278395, 1526252776.7434483, 1526252776.7591546, 1526252776.7755036, 1526252776.791191, 1526252776.8068936, 1526252776.8228912, 1526252776.8388329, 1526252776.8547497, 1526252776.8691163, 1526252776.8848252, 1526252776.8979237, 1526252776.912122, 1526252776.9281826, 1526252776.944367, 1526252776.9604132, 1526252776.9767601, 1526252776.9952948, 1526252777.0120008, 1526252777.0253763, 1526252777.0513458, 1526252777.0677266, 1526252777.0841906, 1526252777.1092315, 1526252777.1253543, 1526252777.1418488, 1526252777.1583948, 1526252777.172006, 1526252777.18796, 1526252777.2040083, 1526252777.2181304, 1526252777.2341435, 1526252777.249824, 1526252777.265876, 1526252777.2818453, 1526252777.2955275, 1526252777.3117988, 1526252777.3300047, 1526252777.343682, 1526252777.3695698, 1526252777.3954763, 1526252777.4089327, 1526252777.4226239, 1526252777.4385564, 1526252777.4544952, 1526252777.4704733, 1526252777.486393, 1526252777.5002005, 1526252777.515626, 1526252777.5416043, 1526252777.5569808, 1526252777.5704792, 1526252777.5841506, 1526252777.5968082, 1526252777.6118274, 1526252777.6236618, 1526252777.6373968, 1526252777.6504624, 1526252777.6658714, 1526252777.6892684, 1526252777.7011597, 1526252777.7159247, 1526252777.7279322, 1526252777.7426152, 1526252777.7557352, 1526252777.768305, 1526252777.783983, 1526252777.7985964, 1526252777.813493, 1526252777.8280692, 1526252777.8427038, 1526252777.8544555]}