{"initial_reset_timestamp": 1526244033.93137, "episode_rewards": [-104.0, -104.0, -105.0, -104.0, -105.0, -90.0, -104.0, -160.0, -101.0, -92.0, -85.0, -88.0, -90.0, -105.0, -105.0, -105.0, -166.0, -98.0, -104.0, -89.0, -163.0, -105.0, -104.0, -105.0, -91.0, -98.0, -177.0, -104.0, -105.0, -105.0, -105.0, -98.0, -105.0, -104.0, -105.0, -98.0, -105.0, -103.0, -105.0, -104.0, -105.0, -92.0, -105.0, -167.0, -170.0, -104.0, -91.0, -105.0, -87.0, -90.0, -105.0, -104.0, -104.0, -105.0, -91.0, -104.0, -105.0, -104.0, -174.0, -105.0, -105.0, -87.0, -101.0, -105.0, -124.0, -105.0, -105.0, -117.0, -105.0, -85.0, -85.0, -105.0, -91.0, -103.0, -104.0, -105.0, -170.0, -105.0, -105.0, -162.0, -85.0, -89.0, -91.0, -102.0, -86.0, -105.0, -105.0, -104.0, -104.0, -160.0, -85.0, -119.0, -166.0, -104.0, -105.0, -165.0, -105.0, -104.0, -105.0, -88.0], "episode_lengths": [104, 104, 105, 104, 105, 90, 104, 160, 101, 92, 85, 88, 90, 105, 105, 105, 166, 98, 104, 89, 163, 105, 104, 105, 91, 98, 177, 104, 105, 105, 105, 98, 105, 104, 105, 98, 105, 103, 105, 104, 105, 92, 105, 167, 170, 104, 91, 105, 87, 90, 105, 104, 104, 105, 91, 104, 105, 104, 174, 105, 105, 87, 101, 105, 124, 105, 105, 117, 105, 85, 85, 105, 91, 103, 104, 105, 170, 105, 105, 162, 85, 89, 91, 102, 86, 105, 105, 104, 104, 160, 85, 119, 166, 104, 105, 165, 105, 104, 105, 88], "episode_types": ["t", "t", "t", "t", "t", "t", "t", "t", "t", "t", "t", "t", "t", "t", "t", "t", "t", "t", "t", "t", "t", "t", "t", "t", "t", "t", "t", "t", "t", "t", "t", "t", "t", "t", "t", "t", "t", "t", "t", "t", "t", "t", "t", "t", "t", "t", "t", "t", "t", "t", "t", "t", "t", "t", "t", "t", "t", "t", "t", "t", "t", "t", "t", "t", "t", "t", "t", "t", "t", "t", "t", "t", "t", "t", "t", "t", "t", "t", "t", "t", "t", "t", "t", "t", "t", "t", "t", "t", "t", "t", "t", "t", "t", "t", "t", "t", "t", "t", "t", "t"], "timestamps": [1526244035.6631756, 1526244035.759663, 1526244035.7748916, 1526244035.7892735, 1526244035.803886, 1526244035.8164217, 1526244035.8308358, 1526244035.8530674, 1526244035.8671582, 1526244035.8799558, 1526244035.8998954, 1526244035.91218, 1526244035.9246244, 1526244035.9391146, 1526244035.9558873, 1526244035.9713943, 1526244035.996954, 1526244036.0120318, 1526244036.0277524, 1526244036.0402195, 1526244036.0656123, 1526244036.0816128, 1526244036.0974877, 1526244036.113597, 1526244036.1273959, 1526244036.1418164, 1526244036.1687853, 1526244036.1847656, 1526244036.2007823, 1526244036.2168899, 1526244036.2329054, 1526244036.2478156, 1526244036.2639487, 1526244036.2799664, 1526244036.2960382, 1526244036.3105378, 1526244036.326273, 1526244036.341791, 1526244036.3576746, 1526244036.3737047, 1526244036.3898153, 1526244036.4039814, 1526244036.4200895, 1526244036.446051, 1526244036.4712298, 1526244036.4872322, 1526244036.5012548, 1526244036.5173478, 1526244036.5307837, 1526244036.5436535, 1526244036.5593984, 1526244036.5753465, 1526244036.5912325, 1526244036.6069074, 1526244036.6206608, 1526244036.636814, 1526244036.6530087, 1526244036.6689572, 1526244036.695755, 1526244036.710956, 1526244036.7269006, 1526244036.7400749, 1526244036.755281, 1526244036.7715023, 1526244036.7899826, 1526244036.8059518, 1526244036.8220353, 1526244036.8394337, 1526244036.8553917, 1526244036.8684723, 1526244036.8817778, 1526244036.9000578, 1526244036.9142065, 1526244036.9297705, 1526244036.9448762, 1526244036.9604661, 1526244036.98575, 1526244037.001078, 1526244037.016711, 1526244037.0431576, 1526244037.0557423, 1526244037.0684154, 1526244037.0813262, 1526244037.095588, 1526244037.1077883, 1526244037.1223793, 1526244037.1372259, 1526244037.1523974, 1526244037.1676059, 1526244037.1902251, 1526244037.2021618, 1526244037.2185764, 1526244037.241523, 1526244037.2559023, 1526244037.2703536, 1526244037.2932758, 1526244037.3081, 1526244037.3225043, 1526244037.3370514, 1526244037.3491445]}