{"initial_reset_timestamp": 1526238475.4164875, "episode_rewards": [-153.0, -94.0, -158.0, -105.0, -105.0, -105.0, -160.0, -93.0, -105.0, -95.0, -147.0, -149.0, -103.0, -175.0, -84.0, -105.0, -160.0, -88.0, -90.0, -91.0, -105.0, -118.0, -146.0, -95.0, -84.0, -162.0, -92.0, -105.0, -105.0, -85.0, -105.0, -151.0, -105.0, -87.0, -149.0, -105.0, -90.0, -105.0, -103.0, -149.0, -105.0, -89.0, -100.0, -87.0, -105.0, -91.0, -160.0, -88.0, -85.0, -85.0, -167.0, -85.0, -148.0, -93.0, -112.0, -157.0, -113.0, -105.0, -146.0, -87.0, -160.0, -165.0, -91.0, -105.0, -100.0, -105.0, -89.0, -124.0, -105.0, -92.0, -146.0, -105.0, -90.0, -146.0, -148.0, -105.0, -86.0, -108.0, -88.0, -105.0, -149.0, -105.0, -92.0, -105.0, -148.0, -105.0, -85.0, -85.0, -149.0, -105.0, -89.0, -105.0, -105.0, -146.0, -85.0, -102.0, -93.0, -105.0, -85.0, -107.0], "episode_lengths": [153, 94, 158, 105, 105, 105, 160, 93, 105, 95, 147, 149, 103, 175, 84, 105, 160, 88, 90, 91, 105, 118, 146, 95, 84, 162, 92, 105, 105, 85, 105, 151, 105, 87, 149, 105, 90, 105, 103, 149, 105, 89, 100, 87, 105, 91, 160, 88, 85, 85, 167, 85, 148, 93, 112, 157, 113, 105, 146, 87, 160, 165, 91, 105, 100, 105, 89, 124, 105, 92, 146, 105, 90, 146, 148, 105, 86, 108, 88, 105, 149, 105, 92, 105, 148, 105, 85, 85, 149, 105, 89, 105, 105, 146, 85, 102, 93, 105, 85, 107], "episode_types": ["t", "t", "t", "t", "t", "t", "t", "t", "t", "t", "t", "t", "t", "t", "t", "t", "t", "t", "t", "t", "t", "t", "t", "t", "t", "t", "t", "t", "t", "t", "t", "t", "t", "t", "t", "t", "t", "t", "t", "t", "t", "t", "t", "t", "t", "t", "t", "t", "t", "t", "t", "t", "t", "t", "t", "t", "t", "t", "t", "t", "t", "t", "t", "t", "t", "t", "t", "t", "t", "t", "t", "t", "t", "t", "t", "t", "t", "t", "t", "t", "t", "t", "t", "t", "t", "t", "t", "t", "t", "t", "t", "t", "t", "t", "t", "t", "t", "t", "t", "t"], "timestamps": [1526238477.9893463, 1526238478.0988314, 1526238478.123679, 1526238478.140239, 1526238478.1564622, 1526238478.1724834, 1526238478.1969166, 1526238478.2112868, 1526238478.2276201, 1526238478.242408, 1526238478.264964, 1526238478.2892654, 1526238478.3053517, 1526238478.3314505, 1526238478.3445783, 1526238478.3605564, 1526238478.384432, 1526238478.3978612, 1526238478.4114785, 1526238478.4251876, 1526238478.4407203, 1526238478.4579446, 1526238478.4792502, 1526238478.4933364, 1526238478.5060794, 1526238478.5295563, 1526238478.5425558, 1526238478.5572839, 1526238478.5717633, 1526238478.5835135, 1526238478.5980537, 1526238478.619113, 1526238478.6336262, 1526238478.6462755, 1526238478.6670876, 1526238478.6816688, 1526238478.694008, 1526238478.7085643, 1526238478.7227654, 1526238478.7434213, 1526238478.7649016, 1526238478.7776127, 1526238478.791487, 1526238478.8036187, 1526238478.8180966, 1526238478.8307078, 1526238478.8527036, 1526238478.8648326, 1526238478.8765318, 1526238478.8882513, 1526238478.9111679, 1526238478.9230044, 1526238478.9433854, 1526238478.9561377, 1526238478.971467, 1526238478.9931133, 1526238479.008687, 1526238479.0234323, 1526238479.04361, 1526238479.0556405, 1526238479.0777273, 1526238479.1013806, 1526238479.114128, 1526238479.1289358, 1526238479.1433246, 1526238479.1587565, 1526238479.1714296, 1526238479.1884892, 1526238479.2032268, 1526238479.216097, 1526238479.2365518, 1526238479.2511292, 1526238479.263611, 1526238479.2839687, 1526238479.3045666, 1526238479.319147, 1526238479.3312356, 1526238479.3461304, 1526238479.358355, 1526238479.372966, 1526238479.3935356, 1526238479.4080884, 1526238479.4207363, 1526238479.4353592, 1526238479.4557676, 1526238479.4702613, 1526238479.4819918, 1526238479.4936848, 1526238479.5143087, 1526238479.5290017, 1526238479.5412283, 1526238479.5557466, 1526238479.5702553, 1526238479.5904312, 1526238479.6021228, 1526238479.6162307, 1526238479.6291525, 1526238479.6438217, 1526238479.6555612, 1526238479.6702294]}