{"initial_reset_timestamp": 1526262102.5099578, "episode_rewards": [-88.0, -105.0, -149.0, -91.0, -105.0, -86.0, -105.0, -96.0, -101.0, -105.0, -105.0, -94.0, -88.0, -150.0, -105.0, -105.0, -93.0, -165.0, -104.0, -107.0, -105.0, -105.0, -166.0, -94.0, -91.0, -93.0, -88.0, -105.0, -105.0, -105.0, -96.0, -105.0, -105.0, -160.0, -88.0, -86.0, -87.0, -98.0, -105.0, -166.0, -105.0, -164.0, -105.0, -150.0, -99.0, -149.0, -149.0, -105.0, -92.0, -105.0, -85.0, -165.0, -105.0, -156.0, -91.0, -149.0, -163.0, -110.0, -105.0, -105.0, -94.0, -105.0, -88.0, -91.0, -105.0, -89.0, -94.0, -172.0, -99.0, -105.0, -93.0, -97.0, -94.0, -84.0, -86.0, -105.0, -105.0, -105.0, -84.0, -105.0, -105.0, -93.0, -98.0, -110.0, -149.0, -150.0, -122.0, -150.0, -105.0, -90.0, -100.0, -88.0, -88.0, -105.0, -105.0, -105.0, -153.0, -105.0, -84.0, -84.0], "episode_lengths": [88, 105, 149, 91, 105, 86, 105, 96, 101, 105, 105, 94, 88, 150, 105, 105, 93, 165, 104, 107, 105, 105, 166, 94, 91, 93, 88, 105, 105, 105, 96, 105, 105, 160, 88, 86, 87, 98, 105, 166, 105, 164, 105, 150, 99, 149, 149, 105, 92, 105, 85, 165, 105, 156, 91, 149, 163, 110, 105, 105, 94, 105, 88, 91, 105, 89, 94, 172, 99, 105, 93, 97, 94, 84, 86, 105, 105, 105, 84, 105, 105, 93, 98, 110, 149, 150, 122, 150, 105, 90, 100, 88, 88, 105, 105, 105, 153, 105, 84, 84], "episode_types": ["t", "t", "t", "t", "t", "t", "t", "t", "t", "t", "t", "t", "t", "t", "t", "t", "t", "t", "t", "t", "t", "t", "t", "t", "t", "t", "t", "t", "t", "t", "t", "t", "t", "t", "t", "t", "t", "t", "t", "t", "t", "t", "t", "t", "t", "t", "t", "t", "t", "t", "t", "t", "t", "t", "t", "t", "t", "t", "t", "t", "t", "t", "t", "t", "t", "t", "t", "t", "t", "t", "t", "t", "t", "t", "t", "t", "t", "t", "t", "t", "t", "t", "t", "t", "t", "t", "t", "t", "t", "t", "t", "t", "t", "t", "t", "t", "t", "t", "t", "t"], "timestamps": [1526262104.0048807, 1526262104.0976546, 1526262104.1187427, 1526262104.1313238, 1526262104.1468155, 1526262104.159506, 1526262104.1750286, 1526262104.1891983, 1526262104.2041082, 1526262104.2196634, 1526262104.2349236, 1526262104.2479455, 1526262104.260041, 1526262104.280884, 1526262104.295573, 1526262104.3103046, 1526262104.323209, 1526262104.3460941, 1526262104.36042, 1526262104.375154, 1526262104.3914587, 1526262104.4072998, 1526262104.4329917, 1526262104.4464328, 1526262104.460028, 1526262104.4743164, 1526262104.4881701, 1526262104.5041084, 1526262104.5202534, 1526262104.5359852, 1526262104.5502484, 1526262104.5652115, 1526262104.5813293, 1526262104.6064172, 1526262104.6197307, 1526262104.6317952, 1526262104.6450484, 1526262104.6598182, 1526262104.6754062, 1526262104.7004147, 1526262104.7155063, 1526262104.7401612, 1526262104.7558515, 1526262104.7782934, 1526262104.793159, 1526262104.8150773, 1526262104.8377728, 1526262104.852976, 1526262104.8658733, 1526262104.8815053, 1526262104.894328, 1526262104.9193482, 1526262104.9352663, 1526262104.958162, 1526262104.9717767, 1526262104.9940715, 1526262105.0230088, 1526262105.0394006, 1526262105.0551379, 1526262105.0708354, 1526262105.0858376, 1526262105.1036546, 1526262105.1162288, 1526262105.130063, 1526262105.1460447, 1526262105.159658, 1526262105.174031, 1526262105.199534, 1526262105.2143269, 1526262105.2302833, 1526262105.2446349, 1526262105.2594829, 1526262105.2739913, 1526262105.2870092, 1526262105.299322, 1526262105.315397, 1526262105.3313699, 1526262105.3473678, 1526262105.3600667, 1526262105.3756557, 1526262105.3914413, 1526262105.4054775, 1526262105.4194515, 1526262105.4349709, 1526262105.455754, 1526262105.4765115, 1526262105.4932969, 1526262105.5144243, 1526262105.529249, 1526262105.5418723, 1526262105.5556896, 1526262105.5679674, 1526262105.58012, 1526262105.5950594, 1526262105.6096063, 1526262105.624607, 1526262105.647403, 1526262105.6628768, 1526262105.6752772, 1526262105.6882675]}