{"initial_reset_timestamp": 1526240001.522924, "episode_rewards": [-105.0, -105.0, -93.0, -165.0, -105.0, -97.0, -117.0, -105.0, -105.0, -164.0, -105.0, -99.0, -105.0, -92.0, -105.0, -86.0, -105.0, -106.0, -105.0, -105.0, -105.0, -105.0, -164.0, -95.0, -105.0, -105.0, -105.0, -85.0, -167.0, -87.0, -105.0, -105.0, -105.0, -105.0, -105.0, -105.0, -85.0, -164.0, -173.0, -105.0, -105.0, -89.0, -105.0, -105.0, -85.0, -105.0, -105.0, -89.0, -105.0, -105.0, -105.0, -88.0, -105.0, -105.0, -105.0, -89.0, -105.0, -105.0, -101.0, -105.0, -105.0, -105.0, -105.0, -91.0, -91.0, -86.0, -105.0, -105.0, -105.0, -105.0, -105.0, -85.0, -104.0, -105.0, -105.0, -105.0, -171.0, -105.0, -105.0, -89.0, -98.0, -112.0, -105.0, -104.0, -162.0, -91.0, -104.0, -105.0, -85.0, -105.0, -89.0, -164.0, -105.0, -89.0, -93.0, -105.0, -105.0, -105.0, -105.0, -105.0], "episode_lengths": [105, 105, 93, 165, 105, 97, 117, 105, 105, 164, 105, 99, 105, 92, 105, 86, 105, 106, 105, 105, 105, 105, 164, 95, 105, 105, 105, 85, 167, 87, 105, 105, 105, 105, 105, 105, 85, 164, 173, 105, 105, 89, 105, 105, 85, 105, 105, 89, 105, 105, 105, 88, 105, 105, 105, 89, 105, 105, 101, 105, 105, 105, 105, 91, 91, 86, 105, 105, 105, 105, 105, 85, 104, 105, 105, 105, 171, 105, 105, 89, 98, 112, 105, 104, 162, 91, 104, 105, 85, 105, 89, 164, 105, 89, 93, 105, 105, 105, 105, 105], "episode_types": ["t", "t", "t", "t", "t", "t", "t", "t", "t", "t", "t", "t", "t", "t", "t", "t", "t", "t", "t", "t", "t", "t", "t", "t", "t", "t", "t", "t", "t", "t", "t", "t", "t", "t", "t", "t", "t", "t", "t", "t", "t", "t", "t", "t", "t", "t", "t", "t", "t", "t", "t", "t", "t", "t", "t", "t", "t", "t", "t", "t", "t", "t", "t", "t", "t", "t", "t", "t", "t", "t", "t", "t", "t", "t", "t", "t", "t", "t", "t", "t", "t", "t", "t", "t", "t", "t", "t", "t", "t", "t", "t", "t", "t", "t", "t", "t", "t", "t", "t", "t"], "timestamps": [1526240004.246983, 1526240004.4874492, 1526240004.5255413, 1526240004.5942278, 1526240004.6339474, 1526240004.6708543, 1526240004.71815, 1526240004.7578743, 1526240004.7973344, 1526240004.858663, 1526240004.8994393, 1526240004.9363554, 1526240004.9757276, 1526240005.0100615, 1526240005.0494986, 1526240005.0817647, 1526240005.1212313, 1526240005.16115, 1526240005.2003338, 1526240005.2396708, 1526240005.2788844, 1526240005.3183246, 1526240005.3795102, 1526240005.414854, 1526240005.4546392, 1526240005.495467, 1526240005.5348797, 1526240005.5667257, 1526240005.631674, 1526240005.6645877, 1526240005.707989, 1526240005.7474408, 1526240005.7866962, 1526240005.8259108, 1526240005.8652337, 1526240005.9045365, 1526240005.9362583, 1526240005.9974332, 1526240006.0618348, 1526240006.1025834, 1526240006.1424122, 1526240006.1758237, 1526240006.2155905, 1526240006.2550774, 1526240006.2868786, 1526240006.3272986, 1526240006.3666363, 1526240006.3997946, 1526240006.4390018, 1526240006.4783416, 1526240006.5173392, 1526240006.550371, 1526240006.589622, 1526240006.6289072, 1526240006.668658, 1526240006.7049088, 1526240006.744286, 1526240006.7835267, 1526240006.8210425, 1526240006.8603766, 1526240006.8995702, 1526240006.938797, 1526240006.978148, 1526240007.012127, 1526240007.0460901, 1526240007.0782826, 1526240007.1175623, 1526240007.1572993, 1526240007.1970062, 1526240007.2366495, 1526240007.2762437, 1526240007.308313, 1526240007.347252, 1526240007.386488, 1526240007.4257188, 1526240007.4651766, 1526240007.5289142, 1526240007.5682964, 1526240007.6075616, 1526240007.6411772, 1526240007.6788738, 1526240007.7230399, 1526240007.762801, 1526240007.8018317, 1526240007.8627405, 1526240007.8966074, 1526240007.935677, 1526240007.975246, 1526240008.007165, 1526240008.0469096, 1526240008.0802178, 1526240008.1422005, 1526240008.1815193, 1526240008.2148204, 1526240008.2496052, 1526240008.2890282, 1526240008.3287084, 1526240008.3681428, 1526240008.4074786, 1526240008.4469764]}