{"initial_reset_timestamp": 1526248039.1880786, "episode_rewards": [-105.0, -155.0, -88.0, -92.0, -93.0, -105.0, -90.0, -95.0, -105.0, -105.0, -157.0, -105.0, -105.0, -97.0, -88.0, -86.0, -105.0, -85.0, -104.0, -170.0, -104.0, -84.0, -105.0, -93.0, -105.0, -86.0, -91.0, -87.0, -90.0, -104.0, -161.0, -92.0, -166.0, -161.0, -85.0, -89.0, -104.0, -105.0, -105.0, -104.0, -104.0, -105.0, -105.0, -150.0, -106.0, -104.0, -94.0, -104.0, -104.0, -105.0, -105.0, -104.0, -115.0, -93.0, -104.0, -174.0, -105.0, -109.0, -105.0, -177.0, -174.0, -88.0, -89.0, -105.0, -155.0, -93.0, -104.0, -97.0, -104.0, -150.0, -104.0, -110.0, -93.0, -104.0, -104.0, -104.0, -88.0, -87.0, -107.0, -90.0, -161.0, -100.0, -150.0, -124.0, -105.0, -104.0, -149.0, -149.0, -161.0, -105.0, -94.0, -84.0, -105.0, -104.0, -105.0, -99.0, -90.0, -170.0, -148.0, -87.0], "episode_lengths": [105, 155, 88, 92, 93, 105, 90, 95, 105, 105, 157, 105, 105, 97, 88, 86, 105, 85, 104, 170, 104, 84, 105, 93, 105, 86, 91, 87, 90, 104, 161, 92, 166, 161, 85, 89, 104, 105, 105, 104, 104, 105, 105, 150, 106, 104, 94, 104, 104, 105, 105, 104, 115, 93, 104, 174, 105, 109, 105, 177, 174, 88, 89, 105, 155, 93, 104, 97, 104, 150, 104, 110, 93, 104, 104, 104, 88, 87, 107, 90, 161, 100, 150, 124, 105, 104, 149, 149, 161, 105, 94, 84, 105, 104, 105, 99, 90, 170, 148, 87], "episode_types": ["t", "t", "t", "t", "t", "t", "t", "t", "t", "t", "t", "t", "t", "t", "t", "t", "t", "t", "t", "t", "t", "t", "t", "t", "t", "t", "t", "t", "t", "t", "t", "t", "t", "t", "t", "t", "t", "t", "t", "t", "t", "t", "t", "t", "t", "t", "t", "t", "t", "t", "t", "t", "t", "t", "t", "t", "t", "t", "t", "t", "t", "t", "t", "t", "t", "t", "t", "t", "t", "t", "t", "t", "t", "t", "t", "t", "t", "t", "t", "t", "t", "t", "t", "t", "t", "t", "t", "t", "t", "t", "t", "t", "t", "t", "t", "t", "t", "t", "t", "t"], "timestamps": [1526248041.9177854, 1526248042.1616683, 1526248042.1940935, 1526248042.2282753, 1526248042.26238, 1526248042.3010492, 1526248042.334416, 1526248042.3691812, 1526248042.4078965, 1526248042.4471664, 1526248042.505174, 1526248042.5441773, 1526248042.582758, 1526248042.6190846, 1526248042.6521745, 1526248042.686118, 1526248042.725605, 1526248042.7569246, 1526248042.795136, 1526248042.8578186, 1526248042.8962653, 1526248042.9274108, 1526248042.9659479, 1526248043.0000427, 1526248043.0389369, 1526248043.0705101, 1526248043.1180582, 1526248043.1509848, 1526248043.1839635, 1526248043.222136, 1526248043.2833548, 1526248043.3171751, 1526248043.3784633, 1526248043.4383643, 1526248043.4698474, 1526248043.5027354, 1526248043.5415587, 1526248043.5805073, 1526248043.6209714, 1526248043.6604736, 1526248043.6989617, 1526248043.7380202, 1526248043.7766967, 1526248043.832101, 1526248043.872597, 1526248043.9113445, 1526248043.946001, 1526248043.984529, 1526248044.0227485, 1526248044.0616593, 1526248044.1100428, 1526248044.1492777, 1526248044.1913702, 1526248044.2253387, 1526248044.263989, 1526248044.3276982, 1526248044.3668306, 1526248044.4070597, 1526248044.4460227, 1526248044.5128381, 1526248044.576901, 1526248044.6097488, 1526248044.6431878, 1526248044.6821215, 1526248044.739499, 1526248044.77366, 1526248044.811898, 1526248044.84765, 1526248044.8858786, 1526248044.9413726, 1526248044.9796495, 1526248045.0197911, 1526248045.0540392, 1526248045.096289, 1526248045.1354876, 1526248045.1738696, 1526248045.2065566, 1526248045.2385314, 1526248045.2776618, 1526248045.310754, 1526248045.369779, 1526248045.406558, 1526248045.4628606, 1526248045.5083315, 1526248045.5473866, 1526248045.5857677, 1526248045.6432774, 1526248045.701228, 1526248045.7606046, 1526248045.7996013, 1526248045.8339403, 1526248045.864799, 1526248045.9036636, 1526248045.9420161, 1526248045.9805737, 1526248046.0168695, 1526248046.0499258, 1526248046.114392, 1526248046.1694622, 1526248046.201485]}