{"initial_reset_timestamp": 1526241938.0586543, "episode_rewards": [-90.0, -146.0, -105.0, -103.0, -106.0, -105.0, -105.0, -200.0, -92.0, -105.0, -106.0, -106.0, -90.0, -105.0, -105.0, -105.0, -182.0, -94.0, -106.0, -106.0, -105.0, -86.0, -89.0, -105.0, -105.0, -147.0, -105.0, -146.0, -88.0, -92.0, -93.0, -157.0, -105.0, -106.0, -105.0, -105.0, -96.0, -86.0, -86.0, -86.0, -102.0, -106.0, -90.0, -105.0, -156.0, -106.0, -106.0, -106.0, -158.0, -106.0, -89.0, -157.0, -157.0, -89.0, -106.0, -157.0, -146.0, -156.0, -95.0, -180.0, -171.0, -87.0, -105.0, -88.0, -105.0, -171.0, -105.0, -105.0, -157.0, -105.0, -183.0, -105.0, -95.0, -94.0, -105.0, -150.0, -105.0, -115.0, -105.0, -102.0, -157.0, -105.0, -124.0, -147.0, -105.0, -100.0, -93.0, -98.0, -146.0, -92.0, -105.0, -105.0, -106.0, -90.0, -105.0, -105.0, -104.0, -105.0, -90.0, -118.0], "episode_lengths": [90, 146, 105, 103, 106, 105, 105, 200, 92, 105, 106, 106, 90, 105, 105, 105, 182, 94, 106, 106, 105, 86, 89, 105, 105, 147, 105, 146, 88, 92, 93, 157, 105, 106, 105, 105, 96, 86, 86, 86, 102, 106, 90, 105, 156, 106, 106, 106, 158, 106, 89, 157, 157, 89, 106, 157, 146, 156, 95, 180, 171, 87, 105, 88, 105, 171, 105, 105, 157, 105, 183, 105, 95, 94, 105, 150, 105, 115, 105, 102, 157, 105, 124, 147, 105, 100, 93, 98, 146, 92, 105, 105, 106, 90, 105, 105, 104, 105, 90, 118], "episode_types": ["t", "t", "t", "t", "t", "t", "t", "t", "t", "t", "t", "t", "t", "t", "t", "t", "t", "t", "t", "t", "t", "t", "t", "t", "t", "t", "t", "t", "t", "t", "t", "t", "t", "t", "t", "t", "t", "t", "t", "t", "t", "t", "t", "t", "t", "t", "t", "t", "t", "t", "t", "t", "t", "t", "t", "t", "t", "t", "t", "t", "t", "t", "t", "t", "t", "t", "t", "t", "t", "t", "t", "t", "t", "t", "t", "t", "t", "t", "t", "t", "t", "t", "t", "t", "t", "t", "t", "t", "t", "t", "t", "t", "t", "t", "t", "t", "t", "t", "t", "t"], "timestamps": [1526241940.3846264, 1526241940.645871, 1526241940.6911993, 1526241940.7360146, 1526241940.779836, 1526241940.8254728, 1526241940.8712838, 1526241940.9569936, 1526241940.9960105, 1526241941.0428011, 1526241941.0878608, 1526241941.1289425, 1526241941.1623883, 1526241941.2013857, 1526241941.2405202, 1526241941.2796183, 1526241941.346348, 1526241941.3811266, 1526241941.422362, 1526241941.465282, 1526241941.5044105, 1526241941.5360293, 1526241941.5687163, 1526241941.6074855, 1526241941.6487334, 1526241941.7030592, 1526241941.742372, 1526241941.7966692, 1526241941.8291569, 1526241941.8630922, 1526241941.8974192, 1526241941.956749, 1526241941.9957669, 1526241942.0350676, 1526241942.0737743, 1526241942.1124253, 1526241942.1479163, 1526241942.179511, 1526241942.2111177, 1526241942.244436, 1526241942.2817123, 1526241942.3205936, 1526241942.3535743, 1526241942.3921545, 1526241942.4607832, 1526241942.4996517, 1526241942.5387628, 1526241942.5774188, 1526241942.63629, 1526241942.6753397, 1526241942.7081804, 1526241942.766089, 1526241942.8257499, 1526241942.859144, 1526241942.8982618, 1526241942.9564514, 1526241943.0107665, 1526241943.0684047, 1526241943.103088, 1526241943.169289, 1526241943.2320683, 1526241943.264089, 1526241943.3026435, 1526241943.3349478, 1526241943.3733213, 1526241943.44857, 1526241943.487251, 1526241943.5258079, 1526241943.5837164, 1526241943.6235912, 1526241943.691242, 1526241943.7303028, 1526241943.76547, 1526241943.8000844, 1526241943.8391993, 1526241943.8946552, 1526241943.9345856, 1526241943.9768753, 1526241944.0157185, 1526241944.0555804, 1526241944.1132352, 1526241944.152477, 1526241944.1975045, 1526241944.252174, 1526241944.2907577, 1526241944.327275, 1526241944.3615944, 1526241944.3974216, 1526241944.4549692, 1526241944.4886875, 1526241944.5271788, 1526241944.5662303, 1526241944.6050856, 1526241944.6386464, 1526241944.6775875, 1526241944.7161171, 1526241944.7544, 1526241944.7932367, 1526241944.826122, 1526241944.8695908]}