{"episode_rewards": [227.4154649495569, 112.65999523704153, 54.18698486063285, 211.92393369083794, 211.55676329232637, 189.41758442982635, 196.55477003447925, 215.36788360074303, 228.787401254598, -10.209121635187358, 222.11594714747167, 215.4521595444823, 236.51665187223117, 216.6087921990766, -20.450982443014595, -30.68964656175818, -58.40612002041945, -5.400993865588845, 258.59670694387967, 209.15614874191425, 222.0262735446348, 230.10538132633792, 255.87551161226875, 203.59158524313767, 235.71589831661305, 196.22848937673012, 246.43770620863526, 202.82545314178014, 4.383416630390101, 242.6969860252076, 261.73238832614925, 180.8010884113693, 222.35880238542663, 219.2119602564403, 248.20606360387603, 225.83458444847648, 133.41462838525473, 219.60434024410532, 242.53259930677564, 209.51057170903363, -46.29959928258771, 201.66963430171964, 195.17745144919132, 237.51472262201767, -52.52751055546079, 238.6599870004287, 243.9628314241517, 233.03200141952308, -46.40298912599914, 198.992958256706, 215.2139617182059, 183.1624302496911, 238.40181343668644, -47.03498003064068, 9.438821677097948, 228.37206013786366, 262.7330727067398, 220.17988312678105, 243.61127141467313, 225.57258368514496, 226.1220051971139, 191.5471712180505, 236.67575581445146, 259.6074760903775, 225.1195554821561, 237.22143661995588, 224.95717975910512, 198.327285261097, 189.5744633469003, 116.01114807219695, 213.40462310354653, 179.08566251811266, 215.88993098095807, -15.839168003265186, -8.080785965822983, 202.71765230754374, 222.42210496913475, 221.54674128232963, 253.00984417426272, 100.7472446903119, 6.089496190262153, 202.58945515074853, 95.37884682880313, 229.9699975166319, 232.0654947514515, 199.6013834867733, 237.17576979571024, 229.80915072715473, 220.84289890131757, 193.24472028672523, 208.03992847116155, 224.1853568493375, 211.39317550907398, -15.93140995455255, 207.20621759387154, 227.35004425996527, 12.16993875163135, 236.03132767115824, 234.4310187463765, 21.222143674512424], "initial_reset_timestamp": 1526440222.0374599, "episode_types": ["t", "t", "t", "t", "t", "t", "t", "t", "t", "t", "t", "t", "t", "t", "t", "t", "t", "t", "t", "t", "t", "t", "t", "t", "t", "t", "t", "t", "t", "t", "t", "t", "t", "t", "t", "t", "t", "t", "t", "t", "t", "t", "t", "t", "t", "t", "t", "t", "t", "t", "t", "t", "t", "t", "t", "t", "t", "t", "t", "t", "t", "t", "t", "t", "t", "t", "t", "t", "t", "t", "t", "t", "t", "t", "t", "t", "t", "t", "t", "t", "t", "t", "t", "t", "t", "t", "t", "t", "t", "t", "t", "t", "t", "t", "t", "t", "t", "t", "t", "t"], "timestamps": [1526440225.703223, 1526440226.4573348, 1526440227.3097155, 1526440227.433023, 1526440227.5254493, 1526440227.6496544, 1526440227.7517893, 1526440228.002382, 1526440228.1043832, 1526440228.1858194, 1526440228.2860348, 1526440228.3838105, 1526440228.5095913, 1526440228.6161761, 1526440228.6507003, 1526440228.7162342, 1526440228.764719, 1526440228.8395963, 1526440228.9298766, 1526440229.0308506, 1526440229.1192296, 1526440229.2791634, 1526440229.3624558, 1526440229.4813993, 1526440229.5914268, 1526440230.271607, 1526440230.3879576, 1526440230.5267103, 1526440230.587861, 1526440230.7134147, 1526440230.7940545, 1526440230.9007702, 1526440231.0782158, 1526440231.30489, 1526440231.4330294, 1526440231.7354684, 1526440232.4119039, 1526440232.531642, 1526440232.6460547, 1526440232.7648451, 1526440232.8146317, 1526440232.920904, 1526440233.0615053, 1526440233.1539927, 1526440233.2145314, 1526440233.3396347, 1526440233.4274836, 1526440234.0087733, 1526440234.0632136, 1526440234.5034275, 1526440234.631022, 1526440234.760809, 1526440234.886272, 1526440234.9353166, 1526440235.028755, 1526440235.1349099, 1526440235.233641, 1526440235.311605, 1526440235.4137793, 1526440235.5285208, 1526440235.6500413, 1526440235.7782407, 1526440235.9195416, 1526440236.0705867, 1526440236.174619, 1526440236.2667837, 1526440236.3726618, 1526440237.1874142, 1526440237.2849178, 1526440237.9106188, 1526440238.0376635, 1526440238.1484003, 1526440238.2602968, 1526440238.3170772, 1526440238.3645554, 1526440238.500923, 1526440238.644816, 1526440239.0094433, 1526440239.1235154, 1526440240.0103161, 1526440240.0860405, 1526440240.243273, 1526440240.9675624, 1526440241.0680845, 1526440241.189796, 1526440241.2878644, 1526440241.7312188, 1526440241.8552082, 1526440241.9977794, 1526440242.091341, 1526440242.2043698, 1526440242.3211577, 1526440242.4082315, 1526440242.4786043, 1526440242.9691424, 1526440243.119828, 1526440243.1969368, 1526440243.3171425, 1526440243.699686, 1526440243.7679508], "episode_lengths": [217, 1000, 1000, 256, 216, 254, 226, 352, 219, 191, 235, 229, 250, 219, 99, 173, 134, 189, 208, 206, 206, 265, 199, 251, 223, 898, 254, 263, 154, 276, 190, 231, 305, 399, 253, 437, 1000, 252, 261, 245, 137, 244, 258, 205, 156, 241, 202, 914, 143, 597, 255, 250, 281, 132, 209, 231, 242, 195, 252, 242, 239, 257, 274, 300, 218, 208, 241, 852, 227, 1000, 251, 240, 250, 153, 133, 278, 273, 451, 236, 1000, 178, 278, 1000, 234, 270, 214, 647, 259, 259, 219, 231, 243, 200, 169, 597, 273, 185, 245, 609, 174]}