{"episode_rewards": [222.09368063304902, 89.34199317441943, 225.21404572792184, 244.127763531546, 28.32488701214467, 262.5837206712488, 224.323643601394, 226.20794222666828, 219.03993087308595, 25.870819411553853, 189.52079359607305, 213.324696482341, 255.98143659770867, 240.1178918078459, 144.6242749036778, 234.48398417838487, -0.05450089779773748, 234.26594627807978, 232.40171855406666, 216.88617728502885, -6.046050711331503, 228.8184821019862, 81.04884441688172, 140.78152716591205, 233.77480973251195, 77.04668097174793, 235.65099025142536, 236.45489308575313, 233.92457234199378, 215.57837884165002, 212.02864827136537, 202.6431229651012, 226.97616703337485, 73.09046657477812, 121.21822007002041, 235.74981245689264, 195.2342690990128, 106.9911270001192, 254.5033152895648, 114.65454798768644, 254.67970807065578, 111.60303058052196, 199.6090781707039, 116.72661064322756, 205.4695738682223, 207.47673511495913, 255.75463475337145, 243.69425409116417, 91.8244244679542, 218.47103670107668, 233.0003625889415, 217.33649580381035, -6.926745097612752, 191.31377601860902, 250.56301506788876, 120.02684880978329, 202.60490121176682, 255.26648444240908, 204.98962911523674, 159.81036638538225, 235.39599574846577, 223.43396565147077, 260.73830040566816, 174.41901231257782, 220.55238926966337, 36.97424250168427, 181.44533933933639, 246.36992261450695, 244.2092545711637, 150.18879979298347, 228.2036174476078, 155.53993369249667, 125.67692362063607, -28.87113649251077, 105.34256327008244, 207.41308414243676, -26.77420392321349, 182.1056142126301, 123.72539577420473, 235.07330814897074, 223.92534681878982, 139.8910212286247, 134.56007225372161, 107.37597315909761, 229.93148929474884, 253.886089246101, -3.9681009963006773, 121.81924451835278, 253.38451015017463, -54.90055928729572, 190.29489838911633, 110.6547581770336, 3.0377517241099525, 116.03208055503632, 213.3430111884061, 114.85426391972514, 241.53956615712443, 215.20028670191647, 202.66121965196157, 213.38868493600927], "initial_reset_timestamp": 1526433229.6926596, "episode_types": ["t", "t", "t", "t", "t", "t", "t", "t", "t", "t", "t", "t", "t", "t", "t", "t", "t", "t", "t", "t", "t", "t", "t", "t", "t", "t", "t", "t", "t", "t", "t", "t", "t", "t", "t", "t", "t", "t", "t", "t", "t", "t", "t", "t", "t", "t", "t", "t", "t", "t", "t", "t", "t", "t", "t", "t", "t", "t", "t", "t", "t", "t", "t", "t", "t", "t", "t", "t", "t", "t", "t", "t", "t", "t", "t", "t", "t", "t", "t", "t", "t", "t", "t", "t", "t", "t", "t", "t", "t", "t", "t", "t", "t", "t", "t", "t", "t", "t", "t", "t"], "timestamps": [1526433235.8185568, 1526433236.960985, 1526433237.4912047, 1526433237.6493077, 1526433237.7309384, 1526433237.8639462, 1526433238.177077, 1526433238.3063612, 1526433238.4537826, 1526433238.5427516, 1526433238.715639, 1526433238.924109, 1526433239.048142, 1526433239.2658257, 1526433240.130703, 1526433240.2744823, 1526433240.372442, 1526433240.650903, 1526433240.8889446, 1526433241.1111932, 1526433241.168525, 1526433241.3231552, 1526433242.4309754, 1526433243.4152873, 1526433243.5535116, 1526433244.4530637, 1526433245.0067952, 1526433245.2710893, 1526433245.4606912, 1526433245.7480917, 1526433246.1998625, 1526433246.3009233, 1526433246.8041053, 1526433247.8976831, 1526433248.685526, 1526433248.8704531, 1526433249.0519626, 1526433249.9421277, 1526433250.35119, 1526433251.4884386, 1526433251.760169, 1526433252.9212625, 1526433253.2769241, 1526433254.4770877, 1526433254.6078255, 1526433254.8510683, 1526433255.0490482, 1526433255.3605442, 1526433256.1510189, 1526433256.4086199, 1526433256.535479, 1526433256.830075, 1526433256.9247012, 1526433257.4364994, 1526433257.8489273, 1526433259.133953, 1526433259.7491632, 1526433260.0553324, 1526433260.3041196, 1526433260.912901, 1526433261.337728, 1526433261.533316, 1526433261.738719, 1526433262.5469747, 1526433263.1182008, 1526433263.1719832, 1526433263.4476583, 1526433263.6472197, 1526433263.8048294, 1526433264.4516706, 1526433264.7309499, 1526433265.7328136, 1526433266.5945306, 1526433266.6644251, 1526433267.5127969, 1526433268.2969785, 1526433268.3833334, 1526433268.5468864, 1526433269.3226511, 1526433269.4338872, 1526433269.7353725, 1526433270.705829, 1526433271.357484, 1526433272.1318674, 1526433272.4680028, 1526433272.7137325, 1526433272.7957933, 1526433273.614391, 1526433273.8161705, 1526433273.8987358, 1526433274.02647, 1526433274.9326296, 1526433275.0183148, 1526433275.9175038, 1526433276.162028, 1526433277.1351957, 1526433277.3896627, 1526433278.849905, 1526433279.2433438, 1526433280.71228], "episode_lengths": [364, 1000, 598, 320, 203, 274, 411, 285, 277, 214, 336, 343, 262, 366, 1000, 286, 204, 346, 356, 357, 149, 282, 1000, 1000, 290, 1000, 733, 380, 319, 417, 517, 217, 724, 1000, 1000, 307, 289, 1000, 614, 1000, 449, 1000, 555, 1000, 255, 375, 336, 539, 1000, 372, 277, 384, 206, 607, 690, 1000, 621, 414, 379, 1000, 553, 322, 351, 838, 745, 136, 362, 368, 297, 1000, 344, 1000, 1000, 163, 1000, 878, 197, 290, 1000, 225, 409, 1000, 1000, 1000, 450, 382, 182, 1000, 385, 171, 243, 1000, 197, 1000, 354, 1000, 210, 759, 264, 692]}