{"episode_rewards": [267.29238298592435, 118.87002464004647, 219.84273181387064, 0.2056203658284943, 246.5307723937832, 215.1402816340686, 258.63783535950074, 230.93385312543688, 181.22510510106116, 131.95666678321913, 0.6297167045642027, -2.1453807871599793, -17.08690726737001, 220.9185875989985, 31.657746389086327, 187.06012751976235, 231.51000219738373, 225.56044042237454, 233.3394445235098, 213.22400475393988, 246.61139363778855, 206.60851230255582, 245.17887579458878, 226.40569063408438, -5.586079966482458, 12.340349448314441, 245.29695267286473, 142.48784400391708, 235.57642640779122, 163.3025697731324, 224.39616787602628, 9.512481331724643, -32.27720936046637, 229.7758501583553, 242.1250472421498, 193.6283749752166, 26.539861480475068, 208.89203847637555, -6.729912149483766, 211.9478520230536, 248.643550823581, 246.28864402198766, 236.9775769010942, 7.245169511724129, 222.9936897874459, 211.51673960852702, 253.17592735753777, 19.660076017244904, 261.6805388301167, 234.0258818577678, 24.000601057594494, 205.02631147734513, 242.8446761735165, 229.85691332561726, 260.26286190563314, 201.24389480381632, 217.17346484879647, 10.243431076066202, 240.44537696111354, 119.95601277719314, 248.11997271643435, 232.9514522925297, 260.9217849241162, 209.4604052089444, 208.7936259573759, 219.63445186362551, 253.55055874478248, 219.79802368959332, 226.67876687499356, 188.3360568727142, 215.7037561735978, -30.085364776130447, 215.606084173833, 188.39404676572335, 231.23889221589906, 248.91054143174858, 218.53047536050386, 228.42515571296508, 205.6618318206017, 237.98147170245852, 182.2952460009813, 221.5453273134812, -10.143293959891935, 201.9008022734536, 246.80175214321906, 223.17173880183412, 214.65149649783945, 213.80365964555426, 197.79890455007754, 212.19630200503912, 106.98692703093323, 4.539863701173886, 90.27430533775161, 105.74575378946277, 220.80324150858323, 246.62185735116418, 14.542079751345128, 225.91867405478712, 214.70135890814367, 257.4788325157407], "initial_reset_timestamp": 1526433578.7939947, "episode_types": ["t", "t", "t", "t", "t", "t", "t", "t", "t", "t", "t", "t", "t", "t", "t", "t", "t", "t", "t", "t", "t", "t", "t", "t", "t", "t", "t", "t", "t", "t", "t", "t", "t", "t", "t", "t", "t", "t", "t", "t", "t", "t", "t", "t", "t", "t", "t", "t", "t", "t", "t", "t", "t", "t", "t", "t", "t", "t", "t", "t", "t", "t", "t", "t", "t", "t", "t", "t", "t", "t", "t", "t", "t", "t", "t", "t", "t", "t", "t", "t", "t", "t", "t", "t", "t", "t", "t", "t", "t", "t", "t", "t", "t", "t", "t", "t", "t", "t", "t", "t"], "timestamps": [1526433583.6475873, 1526433584.4582648, 1526433584.607446, 1526433584.6849902, 1526433584.8983593, 1526433585.069395, 1526433585.1636455, 1526433585.4100237, 1526433585.5909274, 1526433586.2635226, 1526433586.3406184, 1526433586.391367, 1526433586.4766183, 1526433586.6310534, 1526433586.6832945, 1526433586.787087, 1526433586.922842, 1526433587.0678685, 1526433587.221842, 1526433587.3630075, 1526433587.5697064, 1526433587.6945693, 1526433587.8663201, 1526433588.0211544, 1526433588.092387, 1526433588.1782484, 1526433588.2695253, 1526433589.0953104, 1526433589.3248343, 1526433589.5729706, 1526433589.7688017, 1526433589.8181822, 1526433589.8879116, 1526433590.0318038, 1526433590.1920135, 1526433590.2976966, 1526433590.389307, 1526433590.4911592, 1526433590.572733, 1526433590.7190614, 1526433590.8244157, 1526433590.9163601, 1526433591.0542188, 1526433591.1316137, 1526433591.306602, 1526433591.45246, 1526433591.569966, 1526433591.6443129, 1526433591.7920604, 1526433591.9092712, 1526433592.0063188, 1526433592.4408422, 1526433592.5703783, 1526433592.6840305, 1526433592.7797592, 1526433592.923998, 1526433593.2501416, 1526433593.328609, 1526433593.4608886, 1526433594.1074266, 1526433594.6889327, 1526433594.8431919, 1526433594.9547336, 1526433595.078084, 1526433595.1843312, 1526433595.335138, 1526433595.41935, 1526433595.5439994, 1526433595.7346601, 1526433595.8669307, 1526433595.9795175, 1526433596.0479484, 1526433596.1646664, 1526433596.3028705, 1526433596.4342744, 1526433596.9629784, 1526433597.1050844, 1526433597.2821393, 1526433597.4812026, 1526433597.584604, 1526433597.7194517, 1526433597.868447, 1526433597.9274218, 1526433598.0615897, 1526433598.3113563, 1526433598.4091332, 1526433598.4994538, 1526433598.652618, 1526433598.787599, 1526433598.912974, 1526433600.085171, 1526433600.1552384, 1526433601.10187, 1526433601.8097064, 1526433601.9983227, 1526433602.10637, 1526433602.1883247, 1526433602.293737, 1526433602.430124, 1526433602.7425756], "episode_lengths": [288, 1000, 279, 193, 376, 292, 211, 431, 303, 1000, 184, 133, 194, 287, 138, 233, 259, 278, 278, 266, 419, 252, 303, 250, 171, 206, 206, 1000, 344, 397, 338, 128, 174, 251, 286, 226, 211, 216, 200, 269, 230, 218, 260, 190, 277, 264, 233, 185, 278, 253, 203, 535, 240, 236, 223, 268, 489, 189, 257, 1000, 784, 313, 238, 240, 233, 284, 208, 260, 317, 252, 251, 152, 247, 281, 261, 991, 266, 290, 372, 225, 272, 292, 148, 248, 370, 211, 221, 277, 260, 252, 1000, 167, 1000, 1000, 306, 240, 198, 244, 254, 540]}