{"episode_rewards": [-11.407310741009013, 226.6630903368237, 206.91439439909553, -37.558688198062086, 206.31727236917507, -26.60632824497833, 228.46482675849532, 243.58362498890781, 213.1921570730504, 211.89343552992045, 219.19166762510838, 179.73138084952518, 214.248524644129, -33.8403742029505, 229.1873869924314, -18.631097570096557, 234.18379782135543, -25.353699878973416, 184.08189332399877, 202.61814709451863, 233.4350645418826, -6.856447618320686, 202.22217707257647, 222.43553453559494, 217.03600895702618, -22.736851823649232, 193.20413795077673, 213.68991975915486, 192.90476203883236, 189.95416626173568, 225.93579823565267, 192.72476415386836, 202.16480551905585, 214.31966722462028, 246.46449041734184, 15.058954565021935, 19.879155012087267, 181.30129866326183, 188.5543574176128, -2.0012653228938433, -18.6511777818596, 207.0403307713132, 228.05023783516097, 222.40112529106145, 231.9043409956279, 221.07914591738466, 250.35489938990966, 4.86670189789956, 231.73965133944748, -12.79372300512054, 206.87055391016904, 229.14255020019252, 213.66366102442464, 208.5553794709307, 191.0859171095717, 222.51659825854077, 207.25744668779856, 242.55217867675947, 196.51966543826876, 225.96125874325742, -23.22519190154381, -23.363947719364447, 237.18966442248148, -22.453269992479406, 248.61523925375602, -1.481549344609192, 225.06023042660865, 241.68283874333184, 216.6350676755067, 251.3811837726075, -68.22524201334977, 211.45540369334176, 219.9694288831758, 238.06794230893743, 223.34205045967906, 254.38904256018208, 205.3686980161533, -49.55067919740837, 184.80783225420407, -27.153395806462626, 224.26266646738765, 216.5376170138676, 182.3970144926065, -38.519723030901574, -10.11928757974674, 226.6049618976832, 207.96336632458312, 238.17298141607122, 209.6090853602796, 216.24978948842306, 238.35600776227943, -57.595186794140304, 210.70837843492248, 220.72754200786437, 215.54155407975134, 195.35286592395593, -12.886342105599653, 236.78629959157846, 228.04622767269097, 241.56542671658488], "initial_reset_timestamp": 1526416387.463804, "episode_types": ["t", "t", "t", "t", "t", "t", "t", "t", "t", "t", "t", "t", "t", "t", "t", "t", "t", "t", "t", "t", "t", "t", "t", "t", "t", "t", "t", "t", "t", "t", "t", "t", "t", "t", "t", "t", "t", "t", "t", "t", "t", "t", "t", "t", "t", "t", "t", "t", "t", "t", "t", "t", "t", "t", "t", "t", "t", "t", "t", "t", "t", "t", "t", "t", "t", "t", "t", "t", "t", "t", "t", "t", "t", "t", "t", "t", "t", "t", "t", "t", "t", "t", "t", "t", "t", "t", "t", "t", "t", "t", "t", "t", "t", "t", "t", "t", "t", "t", "t", "t"], "timestamps": [1526416399.3349757, 1526416400.3492174, 1526416400.9763272, 1526416401.3307536, 1526416402.5310197, 1526416402.8408818, 1526416403.7121224, 1526416404.0557585, 1526416405.4179223, 1526416406.1805267, 1526416406.8430085, 1526416407.4692817, 1526416408.4429226, 1526416408.8546674, 1526416409.5203726, 1526416409.8663905, 1526416410.6383107, 1526416410.936126, 1526416412.0531602, 1526416412.8164759, 1526416413.7240336, 1526416414.0802343, 1526416414.578941, 1526416415.1616359, 1526416415.756167, 1526416416.1034818, 1526416416.9521801, 1526416417.8279755, 1526416418.4554317, 1526416418.9510567, 1526416419.5029545, 1526416420.132808, 1526416420.7008064, 1526416421.864651, 1526416422.9866095, 1526416423.235242, 1526416423.6110644, 1526416425.283234, 1526416425.9961114, 1526416426.4014292, 1526416426.8132908, 1526416428.4297514, 1526416429.2515268, 1526416429.6684375, 1526416430.3581417, 1526416430.9252913, 1526416431.578149, 1526416431.9606557, 1526416432.4772172, 1526416432.7597737, 1526416433.2773082, 1526416434.4958746, 1526416435.129665, 1526416435.7488923, 1526416436.4058895, 1526416437.025174, 1526416437.6072304, 1526416437.994895, 1526416438.587105, 1526416438.9956505, 1526416439.2896626, 1526416439.5760927, 1526416440.37503, 1526416440.7222362, 1526416441.3284416, 1526416441.660427, 1526416442.7386358, 1526416443.1483278, 1526416443.5208535, 1526416444.2291005, 1526416444.4659615, 1526416445.616863, 1526416446.1222324, 1526416447.0752943, 1526416447.8559554, 1526416448.5065956, 1526416449.0857, 1526416449.4079454, 1526416449.9208364, 1526416450.207458, 1526416451.0708504, 1526416451.5187535, 1526416452.0908632, 1526416452.3304257, 1526416452.7312224, 1526416453.362345, 1526416453.9553006, 1526416454.9369414, 1526416456.029613, 1526416456.9381807, 1526416457.3480766, 1526416457.6188114, 1526416458.2404315, 1526416459.2653975, 1526416459.6519964, 1526416460.6112468, 1526416460.9138641, 1526416461.9516325, 1526416462.6574495, 1526416463.2313445], "episode_lengths": [229, 266, 322, 215, 426, 212, 472, 265, 522, 326, 311, 262, 346, 219, 290, 189, 340, 171, 454, 386, 384, 255, 267, 314, 264, 181, 411, 500, 366, 301, 308, 322, 289, 409, 406, 192, 204, 755, 269, 224, 203, 705, 345, 268, 357, 291, 366, 214, 300, 182, 301, 422, 342, 286, 330, 309, 276, 277, 323, 261, 209, 229, 343, 226, 355, 249, 446, 284, 252, 383, 184, 545, 275, 421, 367, 362, 325, 216, 279, 221, 436, 277, 302, 190, 254, 281, 292, 443, 508, 362, 265, 209, 315, 463, 256, 435, 204, 459, 330, 354]}