{"episode_rewards": [16.779290807854977, 214.73806213618082, -17.681002394011102, -29.176970666238432, 126.39872263149732, 210.38234677846293, 190.60935398965375, 105.95598602121926, 230.8916963702135, -20.69484304319468, 219.88737554098682, 171.83038308539454, 196.60943802372464, 207.31225533782046, -37.211798524654455, -1.0154971117329978, 203.85804342950814, 202.5186232445588, 218.80598126405704, -16.37405634990681, 184.751515084626, 217.83768221572126, 192.87358585516927, 205.85597489790854, 154.502891808058, 218.8841172592295, -19.946467253093957, 221.5485084776809, 210.94768225725477, 210.2151691073385, 189.31475422144996, -1.2337368062267444, 207.5308975677446, -39.73087789810796, -48.880066472802795, -17.49045803493223, -43.05366399261602, 204.28568260248514, 213.10573288913537, 202.33357258801243, 191.7952043168074, 191.48980269041792, -35.43516691191424, -28.692290687837513, 239.36347169173675, 2.7375878492354246, -37.43899148311935, 221.8247151830476, 202.05924063909063, 226.39636446940727, -9.271273622703546, 204.03550932578378, -15.753423156616265, -33.462022336451085, 172.7120090422831, -81.50986129542139, 221.22591352597297, 189.60817768997828, 220.8245076135272, 200.73070699033127, 192.37586446011187, 200.41766047161536, 186.78134453813092, 217.71909245928157, 207.24664432179017, 209.98183123075194, -59.251926010601835, 217.53919915958696, 189.41334815641358, 179.59572976451315, 201.21210937005952, 225.37074064009573, 218.17337966006534, 180.5496551207055, -71.46957222341312, -20.517830760054366, -25.838649972566145, 179.6203739304891, 254.75820633384382, 204.83877790699773, 199.15050989126541, 178.42221052667225, 109.83006785212865, 205.69191740167778, 194.88610483980142, 196.21533719340292, -28.4417741602486, 192.24781553793537, 229.61929476310738, 201.19100830253868, 211.90238199120998, -0.6578267207967485, -51.34661900295383, 8.89770440478793, 260.9270555382856, 196.76931779663335, -48.920068702808805, -16.51062638442214, 213.5148463540005, 84.9023403223055], "initial_reset_timestamp": 1526405249.343433, "episode_types": ["t", "t", "t", "t", "t", "t", "t", "t", "t", "t", "t", "t", "t", "t", "t", "t", "t", "t", "t", "t", "t", "t", "t", "t", "t", "t", "t", "t", "t", "t", "t", "t", "t", "t", "t", "t", "t", "t", "t", "t", "t", "t", "t", "t", "t", "t", "t", "t", "t", "t", "t", "t", "t", "t", "t", "t", "t", "t", "t", "t", "t", "t", "t", "t", "t", "t", "t", "t", "t", "t", "t", "t", "t", "t", "t", "t", "t", "t", "t", "t", "t", "t", "t", "t", "t", "t", "t", "t", "t", "t", "t", "t", "t", "t", "t", "t", "t", "t", "t", "t"], "timestamps": [1526405255.8671305, 1526405256.8730814, 1526405257.228168, 1526405257.5291314, 1526405259.8280416, 1526405260.613272, 1526405261.9599783, 1526405264.2016296, 1526405264.9037495, 1526405265.4140134, 1526405266.360699, 1526405267.2097404, 1526405267.9214077, 1526405268.5066445, 1526405268.7989347, 1526405269.2133749, 1526405270.307256, 1526405271.328427, 1526405272.203084, 1526405272.5587435, 1526405273.2198632, 1526405273.9804506, 1526405274.71734, 1526405275.4290638, 1526405277.571446, 1526405278.5592272, 1526405279.0654483, 1526405279.7463882, 1526405281.3104897, 1526405282.2117033, 1526405282.7605517, 1526405283.0676517, 1526405283.9726162, 1526405284.3046257, 1526405284.6549454, 1526405285.1522834, 1526405285.5542269, 1526405286.4140003, 1526405287.0906599, 1526405287.7849119, 1526405288.41883, 1526405289.0709167, 1526405289.457843, 1526405289.7867224, 1526405290.229054, 1526405290.5285637, 1526405290.9144418, 1526405291.8015978, 1526405292.7779448, 1526405293.7160542, 1526405294.0146348, 1526405294.685307, 1526405295.0597723, 1526405295.4353728, 1526405296.8927455, 1526405297.1973796, 1526405298.1404753, 1526405300.8508866, 1526405301.926548, 1526405303.2058008, 1526405304.3945599, 1526405304.891174, 1526405306.282704, 1526405306.7955935, 1526405307.6514192, 1526405308.2832496, 1526405308.590884, 1526405309.2376213, 1526405309.8064275, 1526405310.6640408, 1526405312.1093307, 1526405312.604053, 1526405313.5426533, 1526405314.619996, 1526405315.1610017, 1526405315.6307075, 1526405316.0575585, 1526405316.8702748, 1526405317.3202298, 1526405318.0692675, 1526405319.2837248, 1526405320.3670933, 1526405322.3482513, 1526405322.87778, 1526405323.7758055, 1526405324.4426897, 1526405324.7226446, 1526405325.2831495, 1526405326.1628625, 1526405327.8380072, 1526405328.8985243, 1526405329.2396495, 1526405329.8358815, 1526405330.3462272, 1526405330.6698601, 1526405331.956136, 1526405332.3959794, 1526405332.752906, 1526405333.6076443, 1526405335.6937516], "episode_lengths": [193, 349, 243, 230, 772, 386, 481, 1000, 352, 332, 429, 412, 364, 356, 216, 295, 527, 463, 415, 254, 381, 410, 378, 329, 623, 493, 292, 369, 862, 479, 304, 237, 453, 268, 247, 299, 279, 435, 381, 375, 392, 346, 263, 229, 287, 226, 254, 443, 425, 406, 227, 324, 245, 258, 824, 236, 405, 963, 442, 543, 483, 297, 486, 308, 392, 348, 247, 304, 315, 394, 519, 305, 450, 436, 332, 278, 285, 426, 292, 421, 595, 534, 1000, 312, 431, 334, 212, 321, 376, 451, 338, 186, 253, 293, 242, 497, 279, 254, 397, 1000]}