{"episode_rewards": [262.222040360851, 215.97951929949141, 202.5725962186958, 200.92230291720307, 223.18188314980756, 144.68720795873082, 193.4765104929612, -1.9747594949962206, 250.97324187211498, 218.8814821824228, 229.45456771760357, 138.32942926447356, 226.04739498461856, 223.08383331144447, 228.3315706263428, 115.40662063970443, 233.28740833416515, -5.2832116965968225, 225.02940971355295, 103.58884117549916, 199.7744756720585, 230.20676679877783, 225.69976071958897, 220.65215126040977, -7.915665909760634, 187.1986561342154, 255.81867716679238, 244.85959510059007, 218.86461047295109, 227.46194781938334, 227.64015493907965, 210.684201852081, 106.05777624426365, 244.92243852280527, 96.90657909959077, 218.19746414602582, 214.47515835004816, 221.03857878870303, 237.17899203642622, 108.60314801216634, 237.97502631124718, 205.21019432603165, 115.51312321717016, 260.2909342283839, 208.12412194258212, 241.05805308369744, 219.1185718800137, 13.346525091400537, 229.43593090183495, 61.73886713667681, 250.2076476434244, 224.52236185618966, -72.93289114880226, 1.6526376816210302, 10.838120014537338, 27.340882433157006, 234.27034013023624, -30.397035421819254, 219.7728528926092, 95.80436610365552, -6.337375279237079, 124.73142022727404, 197.71778528618995, 125.00905449601089, 242.15466541854153, 221.2382216296415, 204.7562365301357, 9.630348978179512, 221.60998388636136, 107.46176964884397, -4.923687202994984, -2.8177845838109477, 221.12029198500142, -30.50990688519184, 216.42202104698308, 228.60631615361567, 220.85971837665426, 211.13377504448368, 201.83584514960873, 226.41415068425422, -8.480321067364429, 9.638140342240263, 205.3641370394959, 108.1372989912533, 234.68264046486465, 218.78819765314924, 222.2234993320269, 240.43496823445696, 239.31390448696413, 240.3287503019428, -3.400840645020793, 5.173364608307168, 229.40705250548416, 144.88140258511618, 19.06406887241471, -2.6382806156357645, 207.9070005854878, -3.831750737333323, 251.4853700331121, 234.79858190255132], "initial_reset_timestamp": 1526440541.5059772, "episode_types": ["t", "t", "t", "t", "t", "t", "t", "t", "t", "t", "t", "t", "t", "t", "t", "t", "t", "t", "t", "t", "t", "t", "t", "t", "t", "t", "t", "t", "t", "t", "t", "t", "t", "t", "t", "t", "t", "t", "t", "t", "t", "t", "t", "t", "t", "t", "t", "t", "t", "t", "t", "t", "t", "t", "t", "t", "t", "t", "t", "t", "t", "t", "t", "t", "t", "t", "t", "t", "t", "t", "t", "t", "t", "t", "t", "t", "t", "t", "t", "t", "t", "t", "t", "t", "t", "t", "t", "t", "t", "t", "t", "t", "t", "t", "t", "t", "t", "t", "t", "t"], "timestamps": [1526440546.3314476, 1526440546.514234, 1526440546.637427, 1526440546.8002462, 1526440546.9245806, 1526440547.415181, 1526440547.5374544, 1526440547.6014824, 1526440548.2928655, 1526440548.433566, 1526440548.7539413, 1526440549.5757928, 1526440549.6805677, 1526440549.7849514, 1526440549.9541845, 1526440550.5435631, 1526440550.6660736, 1526440550.725091, 1526440550.8546333, 1526440551.5530853, 1526440551.7118526, 1526440551.9123294, 1526440552.0216055, 1526440552.1959624, 1526440552.2499704, 1526440552.4448905, 1526440552.569622, 1526440552.9448655, 1526440553.0349302, 1526440553.1477408, 1526440553.3558466, 1526440553.8257878, 1526440554.8521652, 1526440555.0094497, 1526440556.023118, 1526440556.1305969, 1526440556.2835393, 1526440556.4713562, 1526440556.5643573, 1526440557.4527376, 1526440557.562461, 1526440557.679681, 1526440558.4829695, 1526440559.2295399, 1526440559.3366566, 1526440559.5027368, 1526440559.6510987, 1526440559.7288985, 1526440559.8223324, 1526440560.6452043, 1526440561.2819123, 1526440561.4036322, 1526440561.4483933, 1526440561.5018952, 1526440561.578654, 1526440561.6331933, 1526440561.710459, 1526440561.8152199, 1526440561.9045572, 1526440562.681352, 1526440562.7451255, 1526440563.6881456, 1526440563.8212194, 1526440564.390642, 1526440564.559256, 1526440564.7598479, 1526440564.8766983, 1526440564.9553623, 1526440565.0817387, 1526440566.0494056, 1526440566.129973, 1526440566.190446, 1526440566.3112936, 1526440566.3608413, 1526440566.677632, 1526440566.7946265, 1526440566.9695728, 1526440567.0534885, 1526440567.160872, 1526440567.3365226, 1526440567.4088275, 1526440567.4730012, 1526440567.6205988, 1526440568.394718, 1526440568.4997063, 1526440568.9536364, 1526440569.102138, 1526440569.3722394, 1526440569.523555, 1526440569.6587956, 1526440569.7206295, 1526440569.777985, 1526440569.9899833, 1526440570.62692, 1526440570.7189324, 1526440570.7899325, 1526440570.881359, 1526440570.9681094, 1526440571.4051533, 1526440571.5161347], "episode_lengths": [286, 241, 245, 303, 263, 1000, 248, 163, 917, 281, 530, 1000, 229, 231, 312, 1000, 243, 155, 249, 1000, 297, 334, 227, 298, 138, 343, 250, 633, 208, 210, 318, 553, 1000, 305, 1000, 190, 310, 326, 224, 1000, 237, 245, 1000, 937, 237, 308, 267, 195, 229, 1000, 867, 258, 121, 141, 179, 140, 185, 219, 219, 1000, 160, 1000, 262, 1000, 318, 384, 238, 193, 253, 1000, 170, 159, 241, 133, 429, 236, 318, 200, 231, 334, 181, 162, 278, 1000, 223, 827, 280, 442, 290, 283, 161, 150, 357, 1000, 212, 176, 202, 201, 729, 237]}