{"episode_rewards": [-32.94046654374095, 138.2373475296108, 120.34106022608043, 153.01808665405485, 148.15932601479767, 128.4542533373796, 91.2377366968067, 152.14171712599475, 145.5521640694203, 236.90826205496867, -26.140582941873433, 82.15889124753396, 105.83182278497058, 141.09216267752996, 142.4025448051304, 124.96414261009691, 112.44941629271878, 235.35463847473576, 108.9521399596592, -53.85728808154535, 125.94629089583972, 134.92991479113093, -0.5427943536638793, 118.64709250699954, 120.59805236790532, 18.28565552531802, 156.03124135325479, 82.21470335194365, 165.11908810710034, 159.54137487056195, 13.400402270045305, -30.515182735864215, 239.7471951454554, 111.91372642277015, 16.846984737079822, 148.28617205192194, 119.22341987857187, 98.98198420784846, 121.39078037031194, 218.12922572144788, 118.17055174021755, -38.08823096947468, 95.21194448795772, -17.446011609698147, 160.2950300305567, 239.0948286180908, 112.10652467295111, 204.0920190460292, -3.614480264442264, -24.832926816555712, 111.90434770228468, 115.59734290608061, 3.8949327049205777, 105.40933581773038, 108.57602175055304, 102.10101666775682, 111.0905589983332, 127.74256807041596, 250.31312661503424, 134.33179810924827, 129.37428351214254, 129.4718919011249, 232.18113896408823, 127.5588331104735, 232.04915003431307, 259.9407606410663, 99.17643439615118, 129.1028375957, 100.67469515943502, 224.564856434494, 119.36115616797693, 95.89809654507896, 108.1263536009063, 143.639832055232, 143.76525228569872, -6.190015119824579, 139.7098813311387, 115.3433248625642, 135.53579348979093, 146.884941990453, 14.786722398940995, 131.34486917852388, 2.5125808234962363, 145.26528768531102, 121.49658015288655, 86.97580681560652, 108.18108323280612, 147.5719244695115, 124.05117094303328, 130.50593127325595, 126.13937500157208, 111.52784960912908, 106.09328336417558, 93.32891984759809, -38.51686354332023, 116.27273344204124, -49.62316334622211, 90.98573530599762, 117.29623765089624, 122.2201696843435], "initial_reset_timestamp": 1526434933.5081928, "episode_types": ["t", "t", "t", "t", "t", "t", "t", "t", "t", "t", "t", "t", "t", "t", "t", "t", "t", "t", "t", "t", "t", "t", "t", "t", "t", "t", "t", "t", "t", "t", "t", "t", "t", "t", "t", "t", "t", "t", "t", "t", "t", "t", "t", "t", "t", "t", "t", "t", "t", "t", "t", "t", "t", "t", "t", "t", "t", "t", "t", "t", "t", "t", "t", "t", "t", "t", "t", "t", "t", "t", "t", "t", "t", "t", "t", "t", "t", "t", "t", "t", "t", "t", "t", "t", "t", "t", "t", "t", "t", "t", "t", "t", "t", "t", "t", "t", "t", "t", "t", "t"], "timestamps": [1526434935.3978467, 1526434936.3995988, 1526434937.3310547, 1526434938.0096502, 1526434938.8969991, 1526434939.59526, 1526434940.411627, 1526434941.3132133, 1526434942.180682, 1526434942.8397074, 1526434942.917812, 1526434943.8992505, 1526434944.842501, 1526434945.637726, 1526434946.3886123, 1526434947.1172583, 1526434947.9092782, 1526434948.4824493, 1526434949.2940176, 1526434949.339342, 1526434950.3397672, 1526434951.183332, 1526434951.247235, 1526434952.2023904, 1526434954.9770896, 1526434955.192257, 1526434957.0941212, 1526434959.804886, 1526434961.45104, 1526434963.1411617, 1526434963.3406057, 1526434963.4900436, 1526434965.0770516, 1526434967.1132057, 1526434967.2955937, 1526434969.5024104, 1526434972.0882719, 1526434975.0595534, 1526434977.9458003, 1526434980.447162, 1526434982.4100106, 1526434982.53493, 1526434985.260922, 1526434985.452765, 1526434987.0925498, 1526434988.5848563, 1526434990.915163, 1526434991.820087, 1526434992.0448256, 1526434992.2210429, 1526434994.0660493, 1526434996.064517, 1526434996.216019, 1526434998.6418793, 1526435000.9040756, 1526435003.2639308, 1526435006.4064867, 1526435009.1887827, 1526435010.6186733, 1526435012.9923303, 1526435015.7583008, 1526435017.8468418, 1526435019.6201165, 1526435023.095398, 1526435025.625134, 1526435026.3789892, 1526435029.096348, 1526435031.8394783, 1526435034.2555442, 1526435034.8948367, 1526435037.4668403, 1526435039.5103133, 1526435042.7942765, 1526435043.8351555, 1526435044.6155076, 1526435044.682967, 1526435045.3772519, 1526435046.2528377, 1526435047.1088526, 1526435047.9803164, 1526435048.0488508, 1526435049.2034197, 1526435049.2680047, 1526435050.0271842, 1526435050.9780993, 1526435051.6746252, 1526435052.5128338, 1526435053.2304165, 1526435054.130924, 1526435054.9854965, 1526435056.1895454, 1526435057.176719, 1526435058.2835608, 1526435059.1419396, 1526435059.2195027, 1526435060.7989707, 1526435060.8664174, 1526435061.939591, 1526435063.0069287, 1526435063.7693326], "episode_lengths": [110, 1000, 1000, 1000, 1000, 1000, 1000, 1000, 1000, 696, 194, 1000, 1000, 1000, 1000, 1000, 1000, 820, 1000, 124, 1000, 1000, 150, 1000, 1000, 198, 1000, 1000, 1000, 1000, 185, 144, 629, 1000, 166, 1000, 1000, 1000, 1000, 886, 1000, 126, 1000, 181, 1000, 767, 1000, 419, 206, 168, 1000, 1000, 152, 1000, 1000, 1000, 1000, 1000, 812, 1000, 1000, 1000, 731, 1000, 944, 394, 1000, 1000, 1000, 389, 1000, 1000, 1000, 1000, 1000, 172, 1000, 1000, 1000, 1000, 171, 1000, 170, 1000, 1000, 1000, 1000, 1000, 1000, 1000, 1000, 1000, 1000, 1000, 183, 1000, 167, 1000, 1000, 1000]}