{"episode_rewards": [247.0745455472499, 106.52475488091187, 204.89834702064383, -17.198270647202577, 251.02822178514373, 104.20640223144841, 108.1437046525902, 246.19801241283236, 93.23288344939537, -32.44170559189921, 103.43009773705072, 99.19788019153462, 6.616755536804462, 107.77817999149885, 192.8487305223644, 106.69148245469263, 231.77409735517028, 238.12631931413736, 151.07504610702637, 97.67583470764079, 92.24278904646896, 129.89790939307244, 120.27874391102361, 203.06230281029525, 254.34829536726147, 186.96911573946872, 135.2844573593259, 38.977379541737406, 199.36706963800435, 215.03357839135055, 103.64345130010103, -36.43035792845087, 112.66021076784324, 233.89742435036658, 127.09135878516216, 111.44357482465026, 92.95064345323125, 89.14511924782464, 117.69202844791323, 188.7701598584591, 241.8696124652405, -38.48504807635205, 259.5986743478686, 16.915150809139718, 223.61550058437427, 11.019971049150087, 107.41910601100406, 246.80855658273103, 2.4329750238693464, 241.21099819501433, 244.59001577925326, 16.68859338316797, 93.43457972626886, 245.4397855998794, 118.76108993835147, 116.8790576013127, 222.47075312489352, 152.62186120049006, 228.62339804786845, 91.44479142137055, 211.6651994706618, 100.81669387142635, 125.91835541750933, 97.02536699880797, 146.1731616244074, 138.82860761999189, 243.2290708185164, 112.27164738374881, 218.75325658643916, 122.35905890157571, 91.7947841535294, 258.55685837467206, 129.29581490663378, 221.646337209864, 112.03848257270569, 247.8212332639728, 225.7485619909736, -3.575933051841133, 14.513581955356472, 135.87421531586511, 126.84571819516768, 34.062829710132064, 86.67293189891157, 74.77581302491238, -15.323774116170924, 114.89068913697517, 222.23137619822234, 86.64322100520673, 184.42772382436505, 206.65391331651816, 95.46437615024381, 119.2244069418718, 121.5626322007767, 5.3347503714521025, 225.4663718909867, 18.993242924879112, 125.83824648724816, 241.5917445860102, 107.57993207035754, 239.05212497743435], "initial_reset_timestamp": 1526423934.6113567, "episode_types": ["t", "t", "t", "t", "t", "t", "t", "t", "t", "t", "t", "t", "t", "t", "t", "t", "t", "t", "t", "t", "t", "t", "t", "t", "t", "t", "t", "t", "t", "t", "t", "t", "t", "t", "t", "t", "t", "t", "t", "t", "t", "t", "t", "t", "t", "t", "t", "t", "t", "t", "t", "t", "t", "t", "t", "t", "t", "t", "t", "t", "t", "t", "t", "t", "t", "t", "t", "t", "t", "t", "t", "t", "t", "t", "t", "t", "t", "t", "t", "t", "t", "t", "t", "t", "t", "t", "t", "t", "t", "t", "t", "t", "t", "t", "t", "t", "t", "t", "t", "t"], "timestamps": [1526423956.418061, 1526423959.1243324, 1526423960.3437057, 1526423960.5520308, 1526423961.128566, 1526423963.6565676, 1526423966.0153337, 1526423967.673073, 1526423969.4659586, 1526423969.7056777, 1526423974.06862, 1526423976.1204007, 1526423976.3763, 1526423978.8307095, 1526423979.2575366, 1526423981.1136918, 1526423983.206132, 1526423985.0233107, 1526423986.6821647, 1526423989.2275407, 1526423991.1996956, 1526423994.0696795, 1526423996.7588592, 1526423997.4618852, 1526423999.0022862, 1526424000.1912832, 1526424001.7320487, 1526424002.0398095, 1526424003.8969254, 1526424006.3188303, 1526424009.0934584, 1526424009.318066, 1526424012.3556607, 1526424013.5102074, 1526424016.2351618, 1526424019.0354383, 1526424021.3585358, 1526424024.6754658, 1526424026.497827, 1526424027.0228102, 1526424028.5751104, 1526424028.7850628, 1526424029.9176683, 1526424030.1412652, 1526424031.3916492, 1526424031.6179109, 1526424034.338585, 1526424035.3017359, 1526424035.510783, 1526424036.7253718, 1526424037.4486163, 1526424037.7180746, 1526424040.4739964, 1526424040.7906241, 1526424043.7830045, 1526424046.4730935, 1526424048.2275438, 1526424050.3226326, 1526424051.8145912, 1526424054.4468012, 1526424056.1161237, 1526424058.9990547, 1526424061.555132, 1526424063.9775817, 1526424065.8551862, 1526424069.1342845, 1526424069.678012, 1526424072.4805908, 1526424073.2110662, 1526424076.2811265, 1526424079.1325786, 1526424079.7055118, 1526424082.5586133, 1526424084.3797572, 1526424087.7263794, 1526424089.3737261, 1526424090.5148354, 1526424090.7197657, 1526424090.9140005, 1526424092.9264793, 1526424095.342653, 1526424095.5636866, 1526424098.3516772, 1526424100.4069066, 1526424100.6036534, 1526424103.6351106, 1526424105.17455, 1526424107.4179456, 1526424107.8861358, 1526424109.4710262, 1526424111.3218524, 1526424114.4435997, 1526424117.1352768, 1526424117.3662825, 1526424117.704789, 1526424117.9065208, 1526424120.0042696, 1526424120.821658, 1526424123.8173077, 1526424125.1264024], "episode_lengths": [754, 1000, 527, 194, 347, 1000, 1000, 633, 1000, 177, 1000, 1000, 208, 1000, 274, 1000, 924, 740, 1000, 1000, 1000, 1000, 1000, 378, 719, 730, 1000, 231, 704, 920, 1000, 181, 1000, 567, 1000, 1000, 1000, 1000, 1000, 317, 989, 185, 802, 194, 566, 199, 1000, 541, 177, 534, 380, 204, 1000, 239, 1000, 1000, 785, 1000, 652, 1000, 906, 1000, 1000, 1000, 1000, 1000, 316, 1000, 393, 1000, 1000, 390, 1000, 761, 1000, 821, 476, 188, 181, 1000, 1000, 183, 1000, 1000, 186, 1000, 590, 1000, 305, 777, 1000, 1000, 1000, 180, 257, 183, 1000, 451, 1000, 704]}