{"episode_rewards": [227.2394783480711, 197.93948728089472, 202.96572600893907, 235.583784977889, 222.85366783238203, 182.43335197491305, 243.67734135368121, 218.47167840677506, 232.3931294139803, 190.32488314040188, 84.52100978654461, 20.271449695196736, 212.3144136725656, 2.1926515211621904, 181.7499640852322, 213.92582189047903, 244.86284728666854, -31.337815426216324, 220.38002769932228, 218.5194822497802, -17.76566222072387, 238.18341121057276, 217.4268578179428, 234.36248580476698, 192.73632076781234, 196.36523339050444, -10.780405290405639, 223.09334928775797, 212.5277710493637, 215.29313388918536, 213.85176637085505, 240.2451912489528, 227.70222038036565, 201.4837877574584, 229.86729550595726, 217.4923483141343, -43.293855733090616, -3.2741132019327495, 231.13067188914493, -32.918924921600265, -48.858349079728654, 226.47109557333417, 220.50089543529754, 233.7808278379604, 234.94175884358708, 213.06207475079748, 181.94179127187226, 234.0341038466114, 3.8234437538971804, 230.46888223537587, -48.53060891878968, 243.15977031794841, 18.418244015086273, 222.77086086388255, 191.82931840504313, 249.0875803323507, 180.9465973068005, 196.7005026858555, 208.80883620105868, 252.14365985330983, -25.844780669953963, 210.46315358668306, 208.75941059968582, 236.90336933233996, 195.98516885816596, -63.18729662960203, -17.175659284225375, 219.07982894467096, 203.76054379727296, 197.69085360540925, -5.850288221312098, 195.16241780851243, 202.91577318966654, 220.2644450792248, 244.3865544099455, 221.06000526078367, 226.57112065901427, -48.37251518776464, 213.1325808178787, 195.20933367175405, 215.81663984483185, 236.94734675696114, -2.882266311747429, 184.8396066412298, 213.79820693558253, 195.4994871146244, 225.00157013833308, 212.25764561749173, 193.52484471160142, 224.82074837916528, 238.06496986612422, 214.06960496169754, 240.4073956253359, -12.776378033340592, 21.7930937836486, 201.25040365131917, 2.6178144964679007, 233.3369538502222, 224.81431268237142, 208.4980894373756], "initial_reset_timestamp": 1526417259.5885656, "episode_types": ["t", "t", "t", "t", "t", "t", "t", "t", "t", "t", "t", "t", "t", "t", "t", "t", "t", "t", "t", "t", "t", "t", "t", "t", "t", "t", "t", "t", "t", "t", "t", "t", "t", "t", "t", "t", "t", "t", "t", "t", "t", "t", "t", "t", "t", "t", "t", "t", "t", "t", "t", "t", "t", "t", "t", "t", "t", "t", "t", "t", "t", "t", "t", "t", "t", "t", "t", "t", "t", "t", "t", "t", "t", "t", "t", "t", "t", "t", "t", "t", "t", "t", "t", "t", "t", "t", "t", "t", "t", "t", "t", "t", "t", "t", "t", "t", "t", "t", "t", "t"], "timestamps": [1526417273.0816996, 1526417273.772289, 1526417274.9441686, 1526417275.3638058, 1526417275.9152606, 1526417276.343438, 1526417276.95001, 1526417277.4386473, 1526417277.9870594, 1526417278.647203, 1526417280.926853, 1526417281.2069495, 1526417281.8440385, 1526417282.223542, 1526417282.924047, 1526417283.6915123, 1526417284.4869277, 1526417284.9896412, 1526417285.5480812, 1526417286.5900178, 1526417286.907553, 1526417287.4415574, 1526417287.9611602, 1526417288.4380484, 1526417289.3795881, 1526417289.8808653, 1526417290.2091618, 1526417291.01882, 1526417292.0796578, 1526417292.7547467, 1526417293.647377, 1526417294.0738444, 1526417295.4222784, 1526417295.8910577, 1526417296.5193005, 1526417296.9329207, 1526417297.2340443, 1526417297.463778, 1526417297.91067, 1526417298.1556273, 1526417298.4372716, 1526417298.9222016, 1526417299.3751924, 1526417299.8229015, 1526417300.3970242, 1526417301.9682763, 1526417302.4075658, 1526417302.8644533, 1526417303.1913621, 1526417303.521326, 1526417303.8613005, 1526417304.3716512, 1526417304.7720606, 1526417305.3773587, 1526417305.9760244, 1526417306.5077183, 1526417307.1629446, 1526417307.6895485, 1526417308.980668, 1526417309.7569518, 1526417310.1170006, 1526417310.5217123, 1526417311.6870413, 1526417312.1779735, 1526417312.9757879, 1526417313.2028828, 1526417313.54996, 1526417314.1617458, 1526417314.7076087, 1526417315.3321424, 1526417315.670257, 1526417316.243375, 1526417316.76068, 1526417317.35957, 1526417317.8915484, 1526417318.5319684, 1526417319.2746782, 1526417319.558875, 1526417320.0419223, 1526417321.0021873, 1526417321.6495419, 1526417322.2712333, 1526417322.5344772, 1526417323.1108785, 1526417323.725198, 1526417324.3936706, 1526417325.0395558, 1526417325.4665022, 1526417326.668794, 1526417327.266195, 1526417327.723102, 1526417328.2253866, 1526417328.7684112, 1526417329.0080142, 1526417329.2086759, 1526417329.6364036, 1526417329.919195, 1526417330.7278583, 1526417331.1750653, 1526417331.6408248], "episode_lengths": [388, 298, 491, 291, 316, 279, 287, 327, 299, 375, 1000, 170, 297, 211, 309, 311, 361, 249, 294, 486, 214, 285, 299, 268, 369, 279, 210, 327, 382, 330, 444, 296, 583, 286, 359, 289, 219, 192, 272, 193, 221, 309, 294, 313, 359, 565, 258, 252, 229, 253, 231, 323, 235, 284, 286, 273, 339, 292, 506, 350, 233, 264, 495, 280, 345, 188, 249, 333, 317, 310, 243, 303, 282, 293, 295, 304, 449, 220, 293, 392, 361, 341, 197, 309, 319, 329, 320, 287, 383, 283, 317, 289, 309, 183, 169, 285, 216, 455, 321, 300]}