{"episode_rewards": [217.45774820308756, -23.218489377409426, 228.11837918519612, 227.7579362366015, 185.2195914663845, 182.0391373966248, 205.74723455171943, 234.66853194024367, 184.36136517966128, -10.19204025964305, 220.8343150602422, 216.9441340031335, 195.1265344774155, 228.55590772745487, -7.337109433725118, 242.94405571761945, 215.54444769736938, -22.268792905433116, 205.2288404454791, 233.88411053143426, 203.10678226505416, 206.38980246913064, -0.2772410397046059, 250.5052037043077, 182.52587664436246, -13.384509546001212, 191.79928541745832, -26.73096872661884, 194.31836652923283, 9.664801843297965, 222.64078844298288, 177.38587888115856, -72.03156118050526, 14.002221951345291, 190.0486710530111, 219.54953459986584, 245.2130173261454, 194.22327859183298, -29.695310138350337, 190.2869303202074, 205.66778677211286, 198.557163037735, 221.13773067914906, 181.39235739689832, 215.4089411719691, 172.47321357195608, 7.851273031601522, -19.510444762604635, 244.87553725513155, 235.86393988046797, 201.40067695235865, 4.263669219998661, 241.46059212158534, 240.46294094185905, 185.34343263532102, -37.79316117257948, 205.374621179907, 256.2091705144585, 212.07165255893847, 7.850697705196424, 223.0930187234417, 217.89763616644876, -5.5754548224362, 228.58877823040876, 209.0166496407436, 222.0694408338152, 212.8643862672486, 164.4017958591855, 257.3303097638943, -27.445479417786686, 228.52627521313252, -8.584593649379883, 214.03300739301983, 22.19153050171232, 232.22655566961507, -18.218648120574954, 221.95557510657994, 11.336193102736587, 225.7320351362005, 212.53827765010828, 202.56004363665977, -20.575096620397716, 126.29316329631772, 196.46222686509591, 195.69896699610956, 235.14231823641205, 181.83645349399205, 221.91489089402873, 169.76513601748593, 206.97483769515702, -20.293478937741355, -41.798950276833665, 195.42886287209237, 228.59455244198602, 197.73761858835076, 186.30755579428995, 230.52446881352017, 225.76255836635028, 207.97215433669942, 219.79668694199057], "initial_reset_timestamp": 1526413846.133752, "episode_types": ["t", "t", "t", "t", "t", "t", "t", "t", "t", "t", "t", "t", "t", "t", "t", "t", "t", "t", "t", "t", "t", "t", "t", "t", "t", "t", "t", "t", "t", "t", "t", "t", "t", "t", "t", "t", "t", "t", "t", "t", "t", "t", "t", "t", "t", "t", "t", "t", "t", "t", "t", "t", "t", "t", "t", "t", "t", "t", "t", "t", "t", "t", "t", "t", "t", "t", "t", "t", "t", "t", "t", "t", "t", "t", "t", "t", "t", "t", "t", "t", "t", "t", "t", "t", "t", "t", "t", "t", "t", "t", "t", "t", "t", "t", "t", "t", "t", "t", "t", "t"], "timestamps": [1526413855.4078283, 1526413855.9419324, 1526413856.3286471, 1526413856.7263482, 1526413857.1704006, 1526413858.4929593, 1526413858.9522939, 1526413859.4320724, 1526413860.2022257, 1526413860.4864066, 1526413860.9784403, 1526413861.5200884, 1526413862.0285575, 1526413862.452362, 1526413862.6831357, 1526413863.2239876, 1526413863.66839, 1526413863.9492824, 1526413864.5716665, 1526413865.1512434, 1526413866.357248, 1526413866.9072757, 1526413867.2192256, 1526413867.6227179, 1526413868.1876147, 1526413868.4269273, 1526413868.8315828, 1526413869.1134176, 1526413869.6741457, 1526413869.9015098, 1526413871.024126, 1526413872.3996854, 1526413872.792231, 1526413873.201884, 1526413873.9455318, 1526413874.5738103, 1526413875.1984258, 1526413875.7039864, 1526413876.1086931, 1526413876.5346797, 1526413877.1387875, 1526413877.740137, 1526413878.3657017, 1526413878.8193753, 1526413879.2291226, 1526413880.1324232, 1526413880.4419727, 1526413880.8324902, 1526413881.3229442, 1526413881.7395961, 1526413882.2434871, 1526413882.5550275, 1526413883.03244, 1526413883.5399568, 1526413884.0467567, 1526413884.267464, 1526413885.0314233, 1526413885.3691235, 1526413886.0854502, 1526413886.3281534, 1526413887.087679, 1526413887.5203874, 1526413887.7715716, 1526413888.3647223, 1526413889.0389433, 1526413889.52402, 1526413890.171665, 1526413891.700908, 1526413892.5681489, 1526413892.867764, 1526413893.441013, 1526413893.7122486, 1526413894.2560759, 1526413894.4715798, 1526413894.886865, 1526413895.1842859, 1526413895.509267, 1526413895.8322592, 1526413897.0101395, 1526413897.45676, 1526413898.029508, 1526413898.258364, 1526413899.6118073, 1526413900.1264408, 1526413901.1182117, 1526413901.6347246, 1526413902.2336316, 1526413902.9024417, 1526413903.5997643, 1526413904.1410701, 1526413904.4897234, 1526413904.8557851, 1526413905.3830295, 1526413905.844054, 1526413906.7217364, 1526413907.544879, 1526413908.3465047, 1526413909.052541, 1526413909.73455, 1526413910.443879], "episode_lengths": [274, 237, 272, 265, 286, 526, 293, 273, 367, 220, 276, 329, 301, 259, 187, 339, 279, 208, 338, 356, 496, 329, 221, 287, 319, 209, 272, 218, 341, 188, 456, 909, 247, 259, 342, 316, 311, 284, 255, 256, 339, 327, 314, 290, 251, 386, 229, 259, 288, 240, 295, 206, 300, 333, 284, 186, 340, 240, 350, 193, 348, 298, 211, 335, 317, 265, 330, 839, 398, 223, 318, 216, 302, 191, 301, 218, 271, 267, 391, 276, 283, 192, 614, 293, 461, 287, 304, 326, 324, 289, 246, 254, 260, 297, 305, 349, 325, 275, 274, 307]}