{"episode_rewards": [232.16229982891957, 263.9890127481447, 209.0212009227953, -0.3770766105751875, 11.039535750910503, 146.37673769079666, 252.68906086063706, 229.84347059731027, 207.81615061908494, 213.0538460861015, 197.70732512584075, -36.73878276980088, 23.09291109071694, 189.84867693701037, 241.4073467660908, 222.9101897245298, 227.64684112919718, 221.81059626731178, 5.875213764203352, 252.72238052129316, 192.6099302625293, 214.90401399651495, 206.7471215628554, 238.69146902652125, 1.4800151868561535, 220.61571522667884, -6.809398213586363, 255.1637737188027, 235.50703346996647, -1.359065610445569, 234.874547685468, 224.41290929566838, 211.96220741040344, 221.6190149620531, 227.2364179240896, 202.80474239716148, 225.06930743349585, 227.01609001814745, 252.29166347580846, 221.06783453475435, 255.8810186391222, 245.09811604775376, 231.68004829683943, 11.606575649846917, 246.60377068663203, 224.49303430819242, 227.42826377741414, 5.110338638249402, 235.58858750953098, 239.28559468426843, 227.8805229513719, 193.23354917051748, 234.2100622530793, 215.97042911970257, 213.5484564883429, 204.58082525716657, 229.74428456692192, 243.68136427966638, 261.1798340091067, 216.07932886892166, 229.73997762431392, 229.97807867124095, 191.61187864183995, -60.260641491340934, 219.62934130450077, 209.32394112431066, 222.8002716387817, -1.5901559357239279, 212.41997305809835, 187.20884403501975, -31.4930384985242, 204.52252114991947, 213.42776483144587, 251.42502909108865, 234.8715393523014, 211.16293454345896, 246.41200135729403, 223.3130851628469, -0.893362992659462, 242.67012527677514, 249.5683255472484, 243.5398635169815, 233.74285952250187, -7.715199880499711, 219.88572902383254, 266.52032626914985, 233.52587554488275, 243.80842162385383, 216.45802114443953, 29.938186770867958, 239.4586677513918, 227.85014955710986, 223.7539072403379, 210.89403157378044, 211.8254805210434, 219.83069801388507, 238.83354734594042, 9.652512867718798, 253.49152470850186, 213.2309518259804], "initial_reset_timestamp": 1526426398.002454, "episode_types": ["t", "t", "t", "t", "t", "t", "t", "t", "t", "t", "t", "t", "t", "t", "t", "t", "t", "t", "t", "t", "t", "t", "t", "t", "t", "t", "t", "t", "t", "t", "t", "t", "t", "t", "t", "t", "t", "t", "t", "t", "t", "t", "t", "t", "t", "t", "t", "t", "t", "t", "t", "t", "t", "t", "t", "t", "t", "t", "t", "t", "t", "t", "t", "t", "t", "t", "t", "t", "t", "t", "t", "t", "t", "t", "t", "t", "t", "t", "t", "t", "t", "t", "t", "t", "t", "t", "t", "t", "t", "t", "t", "t", "t", "t", "t", "t", "t", "t", "t", "t"], "timestamps": [1526426405.5492182, 1526426406.1019943, 1526426406.8759186, 1526426407.0803435, 1526426407.3825758, 1526426408.9919825, 1526426409.5238082, 1526426410.0895562, 1526426411.01254, 1526426411.6638436, 1526426412.2575102, 1526426412.4478376, 1526426412.7038147, 1526426412.9753683, 1526426413.3089893, 1526426413.6605463, 1526426414.231749, 1526426414.5858448, 1526426414.806622, 1526426415.3269506, 1526426415.573582, 1526426415.965906, 1526426416.2564664, 1526426417.4238646, 1526426419.8776433, 1526426421.002788, 1526426421.2027009, 1526426421.5701344, 1526426421.9253852, 1526426422.2502396, 1526426422.6505806, 1526426422.9882193, 1526426423.3535383, 1526426423.66694, 1526426424.0397015, 1526426424.4373713, 1526426424.7010365, 1526426425.0987349, 1526426425.4776654, 1526426426.0666602, 1526426426.50341, 1526426428.1603186, 1526426428.7946415, 1526426428.988092, 1526426429.3047621, 1526426429.734598, 1526426430.1323254, 1526426430.4200134, 1526426430.9532933, 1526426431.3420296, 1526426432.3485413, 1526426433.2266243, 1526426433.707527, 1526426434.0057914, 1526426434.3666284, 1526426434.7310653, 1526426435.027209, 1526426435.4739258, 1526426435.7523675, 1526426436.2302752, 1526426436.6205587, 1526426436.9687543, 1526426437.502201, 1526426437.6187708, 1526426437.8832269, 1526426438.382127, 1526426438.859639, 1526426439.0516205, 1526426439.4043777, 1526426439.8116863, 1526426440.0323215, 1526426440.3443449, 1526426440.6462424, 1526426440.931963, 1526426441.2673645, 1526426441.6017468, 1526426442.0457315, 1526426442.573726, 1526426442.7437065, 1526426443.286221, 1526426443.7387726, 1526426443.9741406, 1526426444.415128, 1526426444.6108408, 1526426445.0160403, 1526426445.427357, 1526426445.8475885, 1526426446.2332277, 1526426446.5759737, 1526426446.7322965, 1526426447.3679543, 1526426447.665839, 1526426448.0601711, 1526426448.4337976, 1526426448.7614255, 1526426449.4482753, 1526426449.808983, 1526426449.9660625, 1526426450.246388, 1526426450.583685], "episode_lengths": [240, 284, 398, 185, 221, 707, 380, 359, 446, 386, 342, 176, 223, 225, 232, 244, 307, 259, 190, 333, 212, 305, 232, 569, 1000, 485, 165, 288, 268, 195, 247, 262, 274, 256, 260, 275, 219, 287, 285, 343, 294, 730, 366, 175, 263, 281, 266, 233, 402, 259, 499, 449, 318, 238, 262, 261, 228, 318, 232, 295, 264, 266, 331, 117, 212, 337, 284, 172, 258, 268, 195, 221, 244, 225, 237, 265, 315, 325, 163, 322, 310, 206, 269, 181, 284, 276, 279, 261, 265, 145, 408, 244, 287, 263, 243, 367, 266, 152, 234, 249]}