{"episode_rewards": [208.07285502618325, 218.29848563946194, 219.302220613091, 212.21471900120562, 177.1549916489736, 226.22545305510187, 214.90561908806944, 215.6009624922682, 221.19830676837853, 10.176015257084302, -20.91963927943793, 196.05299252112843, 206.88585177992456, 250.42327323805014, 225.36854626570158, 225.50003124128602, 221.48869113655732, 254.26779258239193, 191.45324441749347, 246.08111178579748, 202.19887771590214, 243.08571880358647, 210.03719812939693, 203.71714114720737, 197.7237796587593, 219.37936147112828, 250.299360806001, 245.3152987256238, 224.93817996375665, -53.640771953989656, 140.14289029753564, 1.148585081871019, -22.44666881369254, 204.49265624540516, -21.90901636310886, 201.34214828193504, 214.70871116091416, 195.6763507028785, -16.176353981442233, 7.459846533334556, 107.31663579773513, -43.80233864671936, 250.76099690131244, 256.061991727982, 199.1139974161107, 224.9681197480025, 216.81965819977054, 240.32190474382048, 231.70015282732288, -31.039455020335552, 3.4905674397522546, 214.96322946285343, 211.9494579557548, 207.5850884846586, 227.24155453191247, 264.10606822180114, 228.2598077225847, 266.79133335028655, 207.47596595745068, -30.406028452942564, 235.61549085528478, 194.26544799219872, 3.294002614807482, 223.51263866441178, -16.339577094596763, 234.28273571492858, 224.23864852929032, 197.2948169382022, 199.42891474533428, 229.8796507189441, 210.58298244796984, 254.36409606707963, 194.13521609788077, 99.22587496889845, 219.18699749569993, 220.69922715598403, 252.67040379194412, 38.37106006411466, 60.2176418675699, 189.5649026804475, 261.6460233127864, 259.81256460053305, 6.4878130260447335, 204.20656829471798, 222.20772953299792, 229.63512270583328, 205.77075977432463, 95.39725692594887, 250.0908537032278, 268.6112446775917, -53.474297891463195, 221.4299751266704, 31.334944586107042, 202.05227039383723, 223.3321550771057, 241.36231003388744, 196.71955249180525, 218.853829969272, 246.68842619495973, 219.38484279360634], "initial_reset_timestamp": 1526432279.0856912, "episode_types": ["t", "t", "t", "t", "t", "t", "t", "t", "t", "t", "t", "t", "t", "t", "t", "t", "t", "t", "t", "t", "t", "t", "t", "t", "t", "t", "t", "t", "t", "t", "t", "t", "t", "t", "t", "t", "t", "t", "t", "t", "t", "t", "t", "t", "t", "t", "t", "t", "t", "t", "t", "t", "t", "t", "t", "t", "t", "t", "t", "t", "t", "t", "t", "t", "t", "t", "t", "t", "t", "t", "t", "t", "t", "t", "t", "t", "t", "t", "t", "t", "t", "t", "t", "t", "t", "t", "t", "t", "t", "t", "t", "t", "t", "t", "t", "t", "t", "t", "t", "t"], "timestamps": [1526432282.9160755, 1526432283.1143353, 1526432283.3014178, 1526432283.425583, 1526432283.5713103, 1526432283.6966748, 1526432283.8134358, 1526432283.9027758, 1526432284.116126, 1526432284.1654074, 1526432284.2003179, 1526432284.3182127, 1526432284.5915098, 1526432284.7227693, 1526432284.8351884, 1526432284.979782, 1526432285.1654465, 1526432285.2604985, 1526432285.375152, 1526432285.5380065, 1526432285.645626, 1526432286.408081, 1526432287.155872, 1526432287.334075, 1526432287.4349725, 1526432287.7670865, 1526432287.8800724, 1526432287.9604158, 1526432288.0725965, 1526432288.1327028, 1526432288.6764712, 1526432288.76526, 1526432288.8307314, 1526432288.9286196, 1526432288.979729, 1526432289.0784395, 1526432289.2229955, 1526432289.324581, 1526432289.3811696, 1526432289.4481604, 1526432290.111283, 1526432290.15313, 1526432290.2794175, 1526432290.3861232, 1526432290.4933014, 1526432290.6473923, 1526432290.7834172, 1526432291.0728977, 1526432291.165015, 1526432291.236582, 1526432291.3049066, 1526432291.4044974, 1526432291.513807, 1526432291.671873, 1526432291.818413, 1526432291.9376416, 1526432292.0424404, 1526432292.1810117, 1526432292.2874315, 1526432292.3452537, 1526432292.4451194, 1526432292.5492194, 1526432292.6212006, 1526432292.8045075, 1526432292.870593, 1526432292.9973361, 1526432293.1750448, 1526432293.296949, 1526432293.3904154, 1526432293.541327, 1526432293.6635575, 1526432293.8390007, 1526432293.9474742, 1526432294.6987257, 1526432294.7968102, 1526432294.879621, 1526432295.0255919, 1526432295.0946836, 1526432295.9369762, 1526432296.0480127, 1526432296.1613622, 1526432296.2958443, 1526432296.3765798, 1526432296.4718816, 1526432296.5852125, 1526432296.6653688, 1526432296.7843742, 1526432297.7367375, 1526432297.8404334, 1526432297.9239426, 1526432297.9788945, 1526432298.0992622, 1526432298.1676815, 1526432298.2543876, 1526432298.706934, 1526432298.8473656, 1526432298.9519694, 1526432299.073243, 1526432299.1771293, 1526432299.327755], "episode_lengths": [226, 244, 324, 254, 276, 261, 244, 205, 380, 131, 96, 246, 422, 266, 240, 268, 329, 213, 252, 332, 213, 937, 825, 329, 229, 467, 234, 204, 238, 155, 1000, 212, 170, 228, 139, 227, 279, 231, 155, 172, 1000, 115, 268, 231, 246, 253, 254, 412, 222, 171, 172, 233, 236, 256, 299, 247, 235, 254, 239, 159, 220, 217, 171, 381, 155, 287, 311, 247, 217, 283, 233, 289, 237, 1000, 218, 208, 310, 170, 1000, 229, 252, 325, 192, 219, 234, 200, 240, 1000, 226, 213, 147, 240, 168, 209, 840, 273, 232, 253, 233, 271]}