{"episode_rewards": [188.35132155230605, 151.0978940695925, 125.2295931971, 222.46524528945926, 93.5736390128716, 149.37505379887196, 86.5086419884288, 137.7756482094769, 230.94355226286325, 229.10115667951294, 105.11891996189331, 187.12572042165186, 237.15277723558145, -18.592513916807007, 20.778908510985488, 150.73575582774362, 6.786860644208318, 217.8685644682104, 149.87599424186473, 136.25851717247252, 219.62262345278037, 245.02213795881644, 194.038578054104, 186.49792967402527, 261.94317927813296, 80.46836375959444, 130.7982476179949, 105.78196169937283, -20.605391676394305, 110.2791798459455, 254.34450691027362, -3.3382885997316123, 212.875146592847, 128.93274379981347, 8.916644895885625, 237.90684267667152, 229.57347989688552, 101.20078416279325, 127.63122977422114, 128.98057309058834, 236.88716014304507, 228.20825564963744, 112.9462366196002, 207.96120889313875, 141.3582975880426, 215.6127704403786, 211.2074799932417, 138.99264026257623, 135.85713113379126, 230.11732143846524, 248.72013670537, 215.3226651840691, 15.020574699658724, 135.00661415889294, 201.2769132816973, 213.323308309787, 212.27929376191116, 238.18158348439363, 85.07229688390225, 108.17962578154444, 248.4096900321785, -36.06278112485596, 241.00402441598834, 105.97945559598529, 92.84188853735643, 103.64305811799296, 106.97886337520896, 124.8842545631466, 193.9508247841295, 222.38992275367428, 117.4661847392828, 238.75533373729817, 106.38360588563906, -3.7858856742199123, 3.670086286967546, 103.66693595653616, 117.2070958042679, 192.49815135923228, 96.31330862463443, 27.20361318775535, 18.715194348519105, 144.9766413360243, 9.470955327079665, 254.76525980707635, -38.48777653451546, 202.10504020852403, 105.49706808827024, 259.178049753839, 86.12161171464925, 195.61464193601503, 106.94951644555839, 135.76005534353035, 11.207059528434755, 109.71748271939737, 100.23837749467431, 248.09239041292204, 129.7843474832002, -77.28840426313936, -1.3239382854170856, 210.9044665004799], "initial_reset_timestamp": 1526432548.721829, "episode_types": ["t", "t", "t", "t", "t", "t", "t", "t", "t", "t", "t", "t", "t", "t", "t", "t", "t", "t", "t", "t", "t", "t", "t", "t", "t", "t", "t", "t", "t", "t", "t", "t", "t", "t", "t", "t", "t", "t", "t", "t", "t", "t", "t", "t", "t", "t", "t", "t", "t", "t", "t", "t", "t", "t", "t", "t", "t", "t", "t", "t", "t", "t", "t", "t", "t", "t", "t", "t", "t", "t", "t", "t", "t", "t", "t", "t", "t", "t", "t", "t", "t", "t", "t", "t", "t", "t", "t", "t", "t", "t", "t", "t", "t", "t", "t", "t", "t", "t", "t", "t"], "timestamps": [1526432561.8274584, 1526432562.6049, 1526432563.2730906, 1526432563.6999106, 1526432564.4020162, 1526432565.114756, 1526432565.8855653, 1526432566.538049, 1526432566.7766504, 1526432566.959212, 1526432567.8151376, 1526432568.7566102, 1526432568.917915, 1526432568.9931726, 1526432569.0521076, 1526432569.6017032, 1526432569.6840007, 1526432570.403096, 1526432571.1164448, 1526432571.7442873, 1526432572.1491258, 1526432572.2816045, 1526432572.430663, 1526432573.0964904, 1526432573.2500927, 1526432574.1248116, 1526432575.0473168, 1526432576.1022387, 1526432576.1855338, 1526432577.1713092, 1526432577.362893, 1526432577.4473035, 1526432578.2925148, 1526432579.6123784, 1526432579.6840832, 1526432579.7770236, 1526432579.9397576, 1526432580.7513444, 1526432581.7888207, 1526432582.708192, 1526432583.2741678, 1526432583.5201988, 1526432584.3473523, 1526432584.9921985, 1526432585.885352, 1526432586.0456119, 1526432586.504134, 1526432587.1976054, 1526432587.9200785, 1526432588.1192155, 1526432588.245074, 1526432588.842579, 1526432588.9206264, 1526432589.66802, 1526432589.8500566, 1526432590.0085325, 1526432590.2764938, 1526432590.5374787, 1526432591.2641213, 1526432592.232386, 1526432592.4179573, 1526432592.4957929, 1526432593.0182128, 1526432593.9120352, 1526432594.6354446, 1526432595.552013, 1526432596.5357928, 1526432597.1567843, 1526432597.3241298, 1526432597.5388882, 1526432598.449312, 1526432598.7599056, 1526432599.6362522, 1526432599.7242026, 1526432599.8299108, 1526432600.9924588, 1526432601.7127626, 1526432602.544307, 1526432603.5303009, 1526432603.6088362, 1526432603.7127786, 1526432604.3598719, 1526432604.4308274, 1526432604.8050344, 1526432604.88216, 1526432605.7371066, 1526432606.7313278, 1526432606.8715246, 1526432607.9113126, 1526432608.9655628, 1526432609.9886274, 1526432610.6942687, 1526432610.7869194, 1526432611.7394376, 1526432613.7502017, 1526432614.5722406, 1526432616.621215, 1526432616.7758071, 1526432617.0402582, 1526432617.400725], "episode_lengths": [782, 1000, 1000, 634, 1000, 1000, 1000, 1000, 338, 290, 1000, 956, 278, 182, 155, 1000, 185, 849, 1000, 1000, 569, 294, 281, 771, 268, 1000, 1000, 1000, 190, 1000, 366, 204, 979, 1000, 163, 202, 303, 1000, 1000, 1000, 840, 432, 1000, 933, 1000, 273, 549, 1000, 1000, 321, 252, 682, 177, 1000, 293, 282, 373, 400, 1000, 1000, 348, 192, 652, 1000, 1000, 1000, 1000, 1000, 290, 352, 1000, 503, 1000, 184, 231, 1000, 1000, 728, 1000, 194, 193, 1000, 180, 501, 191, 976, 1000, 267, 1000, 954, 1000, 1000, 205, 1000, 1000, 402, 1000, 136, 229, 273]}