{"episode_rewards": [189.78321270667374, 222.12212869861506, 239.56399029268513, 81.12416686558599, 209.89050898201808, 179.93605108057795, 211.73416800292952, -5.013607628837747, 196.410965516262, 216.88267377285842, 217.71836415253503, 202.77393143449055, 95.63195590453105, -26.04229519469925, 237.58048458325234, -16.742376685375973, 203.50868991871744, 185.49559722643016, 200.1323608950327, -8.273944174732733, 220.14719625271326, 96.70436206587873, 205.57668479918482, -29.166376212861735, 235.3449247407711, 225.68124806831372, 211.83631376129205, 225.02450906768928, 204.6488084198274, 233.95925366817056, -49.98809643124856, 224.27759816723432, 164.64695713638372, 28.465031843115753, 188.12469195897333, -52.04438105470831, 193.7113028609806, 102.88345841728928, 145.8508593763923, 94.83663888874224, 203.40777944323173, 174.57515128595935, 206.67232118656514, -58.814673996214765, 199.2375011744899, 181.80884672500207, 237.41659219958206, 211.95558451182688, 208.78793794516233, 3.8987903097210648, -52.56668875414063, 121.27112340692533, 220.09438980807317, 209.545568906519, 203.72322503514482, -196.23323170332873, 78.03696593885232, 213.8661724030522, 223.96184403505933, 236.14711473017968, 205.01143055096136, 122.64786403643272, 229.40694956455815, 242.05626893646263, 227.6619923260934, 241.72442496063908, 179.13364690261443, 218.30429679629376, 190.6726392975424, 196.14219063099193, -19.19588776545467, 221.6116016038101, 214.91553023467162, 237.6349409571858, 0.5337943626558399, 211.60457411952603, 179.5399325630862, 216.69973376605813, 213.67527943650668, 207.11707441985615, 215.73251843362976, 214.22245957904954, 8.47139914839984, -12.802939235277634, 199.1485327334502, 236.71872248969174, 182.39203035552092, -47.05407376018619, 223.2552073153087, 188.83745362042106, 189.55126515861997, 174.53094565653538, 85.9071272290883, 212.15262351997765, 67.98666537554246, 228.77507202412593, 83.17493416034462, 235.3227583198829, 127.3616977082348, 237.27494899033564], "initial_reset_timestamp": 1526410383.85431, "episode_types": ["t", "t", "t", "t", "t", "t", "t", "t", "t", "t", "t", "t", "t", "t", "t", "t", "t", "t", "t", "t", "t", "t", "t", "t", "t", "t", "t", "t", "t", "t", "t", "t", "t", "t", "t", "t", "t", "t", "t", "t", "t", "t", "t", "t", "t", "t", "t", "t", "t", "t", "t", "t", "t", "t", "t", "t", "t", "t", "t", "t", "t", "t", "t", "t", "t", "t", "t", "t", "t", "t", "t", "t", "t", "t", "t", "t", "t", "t", "t", "t", "t", "t", "t", "t", "t", "t", "t", "t", "t", "t", "t", "t", "t", "t", "t", "t", "t", "t", "t", "t"], "timestamps": [1526410402.3224757, 1526410404.3661876, 1526410405.469398, 1526410410.208967, 1526410412.5096343, 1526410413.4272752, 1526410413.9619803, 1526410414.366292, 1526410415.1262097, 1526410416.5594342, 1526410417.8018582, 1526410419.9861512, 1526410422.646627, 1526410423.0697813, 1526410424.0867712, 1526410424.3230083, 1526410426.1528397, 1526410427.0770948, 1526410430.4815629, 1526410430.8931031, 1526410432.5014222, 1526410437.4280345, 1526410438.3612852, 1526410438.9981105, 1526410439.6953914, 1526410441.9199905, 1526410442.822508, 1526410444.1810045, 1526410444.9193587, 1526410445.846825, 1526410446.3186653, 1526410448.2330544, 1526410449.3893864, 1526410449.9073408, 1526410451.0559444, 1526410451.3751733, 1526410453.0283682, 1526410456.8835166, 1526410459.282824, 1526410462.52668, 1526410464.5349052, 1526410465.8074174, 1526410467.777967, 1526410468.1695867, 1526410469.2667692, 1526410472.361418, 1526410473.2140267, 1526410475.2393796, 1526410476.7467022, 1526410477.0836067, 1526410477.4292998, 1526410479.3098679, 1526410480.1756132, 1526410480.777256, 1526410481.357667, 1526410482.5401602, 1526410487.6314135, 1526410488.5084953, 1526410491.3066096, 1526410493.6758268, 1526410494.475308, 1526410498.464838, 1526410499.248637, 1526410499.9942157, 1526410500.8639145, 1526410501.4479294, 1526410502.4175851, 1526410503.5309503, 1526410504.7530077, 1526410507.818909, 1526410508.2440689, 1526410509.5318637, 1526410512.7441518, 1526410515.4713438, 1526410515.798864, 1526410516.724394, 1526410518.1077557, 1526410518.8428068, 1526410519.3284044, 1526410520.881283, 1526410521.5982957, 1526410522.9305665, 1526410523.2793894, 1526410523.71082, 1526410525.4483306, 1526410526.4334514, 1526410527.086571, 1526410527.4174216, 1526410529.006921, 1526410530.5390265, 1526410531.0830042, 1526410531.851665, 1526410534.3842735, 1526410535.7178648, 1526410537.6800284, 1526410538.2930996, 1526410540.681801, 1526410541.467618, 1526410543.068204, 1526410543.6045253], "episode_lengths": [405, 444, 356, 1000, 564, 343, 266, 255, 379, 547, 585, 660, 1000, 267, 556, 202, 706, 393, 735, 198, 421, 1000, 296, 250, 308, 662, 308, 486, 317, 373, 230, 624, 390, 263, 372, 184, 574, 1000, 1000, 1000, 763, 516, 652, 265, 504, 961, 509, 848, 726, 234, 247, 1000, 404, 347, 328, 533, 1000, 303, 833, 608, 354, 1000, 308, 368, 404, 300, 429, 429, 431, 880, 267, 497, 916, 932, 231, 483, 500, 336, 312, 580, 366, 514, 234, 274, 657, 511, 362, 240, 921, 544, 319, 391, 1000, 554, 1000, 341, 1000, 431, 1000, 305]}