{"episode_rewards": [227.25349909723087, 206.86834223023078, 229.25958426230144, 255.62327149904047, 216.2386346192033, 247.63688933941876, -30.75962828773436, 202.1402435822411, 249.99752582899083, 233.32537960843635, -47.16517834729313, 214.23314264735205, 27.35798412778992, 200.43803839950493, -25.344984032348876, 222.50707708289485, 201.422692354961, 238.63115419505314, 220.26602583763514, 137.30424090939644, 246.78420505180347, 225.3163770565081, 239.75291607928588, 217.75506748059615, 237.64207192035616, 199.51217034550257, -4.910911306314503, 8.634542275600168, 219.5154770896664, 17.37842491645125, 194.26636555030967, 246.82140951526574, 12.312161826923955, 215.33437120912305, 207.11883507565426, 208.36515155719513, -12.092919151388358, -15.940888511059583, 76.90035078966972, 220.91466853752797, 234.02638259670192, -7.818184709538542, 2.1847158484628153, 27.395205651304565, 209.6233978309403, 241.77238413560266, 5.7943884985482015, 211.99038098235897, 218.37449778517197, 239.95452758449753, 217.5171804657473, 194.84928383359113, -30.11447372790903, 222.1033195771236, 225.3820436119308, 226.63504546180525, 219.03973581097296, 245.9413232748777, 192.38874998694868, 241.45733059775714, 254.34265962803897, 104.522512510015, -10.788235420013734, -26.387303306022147, 225.1424652055863, 208.55649365337604, 211.10331580625996, 174.37290980805608, 10.193837694432162, 215.02625386169137, 102.8899889496174, 197.0364361118787, -18.504765976901226, 222.85471571436815, -16.733275602646685, 212.5326578315569, 256.1235694920573, -11.160820045694834, 229.7058915409415, 210.70028144719655, 223.0747517962343, 263.87253161193695, 246.81477121345202, 109.84570487748309, 207.1831791858562, 5.343720300467226, 242.86543841629629, 200.97176727226423, -28.15970254422291, 219.49834405251016, 5.0274111297003685, 224.9331741264017, -11.305798066607508, 189.5029202208827, 223.5592969118414, 219.40835060915697, 221.79522803174711, 210.26307842553985, 239.90936127683958, 174.76224142681218], "initial_reset_timestamp": 1526417946.4488406, "episode_types": ["t", "t", "t", "t", "t", "t", "t", "t", "t", "t", "t", "t", "t", "t", "t", "t", "t", "t", "t", "t", "t", "t", "t", "t", "t", "t", "t", "t", "t", "t", "t", "t", "t", "t", "t", "t", "t", "t", "t", "t", "t", "t", "t", "t", "t", "t", "t", "t", "t", "t", "t", "t", "t", "t", "t", "t", "t", "t", "t", "t", "t", "t", "t", "t", "t", "t", "t", "t", "t", "t", "t", "t", "t", "t", "t", "t", "t", "t", "t", "t", "t", "t", "t", "t", "t", "t", "t", "t", "t", "t", "t", "t", "t", "t", "t", "t", "t", "t", "t", "t"], "timestamps": [1526417957.4959784, 1526417958.2940426, 1526417958.9440112, 1526417959.4211109, 1526417960.2703278, 1526417960.6828372, 1526417960.9979026, 1526417961.6079564, 1526417961.9939647, 1526417962.3106227, 1526417962.6009753, 1526417963.3595345, 1526417963.568859, 1526417964.1673498, 1526417964.4501932, 1526417964.8099883, 1526417965.3587062, 1526417965.900743, 1526417966.7798936, 1526417968.3193605, 1526417968.96602, 1526417969.3469405, 1526417969.92544, 1526417970.4410856, 1526417970.932041, 1526417971.3875191, 1526417971.672663, 1526417971.9713955, 1526417972.483568, 1526417972.718454, 1526417973.451391, 1526417973.9472358, 1526417974.193807, 1526417975.1155324, 1526417975.511195, 1526417976.1382132, 1526417976.3561435, 1526417976.5795393, 1526417978.8416831, 1526417979.661589, 1526417980.182008, 1526417980.42212, 1526417980.6653183, 1526417980.973349, 1526417981.534248, 1526417982.3683932, 1526417982.5973585, 1526417983.385557, 1526417983.8686175, 1526417984.3227706, 1526417986.5330694, 1526417986.9637203, 1526417987.1842349, 1526417987.9969122, 1526417988.8370483, 1526417989.3415637, 1526417989.9000669, 1526417990.3500147, 1526417990.8525233, 1526417991.3675013, 1526417991.9368305, 1526417995.2929935, 1526417995.5814838, 1526417996.0076377, 1526417996.4857078, 1526417997.2323534, 1526417997.8521235, 1526417998.3686, 1526417998.58349, 1526417999.0288339, 1526418001.7925608, 1526418002.3713436, 1526418002.7071614, 1526418003.415925, 1526418003.773414, 1526418004.9558458, 1526418005.6065245, 1526418006.049566, 1526418006.4182792, 1526418006.98488, 1526418007.4843621, 1526418007.970642, 1526418008.421828, 1526418010.1531637, 1526418010.6310046, 1526418010.9205127, 1526418011.3569343, 1526418011.7870033, 1526418012.0795424, 1526418012.7403524, 1526418013.025113, 1526418013.5512888, 1526418013.9903574, 1526418014.6862347, 1526418015.2001255, 1526418016.9126208, 1526418018.5889432, 1526418019.1626477, 1526418019.906938, 1526418020.5752752], "episode_lengths": [326, 338, 352, 339, 446, 288, 238, 335, 253, 239, 209, 388, 183, 335, 215, 262, 335, 300, 473, 801, 410, 295, 337, 326, 298, 279, 234, 222, 357, 208, 335, 339, 205, 415, 277, 327, 177, 198, 1000, 449, 345, 205, 209, 219, 349, 460, 196, 366, 286, 296, 796, 287, 195, 406, 381, 338, 318, 295, 288, 339, 332, 1000, 208, 242, 279, 358, 324, 303, 187, 291, 1000, 273, 187, 289, 217, 423, 279, 227, 245, 352, 281, 278, 294, 1000, 290, 214, 280, 290, 204, 354, 207, 308, 236, 396, 316, 641, 721, 310, 454, 363]}