{"episode_rewards": [152.44542660576388, 195.24195793630548, 206.04541618197706, 224.98241653558574, 239.0174952839981, 234.6901368927485, -33.95553032042051, 145.4074434567516, 212.4144948928486, 227.20282073437852, 231.04437128152935, 251.02581855374493, 237.24762017653063, 193.66790616297524, 236.43263215179658, 227.66125311274862, 17.787324408159748, 187.12690318119434, 245.5172084940476, 246.21759938767323, 216.84514979223704, 2.169804277555272, 215.8392334392841, 192.30880518203224, -4.287420532397718, 2.6728360948340395, 232.80203881114008, 144.20029384035226, 233.04976477989734, 123.71946748868211, 215.13737539696672, 216.33466422360806, 201.36944590809625, 217.13808175464266, 204.9791804272062, 209.74648328941237, 189.40965340370647, 258.97221006849213, 141.13996215168538, 274.43788578320937, 227.58880466441525, 224.27380670688922, 246.2285114237885, 201.9911906230907, 12.928718942708116, 229.5613922795281, 202.3613775348889, 252.66348924639036, 248.80217543169746, 223.84971813358004, 213.49561711897775, 187.00690768783178, 233.1959663673294, 242.45984183357768, -30.210645595315626, 225.0064267090383, 245.3867867328786, 236.6468112256349, 226.59221976866178, 234.32005373505575, 196.90114079087635, 198.59233371864548, -8.198627141702104, 225.7927969722067, 230.67360986260982, 252.13333988004294, 127.51944073492643, 129.2518794606832, 223.08504568846377, 20.324668075733484, -33.97040496019075, 193.99894018281145, 215.78013239927094, 207.6878621025677, 106.41301617498922, 231.06628321698068, 239.5790975188301, 206.8822251812075, 243.06230429252264, -5.505594591366801, -0.5086150857670333, 20.09947517230127, 206.78771673118584, 227.17318764219442, 227.78304112356096, 238.0789546886527, 205.16672653110672, 215.4128527993982, 210.3015995464753, 2.5563681894553127, -1.5315716740572896, 189.6919268209577, 184.06748884034383, 225.07435527740222, 229.5852525266561, 234.65817149071316, 217.66249496571675, 235.07119984277855, 247.6613265320923, 29.79933635372953], "initial_reset_timestamp": 1526441090.7707248, "episode_types": ["t", "t", "t", "t", "t", "t", "t", "t", "t", "t", "t", "t", "t", "t", "t", "t", "t", "t", "t", "t", "t", "t", "t", "t", "t", "t", "t", "t", "t", "t", "t", "t", "t", "t", "t", "t", "t", "t", "t", "t", "t", "t", "t", "t", "t", "t", "t", "t", "t", "t", "t", "t", "t", "t", "t", "t", "t", "t", "t", "t", "t", "t", "t", "t", "t", "t", "t", "t", "t", "t", "t", "t", "t", "t", "t", "t", "t", "t", "t", "t", "t", "t", "t", "t", "t", "t", "t", "t", "t", "t", "t", "t", "t", "t", "t", "t", "t", "t", "t", "t"], "timestamps": [1526441100.582848, 1526441100.8542635, 1526441101.0355322, 1526441101.1691751, 1526441101.3197982, 1526441101.4233162, 1526441101.4838822, 1526441102.077888, 1526441102.1714938, 1526441102.349594, 1526441102.489956, 1526441102.646801, 1526441102.8821783, 1526441102.9871309, 1526441103.131263, 1526441103.258398, 1526441103.310584, 1526441103.4088976, 1526441103.5673752, 1526441103.6730514, 1526441103.8041213, 1526441103.8874607, 1526441104.0172203, 1526441104.1520817, 1526441104.2160954, 1526441104.2687805, 1526441104.3789856, 1526441104.9981697, 1526441105.118786, 1526441106.142572, 1526441106.2739186, 1526441106.3883133, 1526441106.6264865, 1526441106.7409275, 1526441106.8906085, 1526441107.0676782, 1526441107.1914456, 1526441107.3086343, 1526441107.9471915, 1526441108.0333817, 1526441108.161505, 1526441108.2603385, 1526441108.4200468, 1526441108.5543852, 1526441108.6384892, 1526441108.742534, 1526441108.8725142, 1526441108.998297, 1526441109.123211, 1526441109.2455387, 1526441109.3531215, 1526441109.4583666, 1526441109.620299, 1526441110.1003063, 1526441110.1674252, 1526441110.2741482, 1526441110.424836, 1526441110.568117, 1526441110.6970356, 1526441110.83882, 1526441111.0927215, 1526441111.2557235, 1526441111.3192804, 1526441111.475611, 1526441111.617077, 1526441111.7127645, 1526441112.4362166, 1526441113.517531, 1526441113.629073, 1526441113.7237508, 1526441113.7972965, 1526441113.9130993, 1526441114.1487205, 1526441114.3435462, 1526441115.090974, 1526441115.3886526, 1526441115.617998, 1526441115.714546, 1526441115.8235114, 1526441115.898606, 1526441115.9730523, 1526441116.0441928, 1526441116.1746097, 1526441116.3019874, 1526441116.4169488, 1526441116.5490398, 1526441116.7169611, 1526441116.863326, 1526441117.056005, 1526441117.1313534, 1526441117.2031524, 1526441117.3220482, 1526441117.428029, 1526441117.723321, 1526441117.8752823, 1526441117.9838154, 1526441118.1161902, 1526441118.209498, 1526441118.3330796, 1526441118.394958], "episode_lengths": [585, 331, 316, 268, 258, 222, 155, 642, 218, 297, 275, 292, 424, 229, 272, 256, 135, 215, 343, 220, 260, 189, 254, 264, 162, 123, 251, 1000, 244, 1000, 267, 250, 364, 246, 277, 297, 253, 233, 1000, 223, 268, 206, 299, 270, 199, 236, 251, 269, 283, 254, 224, 233, 259, 620, 174, 201, 316, 318, 246, 269, 401, 285, 162, 279, 272, 246, 1000, 1000, 224, 180, 170, 243, 364, 314, 1000, 495, 393, 221, 238, 190, 191, 174, 252, 248, 245, 259, 295, 266, 302, 172, 183, 228, 239, 483, 295, 249, 264, 235, 280, 158]}