{"episode_rewards": [90.58560034681419, 124.3128613340948, 94.87303994932296, 141.76447971777253, 140.00872021774515, 148.9751163728913, 126.85381284110696, -45.88499240285495, 140.29444074444976, 131.24433086381254, 245.641882900956, 91.96055141205547, 234.3528223903249, 94.75249351047809, 104.7553022172963, 112.0372870588822, 123.88327887270707, 245.44560327519247, 115.41871166564553, 93.27563043527513, 91.06135066597395, 126.86075076480714, 112.8849286221268, 111.85616887622027, 141.18002687057174, 110.89054968428931, 166.88298268198113, 147.83635778206198, -5.678807622183868, 247.12125311576392, 115.05896940556563, -43.36055901330512, 114.07385427904504, 1.9178620969355222, 107.23255815737743, 136.13149241191348, 139.46886307575758, 4.437987799809875, 227.60509781693742, 106.37086944915231, 120.65936304732708, 117.96751576800854, 154.26066591167873, 95.28481624978085, 147.49591393098035, 233.05387118901325, 95.67628980819839, 102.99841975270834, 112.78435108834572, 111.07070682647843, -4.52648391178343, 113.46167542035207, 18.699400688519162, 98.90830081320384, 82.92318113401087, 73.16292637385376, 112.64078774731944, 86.13711793973458, 123.23901023119619, 239.53822896487918, 104.04275854405489, -17.56543898587165, 14.406406648077962, 235.93257154685745, 104.45602206649036, 144.61843902347374, 118.0484889661145, 104.32180265569963, -15.796390024432341, 135.07228575690556, 86.57521612351118, 131.25378207597134, 109.99530331325948, 82.520346758824, 123.35623326848882, 227.2704900476627, 140.39624276712956, 208.39966254817818, 123.78095303869281, 78.34342990098814, 141.41457961653234, 94.41915617615699, 126.65468300364321, 237.21876566833888, 109.75548163470137, 108.13487435901877, -32.95600542531412, 20.545066629438224, 103.13128815023799, -7.411293881207058, 131.86446427150102, 222.90892275124224, 126.6118961039732, 135.57244743539852, 110.95855503127684, 153.71133253448022, 98.216768122295, 243.76065550095402, -43.592379993358676, 106.37387608756733], "initial_reset_timestamp": 1526435713.0289946, "episode_types": ["t", "t", "t", "t", "t", "t", "t", "t", "t", "t", "t", "t", "t", "t", "t", "t", "t", "t", "t", "t", "t", "t", "t", "t", "t", "t", "t", "t", "t", "t", "t", "t", "t", "t", "t", "t", "t", "t", "t", "t", "t", "t", "t", "t", "t", "t", "t", "t", "t", "t", "t", "t", "t", "t", "t", "t", "t", "t", "t", "t", "t", "t", "t", "t", "t", "t", "t", "t", "t", "t", "t", "t", "t", "t", "t", "t", "t", "t", "t", "t", "t", "t", "t", "t", "t", "t", "t", "t", "t", "t", "t", "t", "t", "t", "t", "t", "t", "t", "t", "t"], "timestamps": [1526435729.7882524, 1526435730.547026, 1526435731.8219237, 1526435732.562329, 1526435733.2074194, 1526435734.0125558, 1526435734.6934433, 1526435734.7462945, 1526435735.373542, 1526435736.1236842, 1526435736.7217631, 1526435737.6751423, 1526435737.9327643, 1526435738.736906, 1526435739.6785824, 1526435740.2824323, 1526435741.0577934, 1526435741.2208261, 1526435742.1680248, 1526435743.32565, 1526435744.4173672, 1526435745.1761165, 1526435746.3572197, 1526435747.0966227, 1526435748.0787969, 1526435749.145668, 1526435749.7414863, 1526435750.6692514, 1526435750.7308185, 1526435751.0184696, 1526435752.095117, 1526435752.1419523, 1526435752.9318626, 1526435753.02774, 1526435753.7179039, 1526435754.5261538, 1526435755.6705081, 1526435755.748825, 1526435756.214114, 1526435757.1886997, 1526435758.0188222, 1526435759.0385904, 1526435760.0878074, 1526435761.107748, 1526435761.7637422, 1526435762.3558295, 1526435763.339341, 1526435764.2979162, 1526435765.527825, 1526435766.4811628, 1526435766.5416894, 1526435767.4034345, 1526435767.4785101, 1526435768.5642047, 1526435769.322997, 1526435770.557977, 1526435771.5010157, 1526435772.4709895, 1526435773.827559, 1526435774.019535, 1526435774.6820571, 1526435774.7375014, 1526435774.8073266, 1526435775.2097435, 1526435776.6829307, 1526435777.6552722, 1526435778.664532, 1526435779.6059122, 1526435779.687294, 1526435780.7155824, 1526435781.687763, 1526435782.9016294, 1526435783.6977148, 1526435784.7924352, 1526435785.8271446, 1526435786.4120204, 1526435788.2825317, 1526435788.7878134, 1526435790.872531, 1526435794.2488403, 1526435796.0503702, 1526435798.4218557, 1526435800.6018147, 1526435801.6557746, 1526435804.5758913, 1526435807.8595698, 1526435808.0043588, 1526435808.2410011, 1526435810.2815871, 1526435810.543502, 1526435813.534459, 1526435814.4190702, 1526435816.4238875, 1526435818.693949, 1526435822.1269062, 1526435823.7659662, 1526435825.972234, 1526435826.8829045, 1526435827.0472286, 1526435828.8690798], "episode_lengths": [1000, 1000, 1000, 1000, 1000, 1000, 1000, 145, 1000, 1000, 643, 1000, 394, 1000, 1000, 1000, 1000, 300, 1000, 1000, 1000, 1000, 1000, 1000, 1000, 1000, 1000, 1000, 163, 473, 1000, 126, 1000, 198, 1000, 1000, 1000, 182, 671, 1000, 1000, 1000, 1000, 1000, 1000, 588, 1000, 1000, 1000, 1000, 145, 1000, 180, 1000, 1000, 1000, 1000, 1000, 1000, 321, 1000, 143, 177, 532, 1000, 1000, 1000, 1000, 190, 1000, 1000, 1000, 1000, 1000, 1000, 796, 1000, 357, 1000, 1000, 1000, 1000, 1000, 471, 1000, 1000, 140, 199, 1000, 218, 1000, 473, 1000, 1000, 1000, 1000, 1000, 422, 150, 1000]}