{"episode_rewards": [-43.17255122238201, 207.49516509365316, 207.30227446015206, 191.61076562595915, 183.25430290238745, 186.61841807925123, 226.7286838858196, -68.30961708070613, 202.4427236454294, 127.07115903174768, 219.30649382201716, 209.68536184051308, 45.46856339525456, 213.08959498449065, 205.2545114685273, 187.38950986321413, 213.91746991488208, 83.16298728331921, -13.266889383403836, 181.0772200241658, 201.70315866821994, 222.0335532290195, 70.96667741936228, 232.77797774120793, 31.73135908621974, 194.7481918935743, 178.364641887162, 236.178256144977, 215.75884317367098, 193.18401720784243, -7.895780162092436, 208.58778942125008, 163.41972037067126, -4.556149429461441, 13.952603573243834, 209.95558835858083, -16.879712112133205, 50.746594802946674, 166.13544809543257, 194.57232441116275, 203.35528880640913, 184.4318470538264, 217.60553976839014, 192.94900254876438, 230.37606733495736, 177.1429611954374, 165.76776831833018, 208.72572397641702, 218.19952417020517, 208.97591192788786, 191.47687357616542, 211.41630992440957, 199.3345405104625, -22.73057491968183, 216.7014548972993, 200.97523615775089, 229.80373628381892, -31.375887254374348, -9.815784495746392, -20.08070259672577, 210.3094890022141, 238.3002412290167, 171.37545044214068, 217.91339252544537, -8.234848285562649, 241.2103972418752, 206.85110520648595, 184.04705786042314, 193.87540241510035, 196.7768305227742, 228.1228538999201, 80.06811365321735, 209.48518112049254, 182.30363636456852, -71.90100829906382, 216.8504303235888, 173.01836188139856, 210.176716638851, 212.52771402829296, 209.7315956363963, 185.17021080815493, 190.83055985146672, 182.74643649254898, 202.49945970454917, 164.50868857054547, 215.06885255945454, -7.433650374328309, 193.54427206878853, 202.0498572235798, 101.54765412586471, 238.992311949948, 200.28600677835027, 184.69570083512787, -23.60036897058673, 77.73697910875413, 187.93547078419405, 81.32136283471054, 181.7232613060388, 196.68491501687612, 246.87400074250945], "initial_reset_timestamp": 1526406354.9891832, "episode_types": ["t", "t", "t", "t", "t", "t", "t", "t", "t", "t", "t", "t", "t", "t", "t", "t", "t", "t", "t", "t", "t", "t", "t", "t", "t", "t", "t", "t", "t", "t", "t", "t", "t", "t", "t", "t", "t", "t", "t", "t", "t", "t", "t", "t", "t", "t", "t", "t", "t", "t", "t", "t", "t", "t", "t", "t", "t", "t", "t", "t", "t", "t", "t", "t", "t", "t", "t", "t", "t", "t", "t", "t", "t", "t", "t", "t", "t", "t", "t", "t", "t", "t", "t", "t", "t", "t", "t", "t", "t", "t", "t", "t", "t", "t", "t", "t", "t", "t", "t", "t"], "timestamps": [1526406364.3184335, 1526406365.852329, 1526406366.7995102, 1526406369.054101, 1526406369.8341484, 1526406371.7660978, 1526406372.8197007, 1526406373.1811209, 1526406374.3810005, 1526406376.1558902, 1526406377.134028, 1526406378.1709082, 1526406380.6482446, 1526406381.6374047, 1526406383.5034919, 1526406385.6286352, 1526406386.8061368, 1526406389.6116858, 1526406389.9969473, 1526406391.2962847, 1526406392.3943286, 1526406393.3607152, 1526406396.0601988, 1526406396.7731662, 1526406399.961786, 1526406401.0467865, 1526406402.4881942, 1526406403.3459983, 1526406404.3432286, 1526406405.2955818, 1526406405.6363366, 1526406406.1707857, 1526406406.9622874, 1526406409.572552, 1526406409.9020224, 1526406411.3978074, 1526406412.0912645, 1526406414.74233, 1526406416.3808165, 1526406417.5567787, 1526406418.6047182, 1526406419.800813, 1526406420.4332058, 1526406421.3658228, 1526406423.0783134, 1526406423.932688, 1526406425.9664092, 1526406427.1586118, 1526406428.2807133, 1526406428.895872, 1526406429.4844065, 1526406430.0469577, 1526406430.9911048, 1526406431.438129, 1526406432.1929495, 1526406433.4750671, 1526406435.5823288, 1526406435.9725404, 1526406439.0153904, 1526406439.5047042, 1526406441.1198723, 1526406441.5350487, 1526406442.6280668, 1526406443.6065562, 1526406444.0122252, 1526406445.0445013, 1526406446.3352153, 1526406448.1761992, 1526406449.2104306, 1526406450.11434, 1526406450.9680185, 1526406452.920794, 1526406453.6942527, 1526406454.5034022, 1526406454.9912617, 1526406456.2285395, 1526406457.1721601, 1526406458.3075235, 1526406458.9920194, 1526406459.811969, 1526406461.086793, 1526406461.8620877, 1526406462.7895622, 1526406463.7633817, 1526406464.3772898, 1526406465.155542, 1526406465.5539856, 1526406466.9407566, 1526406469.496655, 1526406471.9380703, 1526406472.4994476, 1526406473.8735418, 1526406474.4694633, 1526406474.8246605, 1526406476.9154775, 1526406477.7299566, 1526406480.0379293, 1526406481.6501677, 1526406482.256241, 1526406483.5249765], "episode_lengths": [278, 477, 435, 760, 383, 620, 442, 277, 482, 1000, 409, 406, 1000, 479, 610, 591, 483, 1000, 256, 482, 443, 409, 1000, 355, 1000, 448, 527, 469, 425, 472, 232, 317, 370, 1000, 234, 621, 352, 1000, 684, 483, 436, 460, 350, 441, 568, 439, 587, 449, 491, 384, 326, 314, 404, 286, 438, 470, 886, 300, 1000, 289, 620, 276, 416, 494, 255, 467, 462, 655, 431, 419, 456, 669, 398, 373, 310, 569, 413, 444, 332, 386, 450, 391, 389, 411, 335, 385, 266, 521, 730, 831, 327, 517, 317, 262, 1000, 429, 1000, 483, 334, 623]}