{"episode_rewards": [227.65971894735353, 235.8199489855876, 194.06727477117502, 215.24621271508468, 192.8546123242633, 215.38995872694215, 190.13107619483804, 201.43109365842753, 226.15750713668672, -33.97253679168033, -11.64792842212404, 209.73501010777852, 258.0691120736476, 219.99267983074046, 215.28491143975555, 11.194038333608518, 0.1364446192117299, 235.11607406545406, 261.99982161241064, 187.43219998621134, 4.348810132900482, 238.27528803286722, 221.34589746294512, 228.95628261297037, 207.7572373349212, 202.56278248606782, -11.617001049312506, 14.096302900692535, 209.13639142244847, 233.03904874483925, 212.1026355257835, 233.65926557669826, 268.23527740018324, 225.04729350465925, 237.82549347576054, 181.5718491457274, 231.6294911955281, 247.12867623919234, 230.5618979612246, 207.90249418132132, 220.94787790677026, 220.9922246551207, 235.43546447169808, 218.90783322669645, 214.71599954972532, 212.4281833848963, 230.66341743645438, 238.32579780106818, 190.14289079086404, 224.14678034371633, 219.0124174650684, 199.32869004824406, 246.20189966145972, 238.14153581177112, 252.12172879767581, 167.26143814422812, 235.47987075617775, 223.0178180022737, 4.669086733814808, 225.3207616075137, 239.87591107168095, 168.87899193427356, 250.1869213730759, 231.08475569274293, 207.08994224769492, 240.7366678751045, -18.408860014895794, 256.3575195492679, 232.30889034307904, 223.03539161584945, 245.73027324095253, 222.507462361388, 223.48798641361353, 193.9525191830292, 197.0983870392256, 223.66555501416627, 221.10520227781961, 210.8420954622888, 200.42474572086857, 245.36656215924447, 189.84639196222744, 22.66232527215027, 219.10720378635872, 206.40913331129474, 249.59077390500607, 227.2852624948599, 236.3873183022452, 135.72837316700898, 250.3857495883666, 218.92691889511968, 206.37488052835934, 240.46139062587673, 250.06870492061287, 18.15747857824951, 227.18223775974428, 213.34726640800466, -25.544976317441638, 228.80633914239462, 211.5381888461559, 239.55576345179932], "initial_reset_timestamp": 1526431165.1891701, "episode_types": ["t", "t", "t", "t", "t", "t", "t", "t", "t", "t", "t", "t", "t", "t", "t", "t", "t", "t", "t", "t", "t", "t", "t", "t", "t", "t", "t", "t", "t", "t", "t", "t", "t", "t", "t", "t", "t", "t", "t", "t", "t", "t", "t", "t", "t", "t", "t", "t", "t", "t", "t", "t", "t", "t", "t", "t", "t", "t", "t", "t", "t", "t", "t", "t", "t", "t", "t", "t", "t", "t", "t", "t", "t", "t", "t", "t", "t", "t", "t", "t", "t", "t", "t", "t", "t", "t", "t", "t", "t", "t", "t", "t", "t", "t", "t", "t", "t", "t", "t", "t"], "timestamps": [1526431169.7502742, 1526431170.0342095, 1526431170.5231905, 1526431170.6370502, 1526431170.7855988, 1526431171.0776448, 1526431171.236487, 1526431171.4001055, 1526431171.5262322, 1526431171.5866642, 1526431171.6687841, 1526431171.8314557, 1526431171.9640024, 1526431172.178712, 1526431172.3532014, 1526431172.4342055, 1526431172.5212889, 1526431172.6566398, 1526431172.799196, 1526431172.933437, 1526431173.0142477, 1526431173.2291672, 1526431173.3738341, 1526431173.9515722, 1526431174.1102946, 1526431174.270168, 1526431174.3364174, 1526431174.4157195, 1526431174.5614986, 1526431174.8648725, 1526431174.965625, 1526431175.069274, 1526431175.2455504, 1526431175.3823743, 1526431175.5078893, 1526431175.6914217, 1526431175.8191411, 1526431175.9282672, 1526431176.0714602, 1526431176.2032807, 1526431176.3395011, 1526431176.736996, 1526431176.9217486, 1526431177.0915008, 1526431177.1948175, 1526431177.3842125, 1526431177.558451, 1526431177.7474616, 1526431177.8658023, 1526431178.0209928, 1526431178.3905823, 1526431178.539426, 1526431178.6784086, 1526431178.7954643, 1526431178.9851973, 1526431179.634098, 1526431179.817792, 1526431180.511378, 1526431180.6000655, 1526431180.770019, 1526431180.911446, 1526431181.1907935, 1526431181.365158, 1526431181.517704, 1526431181.677922, 1526431181.8186712, 1526431181.88895, 1526431182.043233, 1526431182.1652946, 1526431182.5853837, 1526431183.2070432, 1526431183.4035137, 1526431183.4999235, 1526431183.627228, 1526431183.7463002, 1526431183.8707542, 1526431184.00529, 1526431184.1513052, 1526431184.2462115, 1526431184.5058362, 1526431184.6463847, 1526431184.743215, 1526431184.921634, 1526431185.0591009, 1526431185.2140524, 1526431185.3700106, 1526431185.49122, 1526431185.9071302, 1526431185.9909482, 1526431186.128453, 1526431186.2812698, 1526431186.3970585, 1526431186.5547912, 1526431186.6105666, 1526431186.7853892, 1526431186.96342, 1526431187.0503485, 1526431187.2352538, 1526431187.3758345, 1526431187.5127363], "episode_lengths": [271, 382, 512, 228, 264, 386, 270, 294, 259, 149, 189, 286, 247, 324, 279, 190, 211, 258, 289, 266, 191, 386, 286, 940, 294, 267, 173, 190, 265, 450, 229, 215, 377, 249, 246, 298, 276, 239, 279, 266, 268, 467, 355, 298, 218, 309, 304, 299, 234, 276, 465, 263, 254, 241, 353, 763, 297, 577, 212, 308, 263, 462, 333, 301, 274, 247, 173, 285, 251, 538, 804, 306, 235, 251, 244, 246, 256, 245, 215, 374, 271, 209, 311, 259, 314, 288, 257, 514, 200, 266, 276, 237, 294, 143, 302, 298, 197, 360, 277, 265]}