{"episode_rewards": [211.48571666136937, 240.6350016790704, 7.522499860454644, 118.42940153456001, 230.8742069849872, 223.7201378646137, 156.01360900164013, 230.06711221058202, 153.36091661333234, 241.85802357905658, 204.98547580545645, 187.80205568442022, 150.3891088019374, 238.88092696494638, 207.60978567319933, 245.6711167191956, 240.64080007771634, 217.84452788258181, 233.31742468353724, 259.00285878275304, 197.2115956182879, 237.12399300570587, 256.8654163815342, 234.84192455461698, 239.02283147574065, 240.41354399715556, -12.67346583646895, 220.7543400062666, 221.69120778794877, 212.81374612216484, 219.46201833329596, 197.65063600217275, -21.743591538128953, 209.32586732664822, 239.86695854762436, 224.61893394133847, 211.45410575114312, 218.78419238808831, 241.5914000229692, 260.0656484897554, 196.11396633511907, 241.0558732511449, 221.8127923630027, 5.909788817184108, 257.95988768361747, 237.659009900003, 190.8541855452878, 18.658181860480056, 223.58274464821076, 222.58787082101304, 8.647539260981361, 181.4752228091169, 185.71931807061907, 207.30691467623865, 227.21864646943175, 251.85152001773054, 10.506171747003634, 215.01800424655556, 212.46328671886687, 218.6974206839729, 205.85074355434773, 231.76775126069603, 187.05685321998885, 165.45225740165563, 233.41682607903851, 238.78002639994043, 225.3300977186507, -32.7162958157667, 197.8541100051326, 220.7044252978795, 4.327896952275893, 256.46790583360007, 20.596263802068194, 222.19974951403594, 215.7501923517702, 220.32021387308288, -23.402469492180273, 213.25387166836282, 141.2235302525102, 204.93816440829607, 227.53795278343472, 131.6209576660945, -0.2164859932624097, 230.5814231905947, 201.1416658993378, 222.5610564783387, 179.63233773814505, 216.800266804719, 213.4784451955727, 227.02227861163573, -57.17699445846417, 234.4963651160701, 236.30833799996446, -4.527996338348046, 165.59025809312817, 260.73332690492595, 243.17341644295428, 184.01954026646325, 247.21218717418992, 189.54230096193578], "initial_reset_timestamp": 1526437591.233824, "episode_types": ["t", "t", "t", "t", "t", "t", "t", "t", "t", "t", "t", "t", "t", "t", "t", "t", "t", "t", "t", "t", "t", "t", "t", "t", "t", "t", "t", "t", "t", "t", "t", "t", "t", "t", "t", "t", "t", "t", "t", "t", "t", "t", "t", "t", "t", "t", "t", "t", "t", "t", "t", "t", "t", "t", "t", "t", "t", "t", "t", "t", "t", "t", "t", "t", "t", "t", "t", "t", "t", "t", "t", "t", "t", "t", "t", "t", "t", "t", "t", "t", "t", "t", "t", "t", "t", "t", "t", "t", "t", "t", "t", "t", "t", "t", "t", "t", "t", "t", "t", "t"], "timestamps": [1526437594.689537, 1526437594.918677, 1526437595.010006, 1526437595.9202573, 1526437596.0479898, 1526437596.1957576, 1526437596.4538696, 1526437596.6196587, 1526437597.3088236, 1526437597.4288607, 1526437597.5570107, 1526437597.6720808, 1526437597.9234886, 1526437598.1391597, 1526437598.2466931, 1526437598.393138, 1526437598.5538883, 1526437598.7221959, 1526437598.9497747, 1526437599.0415812, 1526437599.164198, 1526437599.2739694, 1526437599.394277, 1526437599.4789681, 1526437599.588881, 1526437599.7534058, 1526437599.854754, 1526437599.9528356, 1526437600.1241934, 1526437600.2542484, 1526437600.868556, 1526437601.0359595, 1526437601.101336, 1526437601.2245622, 1526437601.336805, 1526437601.4554496, 1526437601.571425, 1526437601.7237203, 1526437601.8378577, 1526437601.9914205, 1526437602.1228023, 1526437602.2405024, 1526437602.3896074, 1526437602.4839919, 1526437602.6482215, 1526437602.7648928, 1526437602.8960981, 1526437602.961219, 1526437603.091081, 1526437603.249558, 1526437603.3295472, 1526437603.4415035, 1526437603.569545, 1526437603.7374835, 1526437603.9387264, 1526437604.0560937, 1526437604.1622179, 1526437604.2789469, 1526437604.369545, 1526437604.479098, 1526437604.6088758, 1526437604.862879, 1526437604.9951305, 1526437605.2629495, 1526437605.4130125, 1526437605.6025467, 1526437605.7297015, 1526437605.8153355, 1526437606.0462036, 1526437606.2067847, 1526437606.2992632, 1526437606.4716747, 1526437606.558345, 1526437606.6935773, 1526437606.8956108, 1526437607.059293, 1526437607.1176517, 1526437607.2305818, 1526437607.8914351, 1526437607.983028, 1526437608.1621938, 1526437608.9532018, 1526437609.0357673, 1526437609.1245542, 1526437609.2206845, 1526437609.6335316, 1526437609.9932065, 1526437610.0978558, 1526437610.3520427, 1526437610.4846475, 1526437610.5836315, 1526437610.7369628, 1526437610.863402, 1526437610.9485135, 1526437611.2246246, 1526437611.4437044, 1526437611.6350307, 1526437612.2887673, 1526437612.4143336, 1526437612.5331018], "episode_lengths": [204, 268, 200, 1000, 243, 315, 359, 300, 1000, 247, 254, 228, 384, 401, 236, 300, 287, 294, 408, 207, 259, 229, 274, 215, 234, 312, 225, 220, 314, 266, 630, 300, 160, 241, 256, 247, 256, 274, 227, 282, 259, 253, 295, 213, 378, 257, 253, 164, 262, 303, 199, 240, 255, 287, 334, 262, 220, 248, 216, 232, 258, 406, 258, 481, 283, 313, 262, 199, 354, 292, 218, 331, 204, 253, 345, 300, 154, 254, 1000, 205, 294, 1000, 200, 204, 223, 593, 449, 233, 363, 267, 218, 275, 273, 176, 437, 374, 369, 815, 271, 226]}