{"episode_rewards": [228.79750544684023, -3.378676375807828, 214.63309118812356, 214.03944925896138, 202.2344980925634, 208.71188349590554, 23.977245858763624, 209.13305281790207, 231.5721172396097, 129.7834406519033, 196.02544024832542, -30.546285152616505, 232.50379139786233, -37.74823122808894, 207.54003177549404, 243.0727266604645, -21.2604891423002, 221.90892610225382, -9.535560519596729, -4.7421498154484, 235.79153930368938, -7.331939358992855, 161.13618505292658, 238.5307815266958, 229.3970766461454, 228.2041018357533, -1.82482011082854, 237.16481029234677, 235.67291112801462, 192.7858438077609, 199.9425019645566, 227.14988810368575, 19.568055352821318, -6.5179507321606565, 223.3698936920794, 210.47047134335855, -5.828984808126378, 137.13050522266835, 224.9065067933303, 180.0533766770556, 225.5187475496441, 192.4072399668616, 0.9960832674826605, 239.9970579770468, -21.746837769668446, 197.96371836673262, 274.0026859793019, 243.27849414337666, -7.681380728048225, 231.6234138518833, 205.76371047109822, 201.02358736751992, 22.522299452278915, 110.97724548048274, 243.0941366636032, -47.6880248730823, 241.42249669262918, 10.987465220216393, 213.98202721822557, 13.303537090337542, 209.19812944209542, -3.178229229815173, 155.79744113850245, 234.5716389169489, 244.87284582649264, 223.7827964155821, 222.98971699825492, -12.212873328281944, 234.43162038756185, -50.891969590008244, 235.13836185432444, -22.013442921570373, -18.56159406488905, 232.38737561839807, 181.0276339660572, 116.76830161859051, 9.302725230802452, 95.09294899475665, 215.7558527376775, 226.13777098754477, -42.22663646150512, 190.24401638735122, 229.91986486572355, 17.89903584842361, 228.60485395466182, 196.19758045250126, 191.23299115497292, 229.928737965821, 194.7285461662457, -6.0921288034571575, 1.1294911327320136, 192.7067421566867, 4.846068159597706, 110.25842141211398, 12.125647392390661, 239.89418730457382, 255.11459185049546, 218.34028802104152, 184.67193396451358, 193.39109908172193], "initial_reset_timestamp": 1526437325.116767, "episode_types": ["t", "t", "t", "t", "t", "t", "t", "t", "t", "t", "t", "t", "t", "t", "t", "t", "t", "t", "t", "t", "t", "t", "t", "t", "t", "t", "t", "t", "t", "t", "t", "t", "t", "t", "t", "t", "t", "t", "t", "t", "t", "t", "t", "t", "t", "t", "t", "t", "t", "t", "t", "t", "t", "t", "t", "t", "t", "t", "t", "t", "t", "t", "t", "t", "t", "t", "t", "t", "t", "t", "t", "t", "t", "t", "t", "t", "t", "t", "t", "t", "t", "t", "t", "t", "t", "t", "t", "t", "t", "t", "t", "t", "t", "t", "t", "t", "t", "t", "t", "t"], "timestamps": [1526437329.494878, 1526437329.6604455, 1526437329.7795525, 1526437329.898897, 1526437330.0152514, 1526437330.1587014, 1526437330.2278514, 1526437330.3301964, 1526437330.4433064, 1526437331.252388, 1526437331.390973, 1526437331.4855785, 1526437331.6610775, 1526437331.716744, 1526437331.8319263, 1526437331.9465582, 1526437332.0240107, 1526437332.1489785, 1526437332.204681, 1526437332.297, 1526437332.4093804, 1526437332.4850657, 1526437332.8762872, 1526437333.0894928, 1526437333.2033358, 1526437333.3009267, 1526437333.3511302, 1526437333.4747396, 1526437333.679092, 1526437333.777329, 1526437333.893767, 1526437333.9869134, 1526437334.0746846, 1526437334.1279562, 1526437334.3126383, 1526437334.4029212, 1526437334.438482, 1526437335.0375993, 1526437335.223912, 1526437335.3560147, 1526437335.4718597, 1526437335.6645582, 1526437335.7431264, 1526437335.8539562, 1526437335.9275105, 1526437336.0555694, 1526437336.165394, 1526437336.304536, 1526437336.3773875, 1526437336.5100694, 1526437336.6359787, 1526437336.7785003, 1526437336.8544848, 1526437337.5153513, 1526437337.6239047, 1526437337.6655834, 1526437337.8548148, 1526437337.9336061, 1526437338.0232754, 1526437338.1048813, 1526437338.2070282, 1526437338.2811174, 1526437338.6290743, 1526437338.7847252, 1526437338.954445, 1526437339.03436, 1526437339.142306, 1526437339.2214677, 1526437339.364125, 1526437339.3952422, 1526437339.532668, 1526437339.5880468, 1526437339.666995, 1526437339.7712014, 1526437339.9198256, 1526437340.696342, 1526437340.752092, 1526437341.6490881, 1526437341.771031, 1526437341.9296072, 1526437341.9835021, 1526437342.0914884, 1526437342.226138, 1526437342.2818882, 1526437342.395122, 1526437342.5766456, 1526437342.6887574, 1526437342.8005226, 1526437342.91109, 1526437342.9756532, 1526437343.043787, 1526437343.1476367, 1526437343.2225518, 1526437344.279627, 1526437344.3581555, 1526437344.6336503, 1526437344.7439427, 1526437344.842281, 1526437345.1522925, 1526437345.2929242], "episode_lengths": [259, 204, 240, 252, 239, 283, 179, 228, 237, 1000, 269, 217, 310, 149, 236, 237, 192, 255, 146, 214, 241, 189, 577, 347, 236, 223, 141, 277, 314, 216, 233, 213, 211, 126, 305, 211, 101, 1000, 312, 263, 237, 285, 200, 270, 178, 254, 255, 257, 175, 265, 236, 270, 187, 1000, 239, 117, 330, 196, 205, 190, 229, 172, 545, 336, 345, 201, 233, 192, 290, 92, 275, 121, 188, 254, 287, 1000, 146, 1000, 232, 327, 138, 236, 281, 151, 247, 314, 231, 238, 243, 162, 176, 224, 186, 1000, 188, 379, 249, 228, 476, 273]}