{"episode_rewards": [210.32572274844148, 244.11146310611693, 255.54870978891338, -13.39718627615757, 236.3045216029923, 23.474642199777023, -28.70426189908757, 220.91479229714324, 175.34184980579118, 198.1862563921536, -24.54415687376263, 189.95692290932945, 233.2321350797691, -30.190250026387517, 228.93683173083892, 202.3688022427848, 215.8842728935036, -21.95521846634675, 16.122263812260243, 238.68573754046176, 211.6757809775412, 220.36724847114573, 185.4062103691546, 242.58367348199042, 217.04702996619716, 220.33192709068385, 240.01456168144168, 263.3717442017211, 211.18413746739327, 278.67751071848534, 211.06771886365001, -8.668335385302612, 195.02041631846535, 180.4559153826801, 207.02043248303642, -17.704972302526073, 227.95422634350712, 234.54026328312986, 217.02407086649862, -78.6903352494864, 223.4088896938049, 12.544118011798645, 212.2983769005857, 229.87747648718104, 223.517848225609, 252.0739288711351, 195.8569828266435, 23.090485738940316, -15.234078967750904, -23.813534051733512, -23.889123375016567, 245.386898468318, -21.125099872715722, 249.55333922092856, 226.63671261514648, 255.352783944463, 188.73856487692038, -1.2738219152619195, 189.04114148640082, 202.4162714930738, 232.71015299123474, 185.928690054538, 209.03822094824503, -12.492460566881647, 3.875254221352151, -38.20504050990654, 202.35439621912317, 216.79930195264913, 26.248978940254815, 229.96457915803384, 220.76106839185107, 238.51497358625127, 219.13971031859555, 201.05593314549782, 217.9351482177805, 245.59849215070608, 203.20685340982845, 235.38538446813493, 221.83574671383536, 255.35345491194977, 264.2074658932192, -28.93541954954776, 215.47818545167064, 217.17927210854754, 176.3780118660119, 11.286225999266463, -0.943094507882023, 187.56227379831375, 219.53134266572656, -24.108785896391822, 222.66516318033658, 216.7871377168372, 215.1967543361963, 198.9775110175924, 0.2571339339878591, 164.90159248851376, 209.10557226645884, 249.76039730848478, -6.862749686631304, 210.3864957172854], "initial_reset_timestamp": 1526419373.4918926, "episode_types": ["t", "t", "t", "t", "t", "t", "t", "t", "t", "t", "t", "t", "t", "t", "t", "t", "t", "t", "t", "t", "t", "t", "t", "t", "t", "t", "t", "t", "t", "t", "t", "t", "t", "t", "t", "t", "t", "t", "t", "t", "t", "t", "t", "t", "t", "t", "t", "t", "t", "t", "t", "t", "t", "t", "t", "t", "t", "t", "t", "t", "t", "t", "t", "t", "t", "t", "t", "t", "t", "t", "t", "t", "t", "t", "t", "t", "t", "t", "t", "t", "t", "t", "t", "t", "t", "t", "t", "t", "t", "t", "t", "t", "t", "t", "t", "t", "t", "t", "t", "t"], "timestamps": [1526419382.5839868, 1526419383.2511811, 1526419383.6774266, 1526419383.921792, 1526419384.24285, 1526419384.42014, 1526419384.6412663, 1526419384.9629583, 1526419385.3834157, 1526419385.7537594, 1526419385.967193, 1526419386.2744317, 1526419386.7431815, 1526419386.905274, 1526419387.2187624, 1526419387.5322697, 1526419387.9218626, 1526419388.111753, 1526419388.3105495, 1526419388.6202297, 1526419389.0151803, 1526419389.442159, 1526419389.8255975, 1526419390.1986969, 1526419390.5567074, 1526419390.95524, 1526419391.2588835, 1526419391.6270044, 1526419391.9678876, 1526419392.2017152, 1526419392.5723755, 1526419392.773634, 1526419393.147749, 1526419393.6691597, 1526419394.050371, 1526419394.2624664, 1526419394.6063235, 1526419395.249264, 1526419395.6408758, 1526419396.300897, 1526419396.6519794, 1526419396.8571901, 1526419397.2702544, 1526419397.676557, 1526419398.0367553, 1526419398.5190282, 1526419398.913136, 1526419399.1002703, 1526419399.295864, 1526419399.506404, 1526419399.730183, 1526419400.1221523, 1526419400.3589547, 1526419400.66662, 1526419401.0699477, 1526419401.4070468, 1526419401.691028, 1526419401.9493873, 1526419402.1960015, 1526419402.5607839, 1526419402.8914723, 1526419403.2941782, 1526419403.7580886, 1526419403.9527345, 1526419404.1445558, 1526419404.389181, 1526419404.745554, 1526419405.113526, 1526419405.3630857, 1526419405.7929668, 1526419406.1492777, 1526419406.56495, 1526419407.1197624, 1526419407.4933968, 1526419407.967451, 1526419408.270788, 1526419408.72491, 1526419409.1257195, 1526419409.7788744, 1526419410.0626633, 1526419410.387929, 1526419410.6126328, 1526419410.950052, 1526419413.2968357, 1526419413.9117153, 1526419414.2179098, 1526419414.4439876, 1526419415.0145905, 1526419415.3266866, 1526419415.53697, 1526419415.8028677, 1526419416.1759963, 1526419416.5427108, 1526419416.9812095, 1526419417.1480649, 1526419418.1964104, 1526419418.5557828, 1526419418.9581192, 1526419419.2631295, 1526419419.7079537], "episode_lengths": [284, 314, 302, 207, 263, 145, 204, 256, 274, 265, 195, 249, 283, 150, 262, 232, 265, 166, 176, 233, 277, 295, 272, 278, 260, 287, 261, 256, 255, 206, 255, 178, 248, 280, 271, 193, 248, 352, 252, 517, 238, 187, 285, 283, 271, 322, 282, 169, 178, 164, 192, 274, 175, 260, 279, 242, 234, 213, 208, 258, 229, 282, 279, 179, 174, 195, 257, 256, 200, 300, 244, 266, 375, 241, 302, 262, 279, 303, 387, 223, 262, 195, 245, 719, 341, 235, 181, 345, 232, 176, 222, 278, 248, 285, 153, 521, 241, 293, 243, 276]}