{"episode_rewards": [112.74085089526191, 169.70709501689612, 192.1331348956819, 239.19040353110324, 196.43406896352815, 224.25917992611244, 197.49205743967642, 191.63118888093965, 216.9534830698632, 233.38396991365676, 201.747148149861, 197.3266852400673, 218.32796347513474, 190.83955499572042, 191.88775946533002, 228.58074052330102, 216.99608772083602, 219.9306859204832, 228.4497374069931, 232.42510258983248, 217.37515967833946, -50.666127087555104, 204.31042001764035, 172.97056795843142, 227.54600884185993, -27.660534499085955, -22.190700243411584, 209.3403519744544, 215.99652766286226, 201.26941287138027, 5.20203288435259, 228.9241107336464, 203.17031638519197, 244.11016508062045, 246.54545031373337, 153.51686314860362, -38.01501516657865, 198.36677731785045, 218.26879327161424, 206.46017816878117, 215.71574864260697, 233.34820445702385, 196.29422234985677, -35.15793943197119, 211.3055536823097, 232.10978695543426, 244.68990420974308, 242.54558687670186, 218.74915385735778, 226.44087557116504, 17.495044330141866, 243.483414954578, 180.8933651549232, -38.452356169209324, 220.10382659216492, 223.6050445569773, 207.08371918636712, 200.29289908894086, 223.9717318843678, 233.4357429200459, 214.45384706633405, 232.6344152328582, -9.574072648640282, 0.5953808702215895, 232.90297208928325, 223.3058764617445, 172.99349523676793, 235.42077955069917, 211.4640084541075, 202.64029055084822, 179.9141915239859, 217.20245108049986, -25.953359442835634, 189.25386238841543, 193.36897951955154, -35.181657323782915, -37.707156705776, 219.15321554811305, -20.242917373419743, -9.371716024816791, 234.7609026524561, 204.85470052276708, -35.2640000895956, 82.20548460202232, 202.92881069496246, 248.0596954834936, 49.206821975456776, 238.15351008292586, 77.58831382525459, 227.98079987117, 228.64098025454808, 194.32883562698055, 17.358429807376297, -2.8511032165522465, 193.69346371421182, 208.87249097637834, 226.55772177755978, 77.49997747054573, 80.3856551768043, -24.93046176787466], "initial_reset_timestamp": 1526408562.8136725, "episode_types": ["t", "t", "t", "t", "t", "t", "t", "t", "t", "t", "t", "t", "t", "t", "t", "t", "t", "t", "t", "t", "t", "t", "t", "t", "t", "t", "t", "t", "t", "t", "t", "t", "t", "t", "t", "t", "t", "t", "t", "t", "t", "t", "t", "t", "t", "t", "t", "t", "t", "t", "t", "t", "t", "t", "t", "t", "t", "t", "t", "t", "t", "t", "t", "t", "t", "t", "t", "t", "t", "t", "t", "t", "t", "t", "t", "t", "t", "t", "t", "t", "t", "t", "t", "t", "t", "t", "t", "t", "t", "t", "t", "t", "t", "t", "t", "t", "t", "t", "t", "t"], "timestamps": [1526408591.8128529, 1526408592.690999, 1526408594.6042535, 1526408595.319061, 1526408595.952598, 1526408596.8340905, 1526408597.7727664, 1526408598.9371834, 1526408599.8886836, 1526408600.5027523, 1526408601.0925808, 1526408601.633945, 1526408602.5221896, 1526408603.4547524, 1526408604.4670513, 1526408605.8817713, 1526408606.6921806, 1526408607.1892352, 1526408608.7787578, 1526408610.5310583, 1526408611.2001464, 1526408611.477383, 1526408612.0556197, 1526408613.010626, 1526408614.7622004, 1526408615.158721, 1526408615.3781664, 1526408616.6087654, 1526408617.671838, 1526408618.5005603, 1526408618.8719952, 1526408619.5498009, 1526408621.3887377, 1526408622.1780074, 1526408622.7911468, 1526408624.3864129, 1526408624.7223768, 1526408625.7192721, 1526408626.3426464, 1526408626.934709, 1526408627.765764, 1526408628.5904121, 1526408629.221911, 1526408629.622837, 1526408630.5664725, 1526408631.6436877, 1526408632.2821152, 1526408633.0387096, 1526408633.9219754, 1526408634.6939352, 1526408634.9540756, 1526408636.0771098, 1526408636.661821, 1526408636.894548, 1526408637.8960714, 1526408638.414637, 1526408639.3518705, 1526408639.7933445, 1526408640.60281, 1526408641.7094743, 1526408642.636083, 1526408643.53247, 1526408643.9174497, 1526408644.3054612, 1526408645.105168, 1526408647.143296, 1526408648.3518054, 1526408649.0418856, 1526408649.7495964, 1526408650.2675123, 1526408651.02163, 1526408652.6195095, 1526408653.0858324, 1526408653.9816837, 1526408656.29261, 1526408656.621228, 1526408656.838491, 1526408657.2828643, 1526408657.700317, 1526408657.9630957, 1526408658.7737682, 1526408659.2277396, 1526408659.4931822, 1526408662.628006, 1526408663.1709158, 1526408663.7318788, 1526408666.8638382, 1526408667.4099307, 1526408669.9373975, 1526408671.2338345, 1526408672.6722465, 1526408675.4572325, 1526408675.7531288, 1526408676.104831, 1526408677.0711124, 1526408677.5921624, 1526408678.122322, 1526408681.0377707, 1526408684.7009435, 1526408685.024296], "episode_lengths": [1000, 405, 628, 362, 360, 425, 424, 549, 438, 371, 359, 307, 404, 413, 331, 467, 379, 295, 574, 748, 350, 223, 311, 433, 704, 253, 184, 463, 505, 415, 220, 329, 583, 396, 326, 693, 237, 482, 347, 324, 395, 538, 324, 247, 427, 497, 346, 365, 454, 367, 221, 449, 310, 194, 540, 309, 447, 282, 363, 479, 439, 474, 243, 261, 461, 945, 406, 441, 343, 335, 393, 509, 240, 330, 662, 235, 156, 294, 280, 211, 395, 282, 232, 1000, 295, 293, 1000, 332, 1000, 584, 502, 956, 240, 262, 442, 316, 303, 1000, 1000, 232]}