{"episode_rewards": [191.23434318920724, 231.45673818732877, 192.60716786115984, 211.1326858206401, 236.58138279707217, 190.55864852941409, 219.50801340506985, 205.32796724148568, 224.2404954178717, 202.88642765823488, 224.02596401171024, 250.83602829621424, 184.0287245880417, -31.798808905049725, 229.2166471249174, 207.15996566636116, -3.642092754529088, -9.51358898683442, -10.355415080191321, -15.464154207651816, 224.66207791700288, 209.84950707104105, 240.78721154913376, 227.81144451381556, 214.4610573632457, -4.28023379396511, 8.773428010940975, 223.89308233424447, 207.1281790294181, 14.309471629863737, 2.7223474366080893, 230.62284487330092, 215.95861361579523, 135.81187257969174, -10.830356995102193, 247.9651979859504, 200.61714698461245, 259.2752323515949, 209.86884346042888, 214.77163229942641, 252.042107911789, 240.86671575378298, -55.232756375072555, 218.4046200917735, 193.62339262481055, -13.927819776229114, 223.08407402357344, 224.08777152146942, 2.6999689806510503, -7.245880295701994, 239.63825113322966, 210.37431459175423, 21.321981787390058, 186.82750240461593, 214.17621155614614, -9.077248935215579, 254.62247676629477, 223.76605939379814, 207.13746329094218, 212.50429250092986, -9.900876852118415, 210.8299356668715, 190.64069574077485, 215.93773716499683, 234.75544538356922, 225.34059283287496, 201.0365817888345, 227.14345699779662, 230.69204203176835, 232.05670536990732, 263.9190785433807, 235.48222588780595, 211.00400143384624, 217.66218542107023, -19.176705675330908, 205.12489119335663, 236.14920331591958, 242.66918819808905, 124.61420713716055, 234.7124917708291, 263.95085187844495, 235.5435351980384, 134.10017884512678, 210.24759348981908, 243.00180939621524, 193.06578230996186, 229.77765814124257, 230.3239322346055, 216.33063851166042, 204.68962496512123, 252.30867659843713, 208.02984808447343, 224.41276532306486, 231.1141120094351, 225.6670930467761, 241.9397758286471, 227.3381998244517, 239.15752291806248, 148.7176242450764, 30.35302502640917], "initial_reset_timestamp": 1526429633.035878, "episode_types": ["t", "t", "t", "t", "t", "t", "t", "t", "t", "t", "t", "t", "t", "t", "t", "t", "t", "t", "t", "t", "t", "t", "t", "t", "t", "t", "t", "t", "t", "t", "t", "t", "t", "t", "t", "t", "t", "t", "t", "t", "t", "t", "t", "t", "t", "t", "t", "t", "t", "t", "t", "t", "t", "t", "t", "t", "t", "t", "t", "t", "t", "t", "t", "t", "t", "t", "t", "t", "t", "t", "t", "t", "t", "t", "t", "t", "t", "t", "t", "t", "t", "t", "t", "t", "t", "t", "t", "t", "t", "t", "t", "t", "t", "t", "t", "t", "t", "t", "t", "t"], "timestamps": [1526429639.3910556, 1526429639.9570467, 1526429640.1530895, 1526429640.275933, 1526429640.5783193, 1526429640.7399392, 1526429640.8656044, 1526429641.0267968, 1526429641.1603053, 1526429641.2854078, 1526429641.4159138, 1526429641.602311, 1526429641.7593408, 1526429641.8010173, 1526429642.126817, 1526429642.8745098, 1526429642.9479585, 1526429643.0285664, 1526429643.1046925, 1526429643.1851437, 1526429643.395, 1526429643.5166376, 1526429643.7011292, 1526429644.1044765, 1526429644.3118212, 1526429644.4014125, 1526429644.488252, 1526429644.6247854, 1526429644.77806, 1526429644.8497167, 1526429644.9428186, 1526429645.065349, 1526429645.1951454, 1526429646.0442154, 1526429646.1210575, 1526429646.2562277, 1526429646.4302363, 1526429646.7911499, 1526429646.9721048, 1526429647.33146, 1526429647.5055718, 1526429647.6172488, 1526429647.682761, 1526429647.8433971, 1526429647.9601965, 1526429648.0320296, 1526429648.1798375, 1526429648.7553737, 1526429648.8441887, 1526429648.9187455, 1526429649.2711155, 1526429649.387736, 1526429649.469024, 1526429649.6597712, 1526429650.0397618, 1526429650.1098082, 1526429650.3661854, 1526429650.751919, 1526429650.8525913, 1526429651.1870322, 1526429651.2559943, 1526429651.4045148, 1526429651.6592996, 1526429651.7759302, 1526429651.8986897, 1526429652.0037668, 1526429652.1241808, 1526429652.2969065, 1526429652.4066684, 1526429652.6261573, 1526429652.8921108, 1526429653.0142, 1526429653.149305, 1526429653.2817574, 1526429653.337709, 1526429653.4659867, 1526429653.60927, 1526429653.7144792, 1526429654.4836075, 1526429654.6603923, 1526429654.8280547, 1526429655.3591936, 1526429656.162969, 1526429656.2646017, 1526429656.5929253, 1526429656.723732, 1526429656.8521934, 1526429656.9695787, 1526429657.8897939, 1526429658.030018, 1526429658.4427826, 1526429658.6709685, 1526429658.897849, 1526429659.265614, 1526429659.7570074, 1526429659.8541594, 1526429660.024742, 1526429660.4604077, 1526429661.0311947, 1526429661.1064107], "episode_lengths": [378, 809, 310, 255, 381, 299, 266, 305, 240, 271, 262, 291, 285, 110, 486, 927, 169, 194, 185, 188, 356, 248, 347, 694, 327, 201, 197, 277, 283, 166, 214, 250, 264, 1000, 180, 314, 303, 529, 324, 533, 338, 261, 161, 280, 234, 178, 278, 750, 208, 184, 449, 252, 199, 312, 476, 177, 371, 534, 232, 494, 174, 293, 390, 243, 236, 235, 245, 306, 219, 391, 394, 227, 279, 276, 155, 252, 245, 222, 1000, 307, 327, 672, 1000, 218, 628, 253, 265, 233, 838, 273, 617, 335, 369, 496, 592, 212, 303, 604, 1000, 182]}