{"episode_rewards": [205.46184296329017, -6.521979595210539, 198.62697330362798, 184.80852596219066, 191.7312807196741, 10.774120213716841, 195.70453019278972, 202.21231044815627, 196.79205340049702, 227.27868517442624, -35.24279684505147, 233.30122016043572, -9.707343446324359, -12.115136311848346, -35.19147366991939, 202.19406611354705, 23.527164303378242, -15.37417777743336, -22.57979177342007, 180.93584313936907, 182.45015337987138, -23.22631696288157, 190.15619426309746, 87.94143227645492, 221.4208974996888, 182.16919846271665, -30.24439917864042, 201.71155909559667, 188.70209743603078, -91.7059827843981, 190.6399944734743, 185.35942216174976, 195.0703404053064, 242.17498821163645, 217.84559005453832, 188.76104645481578, 215.9180944991385, 210.88949576882573, 218.44035669936395, 180.03812514106335, 210.96643686295835, 184.80320613693482, -55.957665171466175, 219.43526435898067, 206.1034211286609, 168.5169325936792, -13.618442824267063, 210.35393272226372, 206.28190231168531, 173.40585283365004, -16.91715709967056, 176.0341171822986, -13.738557040854019, 176.28308167134975, 208.47028294275955, 193.70356329056, 4.27746029464052, 261.8556512870685, 201.27759342835964, 154.19553182290645, 216.72893115973403, 235.80395370876076, 213.08633799831, 226.54990140228512, -50.07263551108956, 228.92784555099416, 240.338963278528, 159.18730014387117, 225.0254282643889, 203.9627854616968, 216.5335292267318, 239.17806914897182, -69.51561597193322, 208.90652571049276, -15.780172287834759, 225.84515142520067, -58.135822225044215, 211.5344273292183, -43.632817854727676, -10.078677892383467, -42.26393389231797, -45.11045986625446, -27.141535307550953, 206.87475473784508, 174.85966451058982, 193.4248588775227, 192.02943858377193, 233.13335359654047, 106.79761764699558, -75.71013502550859, 220.19162530328174, 176.3058133572346, 190.1251091542798, 232.98224573060483, 215.7081748888636, 213.72876836710367, 179.07654234652807, 9.013898944370524, -1.1691963188998216, 190.2622105168365], "initial_reset_timestamp": 1526406947.3697178, "episode_types": ["t", "t", "t", "t", "t", "t", "t", "t", "t", "t", "t", "t", "t", "t", "t", "t", "t", "t", "t", "t", "t", "t", "t", "t", "t", "t", "t", "t", "t", "t", "t", "t", "t", "t", "t", "t", "t", "t", "t", "t", "t", "t", "t", "t", "t", "t", "t", "t", "t", "t", "t", "t", "t", "t", "t", "t", "t", "t", "t", "t", "t", "t", "t", "t", "t", "t", "t", "t", "t", "t", "t", "t", "t", "t", "t", "t", "t", "t", "t", "t", "t", "t", "t", "t", "t", "t", "t", "t", "t", "t", "t", "t", "t", "t", "t", "t", "t", "t", "t", "t"], "timestamps": [1526406963.10011, 1526406963.5989764, 1526406964.7006006, 1526406965.3034508, 1526406966.046668, 1526406966.3097327, 1526406967.173286, 1526406968.2084754, 1526406969.0144138, 1526406969.658542, 1526406970.0786173, 1526406971.1548603, 1526406971.559026, 1526406971.7786834, 1526406972.0801504, 1526406972.6817663, 1526406972.9834626, 1526406973.4525082, 1526406973.7638147, 1526406974.2151775, 1526406975.090358, 1526406975.5995677, 1526406976.2299874, 1526406978.7607079, 1526406979.5071633, 1526406980.7123396, 1526406981.0112631, 1526406981.6488054, 1526406982.249472, 1526406982.6333618, 1526406983.4321887, 1526406984.3115134, 1526406986.357342, 1526406986.8970604, 1526406988.3041673, 1526406989.373674, 1526406990.3504279, 1526406991.4978225, 1526406992.5341134, 1526406993.1266475, 1526406993.7604625, 1526406994.5245233, 1526406994.8825574, 1526406995.511185, 1526406996.2219002, 1526406996.9236364, 1526406997.291478, 1526406997.9353952, 1526406998.4755661, 1526406999.0330515, 1526406999.311777, 1526407000.4215572, 1526407000.7678528, 1526407001.2217853, 1526407001.7665472, 1526407002.3815176, 1526407002.6431987, 1526407003.3486328, 1526407004.3082402, 1526407006.0847633, 1526407006.685764, 1526407007.8092706, 1526407008.6906154, 1526407009.565395, 1526407009.9092216, 1526407010.599144, 1526407011.2491322, 1526407012.1935768, 1526407013.9335055, 1526407014.7878478, 1526407015.1947575, 1526407016.872759, 1526407017.1832514, 1526407017.6466339, 1526407017.977351, 1526407018.4062934, 1526407018.7284927, 1526407019.3538938, 1526407019.6100857, 1526407019.9291983, 1526407020.3049834, 1526407020.6774817, 1526407021.0603266, 1526407021.8044648, 1526407022.542655, 1526407023.162056, 1526407023.9576216, 1526407024.7219205, 1526407026.6754968, 1526407026.9517329, 1526407027.43985, 1526407028.6901808, 1526407029.5925708, 1526407030.2881243, 1526407031.118386, 1526407031.9040089, 1526407032.7497458, 1526407032.9902453, 1526407033.4738595, 1526407034.159402], "episode_lengths": [534, 224, 428, 364, 368, 228, 404, 465, 363, 359, 259, 487, 272, 184, 219, 315, 198, 244, 226, 293, 380, 244, 325, 1000, 419, 455, 217, 326, 327, 238, 381, 383, 553, 309, 540, 446, 385, 494, 423, 334, 354, 352, 230, 378, 352, 311, 240, 404, 340, 335, 217, 480, 247, 290, 322, 336, 215, 419, 410, 641, 335, 706, 405, 497, 259, 429, 348, 421, 735, 452, 270, 522, 227, 291, 245, 282, 238, 367, 199, 230, 291, 277, 253, 362, 469, 318, 406, 418, 1000, 214, 320, 562, 400, 367, 379, 365, 396, 212, 299, 357]}