{"episode_rewards": [216.04036920503162, 223.74709135043224, 5.685087945980058, 231.81213120664856, 234.74699098883784, 200.4069057908962, 232.95484051956092, -32.88002591144894, 191.63772934386392, 233.73196112599675, 222.9742659558372, 204.09198699137863, 231.32610213902336, 203.3560867019915, 229.32272434080278, 197.66848522071896, 208.49736000460297, -25.440065649171572, 192.23085121529397, 209.17338873170425, -29.870437812474805, 213.83100429436914, 232.1204212200155, 246.98708651582683, 209.21112587150108, 226.13471512210504, 234.413280060638, 235.74440626220456, 229.001329491845, 230.05378197126458, -27.155474356522376, 16.729704143749004, 192.49595239290178, 216.98405079206515, 223.34325146857225, 201.43408000937944, 1.3407127213811663, 224.84741574364324, 210.0298635691819, 198.63570289348323, 226.48399860913074, 226.4615959109751, 131.24608974941358, -8.61616479266921, 128.45099029014352, 164.21295844544625, -39.903188811093074, 212.9293981264068, 230.7156290270353, 228.22859611098832, 205.8795375630051, -16.099253540242998, 238.89916821742372, 229.20482084700961, 217.06617199935766, 201.85335936259997, 244.2369937385059, -30.090216719079322, 165.41810255283804, -12.756623146391647, 189.84663174023177, 226.7847385083776, 7.21145521534863, 262.69393708961434, 219.68186873739396, 229.82823320581497, 209.71091910379465, 215.77298874712443, 223.28875442866456, 245.1559550095193, 232.32865162303096, 237.3256211960399, 225.5432005523254, 191.45552051544777, -13.911300033128711, 215.5722840929659, 207.61219373017397, -58.73318394896287, 3.625385097273181, 208.71442694273966, 203.5718338748427, -30.694510502600906, 184.98826748070482, 188.16381804848677, 12.542797922758353, 198.0815985621736, -20.26829289011451, 217.7598576583366, 174.19224002634874, 213.5232888201607, 203.18265714055454, 220.71622537911676, -38.49341273429759, 237.2231601129203, 210.5247864899401, 214.45945290357974, 209.0084889817337, 215.76261002656102, -45.43377399934233, 236.30690773741625], "initial_reset_timestamp": 1526411911.872464, "episode_types": ["t", "t", "t", "t", "t", "t", "t", "t", "t", "t", "t", "t", "t", "t", "t", "t", "t", "t", "t", "t", "t", "t", "t", "t", "t", "t", "t", "t", "t", "t", "t", "t", "t", "t", "t", "t", "t", "t", "t", "t", "t", "t", "t", "t", "t", "t", "t", "t", "t", "t", "t", "t", "t", "t", "t", "t", "t", "t", "t", "t", "t", "t", "t", "t", "t", "t", "t", "t", "t", "t", "t", "t", "t", "t", "t", "t", "t", "t", "t", "t", "t", "t", "t", "t", "t", "t", "t", "t", "t", "t", "t", "t", "t", "t", "t", "t", "t", "t", "t", "t"], "timestamps": [1526411923.7259378, 1526411924.8271947, 1526411925.106333, 1526411925.8246043, 1526411926.4274132, 1526411927.330388, 1526411927.9091356, 1526411928.2027936, 1526411928.7762992, 1526411929.2062, 1526411930.3054543, 1526411930.8091915, 1526411931.427423, 1526411932.2221618, 1526411932.6725626, 1526411933.199409, 1526411933.6297956, 1526411933.9302452, 1526411934.5794926, 1526411935.0297446, 1526411935.4366283, 1526411935.9819524, 1526411936.962785, 1526411937.5658667, 1526411938.0237522, 1526411938.7716773, 1526411939.6342733, 1526411940.2847967, 1526411940.9792829, 1526411941.559133, 1526411941.8129528, 1526411942.0992622, 1526411943.6414998, 1526411944.240234, 1526411944.7906692, 1526411945.4182572, 1526411945.7815433, 1526411946.2163317, 1526411947.2494743, 1526411948.1954522, 1526411948.7892146, 1526411949.209131, 1526411950.268474, 1526411950.5858195, 1526411951.4897568, 1526411952.697332, 1526411953.0379167, 1526411953.706191, 1526411954.0828483, 1526411954.8458438, 1526411955.4425, 1526411955.7804306, 1526411956.442844, 1526411956.9838064, 1526411957.866977, 1526411958.46211, 1526411958.939927, 1526411959.4326115, 1526411959.95015, 1526411960.2481294, 1526411960.9316316, 1526411961.9540977, 1526411964.8283305, 1526411965.5800886, 1526411966.1789558, 1526411966.7875543, 1526411967.3164864, 1526411967.8272135, 1526411968.6768835, 1526411969.1982243, 1526411969.8375976, 1526411970.3185072, 1526411970.803253, 1526411971.517985, 1526411971.7436934, 1526411972.4961042, 1526411972.8678074, 1526411973.2134235, 1526411973.5343285, 1526411974.1709034, 1526411974.8916624, 1526411975.145246, 1526411976.1283572, 1526411976.6497004, 1526411976.9671705, 1526411977.7359102, 1526411977.9883451, 1526411978.575852, 1526411979.2853334, 1526411979.8897052, 1526411980.7101634, 1526411982.1115415, 1526411982.4824588, 1526411982.958719, 1526411983.44318, 1526411983.99314, 1526411984.6589227, 1526411985.3086104, 1526411985.6954172, 1526411986.2193484], "episode_lengths": [327, 456, 223, 372, 366, 370, 333, 220, 334, 300, 495, 305, 374, 388, 306, 298, 298, 237, 338, 306, 247, 356, 428, 414, 317, 405, 392, 351, 335, 387, 209, 229, 652, 346, 323, 348, 247, 296, 470, 416, 316, 308, 670, 238, 376, 566, 238, 324, 274, 355, 346, 237, 320, 294, 386, 290, 324, 254, 299, 234, 322, 388, 1000, 355, 332, 389, 326, 304, 404, 327, 388, 301, 329, 362, 197, 355, 255, 266, 237, 378, 377, 214, 430, 300, 242, 386, 204, 334, 375, 368, 414, 790, 241, 315, 298, 287, 318, 341, 262, 332]}