{"episode_rewards": [223.53916662411046, 4.701980206019215, 232.67462380621686, 90.11329681031262, 211.88073841081405, 251.79416082100244, 197.26549633359394, 241.1558302962461, 233.26952378854637, 246.93683762436237, 249.2417758074717, 202.49952739955057, 233.62853249762134, 235.26793642787416, 223.7817445734665, 210.8479642957039, 203.93255999045374, 233.92813202869698, 229.4390627281299, 218.47686371202303, 228.8122539051186, 209.5412040134925, 244.5902459634721, 254.29906905911093, 214.28127438453456, 209.38065616825148, 265.31355189551533, 233.74304474978678, 185.80110778756276, 232.8529660268765, 245.22531387347308, 212.33470977711335, -18.131078882329135, 248.4146131988205, 209.53831833019223, 254.02855605206776, 261.95200629461726, -30.47542376375077, 250.1023954732039, 239.71722779551814, 196.5269599512631, 207.10880396051064, -0.680000862453852, 194.63687178941962, 204.10189079562656, 229.69090230039728, 219.6885582701621, 42.82832965087107, 234.1500048799467, 192.71886573573943, 127.49845212077395, -21.125535204186107, 203.81358267793135, 204.09501166632595, 223.82955682181728, 191.32927547855843, -21.90037619801072, 10.413237233440142, 245.8503626853719, 231.28465196917045, 215.26692255259982, 232.3815836621357, 229.2561173110882, 177.5729655737872, 107.15417770593734, 23.800921114625606, 223.6009875876477, 226.94200091261874, 211.78391922905885, 237.72005345580038, 230.38964214939816, 248.56533184585015, 190.08910841956518, 258.68545258063284, 119.63200069907252, 241.51940007956455, 17.993207680809775, 226.22771417095137, 221.90624479611682, 224.29951346862558, 5.553180505643056, 226.05681383724328, 107.8615870518834, 213.95381938008873, 199.68730633168053, 137.11502015014628, 213.62568372127538, 224.69180323510577, 249.73739613678637, 136.5955037047518, 213.1446961746003, 261.42332929102116, 213.57185186463522, 219.64366548474607, 219.1743986099394, 240.2813539323896, 254.19173324168918, 201.7408880593732, 97.83701405103362, -40.98788353029305], "initial_reset_timestamp": 1526426858.8855646, "episode_types": ["t", "t", "t", "t", "t", "t", "t", "t", "t", "t", "t", "t", "t", "t", "t", "t", "t", "t", "t", "t", "t", "t", "t", "t", "t", "t", "t", "t", "t", "t", "t", "t", "t", "t", "t", "t", "t", "t", "t", "t", "t", "t", "t", "t", "t", "t", "t", "t", "t", "t", "t", "t", "t", "t", "t", "t", "t", "t", "t", "t", "t", "t", "t", "t", "t", "t", "t", "t", "t", "t", "t", "t", "t", "t", "t", "t", "t", "t", "t", "t", "t", "t", "t", "t", "t", "t", "t", "t", "t", "t", "t", "t", "t", "t", "t", "t", "t", "t", "t", "t"], "timestamps": [1526426869.7834542, 1526426869.9633362, 1526426870.431771, 1526426873.5820575, 1526426874.459809, 1526426875.195103, 1526426875.761816, 1526426877.666443, 1526426878.0493975, 1526426878.5406275, 1526426878.929227, 1526426879.3173976, 1526426879.6963403, 1526426880.1070883, 1526426881.1632102, 1526426881.6051059, 1526426882.0621064, 1526426882.4440548, 1526426883.0691612, 1526426883.7779858, 1526426884.3134081, 1526426885.6341314, 1526426887.1918914, 1526426887.614502, 1526426888.2998183, 1526426889.215163, 1526426889.7389321, 1526426890.5125616, 1526426891.0598826, 1526426891.8567526, 1526426892.216491, 1526426893.292559, 1526426893.4772398, 1526426894.0689046, 1526426895.273211, 1526426896.0212896, 1526426896.5631425, 1526426896.7777002, 1526426897.8561068, 1526426899.1771662, 1526426899.6618834, 1526426899.968129, 1526426900.1989374, 1526426901.0180295, 1526426902.354793, 1526426902.7408268, 1526426903.018052, 1526426903.1849334, 1526426903.5145173, 1526426905.1599882, 1526426909.550847, 1526426909.862627, 1526426910.8494709, 1526426912.217029, 1526426912.7195385, 1526426913.2733474, 1526426913.4982743, 1526426913.637305, 1526426915.1982455, 1526426916.6255262, 1526426917.6193402, 1526426918.3594604, 1526426919.6045914, 1526426920.11144, 1526426922.4586966, 1526426924.5063667, 1526426925.2224278, 1526426926.8807673, 1526426928.8633604, 1526426929.3821378, 1526426930.8742256, 1526426931.1325037, 1526426932.7251725, 1526426933.2604785, 1526426935.568643, 1526426937.167258, 1526426937.4426284, 1526426938.1824386, 1526426938.6886978, 1526426939.1690452, 1526426939.4046474, 1526426939.9446425, 1526426942.6615252, 1526426943.4768558, 1526426944.1391468, 1526426946.923996, 1526426947.5553102, 1526426948.4928696, 1526426949.0200377, 1526426951.0827057, 1526426951.374545, 1526426952.170855, 1526426953.7552636, 1526426954.1081834, 1526426954.5163722, 1526426955.8498893, 1526426956.7256958, 1526426959.3286936, 1526426961.199102, 1526426961.3717842], "episode_lengths": [650, 205, 687, 1000, 457, 522, 323, 750, 264, 353, 246, 285, 255, 332, 529, 264, 272, 267, 368, 366, 340, 667, 767, 302, 387, 446, 328, 407, 304, 373, 253, 474, 154, 367, 512, 429, 305, 195, 483, 729, 293, 221, 177, 395, 535, 262, 226, 163, 230, 635, 1000, 181, 379, 443, 279, 303, 170, 137, 622, 721, 435, 448, 566, 303, 1000, 1000, 385, 640, 597, 416, 662, 211, 712, 407, 1000, 637, 213, 381, 305, 313, 172, 339, 1000, 469, 359, 1000, 368, 536, 354, 1000, 210, 458, 691, 267, 273, 860, 465, 839, 1000, 137]}