{"episode_rewards": [231.79160500417274, 223.62147558061218, 244.82644805262962, 226.55788524997791, 72.37146611653908, 252.8051706811908, 211.43773626831762, 190.67053506376885, 250.60637375349881, 239.36458714960304, 235.85998646341272, 252.97586484422803, 253.90310921595207, 219.6288299840378, 224.19858214710837, -6.513623207165068, 131.13435866517733, 199.85067746233594, 185.59215377722248, 184.03206731797133, 11.198501173402818, 218.027494055148, 229.4093718682294, 229.8594276595087, 249.2715028120098, 202.61621567482356, 242.86687296820045, 221.43419937123426, 23.849741040589734, 240.30129069447548, 225.2947332726384, 196.30784484814538, 240.68387040907982, 216.74812862349535, 258.35786416517215, 252.06363801485622, 235.98175509600355, 207.56744645953216, 200.94940637459376, 1.9233760146655072, 242.55461609111057, 237.19724844694255, 223.22899933779212, 12.898648911379496, 243.2990510937653, 254.26084828623834, 0.8353130634053798, -4.713737676868888, 223.20710961267935, 262.3513182715336, 219.66328827673087, 214.20288298962868, 228.5098455432419, 223.6460430001167, 134.7139727611128, 221.98826656577307, 227.69444742284782, 215.20368264031728, 206.60392663994065, 255.95563715323786, 226.49965299245753, 207.86721599139472, 254.15275614718576, 221.09413134052534, 228.64891223370952, 241.35479293671878, 236.25688251117893, 213.76408699263774, 205.270180204634, 219.86415603301435, -1.0043520221814362, 190.7903697793374, 189.7486275543202, 205.31937745963094, 203.69429534784564, 219.74514497350935, 213.27731037245593, 188.04176610094763, 231.0812893728727, 230.1854335981899, 223.40669360640942, 208.4229060644982, 221.0406486612665, 242.85408848640674, 243.0035089562292, 147.9395047754169, 157.30570354700058, 14.008286798591328, 233.93814028329652, 220.9333869222362, 232.52028623880486, 235.16440623207976, 169.70401707475503, 234.41430383318448, 198.8996248409439, 203.60852093115946, 249.36973409558746, 221.81349406747503, 190.93467585967366, 133.71865830550624], "initial_reset_timestamp": 1526434108.0114908, "episode_types": ["t", "t", "t", "t", "t", "t", "t", "t", "t", "t", "t", "t", "t", "t", "t", "t", "t", "t", "t", "t", "t", "t", "t", "t", "t", "t", "t", "t", "t", "t", "t", "t", "t", "t", "t", "t", "t", "t", "t", "t", "t", "t", "t", "t", "t", "t", "t", "t", "t", "t", "t", "t", "t", "t", "t", "t", "t", "t", "t", "t", "t", "t", "t", "t", "t", "t", "t", "t", "t", "t", "t", "t", "t", "t", "t", "t", "t", "t", "t", "t", "t", "t", "t", "t", "t", "t", "t", "t", "t", "t", "t", "t", "t", "t", "t", "t", "t", "t", "t", "t"], "timestamps": [1526434112.6353703, 1526434112.8554206, 1526434112.981869, 1526434113.10543, 1526434113.8932211, 1526434114.0177143, 1526434114.1653976, 1526434114.326529, 1526434114.497381, 1526434114.6296022, 1526434114.8117087, 1526434115.051361, 1526434115.2144196, 1526434115.3513, 1526434115.5049088, 1526434115.5958385, 1526434116.2495315, 1526434116.3805187, 1526434116.534251, 1526434116.6637595, 1526434116.714446, 1526434116.8437688, 1526434116.980984, 1526434117.1137576, 1526434117.304874, 1526434117.4576988, 1526434117.6972773, 1526434117.830297, 1526434117.905349, 1526434118.0123725, 1526434118.1304085, 1526434118.2652092, 1526434118.3825452, 1526434118.485503, 1526434118.589497, 1526434118.6889713, 1526434118.813332, 1526434119.0161157, 1526434119.1530225, 1526434119.245106, 1526434119.4239423, 1526434119.5890903, 1526434119.7544029, 1526434119.829746, 1526434119.9941776, 1526434120.1151383, 1526434120.2326407, 1526434120.3124661, 1526434120.460049, 1526434120.6195178, 1526434120.7963889, 1526434120.978915, 1526434121.1575263, 1526434121.3472102, 1526434121.9605072, 1526434122.0813997, 1526434122.2167718, 1526434122.4523187, 1526434122.594958, 1526434123.0062733, 1526434123.1505606, 1526434123.3242276, 1526434123.47476, 1526434123.6145854, 1526434123.752473, 1526434123.8988786, 1526434124.0922732, 1526434124.2328787, 1526434124.3592665, 1526434124.5150647, 1526434124.599337, 1526434124.729894, 1526434124.8592985, 1526434124.9697723, 1526434125.1108239, 1526434125.2442925, 1526434125.364842, 1526434125.4735258, 1526434125.7853818, 1526434125.9227598, 1526434126.100891, 1526434126.223997, 1526434126.3764794, 1526434126.7406013, 1526434126.8542883, 1526434127.453852, 1526434127.67799, 1526434127.756741, 1526434127.8816807, 1526434128.0681374, 1526434128.2955317, 1526434128.4539351, 1526434128.684393, 1526434128.8181028, 1526434128.960939, 1526434129.1118853, 1526434129.2588425, 1526434129.3975399, 1526434129.5733025, 1526434130.269889], "episode_lengths": [274, 283, 257, 259, 1000, 282, 256, 267, 272, 268, 309, 378, 307, 281, 289, 201, 1000, 257, 281, 257, 137, 236, 252, 272, 293, 285, 411, 262, 181, 253, 240, 249, 246, 219, 221, 219, 249, 311, 246, 184, 274, 297, 273, 172, 279, 240, 212, 187, 281, 259, 308, 307, 289, 328, 1000, 249, 254, 338, 270, 505, 266, 293, 291, 277, 271, 289, 317, 268, 248, 290, 195, 248, 263, 234, 270, 250, 252, 232, 404, 270, 307, 243, 291, 454, 227, 563, 377, 189, 245, 299, 417, 281, 384, 277, 279, 274, 307, 283, 277, 1000]}