{"episode_rewards": [218.27926267164364, 191.18806546981182, 100.44380596425566, -1.243643036705393, -22.227074189496847, 204.79599078386482, -5.859971948480634, 231.72637373208573, 244.01274405163954, -24.216787173424493, 235.46746094778132, 209.32767254812006, 202.77076367889038, 215.36093374919295, -14.324840098406327, 215.8792992270374, 243.00796006168326, 240.34554361936094, 215.94169837513192, 5.725410652350064, 235.12896683945795, 225.05560320141973, 240.56646089918578, -4.806984948239588, 222.01156566294557, 210.94432952548124, 218.15082439562292, 9.619213223847083, -45.283317787111095, 225.17941376032286, 219.01685781646958, 212.74201159553365, 207.51481233636522, 177.15426972671236, 211.62146258882473, 204.25473735715772, 210.55498967673327, 225.31531555350688, 217.38692003611723, -38.50728998785955, 225.7483129266123, 229.86959546876326, 199.41508067626626, 208.67993997062138, 187.74993425306968, 228.59604261035096, -22.25116924835784, -25.412051113847838, -24.841527772337358, 183.40411733277028, 207.4356891240184, 80.90159558535738, 222.7617744624426, 194.43276955451262, 193.36821757498552, -27.981836907226594, 199.04305309557606, 238.52860544304895, 232.26727559201976, 234.67714529370403, 200.17877472648877, 191.15231686121155, 226.14873094029952, -1.917336810714886, 209.39915967314798, -23.777874928424723, 219.41256815447798, -51.0745439467742, 219.29144503876725, 239.13612434285844, 250.62928046027054, 205.70150316254427, 189.3189499323181, 203.40370037396428, 215.4773090963986, 231.64347092213032, 253.51520810085117, -6.780652549994187, 208.20973213630828, -35.27027814301513, -33.934538150725544, 11.079985143295687, 220.37498600433594, 240.50559649354898, 202.24472513526052, 6.701735336289104, 252.59853033777657, 204.94291177185664, 202.38445883349232, 237.7366516911971, 243.56091214124257, 229.54149204422612, 223.8362409654495, 248.27139429275633, 211.46221733856703, 213.771984021773, 230.21605086636973, 196.50375069965037, 177.5870284622468, 209.60435734380775], "initial_reset_timestamp": 1526413172.062729, "episode_types": ["t", "t", "t", "t", "t", "t", "t", "t", "t", "t", "t", "t", "t", "t", "t", "t", "t", "t", "t", "t", "t", "t", "t", "t", "t", "t", "t", "t", "t", "t", "t", "t", "t", "t", "t", "t", "t", "t", "t", "t", "t", "t", "t", "t", "t", "t", "t", "t", "t", "t", "t", "t", "t", "t", "t", "t", "t", "t", "t", "t", "t", "t", "t", "t", "t", "t", "t", "t", "t", "t", "t", "t", "t", "t", "t", "t", "t", "t", "t", "t", "t", "t", "t", "t", "t", "t", "t", "t", "t", "t", "t", "t", "t", "t", "t", "t", "t", "t", "t", "t"], "timestamps": [1526413181.7444572, 1526413182.959594, 1526413184.9335103, 1526413185.2153645, 1526413185.494257, 1526413185.9993577, 1526413186.2629948, 1526413186.7816606, 1526413187.7034116, 1526413188.0057926, 1526413189.107715, 1526413189.5503972, 1526413189.9704204, 1526413190.464772, 1526413190.730434, 1526413191.4686077, 1526413191.7217932, 1526413193.4039302, 1526413194.9678223, 1526413195.1747239, 1526413195.8172445, 1526413196.4987872, 1526413196.8794975, 1526413197.19377, 1526413197.5022986, 1526413197.9677782, 1526413198.425017, 1526413198.7032318, 1526413198.9470072, 1526413199.4115927, 1526413199.9410026, 1526413200.6474009, 1526413201.2843, 1526413201.7635825, 1526413202.848754, 1526413203.2812893, 1526413203.691989, 1526413204.4124596, 1526413204.9648702, 1526413205.237867, 1526413205.7583942, 1526413206.1888893, 1526413207.806082, 1526413208.9533076, 1526413210.1338704, 1526413211.2120495, 1526413211.445901, 1526413211.7435625, 1526413212.0546653, 1526413212.7816842, 1526413213.365287, 1526413216.3376908, 1526413216.754379, 1526413218.0314322, 1526413218.4857106, 1526413218.7622533, 1526413219.498923, 1526413219.9665933, 1526413220.6213877, 1526413221.45255, 1526413222.0720432, 1526413222.6110535, 1526413223.1761782, 1526413223.4504128, 1526413224.4461682, 1526413224.6852224, 1526413225.1859457, 1526413225.4859405, 1526413226.0082526, 1526413226.802981, 1526413227.5067542, 1526413228.0931451, 1526413228.824995, 1526413229.8464038, 1526413230.3948653, 1526413231.1884153, 1526413231.872376, 1526413232.3364332, 1526413233.5378125, 1526413233.9567795, 1526413234.369625, 1526413234.6659076, 1526413235.7542882, 1526413236.8729894, 1526413237.7305346, 1526413238.140272, 1526413239.3395405, 1526413239.7692733, 1526413241.5959582, 1526413242.9110594, 1526413243.3277693, 1526413243.8989642, 1526413244.8493779, 1526413245.488891, 1526413245.8898046, 1526413246.7887158, 1526413248.2136319, 1526413249.2231975, 1526413249.8705168, 1526413250.8212006], "episode_lengths": [273, 590, 1000, 213, 213, 304, 203, 300, 522, 220, 476, 287, 274, 292, 217, 343, 211, 777, 673, 180, 325, 400, 267, 231, 237, 286, 305, 212, 202, 299, 315, 490, 338, 282, 457, 269, 263, 363, 306, 215, 314, 309, 680, 532, 591, 450, 191, 229, 219, 380, 333, 1000, 269, 578, 283, 228, 373, 308, 433, 419, 305, 285, 298, 218, 418, 197, 280, 212, 283, 373, 362, 303, 312, 331, 257, 314, 344, 222, 388, 221, 218, 186, 375, 433, 350, 227, 484, 264, 847, 538, 278, 320, 402, 311, 279, 329, 416, 369, 267, 330]}