{"episode_rewards": [98.86223188592066, 200.24544036331565, 238.39241166281494, 233.3310013605318, 240.16258767732808, 247.36153976462123, 117.06540251665021, 236.94983552914738, 239.94692987834003, 217.01109395207834, 197.26839873921332, 194.74080568516135, 236.93232821201136, 229.97222099361682, -24.885625120413422, 197.15341469636184, 223.8038062457067, -22.76851757231931, 227.5133595144019, 216.89011261499076, 248.43838744232738, 220.6521088598709, 189.9899483756096, 240.47360217764754, 223.39922378175663, 184.7231827019471, 225.80120929318923, 212.26767427477932, 239.1606310148316, 213.19064697438893, 6.878590983017688, 228.99269913051933, 205.40104275410692, 17.43636997780689, 199.84814851772887, 6.365985584830895, 223.6312978139502, -36.78289470968494, 192.92996611532715, 202.22214308101547, 229.3832646062776, 223.15946827031507, 234.88689619048503, 190.5420135526145, 238.09108557387128, 12.614371014270674, 238.25812935416764, 237.1640903935956, 217.13621323370342, 264.643253380715, 207.5021629557069, 229.49207362481545, 210.67427393082323, 14.382490416781224, 11.794089638354123, 246.67419502072545, 234.62585220878793, 191.88316490947642, 221.10903353561508, 213.3015853044072, 221.89754924150876, 258.5577367705496, 187.92231806102177, 248.4705630877828, 217.25756616080844, 198.13800785105843, 205.39875402376418, 225.13653488434733, 248.0094685675317, 16.381130808080087, -7.835703577677165, 208.70848316033073, 7.011393752647265, 242.89349960323327, 212.7084617682058, 203.6399137011175, 232.62279671625183, 22.12121781752282, 131.0564310893184, 12.223818513958747, 22.831598416955103, 204.08310831422688, 246.65547747702198, 215.2791652509218, 224.47625609672548, 210.54615356659824, 192.17128232820167, 232.68911985393962, 231.5067153151706, 214.5399988965716, 231.95189849890076, 209.62842773208365, 189.48822691161112, 207.10805082969532, 0.8644630356749019, 229.91119967445587, 235.97505329214675, 0.3174425383625845, -28.135421006879568, -51.042372124852406], "initial_reset_timestamp": 1526428811.2787309, "episode_types": ["t", "t", "t", "t", "t", "t", "t", "t", "t", "t", "t", "t", "t", "t", "t", "t", "t", "t", "t", "t", "t", "t", "t", "t", "t", "t", "t", "t", "t", "t", "t", "t", "t", "t", "t", "t", "t", "t", "t", "t", "t", "t", "t", "t", "t", "t", "t", "t", "t", "t", "t", "t", "t", "t", "t", "t", "t", "t", "t", "t", "t", "t", "t", "t", "t", "t", "t", "t", "t", "t", "t", "t", "t", "t", "t", "t", "t", "t", "t", "t", "t", "t", "t", "t", "t", "t", "t", "t", "t", "t", "t", "t", "t", "t", "t", "t", "t", "t", "t", "t"], "timestamps": [1526428828.0274289, 1526428828.3730955, 1526428828.5077317, 1526428828.6442094, 1526428828.7326474, 1526428829.0559247, 1526428829.552768, 1526428829.7346792, 1526428829.8558564, 1526428830.0967202, 1526428830.2672577, 1526428830.433781, 1526428830.6342695, 1526428830.785545, 1526428830.8639324, 1526428831.0374439, 1526428831.1845798, 1526428831.2620215, 1526428831.4368331, 1526428831.5565867, 1526428831.7436018, 1526428831.8833733, 1526428831.9928463, 1526428832.1194258, 1526428832.270678, 1526428832.3593173, 1526428832.4966822, 1526428832.596238, 1526428833.1743634, 1526428833.2851071, 1526428833.3688657, 1526428833.4935927, 1526428833.6007729, 1526428833.6770182, 1526428833.796908, 1526428833.8795524, 1526428834.103451, 1526428834.1695373, 1526428834.4071977, 1526428834.517567, 1526428834.6242845, 1526428834.721104, 1526428835.1217492, 1526428835.243626, 1526428835.393982, 1526428835.4687564, 1526428835.730186, 1526428835.8813734, 1526428836.008992, 1526428836.1616945, 1526428836.4211502, 1526428836.5343308, 1526428836.6404998, 1526428836.7211988, 1526428836.7795331, 1526428836.9850376, 1526428837.1258585, 1526428837.290802, 1526428837.4197073, 1526428837.7136092, 1526428837.8702137, 1526428837.9585896, 1526428838.0984313, 1526428838.2181697, 1526428838.3534803, 1526428838.531466, 1526428838.6528344, 1526428838.740446, 1526428838.822429, 1526428838.9045556, 1526428838.969717, 1526428839.0640793, 1526428839.1438777, 1526428839.3007498, 1526428839.4807107, 1526428839.6413937, 1526428839.9360693, 1526428839.9985876, 1526428840.6953976, 1526428840.7611651, 1526428840.8514833, 1526428840.9523418, 1526428841.0823898, 1526428841.253214, 1526428841.3609517, 1526428841.4810581, 1526428841.7158937, 1526428841.831785, 1526428842.3524854, 1526428842.491718, 1526428842.7120674, 1526428842.8261197, 1526428842.9821603, 1526428843.1043823, 1526428843.1682804, 1526428843.3298688, 1526428843.5267658, 1526428843.6103816, 1526428843.6908948, 1526428843.7619417], "episode_lengths": [1000, 363, 260, 272, 205, 403, 1000, 345, 256, 378, 288, 300, 339, 284, 183, 311, 280, 167, 305, 254, 321, 258, 230, 281, 255, 215, 275, 220, 859, 226, 202, 244, 229, 181, 251, 195, 421, 172, 339, 241, 240, 214, 503, 237, 293, 188, 403, 297, 263, 335, 355, 248, 225, 195, 145, 327, 276, 280, 245, 447, 296, 220, 272, 271, 269, 288, 257, 216, 197, 199, 163, 215, 186, 305, 299, 303, 384, 165, 1000, 165, 211, 229, 266, 306, 245, 249, 332, 245, 803, 269, 343, 235, 284, 248, 163, 335, 339, 199, 195, 177]}