{"episode_rewards": [245.8276835607095, 11.059424233074111, 217.96762902970318, 240.18537520106455, 257.30944624657786, 196.58655756728086, 253.26255229216537, 215.78631804049405, 224.47617476430057, 248.16435925368242, 217.3407904264369, 214.33952621708545, 257.2361211542377, 239.6536848997743, 211.020750918067, -3.162212535324855, 189.31794833374386, 242.50783345286294, 241.13171429906274, 221.27194321673414, 230.10687621654523, 228.15119460712845, 210.866135837903, 167.42326444625192, 249.53132017399236, 209.53758662427967, 215.16369818843293, 233.17804159048745, 223.44496780157772, 219.54336838446528, 198.1048132360723, 242.2121357999839, 256.6576351784576, 227.43955026036846, 18.522366902269255, 227.65384530813276, 208.468830766672, 245.78549551176906, 230.31818402883596, 237.84651467718587, 220.35049311410216, 227.2561013778504, 219.62892294757705, 246.46951744987896, 234.65967705608264, 225.68394417391394, 106.09359258849005, 250.3593503032529, 221.34929110928485, 249.51141673470576, 216.37976224513432, 243.77188317721252, 212.9051825152368, -5.773638560214124, 248.00242344308586, 248.67193674314026, 215.7026033949291, 258.651175478935, 201.0592674213799, 226.03041622762777, 237.71664146895688, 240.17179120833381, 225.4434991085985, 250.64696540886823, 225.98128598422178, 198.61346113385886, -2.228777819776866, 221.56523317233314, 257.9401144495919, 243.32962916128693, 23.558299635298084, 213.0714747214516, 240.8460407385568, -10.016292074031966, 6.663921854375744, 234.05503359442537, 204.083930241734, 182.57881305589805, 227.0149270001888, 239.5347271084449, 220.01830244723294, 218.7781295900871, 252.8894442218438, 204.2880475950867, 253.85412595212748, 256.84509605381385, 200.03063652522053, 206.8463654199548, 227.6414941784842, 211.37814023755303, 202.34646112878534, 236.21918407315988, 221.57924496227514, 193.02430857535114, 207.84582598916785, 229.77193264749022, 237.19907570083427, 206.69163774252377, 223.06258740815215, 185.07639870611644], "initial_reset_timestamp": 1526423458.941139, "episode_types": ["t", "t", "t", "t", "t", "t", "t", "t", "t", "t", "t", "t", "t", "t", "t", "t", "t", "t", "t", "t", "t", "t", "t", "t", "t", "t", "t", "t", "t", "t", "t", "t", "t", "t", "t", "t", "t", "t", "t", "t", "t", "t", "t", "t", "t", "t", "t", "t", "t", "t", "t", "t", "t", "t", "t", "t", "t", "t", "t", "t", "t", "t", "t", "t", "t", "t", "t", "t", "t", "t", "t", "t", "t", "t", "t", "t", "t", "t", "t", "t", "t", "t", "t", "t", "t", "t", "t", "t", "t", "t", "t", "t", "t", "t", "t", "t", "t", "t", "t", "t"], "timestamps": [1526423463.6049511, 1526423463.7804341, 1526423464.008552, 1526423464.28436, 1526423464.5169175, 1526423464.7708602, 1526423464.8886707, 1526423465.399724, 1526423465.7554379, 1526423466.0672321, 1526423467.2008097, 1526423467.6340067, 1526423468.9294817, 1526423469.283722, 1526423469.9114752, 1526423470.1326663, 1526423470.4279227, 1526423470.8558586, 1526423471.1771395, 1526423471.440196, 1526423472.1531818, 1526423472.7410233, 1526423473.5272298, 1526423475.4973521, 1526423476.1565661, 1526423476.6190145, 1526423477.4983866, 1526423478.164486, 1526423478.7343957, 1526423479.102325, 1526423479.47738, 1526423479.9947264, 1526423480.212727, 1526423480.6877973, 1526423480.913128, 1526423481.2359972, 1526423482.0314198, 1526423482.4783638, 1526423482.8211968, 1526423483.4287708, 1526423483.734516, 1526423484.2639153, 1526423485.1136456, 1526423485.659846, 1526423486.318583, 1526423486.730497, 1526423488.5354555, 1526423488.9679582, 1526423489.53066, 1526423490.0697618, 1526423490.4525335, 1526423491.1021342, 1526423491.6327286, 1526423491.909097, 1526423492.6064417, 1526423493.0093582, 1526423493.6572144, 1526423494.4477112, 1526423495.2412553, 1526423495.7198498, 1526423496.1481538, 1526423496.6922634, 1526423497.0494552, 1526423497.5343919, 1526423497.8960974, 1526423498.2977424, 1526423498.539367, 1526423499.0459988, 1526423499.302708, 1526423499.617197, 1526423499.8401446, 1526423500.2003422, 1526423500.4585004, 1526423500.674502, 1526423500.8462856, 1526423501.2340314, 1526423502.1996953, 1526423503.7930675, 1526423504.3648767, 1526423504.7189405, 1526423505.1141856, 1526423505.4067924, 1526423505.6978345, 1526423508.419751, 1526423509.236203, 1526423509.7151165, 1526423510.0110407, 1526423510.503081, 1526423511.283948, 1526423511.6431284, 1526423512.2526705, 1526423512.5803428, 1526423512.922853, 1526423513.407211, 1526423513.6608667, 1526423513.9378588, 1526423514.4760792, 1526423514.8352206, 1526423515.2841268, 1526423515.5368822], "episode_lengths": [276, 188, 344, 364, 366, 348, 251, 324, 266, 243, 478, 283, 615, 251, 381, 183, 243, 295, 236, 223, 429, 367, 400, 681, 363, 301, 395, 336, 385, 243, 268, 330, 185, 311, 195, 222, 381, 305, 283, 345, 237, 306, 430, 341, 383, 269, 1000, 317, 348, 354, 270, 333, 329, 201, 352, 262, 320, 394, 358, 297, 280, 314, 258, 322, 258, 256, 210, 325, 206, 267, 184, 255, 223, 189, 158, 252, 472, 666, 310, 278, 262, 238, 252, 950, 413, 356, 219, 284, 372, 246, 350, 247, 267, 307, 221, 236, 305, 265, 278, 214]}