{"episode_rewards": [1.2817870382883711, 237.90606338340623, 269.0154160885321, 225.78611336802814, 222.58804080398252, 255.03805974420587, 144.98947050419224, 198.97515333826408, 211.61801084729723, 239.4861326455106, -51.82700856804394, 194.5233746640122, 197.74801353344208, 229.33786626992548, 239.84640611471906, 238.66536328374175, 213.2791737870395, 195.61957855168598, 229.77553469541525, 242.60604384626515, 228.70878431495913, 235.7551866341028, 231.49186864460674, 216.1890836750444, 150.06186999676603, -20.477421624033823, 216.6325493834748, 193.66098709186934, -12.94319481218264, 256.609764676159, 217.78005315527645, 150.47307384448132, 237.22010299628266, 233.80930050389804, -20.628472394659653, 197.28625678716827, -5.650227875757892, 212.26310801672093, 198.61374283035465, 225.4394564153195, 226.5249028940171, 233.65206742970673, 265.45994127261, 217.77487357663765, 243.98587587146648, 221.86921274826034, 219.69790751044303, 194.13054907257145, 144.0529156438696, 206.45481955382994, 223.6129534274724, 114.613792151278, 201.25679052357793, 114.7922179717995, 211.56596309271742, 233.02864095031296, 225.2696353931581, 189.22329094535957, 228.3160261183725, 134.34364124805919, 187.55090686840572, 200.37193774394456, 218.34535716307278, 28.029319656889527, -40.68342052207402, 211.81666483858555, 215.49451948207985, 118.6610854952617, 210.65311161316572, 189.94124421257558, -52.81668303026407, 209.29889886787862, 208.48763430935134, 226.01376536665833, 227.36927437399538, -13.594959575404545, 224.1522138111892, 239.15351110316394, 177.64872563916668, 224.75412389382515, 253.23410781316704, -0.8016554770395743, 145.78012646706415, -8.053232409787256, 223.1673706022038, 238.01667413772458, 239.8445517459167, 213.28957697889507, 186.60459358516312, 237.7947036612787, 14.307335842460859, 252.70450473680134, 245.50201136865377, 124.36085110476722, 223.82160768590884, 10.747827660300501, 207.61467245237904, 211.8235302152243, 232.8122259776852, -28.807384682684088], "initial_reset_timestamp": 1526439356.3298724, "episode_types": ["t", "t", "t", "t", "t", "t", "t", "t", "t", "t", "t", "t", "t", "t", "t", "t", "t", "t", "t", "t", "t", "t", "t", "t", "t", "t", "t", "t", "t", "t", "t", "t", "t", "t", "t", "t", "t", "t", "t", "t", "t", "t", "t", "t", "t", "t", "t", "t", "t", "t", "t", "t", "t", "t", "t", "t", "t", "t", "t", "t", "t", "t", "t", "t", "t", "t", "t", "t", "t", "t", "t", "t", "t", "t", "t", "t", "t", "t", "t", "t", "t", "t", "t", "t", "t", "t", "t", "t", "t", "t", "t", "t", "t", "t", "t", "t", "t", "t", "t", "t"], "timestamps": [1526439359.1730983, 1526439359.6931493, 1526439359.7922118, 1526439359.914413, 1526439360.0249815, 1526439360.3859868, 1526439361.213226, 1526439361.319648, 1526439361.4505308, 1526439361.5862563, 1526439361.657333, 1526439361.7957723, 1526439361.9121878, 1526439362.0089393, 1526439362.428663, 1526439362.5802114, 1526439362.7379584, 1526439362.9140775, 1526439363.0999224, 1526439363.2659628, 1526439363.6123483, 1526439363.835647, 1526439363.9641447, 1526439364.1084101, 1526439364.9666667, 1526439365.0297842, 1526439365.2721558, 1526439365.4860682, 1526439365.5627332, 1526439365.7252312, 1526439365.8668365, 1526439366.3959596, 1526439366.488569, 1526439366.7325137, 1526439366.8202853, 1526439367.0440302, 1526439367.1499162, 1526439367.371851, 1526439367.6581113, 1526439367.7809494, 1526439367.948273, 1526439368.3543859, 1526439368.4779952, 1526439368.6476767, 1526439368.7881777, 1526439368.8917942, 1526439369.040772, 1526439369.287931, 1526439370.2240689, 1526439370.5146515, 1526439370.724346, 1526439371.4040031, 1526439371.5761485, 1526439372.1928477, 1526439372.918468, 1526439373.002038, 1526439373.1160028, 1526439373.2459066, 1526439373.3567414, 1526439374.1290126, 1526439374.2993944, 1526439374.4209304, 1526439374.5253658, 1526439374.578349, 1526439374.6552508, 1526439374.764093, 1526439374.8857071, 1526439375.7724185, 1526439375.8912807, 1526439376.0491939, 1526439376.1229913, 1526439376.2729135, 1526439376.3693156, 1526439376.5205624, 1526439376.9989042, 1526439377.0826123, 1526439377.2936528, 1526439377.8694441, 1526439378.1426144, 1526439378.251665, 1526439378.4736042, 1526439378.5446992, 1526439379.398031, 1526439379.4810848, 1526439379.6432958, 1526439380.0740416, 1526439380.289723, 1526439380.4989212, 1526439380.648053, 1526439380.7576385, 1526439380.8328059, 1526439380.9609663, 1526439381.158997, 1526439382.0193756, 1526439382.139774, 1526439382.205198, 1526439382.351375, 1526439382.4891515, 1526439382.5951998, 1526439382.6742942], "episode_lengths": [168, 719, 228, 241, 239, 535, 1000, 231, 265, 255, 161, 267, 249, 213, 472, 341, 288, 312, 319, 286, 583, 313, 245, 262, 1000, 157, 412, 331, 188, 295, 267, 1000, 201, 354, 209, 375, 213, 350, 414, 247, 267, 573, 247, 305, 277, 223, 278, 376, 1000, 448, 345, 1000, 327, 1000, 905, 196, 242, 255, 239, 1000, 303, 247, 220, 133, 175, 231, 252, 1000, 251, 308, 173, 281, 226, 287, 786, 200, 356, 658, 371, 234, 422, 167, 1000, 202, 293, 521, 365, 379, 266, 262, 192, 276, 355, 1000, 246, 167, 262, 256, 234, 171]}