{"episode_rewards": [248.44886612632297, 235.8484526266659, 203.59086704445002, 189.07950582960962, 234.4024639733742, 191.23303011388032, 18.139998948540423, 226.9993277532667, 218.84304882644102, -8.863823218549442, 221.11979624733289, 116.03881450647069, 221.92797755076992, 205.9382297127538, 7.249463743776886, 219.75548022063558, 122.26548955960521, 227.90824170298922, 208.52964085350038, 244.4431955109293, 195.4598246064015, 218.6459579296457, -9.431228585644206, 225.98495973232633, 210.75373056546454, 204.34759838297316, -9.413904852151646, 258.4051868609164, 197.09406051123224, 135.2986322571783, 5.41527598238099, 188.02345259035576, -22.238478962188438, 176.66707750085732, 16.985057842622098, 232.3179264890867, 163.4984235634343, 9.197953476978412, 203.85407535907308, 2.856992771847189, 272.8884001310442, 148.9835714374652, 188.16510965937402, 147.20206417946645, 242.45613815939765, 205.3512423868978, 100.57287204934995, -39.35644558866625, 252.9565761420848, 249.0498462587415, 248.98114937851398, 177.46652342862544, 213.17890468335355, 197.70526024811673, 2.1703433187797714, -1.4145179519612299, 193.6162430134881, 242.58152954739532, 126.4411217693848, 222.05236530663984, 203.7087155438236, 258.0629604577742, -27.717230902239237, -4.744020068198978, 117.66874363117931, 146.3683594228041, 245.70622021744046, 191.3829861521596, 232.151356340049, 207.40834060732564, 203.34269264270657, 190.63194158809085, 233.2041892178763, 194.23148005793706, 249.51940843793327, 228.91677871450344, 249.5488955217718, 247.52904945036303, 229.7439024911629, -14.2808977648655, -27.33593328149945, 185.66687345469762, 135.98925037121504, 205.2845438099248, 188.4879627305669, 223.63906037528852, -31.54285273852186, 82.25877980949767, 128.54740214961686, 214.03247748491066, 203.85428160976224, 214.93939917897092, 209.65920637382936, 189.8862289153891, 183.47050799849757, 205.44002454651454, 230.1978535932031, 229.93788870388613, 224.455088858056, -5.321808001693995], "initial_reset_timestamp": 1526437048.662379, "episode_types": ["t", "t", "t", "t", "t", "t", "t", "t", "t", "t", "t", "t", "t", "t", "t", "t", "t", "t", "t", "t", "t", "t", "t", "t", "t", "t", "t", "t", "t", "t", "t", "t", "t", "t", "t", "t", "t", "t", "t", "t", "t", "t", "t", "t", "t", "t", "t", "t", "t", "t", "t", "t", "t", "t", "t", "t", "t", "t", "t", "t", "t", "t", "t", "t", "t", "t", "t", "t", "t", "t", "t", "t", "t", "t", "t", "t", "t", "t", "t", "t", "t", "t", "t", "t", "t", "t", "t", "t", "t", "t", "t", "t", "t", "t", "t", "t", "t", "t", "t", "t"], "timestamps": [1526437056.0896847, 1526437056.3274639, 1526437056.4905586, 1526437056.6431198, 1526437056.733257, 1526437056.9170265, 1526437056.9667873, 1526437057.1326644, 1526437057.2529178, 1526437057.3169284, 1526437057.4440331, 1526437058.1680162, 1526437058.2975106, 1526437058.674622, 1526437058.7534027, 1526437059.2906048, 1526437060.2094646, 1526437060.357564, 1526437060.525761, 1526437060.7221708, 1526437060.852356, 1526437060.9820294, 1526437061.0478244, 1526437061.532996, 1526437061.6807458, 1526437061.8077388, 1526437061.870669, 1526437061.95498, 1526437062.1133883, 1526437063.0479128, 1526437063.1182477, 1526437063.3598704, 1526437063.451062, 1526437063.6619952, 1526437063.7391865, 1526437064.195333, 1526437064.3372023, 1526437064.4166617, 1526437064.5309315, 1526437064.6101863, 1526437064.813625, 1526437065.8826482, 1526437066.1157637, 1526437066.684274, 1526437066.8047647, 1526437066.9633577, 1526437067.8215473, 1526437067.921045, 1526437068.6052675, 1526437068.7163522, 1526437068.8683693, 1526437069.0057793, 1526437069.169972, 1526437069.593151, 1526437069.6591976, 1526437069.7422545, 1526437069.9907675, 1526437070.1105895, 1526437070.722709, 1526437070.893009, 1526437071.0573938, 1526437071.2870607, 1526437071.3692632, 1526437071.452224, 1526437072.159709, 1526437072.9073064, 1526437073.0769293, 1526437073.2178345, 1526437073.5221906, 1526437073.6528711, 1526437073.790407, 1526437074.067792, 1526437074.2353196, 1526437074.3487642, 1526437074.451802, 1526437074.6765354, 1526437074.7684906, 1526437074.8934746, 1526437075.0996397, 1526437075.160476, 1526437075.2424035, 1526437075.3647003, 1526437076.259555, 1526437076.3894105, 1526437076.5372496, 1526437076.6692371, 1526437076.7511728, 1526437077.1758456, 1526437078.140821, 1526437078.3137324, 1526437078.461827, 1526437078.6064465, 1526437079.1386266, 1526437079.3578637, 1526437079.502779, 1526437079.6100461, 1526437079.797734, 1526437079.9818225, 1526437080.2879095, 1526437080.3341513], "episode_lengths": [442, 277, 269, 289, 213, 348, 134, 303, 235, 160, 242, 1000, 249, 506, 182, 596, 1000, 265, 289, 346, 257, 255, 168, 575, 275, 260, 156, 215, 274, 1000, 177, 376, 191, 322, 190, 559, 271, 189, 231, 184, 457, 1000, 448, 1000, 254, 282, 1000, 216, 715, 248, 284, 268, 285, 548, 169, 191, 422, 256, 1000, 293, 299, 371, 190, 189, 1000, 1000, 304, 262, 421, 249, 269, 401, 282, 239, 234, 310, 224, 272, 341, 158, 193, 250, 1000, 250, 265, 275, 204, 512, 1000, 308, 281, 268, 634, 387, 276, 234, 358, 295, 435, 123]}