{"episode_rewards": [-9.106351574722765, 233.7032770763137, 244.63739231560137, 238.7582830647487, 190.2285122671484, 251.95566901981508, 184.90798092177982, 216.12221563293159, 239.02938953073658, 230.3481487848692, 194.00412683541782, 218.46695054549346, 237.1313270035865, 228.93144018022545, 229.26191559089816, 190.1498367042357, 224.57907465950268, 204.85572255565617, 230.66506259291512, 242.4645714214765, 235.07256454034868, 223.5873476850474, -5.623306096536496, 230.47757525865381, 244.82242864384963, 247.4459433993977, 217.78986596828844, 191.3096421538219, 232.77642855209967, 242.17235933563293, -17.0236722117954, 221.60389645816235, 210.13226805435437, -7.577761087570565, 229.8735436697411, 225.38656822901623, 224.43446474374372, 232.99980960952763, 15.066603174256528, 113.16926236854319, 232.37222090450513, 1.5338805398195205, 211.59724882753477, 38.35061549965624, 200.15341488304506, 227.01031110818988, 209.39096575984843, -16.997932848201202, 212.01336886289369, 242.44671581766875, -33.743604253793336, -1.606860867583947, 224.90713359497732, 129.19841441311354, 247.93222241307384, 194.8290664500495, 231.09313567423675, 214.47485112949562, 249.4092014894405, 206.43851953990008, 209.30545213349257, 235.04329627606612, 232.02613082198218, -33.19220372321898, 205.3401639561233, 208.488492498931, 244.38443210700729, 211.5924172792419, 223.05847751919305, 210.57935404897685, -25.655263026829033, 104.84758578321318, 212.58635688411658, 259.4048941960801, 199.6251069764219, 236.85006204960854, 237.11436953499455, 227.3952289625288, 237.9933314079192, 188.28959240485383, -21.99652922816719, 245.8179707985562, 230.8456308121639, 244.9664288330026, 219.88182529259598, 226.90183085624318, 192.13081187896927, 249.83381655790637, 200.01174875765093, 231.87252894775557, 230.89198776772037, -21.805334824081797, 206.17876460434653, 241.2784943084898, 35.887085184837446, 258.8010350619776, 267.010337639879, 234.9015183325572, 241.40609524658723, 214.15788311719524], "initial_reset_timestamp": 1526428538.0023673, "episode_types": ["t", "t", "t", "t", "t", "t", "t", "t", "t", "t", "t", "t", "t", "t", "t", "t", "t", "t", "t", "t", "t", "t", "t", "t", "t", "t", "t", "t", "t", "t", "t", "t", "t", "t", "t", "t", "t", "t", "t", "t", "t", "t", "t", "t", "t", "t", "t", "t", "t", "t", "t", "t", "t", "t", "t", "t", "t", "t", "t", "t", "t", "t", "t", "t", "t", "t", "t", "t", "t", "t", "t", "t", "t", "t", "t", "t", "t", "t", "t", "t", "t", "t", "t", "t", "t", "t", "t", "t", "t", "t", "t", "t", "t", "t", "t", "t", "t", "t", "t", "t"], "timestamps": [1526428541.1766338, 1526428541.4147427, 1526428541.7952988, 1526428542.4331717, 1526428542.55791, 1526428542.7669024, 1526428542.867502, 1526428543.060476, 1526428543.4699538, 1526428543.697687, 1526428543.9293609, 1526428544.0693119, 1526428544.3314335, 1526428544.553276, 1526428544.77813, 1526428545.5136333, 1526428545.945058, 1526428546.0659487, 1526428546.5151153, 1526428546.8111994, 1526428547.084147, 1526428547.3564942, 1526428547.4230964, 1526428547.5668192, 1526428547.6713216, 1526428547.81531, 1526428547.9667082, 1526428548.2555916, 1526428548.3706417, 1526428548.6040676, 1526428548.679207, 1526428549.2806058, 1526428549.4137132, 1526428549.468479, 1526428549.7016976, 1526428549.9100115, 1526428550.0333033, 1526428550.2091372, 1526428550.2920501, 1526428551.169422, 1526428551.346871, 1526428551.4077823, 1526428551.7306523, 1526428551.816142, 1526428551.9227488, 1526428552.2859135, 1526428552.4229016, 1526428552.493585, 1526428552.777155, 1526428553.34229, 1526428553.4047906, 1526428553.4718306, 1526428553.598456, 1526428554.2179244, 1526428554.5056853, 1526428554.9406097, 1526428555.1830142, 1526428555.9361868, 1526428556.0697646, 1526428556.2568502, 1526428556.4024012, 1526428556.4955432, 1526428556.6431084, 1526428556.7078674, 1526428556.8024623, 1526428556.9474664, 1526428557.426555, 1526428557.5871332, 1526428557.755733, 1526428557.8763578, 1526428557.9405324, 1526428558.7868183, 1526428559.0599556, 1526428559.196908, 1526428559.334549, 1526428559.4910572, 1526428559.6847873, 1526428559.8171809, 1526428559.968807, 1526428560.1041288, 1526428560.1705108, 1526428560.282148, 1526428560.778278, 1526428560.9679193, 1526428561.2075057, 1526428561.801445, 1526428561.9669561, 1526428562.226602, 1526428562.3738563, 1526428562.8290877, 1526428563.034532, 1526428563.1226103, 1526428563.2984848, 1526428563.379099, 1526428563.4688573, 1526428563.6460829, 1526428563.835042, 1526428564.0230756, 1526428564.246838, 1526428564.818718], "episode_lengths": [188, 275, 650, 847, 253, 339, 221, 312, 563, 393, 378, 270, 367, 378, 339, 991, 496, 263, 567, 395, 410, 386, 170, 292, 246, 288, 301, 380, 243, 434, 182, 826, 256, 145, 459, 336, 248, 271, 185, 1000, 325, 151, 446, 205, 242, 458, 262, 172, 373, 676, 160, 165, 261, 1000, 414, 508, 377, 822, 265, 299, 284, 205, 290, 165, 214, 294, 625, 289, 283, 228, 165, 1000, 369, 271, 259, 266, 362, 261, 274, 252, 166, 259, 689, 317, 368, 674, 303, 394, 261, 560, 319, 181, 302, 202, 202, 342, 296, 322, 346, 630]}