{"episode_rewards": [205.73093836292924, 234.48651692772316, 244.17225216441915, -5.4596309230627185, 235.12480540272102, 130.3444783181781, 196.53991004466363, -8.810541335433086, 133.80941424264014, 237.23451451953085, 19.82721405741789, -35.095443070708086, -45.43723370368366, 239.33351129854321, 117.17021086554531, 9.638874738384132, 244.98971804799564, 102.10043811014859, 215.48253020388228, 247.87624939642836, 202.05447200196008, 209.43172359563545, 224.2060383094381, -5.235324334138994, 109.64035296570479, 241.41396580508808, 208.99602799070493, -16.336735232727165, -31.95717665956981, 240.27737281352154, -10.590497767968515, -40.31380230159688, 132.0073692709366, -24.37717673525877, 128.97564815893892, 110.276015152051, 207.76757988101218, 112.60491423671496, 207.27937891109502, 239.2843031412041, 214.24512194203808, 206.7051631742631, 208.34568238876787, 211.8789400079046, 101.75845698522203, 226.7434470736046, 238.945947717933, 241.9489726141774, 218.27502761411975, -6.578804168626505, -6.520874393956717, 234.42277070754614, -60.0623105786829, 235.6328471261779, 202.15756331039793, -15.955650285680008, 138.09941007952418, 96.3792655105245, 216.18210188632207, 114.3154289701246, -8.32400892758163, 236.76945026191777, -11.61053109981998, 121.40975814354601, 239.03205057387515, 213.5345586764825, 206.39956548777897, -19.16068385299309, 198.88510599524773, 237.33221602190807, 233.68481782407133, 100.61127921932527, 100.10554033573992, 0.9555204492962162, 234.59239842128807, 239.52064427000926, 215.87593542486135, 12.646343564747085, -13.095648511231886, 217.91914028081402, 236.92271309489587, 104.56447669495694, 215.4038492795995, 246.10455995929954, 208.7904987014084, 211.85789031518888, 136.74230435778878, -6.2429912948830975, 215.60998405871376, 235.24187238399426, 216.12296516154555, 118.48848598260903, 8.028191715611754, 237.73785431820744, 231.14778759019455, -9.888738280595177, 92.16881378021301, 210.72089946305994, 190.15732451393657, -8.577687881737333], "initial_reset_timestamp": 1526420712.3809931, "episode_types": ["t", "t", "t", "t", "t", "t", "t", "t", "t", "t", "t", "t", "t", "t", "t", "t", "t", "t", "t", "t", "t", "t", "t", "t", "t", "t", "t", "t", "t", "t", "t", "t", "t", "t", "t", "t", "t", "t", "t", "t", "t", "t", "t", "t", "t", "t", "t", "t", "t", "t", "t", "t", "t", "t", "t", "t", "t", "t", "t", "t", "t", "t", "t", "t", "t", "t", "t", "t", "t", "t", "t", "t", "t", "t", "t", "t", "t", "t", "t", "t", "t", "t", "t", "t", "t", "t", "t", "t", "t", "t", "t", "t", "t", "t", "t", "t", "t", "t", "t", "t"], "timestamps": [1526420722.04394, 1526420722.3062577, 1526420722.7688277, 1526420722.8330266, 1526420722.9830222, 1526420723.6582558, 1526420723.9164615, 1526420724.018392, 1526420724.724132, 1526420725.000175, 1526420725.1026251, 1526420725.1735609, 1526420725.2441583, 1526420725.4973075, 1526420726.6377273, 1526420726.708737, 1526420727.1457977, 1526420728.041186, 1526420728.4226272, 1526420728.579843, 1526420728.8709931, 1526420729.3785362, 1526420729.8436742, 1526420729.9349105, 1526420730.7654088, 1526420731.1414802, 1526420731.3232965, 1526420731.4048727, 1526420731.4880047, 1526420731.6556017, 1526420731.7222297, 1526420731.7998219, 1526420732.9428322, 1526420733.0390549, 1526420733.7835915, 1526420734.8111699, 1526420735.1765726, 1526420736.2037327, 1526420736.4809136, 1526420736.6665783, 1526420737.346113, 1526420737.5537202, 1526420737.8128288, 1526420738.1810837, 1526420739.0286524, 1526420739.1785204, 1526420739.3208685, 1526420739.453966, 1526420740.0813792, 1526420740.1612132, 1526420740.2395744, 1526420740.7740645, 1526420740.853044, 1526420741.1277978, 1526420741.2646604, 1526420741.334403, 1526420742.0063465, 1526420743.1089118, 1526420743.388115, 1526420744.274695, 1526420744.3564053, 1526420745.1951926, 1526420745.2953317, 1526420746.7642841, 1526420748.6168613, 1526420749.6477354, 1526420750.2882757, 1526420750.5051048, 1526420752.496256, 1526420753.3192694, 1526420753.812741, 1526420756.455333, 1526420759.3658237, 1526420759.5408785, 1526420760.194084, 1526420760.8150673, 1526420761.847835, 1526420762.0530682, 1526420762.224854, 1526420762.8861938, 1526420763.286752, 1526420765.240488, 1526420765.9750605, 1526420767.790942, 1526420768.34146, 1526420769.767059, 1526420772.7033412, 1526420772.8775043, 1526420773.587237, 1526420774.698888, 1526420776.5771484, 1526420778.5028818, 1526420778.758371, 1526420779.1645482, 1526420780.397661, 1526420780.5834224, 1526420782.5433786, 1526420783.3672144, 1526420784.145886, 1526420784.3022053], "episode_lengths": [575, 277, 723, 156, 308, 1000, 344, 189, 1000, 368, 189, 168, 165, 396, 1000, 169, 623, 1000, 462, 265, 354, 531, 489, 203, 1000, 483, 321, 186, 190, 302, 160, 185, 1000, 183, 1000, 1000, 425, 1000, 366, 309, 587, 337, 351, 432, 1000, 279, 256, 259, 573, 186, 182, 695, 177, 377, 265, 157, 1000, 1000, 397, 1000, 187, 922, 221, 1000, 700, 496, 357, 184, 748, 408, 311, 1000, 1000, 153, 372, 352, 521, 163, 149, 367, 256, 1000, 397, 785, 323, 546, 1000, 170, 340, 637, 865, 1000, 209, 281, 514, 166, 1000, 374, 387, 149]}