{"episode_rewards": [-15.417796362749044, -6.0201894551838535, 2.353474348763555, 208.56761370261856, 15.17561889142084, 234.86597296494898, 210.58735520533622, 28.36032395507084, 239.1808965466064, 204.09577267664258, 198.21701192487936, 243.27899322747737, 193.9858585963473, 194.0845976898893, 207.63210767887892, -17.764051372415594, -67.77959476461076, -45.091746727816755, -27.498811427600174, 171.46556321196817, 242.90253621028208, 227.96272353456408, 224.81290425289035, 237.71656655821448, 8.01325249019311, 228.27416977442024, 10.568700872236832, -5.201130257770686, 6.877779058458657, 250.46228193588902, -27.82508909957663, 223.726816812278, 192.59760878752172, 258.89172110176804, 244.58525192874615, 191.56113393831868, 237.1202416060012, 235.86438735998627, 122.78868149749705, 5.771680972194176, 224.11004416558904, -71.54370559970569, -57.61011805313035, 225.46246441215584, 200.92150719551407, 9.829757659781933, 238.0609148028664, 191.50715289420725, 215.11001843110103, 196.47218490363633, 227.73839462862998, 248.35392214513763, 169.19302528863082, 209.0645838645637, 218.2430124923561, 17.157874035356954, 239.72191487951306, 268.9096215943883, 194.1352753656465, -4.727197666240002, 247.1313255991513, 235.01846786537226, 218.79818857621353, -10.14659530884181, -1.263314963804305, 188.19691401561394, 217.78616553875287, 230.0690659403978, 228.33347386327065, 174.2522631366894, 184.8034894798516, 216.7370704605376, 219.29676083361863, 234.98545994556693, 199.356593403507, 241.5628372019349, 2.8149303864442317, 222.68459844584322, 118.89333014822745, 229.25457262699683, 6.062973782957414, 234.10954301783786, 233.0625104845991, 236.64634534430263, 232.01631263609258, 205.5614555517055, 206.67070057065672, 233.38809952161898, 193.56236820908975, -15.746572729586362, -26.789786849421944, 231.3155779312364, -20.13552425809179, 216.18008703940257, 260.0801851484669, 247.85330014050814, 3.6197343109317757, 215.4533754743673, 221.20232441649418, 237.0662591566404], "initial_reset_timestamp": 1526430605.21121, "episode_types": ["t", "t", "t", "t", "t", "t", "t", "t", "t", "t", "t", "t", "t", "t", "t", "t", "t", "t", "t", "t", "t", "t", "t", "t", "t", "t", "t", "t", "t", "t", "t", "t", "t", "t", "t", "t", "t", "t", "t", "t", "t", "t", "t", "t", "t", "t", "t", "t", "t", "t", "t", "t", "t", "t", "t", "t", "t", "t", "t", "t", "t", "t", "t", "t", "t", "t", "t", "t", "t", "t", "t", "t", "t", "t", "t", "t", "t", "t", "t", "t", "t", "t", "t", "t", "t", "t", "t", "t", "t", "t", "t", "t", "t", "t", "t", "t", "t", "t", "t", "t"], "timestamps": [1526430608.2287776, 1526430608.376087, 1526430608.453433, 1526430608.5877976, 1526430608.6411192, 1526430608.7503514, 1526430608.8967056, 1526430608.975073, 1526430609.1249788, 1526430609.2455487, 1526430609.3735774, 1526430609.4662833, 1526430609.6933067, 1526430609.8119159, 1526430609.921908, 1526430610.0066423, 1526430610.0649905, 1526430610.099057, 1526430610.1801636, 1526430610.4934044, 1526430610.5788739, 1526430610.6978767, 1526430610.852862, 1526430610.9625576, 1526430611.0515122, 1526430611.1756089, 1526430611.26287, 1526430611.3378356, 1526430611.4137938, 1526430611.516251, 1526430611.5993068, 1526430611.7338254, 1526430611.8675911, 1526430612.1467736, 1526430612.2668464, 1526430612.3690348, 1526430612.4769561, 1526430612.5805764, 1526430613.4424696, 1526430613.5504315, 1526430613.6695588, 1526430613.739919, 1526430613.8136978, 1526430613.9562662, 1526430614.0445385, 1526430614.1303616, 1526430614.2568243, 1526430614.4044507, 1526430614.5233765, 1526430614.665228, 1526430614.8021374, 1526430614.9557028, 1526430615.4389179, 1526430615.5274594, 1526430615.6232138, 1526430615.70867, 1526430615.8018663, 1526430615.9624214, 1526430616.1175056, 1526430616.165224, 1526430616.3760126, 1526430616.5909328, 1526430616.8566055, 1526430616.9389083, 1526430617.017169, 1526430617.4191632, 1526430617.764904, 1526430617.9030824, 1526430618.039049, 1526430618.1818936, 1526430618.3968153, 1526430618.5379884, 1526430618.6643596, 1526430618.8061194, 1526430619.3987584, 1526430619.555251, 1526430619.6242964, 1526430619.7911346, 1526430620.4073498, 1526430620.6118414, 1526430620.6840076, 1526430621.4412322, 1526430621.587163, 1526430621.7279634, 1526430621.9135273, 1526430622.045843, 1526430622.18296, 1526430622.3498113, 1526430622.4450562, 1526430622.510783, 1526430622.58443, 1526430622.691019, 1526430622.7561777, 1526430622.8738394, 1526430623.0377316, 1526430623.1658316, 1526430623.229946, 1526430623.3170469, 1526430623.4356086, 1526430623.5846362], "episode_lengths": [178, 150, 192, 269, 143, 241, 288, 176, 312, 241, 254, 210, 386, 241, 229, 183, 150, 96, 189, 523, 201, 250, 282, 228, 187, 245, 206, 183, 186, 247, 192, 254, 255, 450, 244, 234, 237, 231, 1000, 234, 229, 173, 179, 258, 208, 207, 268, 267, 258, 264, 263, 296, 644, 213, 216, 196, 226, 303, 283, 132, 412, 387, 385, 174, 190, 602, 470, 283, 260, 269, 336, 271, 257, 280, 673, 265, 173, 275, 1000, 375, 177, 942, 269, 261, 357, 247, 272, 283, 214, 160, 181, 223, 157, 232, 294, 260, 163, 211, 232, 279]}