{"episode_rewards": [-10.389979335354951, 201.05876999373874, -31.400863301962588, 108.5857046198522, -56.314578680982294, 235.35190640140038, -18.815926859565977, -0.6366096662863896, 252.42975939709703, 215.53029263821566, 17.271717056254886, 241.95205768370096, 211.65452410472813, 225.97220490496989, 205.91419955284215, 212.50658064028153, 210.227213906835, 9.49694082953873, 252.77214530796485, 219.43841245727072, 222.5889154141271, 229.83038461695233, 145.62700196208158, 229.30770083166126, 242.05440200592795, 195.86674308358263, 220.7452469459238, -4.523205644053036, 223.51455595195347, -7.1367621417104345, -1.6999978546543701, 244.58015740805067, 3.7165397062870813, 244.58122253138995, 231.78849696644704, 215.5561599335236, 244.84443184441346, 205.24992521715706, -9.95996629391287, 199.71273486991308, 228.60866552160942, 3.3694109954212763, -17.98554110657463, 193.23974076779515, 230.3133216673049, -62.609561134647805, -32.4695565497874, 185.26713904997428, 264.106012446915, 222.23647923790304, 262.03782229621424, -60.30115491469387, 220.11375921609772, 259.9859804302307, 29.542379672113725, -1.8326582457891618, 223.7755001689445, 234.55847222323746, 203.61597888057992, 216.76921349686245, 103.8212929958928, 219.33060410516805, 232.06352281894996, 227.88304179175776, 147.27309333588974, -21.33922747929276, -20.484352010732806, 192.36400294969144, 215.2339030305139, 214.92900560879968, 217.79606559411496, -15.891474563007023, 233.43101055997656, 210.66686216308614, 0.5980245216626088, 185.80658117701097, -18.33965824510993, 21.158146158182163, 242.30700957103176, 270.883101817292, 228.81019062067634, 236.8748642526307, 226.67954303606584, 222.09587806689296, -8.859360120632402, 186.89910001463525, 217.9005617549731, 208.71110793353944, 26.908801247820776, 206.49152367107664, 232.99750614710354, -29.876287697992723, 198.56541050311228, 239.83253403357287, 226.7733825113676, 209.00375872261904, 214.82282581553608, 201.90044965171973, 220.29124060463482, 193.8185132988314], "initial_reset_timestamp": 1526439630.8271391, "episode_types": ["t", "t", "t", "t", "t", "t", "t", "t", "t", "t", "t", "t", "t", "t", "t", "t", "t", "t", "t", "t", "t", "t", "t", "t", "t", "t", "t", "t", "t", "t", "t", "t", "t", "t", "t", "t", "t", "t", "t", "t", "t", "t", "t", "t", "t", "t", "t", "t", "t", "t", "t", "t", "t", "t", "t", "t", "t", "t", "t", "t", "t", "t", "t", "t", "t", "t", "t", "t", "t", "t", "t", "t", "t", "t", "t", "t", "t", "t", "t", "t", "t", "t", "t", "t", "t", "t", "t", "t", "t", "t", "t", "t", "t", "t", "t", "t", "t", "t", "t", "t"], "timestamps": [1526439633.7676575, 1526439634.3882787, 1526439634.4644382, 1526439635.1979363, 1526439635.2574167, 1526439635.4095373, 1526439635.4531505, 1526439635.541769, 1526439635.6703763, 1526439635.7640378, 1526439635.8210056, 1526439635.9734719, 1526439636.0669372, 1526439636.1606355, 1526439636.287399, 1526439636.4525847, 1526439637.0452433, 1526439637.1253552, 1526439637.2735083, 1526439637.4321504, 1526439637.5978353, 1526439637.7163596, 1526439638.2240665, 1526439638.3232732, 1526439638.5030355, 1526439638.6262279, 1526439638.7115688, 1526439638.8107896, 1526439638.9431198, 1526439638.9909737, 1526439639.0533469, 1526439639.1710272, 1526439640.1112998, 1526439640.1924424, 1526439640.3269722, 1526439640.4237082, 1526439640.5207338, 1526439640.6087515, 1526439640.6894007, 1526439641.1457133, 1526439641.2755594, 1526439641.3274484, 1526439641.3791554, 1526439641.4887438, 1526439641.5955627, 1526439641.659189, 1526439641.7541587, 1526439641.8674486, 1526439642.412776, 1526439642.5574205, 1526439642.684434, 1526439642.7845862, 1526439642.903379, 1526439643.0301924, 1526439643.1155655, 1526439643.172267, 1526439643.9303935, 1526439644.536647, 1526439644.8331306, 1526439645.9061897, 1526439648.8342583, 1526439649.09663, 1526439649.4121509, 1526439650.454318, 1526439651.9097874, 1526439652.0716047, 1526439652.2902677, 1526439652.657957, 1526439653.0225902, 1526439653.463412, 1526439653.7482364, 1526439653.9751077, 1526439654.3386111, 1526439654.6125066, 1526439654.8151703, 1526439655.1015973, 1526439655.2655847, 1526439655.4223905, 1526439655.7827182, 1526439656.2221363, 1526439656.9893723, 1526439657.3298035, 1526439657.5836742, 1526439657.9118004, 1526439658.1200204, 1526439658.500349, 1526439658.7991903, 1526439659.2106645, 1526439659.3934033, 1526439659.7465448, 1526439660.129507, 1526439660.2754579, 1526439660.6161072, 1526439660.8856766, 1526439662.0457568, 1526439662.3171477, 1526439662.594383, 1526439662.9465919, 1526439663.3064802, 1526439663.8969386], "episode_lengths": [173, 790, 190, 1000, 144, 280, 121, 211, 303, 196, 147, 300, 208, 223, 254, 303, 960, 193, 291, 286, 303, 233, 1000, 224, 355, 270, 199, 207, 268, 124, 163, 252, 1000, 206, 263, 221, 244, 202, 191, 575, 252, 133, 129, 219, 225, 157, 196, 225, 691, 283, 253, 187, 239, 267, 187, 144, 700, 417, 226, 495, 1000, 223, 252, 514, 756, 161, 187, 260, 264, 292, 240, 191, 272, 232, 180, 242, 161, 149, 297, 294, 467, 263, 215, 247, 194, 284, 242, 273, 173, 261, 270, 150, 268, 220, 889, 229, 236, 269, 270, 332]}