{"episode_rewards": [10.657757816236312, 212.73705638667485, 205.5180125451938, 132.18431325976312, 120.98227877211855, 79.19875502071532, 219.69086249060206, 213.9740521185668, -16.279074443062115, 210.43176309966464, 220.12000455981723, 185.0731921072183, 16.779606169752554, 30.612035837785726, 220.00957592169078, 229.61530216763714, 257.74348539829225, 224.2777668298413, 260.88052217435643, 20.64615121541108, 248.36667518502625, 203.19665007987572, -61.35140742686059, -15.429410865411413, 199.30392984029243, 141.92835864287562, 253.32088975838903, 216.84894191276555, 98.32329245051213, 174.3552092186853, 231.7620006959837, 241.4935199881593, 228.62707790628332, 15.392287187773377, 252.12912316289928, -31.846696614467064, 240.50927524979684, 204.80165436439285, 213.70488195815645, -6.858789449842263, 209.02596951932506, 236.8723146022378, 208.82609206849534, 221.98903746817422, 24.048930382299034, 207.08867237861895, 206.89185310162406, 26.839501367250037, 229.38133884503011, 116.76276944459995, 192.38098941167468, -54.02192375773939, 251.43522883614284, 12.991056785234179, 127.50502471919779, -28.387561085848787, 225.91340911893053, -11.211509576556836, 231.99662664515284, 160.52011780770417, 231.6792778936684, -13.588538252138434, 226.1848265027701, 220.4507339862664, 228.79137104449796, 7.643006314891537, 257.47738260045327, 220.84409478080772, 216.77673279867813, 232.42046765623107, 236.27068225754144, 233.90136079457974, 221.71053889543066, 205.77741842392751, 21.4213100161751, 196.35872191981895, 122.50040486226483, 188.9358904375763, 217.6956386425257, 19.65205748969268, 115.05836548463422, 193.7280284466915, 88.73043950644862, 29.03986709479321, 222.87324984791263, 122.82604191716482, 146.5342221711062, 259.7980630172064, 228.91523722856275, 146.62385113775633, 217.39923818386725, 230.70766345562197, 105.7619192667487, 141.07691470815666, 214.09732291544793, 147.1657354274421, -7.597129126682347, 203.38158354167507, 261.0195133474141, 114.09393765866943], "initial_reset_timestamp": 1526434642.307567, "episode_types": ["t", "t", "t", "t", "t", "t", "t", "t", "t", "t", "t", "t", "t", "t", "t", "t", "t", "t", "t", "t", "t", "t", "t", "t", "t", "t", "t", "t", "t", "t", "t", "t", "t", "t", "t", "t", "t", "t", "t", "t", "t", "t", "t", "t", "t", "t", "t", "t", "t", "t", "t", "t", "t", "t", "t", "t", "t", "t", "t", "t", "t", "t", "t", "t", "t", "t", "t", "t", "t", "t", "t", "t", "t", "t", "t", "t", "t", "t", "t", "t", "t", "t", "t", "t", "t", "t", "t", "t", "t", "t", "t", "t", "t", "t", "t", "t", "t", "t", "t", "t"], "timestamps": [1526434645.322599, 1526434645.534826, 1526434646.166048, 1526434647.0423763, 1526434647.8319702, 1526434648.712892, 1526434648.8324924, 1526434648.9903162, 1526434649.073169, 1526434649.1938388, 1526434649.4381943, 1526434649.818693, 1526434649.907688, 1526434649.9600835, 1526434650.1674488, 1526434650.4900627, 1526434650.7381265, 1526434651.133361, 1526434651.4959395, 1526434651.5884328, 1526434651.6845484, 1526434651.8794625, 1526434651.933014, 1526434652.0054643, 1526434652.326141, 1526434653.2038734, 1526434653.5570245, 1526434653.8413358, 1526434654.7744658, 1526434655.37483, 1526434655.5210512, 1526434655.6832225, 1526434656.221531, 1526434656.286093, 1526434656.5315418, 1526434656.6062572, 1526434656.9450955, 1526434657.0611887, 1526434657.5312645, 1526434657.607551, 1526434657.7730112, 1526434657.9007492, 1526434658.0870695, 1526434658.2246995, 1526434658.293584, 1526434659.2975917, 1526434659.5311708, 1526434659.6145124, 1526434660.0089352, 1526434660.7183614, 1526434661.104707, 1526434661.1705284, 1526434661.3615081, 1526434661.4179196, 1526434662.1932497, 1526434662.2729084, 1526434662.4555209, 1526434662.5272763, 1526434662.7930298, 1526434662.9994388, 1526434663.526626, 1526434663.5936427, 1526434663.7045162, 1526434663.924159, 1526434664.1611538, 1526434664.2223485, 1526434664.533379, 1526434664.9413583, 1526434665.120866, 1526434666.0967093, 1526434666.2347374, 1526434666.4905314, 1526434666.8231907, 1526434666.9443913, 1526434667.0293689, 1526434667.2976663, 1526434668.0843563, 1526434668.4100633, 1526434668.656118, 1526434668.728358, 1526434669.5608227, 1526434670.0859218, 1526434670.9198904, 1526434670.9955485, 1526434671.5333793, 1526434672.2382896, 1526434673.0264177, 1526434673.2780669, 1526434673.4709039, 1526434674.495367, 1526434674.6874542, 1526434675.2193704, 1526434676.1232321, 1526434676.8614209, 1526434677.0597615, 1526434677.9883053, 1526434678.070044, 1526434678.621582, 1526434678.8152618, 1526434679.520404], "episode_lengths": [178, 249, 919, 1000, 1000, 1000, 264, 303, 187, 262, 341, 418, 202, 136, 334, 475, 434, 505, 450, 207, 216, 404, 139, 176, 438, 1000, 634, 458, 1000, 663, 281, 288, 738, 168, 399, 170, 529, 249, 569, 172, 295, 250, 328, 268, 158, 932, 346, 174, 569, 1000, 681, 168, 316, 150, 1000, 180, 328, 178, 425, 377, 673, 151, 251, 353, 364, 160, 436, 502, 305, 867, 265, 403, 394, 266, 206, 396, 1000, 427, 400, 181, 1000, 522, 1000, 174, 659, 1000, 1000, 373, 332, 1000, 317, 645, 1000, 1000, 328, 993, 191, 682, 373, 1000]}