{"episode_rewards": [210.55133997343722, -40.2645528482674, -45.23423182173455, 217.04117396895916, 204.97021218498446, 180.78196762970936, 247.50791864143494, 202.2420039433121, 234.61853976626588, 202.05651516542804, 217.115666930159, 185.2931304137479, 216.6512879133715, 241.45759329877558, -21.269226239790072, 198.02516322549351, 33.15525301169316, 208.96854121498018, 229.0469387359192, 246.03509230220408, 239.1263857621771, 221.1396338476648, 205.37821759240592, 200.28596960310114, 177.17796801255568, 243.0645319038544, 236.40799298153115, -1.618115779551971, 232.1842341538718, 227.88087093854568, 206.82399035297664, 234.2899667163633, 214.53978395470597, 208.6341809127899, 240.94181466148368, 239.0292137112773, 191.84307789931466, 254.8403322054752, 228.4033401984932, -55.482882126576655, 238.1098414734508, 220.40071796687886, 248.91922160874492, 229.9901983813591, -54.899427807984786, -43.135576515010186, 211.83305029043098, 200.00742503645165, -8.532635127736484, -0.9396957929580481, 197.9844804382801, 215.01727613588292, 214.37972981192587, 211.00874126449696, 229.13271268787773, 180.6781871054741, 186.69648940767263, 221.87427647838908, 225.47586735386898, 249.4231033580075, 228.69506445961346, 217.95537492400342, 233.33378902738153, 236.13225204985568, 1.0360909994699625, 232.00089130632097, -22.164375705532308, 222.11140062927984, 207.47643108492034, 231.3523687062503, -47.05986210204441, 165.5190572471145, -37.832463975365954, 217.66211478091947, -23.480240682754214, 220.2470627155899, 220.81749954642035, -42.67088628379982, -34.09084475868141, 200.38032012576974, -15.676782193188131, 223.06474292086386, 182.7638319396922, 206.75500123856844, 201.02742366716762, 242.08428327454044, -60.60760712472768, 229.80395302573083, 260.52285634296874, 220.99554370220704, 207.84949388428063, 231.22309749128186, 238.60840377585538, -16.819265730808127, 228.390524434422, 246.1246080856056, 205.1037930261254, 224.8527393142424, 194.98851663554615, 231.08003086220043], "initial_reset_timestamp": 1526414485.9460027, "episode_types": ["t", "t", "t", "t", "t", "t", "t", "t", "t", "t", "t", "t", "t", "t", "t", "t", "t", "t", "t", "t", "t", "t", "t", "t", "t", "t", "t", "t", "t", "t", "t", "t", "t", "t", "t", "t", "t", "t", "t", "t", "t", "t", "t", "t", "t", "t", "t", "t", "t", "t", "t", "t", "t", "t", "t", "t", "t", "t", "t", "t", "t", "t", "t", "t", "t", "t", "t", "t", "t", "t", "t", "t", "t", "t", "t", "t", "t", "t", "t", "t", "t", "t", "t", "t", "t", "t", "t", "t", "t", "t", "t", "t", "t", "t", "t", "t", "t", "t", "t", "t"], "timestamps": [1526414497.7351546, 1526414498.2242303, 1526414498.5150895, 1526414498.9393744, 1526414499.437725, 1526414500.0430927, 1526414500.4537244, 1526414501.0510354, 1526414501.6552632, 1526414502.1692345, 1526414502.7583377, 1526414503.4185963, 1526414504.2880871, 1526414504.7199802, 1526414505.0428362, 1526414505.4701464, 1526414505.7296321, 1526414506.3476603, 1526414506.7560282, 1526414507.23367, 1526414507.82914, 1526414508.3634813, 1526414508.8822644, 1526414509.3687296, 1526414509.7889872, 1526414510.0978217, 1526414510.549293, 1526414510.8279047, 1526414511.2746391, 1526414511.6303623, 1526414512.0868192, 1526414512.5044067, 1526414512.8643322, 1526414513.2895575, 1526414513.943637, 1526414514.6298294, 1526414515.3134425, 1526414515.8106797, 1526414516.3436754, 1526414516.6406198, 1526414516.998092, 1526414517.4276466, 1526414517.8360007, 1526414518.2011466, 1526414518.4932866, 1526414518.8342252, 1526414519.556039, 1526414520.2964194, 1526414520.8263872, 1526414521.3854368, 1526414522.4002833, 1526414523.2188547, 1526414523.762003, 1526414524.3937247, 1526414524.8767889, 1526414525.4070854, 1526414526.032183, 1526414526.5706923, 1526414527.0609226, 1526414527.4594312, 1526414527.9529963, 1526414528.4272854, 1526414528.763722, 1526414529.2696662, 1526414529.5952458, 1526414530.8038938, 1526414531.260161, 1526414531.8316875, 1526414532.4631717, 1526414532.9426718, 1526414533.2990773, 1526414533.895997, 1526414534.16329, 1526414534.7058237, 1526414535.0766747, 1526414535.8675923, 1526414536.4121103, 1526414536.7612598, 1526414537.056534, 1526414537.5466404, 1526414537.8386579, 1526414538.2111034, 1526414538.830249, 1526414539.2757475, 1526414539.8269508, 1526414540.3255527, 1526414540.719149, 1526414541.1245399, 1526414541.82027, 1526414542.1900606, 1526414542.852456, 1526414543.5063732, 1526414544.1278427, 1526414544.444205, 1526414544.9767005, 1526414545.6655416, 1526414546.1059163, 1526414546.5629077, 1526414547.3658745, 1526414547.9049306], "episode_lengths": [295, 198, 198, 262, 289, 310, 325, 282, 316, 275, 320, 295, 337, 246, 224, 262, 219, 329, 279, 352, 317, 323, 306, 309, 293, 263, 304, 215, 292, 272, 290, 274, 253, 245, 292, 335, 329, 254, 268, 230, 230, 294, 299, 271, 220, 216, 307, 289, 241, 228, 418, 399, 310, 280, 279, 287, 313, 291, 312, 237, 288, 274, 214, 273, 207, 398, 245, 289, 287, 317, 232, 307, 197, 281, 244, 357, 301, 233, 200, 267, 213, 230, 327, 261, 270, 301, 250, 286, 329, 237, 344, 308, 318, 202, 320, 397, 275, 248, 310, 304]}