{"episode_rewards": [223.19233610525333, 246.96548711899183, -4.603449199828134, 240.2868516969156, 246.21118754240098, 217.74122910895258, 260.4465836869179, 227.53334029129996, 213.39850604012167, 217.15095334451087, 230.62910059723234, 210.14971159861776, 184.34552745942744, 2.6598813210777337, 11.256644751554887, -7.356837519022832, 190.69844264129358, 196.70413811266116, 239.38699442166603, 240.80065638221745, 209.94870897758148, -43.84889743211723, -11.382038003154449, 206.56484326156811, 218.83958528537315, 237.90806415406286, 202.05873290005465, 254.853214557572, 223.82308869450395, 245.97153067893035, 219.76356842193027, -23.936979974394745, 246.928513673667, -44.594165818325564, 241.37604334748477, 254.58153117719252, 238.86668778293418, 259.0780459339601, 231.3480544926706, 12.730084801743956, 256.2466331658671, 220.99000193376932, 239.1531734927442, 193.92622410883843, 237.24378503625383, 18.820408715821365, 217.4379313792444, 37.788493163610894, 208.56331152728532, -7.2964581285657175, 269.5081641446091, -44.085206464928376, -8.057162468845192, -10.931701525967469, 212.8207376335938, 98.74589292112631, 242.41947306983585, 230.61467634667108, 204.07572857570068, 224.92279576486933, 271.9496451179868, 6.63082622530078, 13.628957201087871, 13.894912688370212, 236.97425859376935, 232.57530674565726, -6.728576961553259, 234.372826706421, 237.44560287580208, 237.89562577138656, 196.327608790848, 247.2295930108407, 210.3068462879084, 232.95423673913274, 227.1269172277298, 250.50670309858725, 186.89648329552512, 2.005721915770806, 235.53831553880357, 237.86172844585192, 232.86058469379338, -52.96183908524429, -19.08257656028138, 214.64078376492725, 237.1574648025272, 213.60281952736716, 4.082446612763178, 204.24713242458415, 224.01520388611138, 204.80249232583003, 231.70766923409994, 180.66847440401514, 192.4269485314285, 218.40956760646412, 204.34885762248166, 25.22680228440568, 208.34015781391685, 216.46561577484908, 32.377010791095074, 251.30520562810062], "initial_reset_timestamp": 1526442446.1498163, "episode_types": ["t", "t", "t", "t", "t", "t", "t", "t", "t", "t", "t", "t", "t", "t", "t", "t", "t", "t", "t", "t", "t", "t", "t", "t", "t", "t", "t", "t", "t", "t", "t", "t", "t", "t", "t", "t", "t", "t", "t", "t", "t", "t", "t", "t", "t", "t", "t", "t", "t", "t", "t", "t", "t", "t", "t", "t", "t", "t", "t", "t", "t", "t", "t", "t", "t", "t", "t", "t", "t", "t", "t", "t", "t", "t", "t", "t", "t", "t", "t", "t", "t", "t", "t", "t", "t", "t", "t", "t", "t", "t", "t", "t", "t", "t", "t", "t", "t", "t", "t", "t"], "timestamps": [1526442449.9437962, 1526442450.3235097, 1526442450.3813744, 1526442450.4801357, 1526442450.5679846, 1526442450.6587687, 1526442450.7571752, 1526442451.1042767, 1526442451.2115116, 1526442451.3562872, 1526442451.46711, 1526442451.5790675, 1526442451.6854355, 1526442451.7555754, 1526442451.824175, 1526442451.8936424, 1526442451.9965882, 1526442452.0898373, 1526442452.1993558, 1526442452.3167427, 1526442452.407172, 1526442452.459431, 1526442452.5264208, 1526442452.6374967, 1526442452.760427, 1526442452.8765435, 1526442452.9918368, 1526442453.1171105, 1526442453.2003946, 1526442453.2959144, 1526442453.392367, 1526442453.473693, 1526442453.557522, 1526442453.618806, 1526442453.8226597, 1526442453.9142783, 1526442454.0302007, 1526442454.6727676, 1526442454.7961872, 1526442454.8550148, 1526442454.9512672, 1526442455.5668807, 1526442455.730077, 1526442455.8473754, 1526442456.0190487, 1526442457.0630486, 1526442457.1943352, 1526442457.2601528, 1526442457.3847759, 1526442457.4475183, 1526442457.5528452, 1526442457.6239302, 1526442457.68845, 1526442457.7641475, 1526442457.874375, 1526442458.9901755, 1526442459.0619547, 1526442459.1484919, 1526442459.2583985, 1526442459.3615007, 1526442459.76093, 1526442459.8422296, 1526442459.8959787, 1526442459.9434102, 1526442460.163758, 1526442460.2856503, 1526442460.3431895, 1526442460.464297, 1526442460.568364, 1526442460.8649123, 1526442460.9828994, 1526442461.068689, 1526442461.155702, 1526442461.2523565, 1526442461.3579314, 1526442461.4484966, 1526442461.5735993, 1526442461.6538467, 1526442461.7291431, 1526442461.8439898, 1526442461.9221, 1526442461.9790103, 1526442462.0507226, 1526442462.141358, 1526442462.2285998, 1526442462.314019, 1526442462.3690615, 1526442462.4749043, 1526442462.6077259, 1526442462.711311, 1526442462.8008392, 1526442463.0613797, 1526442463.1589038, 1526442463.2440915, 1526442463.3402407, 1526442463.3937006, 1526442463.4964664, 1526442463.6017592, 1526442463.6579306, 1526442463.7927382], "episode_lengths": [224, 485, 153, 242, 209, 204, 215, 641, 237, 278, 235, 241, 234, 176, 144, 173, 229, 212, 239, 266, 213, 141, 170, 233, 268, 242, 238, 277, 209, 208, 232, 187, 201, 158, 292, 208, 249, 853, 267, 137, 220, 848, 307, 236, 302, 1000, 254, 172, 254, 158, 233, 181, 166, 187, 221, 1000, 176, 198, 237, 230, 549, 172, 144, 130, 410, 248, 155, 248, 236, 415, 257, 220, 202, 213, 227, 213, 250, 185, 186, 228, 197, 150, 178, 214, 212, 209, 136, 229, 266, 238, 209, 402, 221, 213, 218, 140, 210, 231, 148, 284]}