{"episode_rewards": [226.55113824085288, -30.577369737295996, 224.71231249995105, 245.11795532455847, 246.4948233613337, 240.55828417464983, 200.01890986028724, 219.48705495560182, 9.828544594509623, 194.45172302654174, 220.25664483729338, 218.77516279194808, 222.4285819102048, -35.003763868930776, 232.01379891327014, 120.9302650113363, 234.53188236521459, 31.773586252813914, -37.069295593643915, 1.2616086947081868, 229.5530038125694, 196.19208383747832, 233.30291193399017, 201.08313185196323, 212.14940671376084, 247.26237168684662, 63.551061266476665, 227.72827028461035, 7.057091696327618, 240.5549445077165, 219.73449803225645, 221.12416843395837, 259.78873041254406, 225.9620089074354, 125.3009949392375, 225.20424048650852, -21.616990888308692, 223.58152475137607, 230.17732562524247, 204.67066716883016, 227.67374328347762, 217.57589025560605, 201.716943081196, 247.885102030806, 207.77048501653678, 216.8859982021107, 98.50882508060134, 229.30570256933967, 207.83945682259957, 187.959129699573, 235.88199767177827, -31.299321623131178, 256.499855444055, 253.76965404294708, -4.249571370860409, 211.42444221267226, 219.90019533460236, 0.6436975740377875, 259.68513116753405, 6.107843478612452, 130.9255882661804, 221.66946640014487, 217.82880237274748, 143.72638626335063, -16.131811238037884, 230.7975585161658, 202.7384338069974, 224.58076092392412, 221.70263757461777, 197.240274563022, 19.208379257945452, 232.69290427643932, 115.27086780045407, 234.083727608572, 193.00888047544504, 212.04992581518994, 233.89747070575146, -4.31318756171558, 242.05291290872697, 193.32606527142747, 228.56206720734514, 213.05421041878324, 219.01149887849454, 212.16781351493944, 21.576702317545696, 221.28040481780238, -2.381128943239773, 198.10169225615886, -26.750138537175545, 252.41270723022322, -18.860692806377372, 244.24999837542723, 218.38100240785752, 209.78090434917473, 139.2576983854565, 214.05031731071676, 196.5384025857681, 213.24296297351918, 262.34969652160515, 226.0289897357223], "initial_reset_timestamp": 1526440819.9626038, "episode_types": ["t", "t", "t", "t", "t", "t", "t", "t", "t", "t", "t", "t", "t", "t", "t", "t", "t", "t", "t", "t", "t", "t", "t", "t", "t", "t", "t", "t", "t", "t", "t", "t", "t", "t", "t", "t", "t", "t", "t", "t", "t", "t", "t", "t", "t", "t", "t", "t", "t", "t", "t", "t", "t", "t", "t", "t", "t", "t", "t", "t", "t", "t", "t", "t", "t", "t", "t", "t", "t", "t", "t", "t", "t", "t", "t", "t", "t", "t", "t", "t", "t", "t", "t", "t", "t", "t", "t", "t", "t", "t", "t", "t", "t", "t", "t", "t", "t", "t", "t", "t"], "timestamps": [1526440823.7249858, 1526440823.8747478, 1526440823.97733, 1526440824.1618137, 1526440824.5470626, 1526440824.688636, 1526440824.7807696, 1526440825.0139322, 1526440825.0815353, 1526440825.3026571, 1526440825.4224608, 1526440825.5221014, 1526440825.7794502, 1526440825.834849, 1526440826.0166736, 1526440826.655801, 1526440826.823056, 1526440826.872882, 1526440826.919496, 1526440827.0007548, 1526440827.1394567, 1526440827.335881, 1526440827.4902973, 1526440827.588466, 1526440827.7022796, 1526440828.054496, 1526440828.9991922, 1526440829.100876, 1526440829.1662364, 1526440829.315374, 1526440829.4099805, 1526440829.5569203, 1526440829.6831768, 1526440829.7989764, 1526440830.4416406, 1526440830.5533156, 1526440830.622752, 1526440830.7191951, 1526440830.8816738, 1526440831.0394938, 1526440831.2006655, 1526440831.3222966, 1526440831.9240294, 1526440832.0323992, 1526440832.2637498, 1526440832.3841565, 1526440832.9793103, 1526440833.1052253, 1526440833.2538407, 1526440833.390103, 1526440833.5328517, 1526440833.6154766, 1526440833.735187, 1526440833.8175714, 1526440833.8736901, 1526440834.0777767, 1526440834.2268922, 1526440834.2775228, 1526440834.7020493, 1526440834.7772849, 1526440835.5060232, 1526440835.63343, 1526440835.7440715, 1526440836.6850083, 1526440836.7511497, 1526440836.9155874, 1526440837.0667865, 1526440837.181365, 1526440837.377922, 1526440837.5358586, 1526440837.6017036, 1526440837.6772199, 1526440838.315418, 1526440838.4697576, 1526440838.6602, 1526440838.7927396, 1526440838.8966467, 1526440838.9581878, 1526440839.053442, 1526440839.2066967, 1526440839.3485718, 1526440839.4386733, 1526440839.6262152, 1526440839.967616, 1526440840.0433252, 1526440840.1401563, 1526440840.2161827, 1526440840.3212738, 1526440840.366735, 1526440840.5177557, 1526440840.5795767, 1526440840.7497523, 1526440840.9479282, 1526440841.091056, 1526440841.855766, 1526440841.9866636, 1526440842.1351, 1526440842.261251, 1526440842.399158, 1526440842.51754], "episode_lengths": [223, 168, 220, 285, 475, 264, 214, 350, 164, 322, 249, 221, 485, 150, 327, 1000, 316, 131, 129, 178, 263, 302, 284, 217, 236, 602, 1000, 212, 149, 297, 220, 270, 252, 232, 1000, 236, 172, 228, 312, 292, 300, 255, 717, 230, 340, 259, 1000, 257, 269, 287, 277, 193, 261, 204, 151, 348, 275, 136, 638, 185, 1000, 260, 240, 1000, 167, 286, 289, 227, 335, 285, 168, 190, 1000, 314, 330, 277, 233, 162, 221, 261, 277, 211, 339, 466, 183, 224, 156, 225, 123, 283, 154, 335, 328, 276, 1000, 253, 269, 249, 257, 258]}