{"episode_rewards": [210.02428416755643, 195.09016656077966, -23.675516306010536, 232.3928021105342, 16.850011777997764, 204.0670888195659, 244.82493075003796, 14.602606728069219, 118.02497802067037, 15.171710957893453, 204.41386237730302, 261.15538917564425, 186.93877079387335, 213.57324803679091, 245.64315614311354, 219.4548274255207, 211.10626298866225, 266.99741342198524, 198.96534103982287, 0.538136271043328, 211.94640610520605, 235.87806441880335, 193.96029190096348, 225.54223840939466, 222.46891176229767, 206.31414003379967, 234.11212933524712, -3.3543566875640636, 186.36570577399326, 204.73461826539693, 220.8831789532132, 207.1823859691433, 243.1945653395569, 215.38274555757073, 254.475950985487, 227.67978003321144, -7.064378011025866, 191.6249571737776, 69.57227313760019, 16.89500019351263, 204.40062238106373, 202.71615653991785, 207.83096815709334, 255.5742060523133, 216.5083532651559, 255.64591264128205, 217.5788084051522, 209.97698435521158, 210.34126320854227, 231.16884976317075, 214.02003928193326, 247.588638947135, 217.79385568725823, 213.22017447731372, 216.06451536770012, 214.40412867144508, 194.28537493967806, 262.7140072082766, 229.89361223093616, 220.81411849121596, 218.50915067117188, -6.824285588705251, 230.84788942407246, 239.00378110340102, -22.922951283547036, 211.58503222581186, 228.76552991599067, 181.51580531542444, 221.34862189318585, 33.35625812553192, 215.02160125422913, 216.6499712959378, 239.05569282582513, 247.61570929886955, 248.40526878875636, 213.1093978171903, 232.72145538637648, -18.955958332963746, 225.9763719439363, 256.6066729043389, 249.29547322964052, 229.52194156943415, 25.509093164213184, 218.41803311686715, 231.63625842491237, -17.546534012699922, 247.76753793954768, 240.27283488808362, 208.45487520380533, 192.69883464433593, 225.01355563413688, 208.03936588242476, 224.29618151862348, 246.1766542380439, 113.52919986159883, 227.39277189445383, 222.01567757831106, 196.20871553593219, 248.59947372868862, 240.04982246258294], "initial_reset_timestamp": 1526443048.0322888, "episode_types": ["t", "t", "t", "t", "t", "t", "t", "t", "t", "t", "t", "t", "t", "t", "t", "t", "t", "t", "t", "t", "t", "t", "t", "t", "t", "t", "t", "t", "t", "t", "t", "t", "t", "t", "t", "t", "t", "t", "t", "t", "t", "t", "t", "t", "t", "t", "t", "t", "t", "t", "t", "t", "t", "t", "t", "t", "t", "t", "t", "t", "t", "t", "t", "t", "t", "t", "t", "t", "t", "t", "t", "t", "t", "t", "t", "t", "t", "t", "t", "t", "t", "t", "t", "t", "t", "t", "t", "t", "t", "t", "t", "t", "t", "t", "t", "t", "t", "t", "t", "t"], "timestamps": [1526443053.3132005, 1526443053.5121539, 1526443053.5856667, 1526443053.814148, 1526443053.8598366, 1526443053.9622674, 1526443054.114144, 1526443054.1798217, 1526443054.9568856, 1526443055.0113392, 1526443055.161423, 1526443055.2735636, 1526443055.398718, 1526443055.5111098, 1526443055.6372287, 1526443055.7731972, 1526443055.908829, 1526443056.046775, 1526443056.188054, 1526443056.2553022, 1526443056.422297, 1526443056.5773292, 1526443056.6936126, 1526443056.7839684, 1526443056.878505, 1526443057.00274, 1526443057.0846622, 1526443057.1527965, 1526443057.249031, 1526443057.7287562, 1526443057.9445274, 1526443058.0860887, 1526443058.2017422, 1526443058.3371127, 1526443058.4481676, 1526443058.5850692, 1526443058.6533775, 1526443059.02225, 1526443059.6608596, 1526443059.7261949, 1526443059.8189466, 1526443059.9544387, 1526443060.0704303, 1526443060.1533082, 1526443060.2994928, 1526443060.4079945, 1526443060.521159, 1526443060.6396244, 1526443060.7709785, 1526443060.9175057, 1526443061.051815, 1526443061.1590397, 1526443061.2750132, 1526443061.4471993, 1526443061.593706, 1526443061.7030003, 1526443061.8020701, 1526443061.924709, 1526443062.0474255, 1526443062.1662292, 1526443062.2722332, 1526443062.3430452, 1526443062.460704, 1526443062.8808064, 1526443062.953679, 1526443063.1254704, 1526443063.3519907, 1526443063.451567, 1526443063.6138098, 1526443063.6679406, 1526443063.7800517, 1526443064.0023298, 1526443064.1390986, 1526443064.401678, 1526443064.5081084, 1526443064.6405847, 1526443064.7416205, 1526443064.8275468, 1526443065.0002193, 1526443065.1135278, 1526443065.264451, 1526443065.3697433, 1526443065.4273305, 1526443065.532602, 1526443065.6745484, 1526443065.7471743, 1526443065.8462238, 1526443065.9782288, 1526443066.0847228, 1526443066.2193692, 1526443066.4460304, 1526443066.5553865, 1526443066.6971254, 1526443066.782361, 1526443067.8125749, 1526443067.9366515, 1526443068.0455074, 1526443068.1543968, 1526443068.2630024, 1526443068.3598514], "episode_lengths": [313, 259, 178, 340, 126, 224, 286, 170, 1000, 140, 271, 276, 247, 248, 253, 273, 278, 271, 274, 170, 284, 287, 244, 203, 227, 249, 186, 177, 218, 582, 340, 255, 265, 263, 252, 266, 174, 578, 1000, 163, 209, 270, 222, 196, 278, 257, 240, 253, 258, 278, 248, 229, 257, 312, 274, 238, 219, 294, 236, 243, 239, 177, 248, 627, 185, 293, 386, 218, 306, 140, 231, 346, 262, 385, 229, 244, 213, 195, 344, 207, 290, 229, 145, 215, 249, 183, 240, 274, 217, 254, 412, 229, 283, 208, 1000, 264, 214, 232, 216, 239]}