{"episode_rewards": [115.59093920691534, -0.8212784235687991, 210.22148820839493, 183.58352054425086, 13.84407275479515, 155.00840369633414, 236.2668543448792, 104.59442191126408, 226.99842358195974, 227.1384801259175, 212.77113743989736, -3.426030256817299, 248.73953107757637, 257.12525767467173, 188.297755784884, 220.56039167206512, 146.23289498775864, 100.48152170569189, -38.8065470359762, 131.86979665073432, -33.72064524834062, 247.00970142634702, 227.1699529902782, -22.751007498651887, 125.88407763873134, 186.85952422085637, 214.31441759366425, 225.33072012754906, 202.229752215563, 199.95217272970825, 201.87783680670964, 221.54119195137838, 256.9988607279113, 114.7744345774195, -4.515794336808071, -11.51401917624679, -31.809988624551266, 44.93883076753886, 217.19791157761244, 33.33048007188768, 204.3849719187207, 230.17817909024134, 234.68318958437195, -13.82883164315541, 234.77254714876497, 213.92400266178456, 230.63909120480176, 205.82624361860914, 119.8925993981207, 230.8875295986066, 202.58294735082956, 213.8240968853513, 233.53227495760336, 21.26657745485116, 227.21465866742216, 92.51812641876015, 143.16737392648446, 217.00433417031792, 133.72786441842064, 122.57771133990691, 122.6401419031411, 213.9518849250033, 259.2152456749951, -10.970343706275472, 213.83092007117676, 32.37364417686163, 245.5463465991693, 239.01588286503028, 57.526556917566325, 212.61879335313458, 223.1538841206752, 208.7689583769473, 207.16224508621477, 230.7608985076619, 196.21779039155365, 217.51570467316537, 230.0130440262402, 43.16966899220117, 201.65495503640523, 212.8913776169123, 195.5065502890942, 219.89950960821082, 109.13153698556403, 215.47579508491287, 249.54314824362802, 123.31145167228982, 235.42830650567947, 0.770318350916952, 33.8189990409214, -10.062011958922596, 226.65764176650552, 145.12024962919207, 118.25111624142028, 244.98556873365484, 226.81234296407487, 247.60568961555032, 227.0737380188582, 220.47102947703405, 219.91076323543177, 199.59465154101255], "initial_reset_timestamp": 1526430867.9812772, "episode_types": ["t", "t", "t", "t", "t", "t", "t", "t", "t", "t", "t", "t", "t", "t", "t", "t", "t", "t", "t", "t", "t", "t", "t", "t", "t", "t", "t", "t", "t", "t", "t", "t", "t", "t", "t", "t", "t", "t", "t", "t", "t", "t", "t", "t", "t", "t", "t", "t", "t", "t", "t", "t", "t", "t", "t", "t", "t", "t", "t", "t", "t", "t", "t", "t", "t", "t", "t", "t", "t", "t", "t", "t", "t", "t", "t", "t", "t", "t", "t", "t", "t", "t", "t", "t", "t", "t", "t", "t", "t", "t", "t", "t", "t", "t", "t", "t", "t", "t", "t", "t"], "timestamps": [1526430884.720212, 1526430884.8594081, 1526430885.7132843, 1526430886.0732143, 1526430886.13078, 1526430886.9866774, 1526430887.3196735, 1526430888.1890697, 1526430888.324341, 1526430888.7314684, 1526430888.820587, 1526430888.8873744, 1526430889.2135983, 1526430889.3679032, 1526430889.6490412, 1526430889.889346, 1526430890.7129319, 1526430891.4803903, 1526430891.5586834, 1526430892.448773, 1526430892.5361054, 1526430892.752627, 1526430892.9048014, 1526430892.9856942, 1526430893.845311, 1526430894.00722, 1526430894.1754446, 1526430894.2905176, 1526430894.3964012, 1526430895.2187567, 1526430895.6024237, 1526430895.7631223, 1526430895.9715865, 1526430896.6601734, 1526430896.7298012, 1526430896.8137376, 1526430896.8491724, 1526430897.5436285, 1526430897.7879083, 1526430897.8711019, 1526430898.066649, 1526430898.5416663, 1526430898.7669668, 1526430898.8488305, 1526430898.9902942, 1526430899.7155018, 1526430900.1407595, 1526430900.6215725, 1526430901.3202305, 1526430902.002441, 1526430902.1153488, 1526430902.2571616, 1526430903.2985702, 1526430903.3593283, 1526430903.625647, 1526430904.335858, 1526430904.662379, 1526430904.7932549, 1526430905.343825, 1526430905.9443195, 1526430906.5516527, 1526430907.0068464, 1526430907.6889808, 1526430907.760732, 1526430908.125487, 1526430908.197169, 1526430908.319139, 1526430908.714598, 1526430909.540678, 1526430909.6907086, 1526430909.8462849, 1526430909.9350233, 1526430910.0702744, 1526430910.1948073, 1526430910.5728652, 1526430910.8035617, 1526430911.1050355, 1526430911.9481378, 1526430912.1078904, 1526430912.3330364, 1526430912.674369, 1526430913.0720813, 1526430913.8771992, 1526430914.0516014, 1526430914.164316, 1526430914.8711824, 1526430915.1132867, 1526430915.1951668, 1526430915.2609816, 1526430915.33069, 1526430915.4666584, 1526430916.3226104, 1526430917.0790818, 1526430917.3343048, 1526430917.5096269, 1526430917.987867, 1526430918.2972856, 1526430918.5964367, 1526430918.8112733, 1526430919.0089526], "episode_lengths": [1000, 153, 845, 463, 154, 1000, 435, 1000, 273, 640, 215, 174, 618, 292, 436, 375, 1000, 1000, 186, 1000, 186, 348, 285, 192, 1000, 299, 273, 243, 230, 826, 560, 316, 354, 1000, 177, 200, 101, 1000, 369, 207, 336, 555, 357, 191, 283, 713, 657, 500, 1000, 707, 231, 283, 961, 157, 459, 1000, 581, 277, 1000, 1000, 1000, 611, 963, 166, 570, 163, 234, 526, 1000, 273, 301, 213, 238, 262, 568, 344, 546, 1000, 283, 385, 469, 478, 1000, 289, 245, 1000, 371, 197, 162, 182, 264, 1000, 1000, 401, 310, 503, 446, 400, 356, 354]}