{"episode_rewards": [-8.344180125925462, 185.93721319571188, 228.72336670245474, 179.0553066864506, -5.739621797406414, 211.41001102598798, 199.29002774092822, 237.7917645230102, 235.78245858269955, 256.1768495749982, 201.9319019580759, 213.68219658126748, -6.561319626164959, 184.0157008034505, 164.65814984962003, 231.89135261329602, 219.65894444915938, 237.92842745037146, 193.61948460528865, 190.85500850087598, 247.07347683630422, 216.50333656981604, 5.082136424652688, 211.2472608931069, 217.85138375066072, 214.85926576467256, 246.58030987922214, 241.55182960145626, 209.67925925897663, 230.6962200425247, 217.58113289353452, -14.996635647206631, -9.655719005135097, -18.217034676815274, 224.489001942925, 227.2683885135284, 188.9674279349128, 222.07971812347617, 193.73889141398152, 205.91658825055237, 230.37621829176123, 231.39867319747347, 230.06070370848465, 240.91696020780293, 216.38261557086037, -21.843592212624614, 212.68339891211855, -30.73010480780512, 198.9380076993404, 224.08283318456193, 228.82315063009608, 217.78525585013546, 182.81791942962838, -20.997913156307845, 214.89088646124952, -34.57942487484087, -11.861132221954293, 213.28075575330806, 243.75845492436454, 232.98938110615703, 209.5564827948066, 223.23230339079947, -56.96191159792326, 186.91457908795385, 1.5965837350032928, 211.22435980731854, 208.48058001406662, 65.64268912875741, 199.65981663973088, 176.329703462657, 216.46458791872004, 249.7903385095219, 22.486154073227084, 226.11019006821397, -6.469574238803176, 183.51100919302533, 215.48447536721022, 5.545576891197925, 223.62853813257334, -16.044996490671494, 228.86731922010415, 199.65398171731698, 197.92705033679186, -13.986700252415218, 191.41414214949967, 202.32523129489797, 233.61526897593708, -27.97988138022589, -28.732731028212243, 1.2526133441513423, 6.210492033094283, 221.2170639499833, -45.975936514029925, 203.12621120047336, 152.39198764929773, -14.691924041946663, -1.2463517560946684, -53.32920333852943, 225.55845007993025, 187.98109725061528], "initial_reset_timestamp": 1526411223.4798064, "episode_types": ["t", "t", "t", "t", "t", "t", "t", "t", "t", "t", "t", "t", "t", "t", "t", "t", "t", "t", "t", "t", "t", "t", "t", "t", "t", "t", "t", "t", "t", "t", "t", "t", "t", "t", "t", "t", "t", "t", "t", "t", "t", "t", "t", "t", "t", "t", "t", "t", "t", "t", "t", "t", "t", "t", "t", "t", "t", "t", "t", "t", "t", "t", "t", "t", "t", "t", "t", "t", "t", "t", "t", "t", "t", "t", "t", "t", "t", "t", "t", "t", "t", "t", "t", "t", "t", "t", "t", "t", "t", "t", "t", "t", "t", "t", "t", "t", "t", "t", "t", "t"], "timestamps": [1526411231.880245, 1526411232.7973025, 1526411233.962893, 1526411235.0438895, 1526411235.4886222, 1526411236.1624367, 1526411236.7850592, 1526411237.6818361, 1526411238.3038464, 1526411239.074305, 1526411240.270081, 1526411241.1579542, 1526411241.7387574, 1526411243.1649108, 1526411244.0948787, 1526411244.6493747, 1526411245.268258, 1526411246.3834097, 1526411247.7584493, 1526411249.1741533, 1526411250.6427505, 1526411251.4450912, 1526411251.8125355, 1526411252.52936, 1526411252.986698, 1526411253.5340948, 1526411254.014586, 1526411255.0511694, 1526411255.963898, 1526411257.4352365, 1526411259.584209, 1526411260.1113324, 1526411260.6504822, 1526411261.1455932, 1526411261.8445299, 1526411262.5185673, 1526411263.211593, 1526411263.8065794, 1526411264.3141632, 1526411264.8980892, 1526411265.74807, 1526411266.0733929, 1526411266.8068326, 1526411267.2664738, 1526411267.8604279, 1526411268.189904, 1526411269.1199691, 1526411269.3382215, 1526411269.871564, 1526411270.5073946, 1526411271.2591774, 1526411271.8678663, 1526411272.431732, 1526411272.831454, 1526411273.5809448, 1526411273.8744817, 1526411274.1292682, 1526411274.7126613, 1526411275.1506503, 1526411275.764464, 1526411276.2350051, 1526411276.7716954, 1526411277.0182962, 1526411277.8471923, 1526411278.068993, 1526411279.0368843, 1526411279.5257096, 1526411282.0281203, 1526411282.556784, 1526411283.1545923, 1526411283.6685603, 1526411284.2321205, 1526411284.5291164, 1526411285.4106615, 1526411285.748872, 1526411286.7286818, 1526411287.1988342, 1526411287.5150578, 1526411288.047166, 1526411288.3574197, 1526411288.8124776, 1526411289.424845, 1526411289.7811484, 1526411290.1087902, 1526411290.5727243, 1526411291.4828594, 1526411291.8828363, 1526411292.1880236, 1526411292.5032597, 1526411292.751152, 1526411293.0828283, 1526411293.7148993, 1526411294.0090647, 1526411294.516671, 1526411295.824703, 1526411296.2010248, 1526411296.4794972, 1526411296.7736332, 1526411297.5980499, 1526411298.1853511], "episode_lengths": [217, 273, 423, 430, 264, 287, 289, 352, 301, 312, 348, 327, 250, 385, 313, 253, 285, 349, 433, 430, 494, 354, 206, 330, 278, 304, 300, 480, 397, 573, 531, 264, 270, 238, 275, 382, 382, 340, 316, 303, 497, 237, 435, 287, 345, 247, 396, 190, 309, 315, 460, 358, 319, 264, 365, 233, 213, 316, 275, 338, 305, 336, 184, 376, 192, 506, 309, 1000, 324, 330, 302, 365, 245, 516, 254, 440, 289, 251, 287, 247, 312, 333, 267, 226, 301, 377, 282, 221, 246, 208, 232, 312, 220, 312, 604, 259, 226, 227, 436, 335]}